0,1,2,3,4,5
EG1909,51,umiarkowany,EG1909,48,umiarkowany
EG1919,50,umiarkowany,EG1919,45,umiarkowany
EG1929,50,umiarkowany,EG1929,45,umiarkowany
EG1939,50,umiarkowany,EG1939,45,umiarkowany
FF9692,66,bardzo dobry,FF9692,45,umiarkowany
FF9693,66,bardzo dobry,FF9693,45,umiarkowany
FF9694,50,umiarkowany,FF9694,45,umiarkowany
FF9695,50,umiarkowany,FF9695,45,umiarkowany
FF9696,66,bardzo dobry,FF9696,45,umiarkowany
FF9697,66,bardzo dobry,FF9697,45,umiarkowany
FF9698,50,umiarkowany,FF9698,45,umiarkowany
FF9699,50,umiarkowany,FF9699,45,umiarkowany
FF9791,45,zly,FF9791,45,umiarkowany
FF9792,45,zly,FF9792,45,umiarkowany
FF9793,45,zly,FF9793,45,umiarkowany
FF9799,45,zly,FF9799,45,umiarkowany
FF9890,45,zly,FF9890,45,umiarkowany
FF9891,45,zly,FF9891,45,umiarkowany
FF9892,45,zly,FF9892,45,umiarkowany
FF9997,60,dobry,FF9997,45,umiarkowany
FF9998,47,slaby,FF9998,45,umiarkowany
FF9987,50,umiarkowany,FF9987,45,umiarkowany
FF9988,50,umiarkowany,FF9988,45,umiarkowany
FF5179,45,zly,FF5179,45,umiarkowany
FF5273,45,zly,FF5273,45,umiarkowany
FF5274,45,zly,FF5274,45,umiarkowany
FF5287,50,umiarkowany,FF5287,45,umiarkowany
FF5277,45,zly,FF5277,45,umiarkowany
FF5288,45,zly,FF5288,45,umiarkowany
FF5278,45,zly,FF5278,45,umiarkowany
FF5289,45,zly,FF5289,45,umiarkowany
FF5279,45,zly,FF5279,45,umiarkowany
FF5380,50,umiarkowany,FF5380,45,umiarkowany
FF5370,45,zly,FF5370,45,umiarkowany
FF5381,50,umiarkowany,FF5381,45,umiarkowany
FF5371,45,zly,FF5371,45,umiarkowany
FF5163,45,zly,FF5163,45,umiarkowany
FF5166,45,zly,FF5166,45,umiarkowany
FF5169,45,zly,FF5169,45,umiarkowany
FF5262,45,zly,FF5262,45,umiarkowany
FF5269,45,zly,FF5269,45,umiarkowany
FF5360,45,zly,FF5360,45,umiarkowany
FF5361,45,zly,FF5361,45,umiarkowany
FF5154,45,zly,FF5154,45,umiarkowany
FF5155,45,zly,FF5155,45,umiarkowany
FF5156,45,zly,FF5156,45,umiarkowany
FF5157,45,zly,FF5157,45,umiarkowany
FF5159,45,zly,FF5159,45,umiarkowany
FF5250,45,zly,FF5250,45,umiarkowany
FF5252,45,zly,FF5252,45,umiarkowany
FF5253,45,zly,FF5253,45,umiarkowany
FF5254,45,zly,FF5254,45,umiarkowany
FF5255,45,zly,FF5255,45,umiarkowany
FF5350,45,zly,FF5350,45,umiarkowany
FF5955,50,umiarkowany,FF5955,45,umiarkowany
FF5956,50,umiarkowany,FF5956,45,umiarkowany
FF5957,50,umiarkowany,FF5957,45,umiarkowany
FF5958,50,umiarkowany,FF5958,45,umiarkowany
FF5959,50,umiarkowany,FF5959,45,umiarkowany
FF5149,45,zly,FF5149,45,umiarkowany
FF5240,45,zly,FF5240,45,umiarkowany
FF5243,45,zly,FF5243,45,umiarkowany
FF5246,45,zly,FF5246,45,umiarkowany
FF5248,45,zly,FF5248,45,umiarkowany
FF5249,45,zly,FF5249,45,umiarkowany
FF5340,45,zly,FF5340,45,umiarkowany
FF5341,45,zly,FF5341,45,umiarkowany
FF5342,45,zly,FF5342,45,umiarkowany
FF5343,45,zly,FF5343,45,umiarkowany
FF5344,45,zly,FF5344,45,umiarkowany
FF5345,45,zly,FF5345,45,umiarkowany
FF5346,45,zly,FF5346,45,umiarkowany
FF5945,50,umiarkowany,FF5945,45,umiarkowany
FF5946,50,umiarkowany,FF5946,45,umiarkowany
FF5947,50,umiarkowany,FF5947,45,umiarkowany
FF5948,50,umiarkowany,FF5948,45,umiarkowany
FF5949,50,umiarkowany,FF5949,45,umiarkowany
FF6264,50,umiarkowany,FF6264,45,umiarkowany
FF6265,51,umiarkowany,FF6265,45,umiarkowany
FF5298,45,zly,FF5298,45,umiarkowany
FF5390,45,zly,FF5390,45,umiarkowany
FF5133,45,zly,FF5133,45,umiarkowany
FF5134,45,zly,FF5134,45,umiarkowany
FF5135,45,zly,FF5135,45,umiarkowany
FF5136,45,zly,FF5136,45,umiarkowany
FF5138,45,zly,FF5138,45,umiarkowany
FF5139,45,zly,FF5139,45,umiarkowany
FF5230,45,zly,FF5230,45,umiarkowany
FF5232,45,zly,FF5232,45,umiarkowany
FF5233,45,zly,FF5233,45,umiarkowany
FF5234,45,zly,FF5234,45,umiarkowany
FF5235,45,zly,FF5235,45,umiarkowany
FF5236,45,zly,FF5236,45,umiarkowany
FF5237,45,zly,FF5237,45,umiarkowany
FF5238,45,zly,FF5238,45,umiarkowany
FF5239,45,zly,FF5239,45,umiarkowany
FF5330,45,zly,FF5330,45,umiarkowany
FF5331,45,zly,FF5331,45,umiarkowany
FF5332,45,zly,FF5332,45,umiarkowany
FF5333,45,zly,FF5333,45,umiarkowany
FF5334,45,zly,FF5334,45,umiarkowany
FF5335,45,zly,FF5335,47,umiarkowany
FF5730,46,zly,FF5730,45,umiarkowany
FF5731,46,zly,FF5731,45,umiarkowany
FF5732,45,zly,FF5732,45,umiarkowany
FF5733,45,zly,FF5733,45,umiarkowany
FF5832,45,zly,FF5832,45,umiarkowany
FF5833,50,umiarkowany,FF5833,45,umiarkowany
FF5836,45,zly,FF5836,45,umiarkowany
FF5934,45,zly,FF5934,45,umiarkowany
FF5935,50,umiarkowany,FF5935,45,umiarkowany
FF5936,50,umiarkowany,FF5936,45,umiarkowany
FF5937,50,umiarkowany,FF5937,45,umiarkowany
FF5938,50,umiarkowany,FF5938,45,umiarkowany
FF5939,50,umiarkowany,FF5939,45,umiarkowany
FF5123,45,zly,FF5123,45,umiarkowany
FF5124,45,zly,FF5124,45,umiarkowany
FF5125,45,zly,FF5125,45,umiarkowany
FF5126,45,zly,FF5126,45,umiarkowany
FF5128,45,zly,FF5128,45,umiarkowany
FF5129,45,zly,FF5129,45,umiarkowany
FF5220,45,zly,FF5220,45,umiarkowany
FF5222,45,zly,FF5222,45,umiarkowany
FF5223,45,zly,FF5223,45,umiarkowany
FF5225,45,zly,FF5225,45,umiarkowany
FF5226,45,zly,FF5226,45,umiarkowany
FF5227,45,zly,FF5227,45,umiarkowany
FF5228,45,zly,FF5228,45,umiarkowany
FF5229,45,zly,FF5229,45,umiarkowany
FF5320,63,bardzo dobry,FF5320,45,umiarkowany
FF5321,58,dobry,FF5321,45,umiarkowany
FF5322,73,bardzo dobry,FF5322,45,umiarkowany
FF5323,79,bardzo dobry,FF5323,45,umiarkowany
FF5324,73,bardzo dobry,FF5324,45,umiarkowany
FF5326,50,umiarkowany,FF5326,45,umiarkowany
FF5327,45,zly,FF5327,45,umiarkowany
FF5629,45,zly,FF5629,45,umiarkowany
FF5720,45,zly,FF5720,45,umiarkowany
FF5721,58,dobry,FF5721,45,umiarkowany
FF5722,45,zly,FF5722,45,umiarkowany
FF5723,45,zly,FF5723,45,umiarkowany
FF5724,45,zly,FF5724,45,umiarkowany
FF5725,50,umiarkowany,FF5725,45,umiarkowany
FF5726,45,zly,FF5726,45,umiarkowany
FF5727,45,zly,FF5727,45,umiarkowany
FF5823,52,umiarkowany,FF5823,45,umiarkowany
FF5824,46,zly,FF5824,45,umiarkowany
FF5924,45,zly,FF5924,45,umiarkowany
FF5925,50,umiarkowany,FF5925,45,umiarkowany
FF5926,50,umiarkowany,FF5926,45,umiarkowany
FF5927,50,umiarkowany,FF5927,45,umiarkowany
FF5928,50,umiarkowany,FF5928,45,umiarkowany
FF5929,50,umiarkowany,FF5929,45,umiarkowany
FF3919,45,zly,FF3919,45,umiarkowany
FF3929,45,zly,FF3929,45,umiarkowany
FF3939,45,zly,FF3939,45,umiarkowany
FF3949,45,zly,FF3949,45,umiarkowany
FF3959,51,umiarkowany,FF3959,45,umiarkowany
FF3989,45,zly,FF3989,45,umiarkowany
FF3999,50,umiarkowany,FF3999,45,umiarkowany
FF4909,45,zly,FF4909,45,umiarkowany
FF4919,50,umiarkowany,FF4919,45,umiarkowany
FF4929,57,dobry,FF4929,45,umiarkowany
FF4939,58,dobry,FF4939,45,umiarkowany
FF4949,58,dobry,FF4949,45,umiarkowany
FF4959,58,dobry,FF4959,45,umiarkowany
FF4969,57,dobry,FF4969,45,umiarkowany
FF4979,45,zly,FF4979,45,umiarkowany
FF4989,45,zly,FF4989,45,umiarkowany
FF4999,50,umiarkowany,FF4999,45,umiarkowany
FF5909,45,zly,FF5909,45,umiarkowany
FF3928,45,zly,FF3928,45,umiarkowany
FF3938,45,zly,FF3938,45,umiarkowany
FF3968,46,zly,FF3968,45,umiarkowany
FF3988,45,zly,FF3988,45,umiarkowany
FF3998,45,zly,FF3998,45,umiarkowany
FF4908,45,zly,FF4908,45,umiarkowany
FF4918,50,umiarkowany,FF4918,45,umiarkowany
FF4928,45,zly,FF4928,45,umiarkowany
FF4938,58,dobry,FF4938,45,umiarkowany
FF4948,58,dobry,FF4948,45,umiarkowany
FF4958,57,dobry,FF4958,45,umiarkowany
FF4968,57,dobry,FF4968,45,umiarkowany
FF4978,52,umiarkowany,FF4978,45,umiarkowany
FF4988,50,umiarkowany,FF4988,45,umiarkowany
FF4998,52,umiarkowany,FF4998,45,umiarkowany
FF5112,45,zly,FF5112,45,umiarkowany
FF5113,45,zly,FF5113,45,umiarkowany
FF5114,45,zly,FF5114,45,umiarkowany
FF5115,45,zly,FF5115,45,umiarkowany
FF5116,45,zly,FF5116,45,umiarkowany
FF5117,45,zly,FF5117,45,umiarkowany
FF5118,45,zly,FF5118,45,umiarkowany
FF5119,45,zly,FF5119,45,umiarkowany
FF5212,45,zly,FF5212,45,umiarkowany
FF5215,45,zly,FF5215,45,umiarkowany
FF5216,45,zly,FF5216,45,umiarkowany
FF5217,45,zly,FF5217,45,umiarkowany
FF5218,45,zly,FF5218,45,umiarkowany
FF5219,61,bardzo dobry,FF5219,45,umiarkowany
FF5310,55,dobry,FF5310,45,umiarkowany
FF5311,55,dobry,FF5311,45,umiarkowany
FF5312,60,dobry,FF5312,45,umiarkowany
FF5313,65,bardzo dobry,FF5313,45,umiarkowany
FF5314,65,bardzo dobry,FF5314,45,umiarkowany
FF5315,45,zly,FF5315,47,umiarkowany
FF5316,45,zly,FF5316,45,umiarkowany
FF5317,45,zly,FF5317,45,umiarkowany
FF5319,45,zly,FF5319,45,umiarkowany
FF5616,45,zly,FF5616,45,umiarkowany
FF5710,51,umiarkowany,FF5710,45,umiarkowany
FF5711,51,umiarkowany,FF5711,45,umiarkowany
FF5712,50,umiarkowany,FF5712,45,umiarkowany
FF5713,45,zly,FF5713,45,umiarkowany
FF5714,45,zly,FF5714,45,umiarkowany
FF5715,45,zly,FF5715,45,umiarkowany
FF5716,45,zly,FF5716,45,umiarkowany
FF5717,45,zly,FF5717,45,umiarkowany
FF5719,46,zly,FF5719,45,umiarkowany
FF5813,45,zly,FF5813,45,umiarkowany
FF5911,45,zly,FF5911,45,umiarkowany
FF5913,45,zly,FF5913,45,umiarkowany
FF5914,50,umiarkowany,FF5914,45,umiarkowany
FF5915,50,umiarkowany,FF5915,45,umiarkowany
FF5916,50,umiarkowany,FF5916,45,umiarkowany
FF5917,50,umiarkowany,FF5917,45,umiarkowany
FF3927,45,zly,FF3927,45,umiarkowany
FF3947,45,zly,FF3947,45,umiarkowany
FF3967,46,zly,FF3967,45,umiarkowany
FF3997,45,zly,FF3997,45,umiarkowany
FF4907,45,zly,FF4907,45,umiarkowany
FF4927,50,umiarkowany,FF4927,45,umiarkowany
FF4937,58,dobry,FF4937,45,umiarkowany
FF4947,58,dobry,FF4947,45,umiarkowany
FF4957,50,umiarkowany,FF4957,45,umiarkowany
FF4967,51,umiarkowany,FF4967,45,umiarkowany
FF4977,45,zly,FF4977,45,umiarkowany
FF4987,50,umiarkowany,FF4987,45,umiarkowany
FF4997,50,umiarkowany,FF4997,45,umiarkowany
FF5907,45,zly,FF5907,45,umiarkowany
FF9294,45,zly,FF9294,45,umiarkowany
FF9399,50,umiarkowany,FF9399,45,umiarkowany
FF9490,45,zly,FF9490,45,umiarkowany
FF9592,45,zly,FF9592,45,umiarkowany
FF9593,45,zly,FF9593,45,umiarkowany
FF9597,50,umiarkowany,FF9597,45,umiarkowany
FF9598,45,zly,FF9598,45,umiarkowany
FF9599,45,zly,FF9599,45,umiarkowany
FF9690,45,zly,FF9690,45,umiarkowany
FF9381,60,dobry,FF9381,45,umiarkowany
FF9382,60,dobry,FF9382,45,umiarkowany
FF9383,53,umiarkowany,FF9383,45,umiarkowany
FF9385,50,umiarkowany,FF9385,45,umiarkowany
FF9386,53,umiarkowany,FF9386,45,umiarkowany
FF9387,58,dobry,FF9387,45,umiarkowany
FF9388,50,umiarkowany,FF9388,45,umiarkowany
FF9389,50,umiarkowany,FF9389,45,umiarkowany
FF9480,57,dobry,FF9480,45,umiarkowany
FF9582,45,zly,FF9582,45,umiarkowany
FF9583,45,zly,FF9583,45,umiarkowany
FF9588,50,umiarkowany,FF9588,45,umiarkowany
FF9589,50,umiarkowany,FF9589,45,umiarkowany
FF9680,55,dobry,FF9680,45,umiarkowany
FF9683,61,bardzo dobry,FF9683,45,umiarkowany
FF9684,61,bardzo dobry,FF9684,45,umiarkowany
FF9685,53,umiarkowany,FF9685,45,umiarkowany
FF9687,45,zly,FF9687,45,umiarkowany
FF9279,45,zly,FF9279,45,umiarkowany
FF9370,50,umiarkowany,FF9370,45,umiarkowany
FF9373,50,umiarkowany,FF9373,45,umiarkowany
FF9374,60,dobry,FF9374,45,umiarkowany
FF9375,50,umiarkowany,FF9375,45,umiarkowany
FF9376,60,dobry,FF9376,45,umiarkowany
FF9379,50,umiarkowany,FF9379,45,umiarkowany
FF9479,45,zly,FF9479,45,umiarkowany
FF9572,45,zly,FF9572,45,umiarkowany
FF9577,45,zly,FF9577,45,umiarkowany
FF9578,55,dobry,FF9578,45,umiarkowany
FF9579,56,dobry,FF9579,45,umiarkowany
FF9670,60,dobry,FF9670,45,umiarkowany
FF9672,45,zly,FF9672,45,umiarkowany
FF9673,50,umiarkowany,FF9673,45,umiarkowany
FF9674,50,umiarkowany,FF9674,45,umiarkowany
FF9675,61,bardzo dobry,FF9675,45,umiarkowany
FF9677,45,zly,FF9677,45,umiarkowany
FF9679,50,umiarkowany,FF9679,45,umiarkowany
FF9977,45,zly,FF9977,45,umiarkowany
FF9978,45,zly,FF9978,45,umiarkowany
FF9267,45,zly,FF9267,47,umiarkowany
FF9268,58,dobry,FF9268,47,umiarkowany
FF9269,68,bardzo dobry,FF9269,45,umiarkowany
FF9561,45,zly,FF9561,45,umiarkowany
FF9566,45,zly,FF9566,45,umiarkowany
FF9567,63,bardzo dobry,FF9567,45,umiarkowany
FF9568,50,umiarkowany,FF9568,45,umiarkowany
FF9569,60,dobry,FF9569,45,umiarkowany
FF9660,63,bardzo dobry,FF9660,45,umiarkowany
FF9664,45,zly,FF9664,45,umiarkowany
FF9665,45,zly,FF9665,45,umiarkowany
FF9666,50,umiarkowany,FF9666,45,umiarkowany
FF9667,50,umiarkowany,FF9667,45,umiarkowany
FF9668,60,dobry,FF9668,45,umiarkowany
FF9669,60,dobry,FF9669,45,umiarkowany
FF9967,61,bardzo dobry,FF9967,45,umiarkowany
FF9255,46,zly,FF9255,45,umiarkowany
FF9256,45,zly,FF9256,45,umiarkowany
FF9257,45,zly,FF9257,45,umiarkowany
FF9258,60,dobry,FF9258,45,umiarkowany
FF9555,50,umiarkowany,FF9555,45,umiarkowany
FF9557,50,umiarkowany,FF9557,45,umiarkowany
FF9558,45,zly,FF9558,45,umiarkowany
FF9655,50,umiarkowany,FF9655,45,umiarkowany
FF9656,60,dobry,FF9656,45,umiarkowany
FF9657,50,umiarkowany,FF9657,45,umiarkowany
FF9658,50,umiarkowany,FF9658,45,umiarkowany
FF9659,50,umiarkowany,FF9659,45,umiarkowany
FF9957,45,zly,FF9957,45,umiarkowany
FF9958,63,bardzo dobry,FF9958,45,umiarkowany
FF9244,51,umiarkowany,FF9244,45,umiarkowany
FF9245,51,umiarkowany,FF9245,45,umiarkowany
FF9349,58,dobry,FF9349,45,umiarkowany
FF9443,47,slaby,FF9443,45,umiarkowany
FF9644,45,zly,FF9644,45,umiarkowany
FF9645,60,dobry,FF9645,45,umiarkowany
FF9646,60,dobry,FF9646,45,umiarkowany
FF9647,50,umiarkowany,FF9647,45,umiarkowany
FF9648,50,umiarkowany,FF9648,45,umiarkowany
FF9945,45,zly,FF9945,45,umiarkowany
FF9946,45,zly,FF9946,45,umiarkowany
FF9947,45,zly,FF9947,45,umiarkowany
FF9948,45,zly,FF9948,45,umiarkowany
FF9949,45,zly,FF9949,45,umiarkowany
FF9234,45,zly,FF9234,45,umiarkowany
FF9339,63,bardzo dobry,FF9339,45,umiarkowany
FF9430,59,dobry,FF9430,45,umiarkowany
FF9431,55,dobry,FF9431,45,umiarkowany
FF9433,50,umiarkowany,FF9433,45,umiarkowany
FF9538,45,zly,FF9538,45,umiarkowany
FF9633,45,zly,FF9633,45,umiarkowany
FF9634,60,dobry,FF9634,45,umiarkowany
FF9635,50,umiarkowany,FF9635,45,umiarkowany
FF9935,50,umiarkowany,FF9935,45,umiarkowany
FF9936,50,umiarkowany,FF9936,45,umiarkowany
FF9937,67,bardzo dobry,FF9937,45,umiarkowany
FF9938,65,bardzo dobry,FF9938,45,umiarkowany
FF9939,60,dobry,FF9939,45,umiarkowany
FF9224,45,zly,FF9224,45,umiarkowany
FF9329,50,umiarkowany,FF9329,50,umiarkowany
FF9420,50,umiarkowany,FF9420,45,umiarkowany
FF9526,45,zly,FF9526,45,umiarkowany
FF9623,50,umiarkowany,FF9623,45,umiarkowany
FF9624,60,dobry,FF9624,45,umiarkowany
FF9625,45,zly,FF9625,45,umiarkowany
FF9923,64,bardzo dobry,FF9923,45,umiarkowany
FF9924,65,bardzo dobry,FF9924,45,umiarkowany
FF9925,68,bardzo dobry,FF9925,45,umiarkowany
FF9926,66,bardzo dobry,FF9926,45,umiarkowany
FF9927,66,bardzo dobry,FF9927,45,umiarkowany
FF9213,50,umiarkowany,FF9213,45,umiarkowany
FF9515,45,zly,FF9515,45,umiarkowany
FF9516,45,zly,FF9516,45,umiarkowany
FF9517,45,zly,FF9517,45,umiarkowany
FF9611,59,dobry,FF9611,45,umiarkowany
FF9612,62,bardzo dobry,FF9612,45,umiarkowany
FF9614,45,zly,FF9614,45,umiarkowany
FF9914,50,umiarkowany,FF9914,45,umiarkowany
FF9916,46,zly,FF9916,45,umiarkowany
FF9203,51,umiarkowany,FF9203,45,umiarkowany
FF9402,45,zly,FF9402,45,umiarkowany
FF9404,45,zly,FF9404,45,umiarkowany
FF9405,45,zly,FF9405,45,umiarkowany
FF9406,45,zly,FF9406,45,umiarkowany
FF9407,45,zly,FF9407,45,umiarkowany
FF9408,45,zly,FF9408,45,umiarkowany
FF9504,45,zly,FF9504,45,umiarkowany
FF9505,45,zly,FF9505,45,umiarkowany
FF9506,45,zly,FF9506,45,umiarkowany
FF9601,45,zly,FF9601,45,umiarkowany
FF9604,45,zly,FF9604,45,umiarkowany
FF9705,45,zly,FF9705,45,umiarkowany
FF9706,45,zly,FF9706,45,umiarkowany
FF9803,45,zly,FF9803,45,umiarkowany
FF9809,45,zly,FF9809,45,umiarkowany
FF9903,45,zly,FF9903,45,umiarkowany
FF9904,45,zly,FF9904,45,umiarkowany
FF8291,45,zly,FF8291,45,umiarkowany
FF8399,45,zly,FF8399,45,umiarkowany
FF8490,45,zly,FF8490,45,umiarkowany
FF8491,51,umiarkowany,FF8491,45,umiarkowany
FF8492,55,dobry,FF8492,45,umiarkowany
FF8493,56,dobry,FF8493,45,umiarkowany
FF8494,48,slaby,FF8494,45,umiarkowany
FF8593,45,zly,FF8593,45,umiarkowany
FF8594,45,zly,FF8594,45,umiarkowany
FF8595,63,bardzo dobry,FF8595,45,umiarkowany
FF8596,55,dobry,FF8596,45,umiarkowany
FF8598,45,zly,FF8598,45,umiarkowany
FF8690,45,zly,FF8690,45,umiarkowany
FF8794,45,zly,FF8794,45,umiarkowany
FF8795,45,zly,FF8795,45,umiarkowany
FF8798,45,zly,FF8798,45,umiarkowany
FF8892,45,zly,FF8892,45,umiarkowany
FF8897,45,zly,FF8897,45,umiarkowany
FF8898,45,zly,FF8898,45,umiarkowany
FF8899,45,zly,FF8899,45,umiarkowany
FF8993,55,dobry,FF8993,45,umiarkowany
FF8280,50,umiarkowany,FF8280,45,umiarkowany
FF8281,50,umiarkowany,FF8281,45,umiarkowany
FF8389,45,zly,FF8389,45,umiarkowany
FF8481,51,umiarkowany,FF8481,45,umiarkowany
FF8482,47,slaby,FF8482,45,umiarkowany
FF8483,47,slaby,FF8483,45,umiarkowany
FF8484,45,zly,FF8484,45,umiarkowany
FF8581,45,zly,FF8581,45,umiarkowany
FF8582,45,zly,FF8582,45,umiarkowany
FF8583,52,umiarkowany,FF8583,45,umiarkowany
FF8584,47,slaby,FF8584,45,umiarkowany
FF8585,52,umiarkowany,FF8585,45,umiarkowany
FF8586,47,slaby,FF8586,45,umiarkowany
FF8781,45,zly,FF8781,45,umiarkowany
FF8787,45,zly,FF8787,45,umiarkowany
FF8788,45,zly,FF8788,45,umiarkowany
FF8789,45,zly,FF8789,45,umiarkowany
FF8888,50,umiarkowany,FF8888,45,umiarkowany
FF8889,50,umiarkowany,FF8889,45,umiarkowany
FF8981,60,dobry,FF8981,45,umiarkowany
FF8982,52,umiarkowany,FF8982,45,umiarkowany
FF7221,47,slaby,FF7221,45,umiarkowany
FF7211,66,bardzo dobry,FF7211,45,umiarkowany
FF7222,52,umiarkowany,FF7222,45,umiarkowany
FF7212,56,dobry,FF7212,45,umiarkowany
FF7213,54,umiarkowany,FF7213,45,umiarkowany
FF7225,56,dobry,FF7225,45,umiarkowany
FF7226,51,umiarkowany,FF7226,45,umiarkowany
FF7217,47,slaby,FF7217,45,umiarkowany
FF7228,75,bardzo dobry,FF7228,45,umiarkowany
FF7218,52,umiarkowany,FF7218,45,umiarkowany
FF7229,75,bardzo dobry,FF7229,45,umiarkowany
FF7219,51,umiarkowany,FF7219,45,umiarkowany
FF7320,63,bardzo dobry,FF7320,45,umiarkowany
FF7310,57,dobry,FF7310,45,umiarkowany
FF7321,65,bardzo dobry,FF7321,45,umiarkowany
FF7311,52,umiarkowany,FF7311,45,umiarkowany
FF7322,68,bardzo dobry,FF7322,45,umiarkowany
FF7323,57,dobry,FF7323,45,umiarkowany
FF7324,49,slaby,FF7324,45,umiarkowany
FF7325,53,umiarkowany,FF7325,45,umiarkowany
FF7419,45,zly,FF7419,45,umiarkowany
FF7523,50,umiarkowany,FF7523,45,umiarkowany
FF7524,45,zly,FF7524,45,umiarkowany
FF7621,50,umiarkowany,FF7621,45,umiarkowany
FF7611,45,zly,FF7611,45,umiarkowany
FF7622,67,bardzo dobry,FF7622,45,umiarkowany
FF7612,56,dobry,FF7612,45,umiarkowany
FF7623,62,bardzo dobry,FF7623,45,umiarkowany
FF7613,46,zly,FF7613,45,umiarkowany
FF7627,53,umiarkowany,FF7627,45,umiarkowany
FF7617,50,umiarkowany,FF7617,45,umiarkowany
FF7628,45,zly,FF7628,45,umiarkowany
FF7618,50,umiarkowany,FF7618,45,umiarkowany
FF7629,48,slaby,FF7629,45,umiarkowany
FF7202,50,umiarkowany,FF7202,45,umiarkowany
FF7209,55,dobry,FF7209,45,umiarkowany
FF7500,45,zly,FF7500,45,umiarkowany
FF7501,45,zly,FF7501,45,umiarkowany
FF7602,50,umiarkowany,FF7602,45,umiarkowany
FF7607,45,zly,FF7607,45,umiarkowany
FF7608,45,zly,FF7608,45,umiarkowany
FF8209,60,dobry,FF8209,45,umiarkowany
FF7299,49,slaby,FF7299,45,umiarkowany
FF8300,63,bardzo dobry,FF8300,45,umiarkowany
FF8301,51,umiarkowany,FF8301,45,umiarkowany
FF8309,45,zly,FF8309,45,umiarkowany
FF7399,45,zly,FF7399,45,umiarkowany
FF7490,45,zly,FF7490,45,umiarkowany
FF8406,59,dobry,FF8406,45,umiarkowany
FF8407,61,bardzo dobry,FF8407,45,umiarkowany
FF7497,58,dobry,FF7497,45,umiarkowany
FF8504,48,slaby,FF8504,45,umiarkowany
FF8505,48,slaby,FF8505,45,umiarkowany
FF7595,45,zly,FF7595,45,umiarkowany
FF8506,46,zly,FF8506,45,umiarkowany
FF7596,45,zly,FF7596,45,umiarkowany
FF8507,48,slaby,FF8507,45,umiarkowany
FF7597,45,zly,FF7597,45,umiarkowany
FF8508,48,slaby,FF8508,45,umiarkowany
FF8509,46,zly,FF8509,45,umiarkowany
FF8600,51,umiarkowany,FF8600,45,umiarkowany
FF8608,45,zly,FF8608,45,umiarkowany
FF7698,45,zly,FF7698,45,umiarkowany
FF8609,45,zly,FF8609,45,umiarkowany
FF7699,45,zly,FF7699,45,umiarkowany
FF8700,45,zly,FF8700,45,umiarkowany
FF7790,45,zly,FF7790,45,umiarkowany
FF8701,45,zly,FF8701,45,umiarkowany
FF7791,45,zly,FF7791,45,umiarkowany
FF8702,45,zly,FF8702,45,umiarkowany
FF7792,45,zly,FF7792,45,umiarkowany
FF8703,45,zly,FF8703,45,umiarkowany
FF7793,46,zly,FF7793,45,umiarkowany
FF8704,45,zly,FF8704,45,umiarkowany
FF7794,47,slaby,FF7794,45,umiarkowany
FF7795,46,zly,FF7795,45,umiarkowany
FF8706,45,zly,FF8706,45,umiarkowany
FF7796,46,zly,FF7796,45,umiarkowany
FF8707,50,umiarkowany,FF8707,45,umiarkowany
FF8802,53,umiarkowany,FF8802,45,umiarkowany
FF8803,58,dobry,FF8803,45,umiarkowany
FF7893,69,bardzo dobry,FF7893,45,umiarkowany
FF8804,63,bardzo dobry,FF8804,45,umiarkowany
FF7894,54,umiarkowany,FF7894,45,umiarkowany
FF8807,45,zly,FF8807,45,umiarkowany
FF8809,63,bardzo dobry,FF8809,45,umiarkowany
FF8900,58,dobry,FF8900,45,umiarkowany
FF7287,45,zly,FF7287,45,umiarkowany
FF7384,45,zly,FF7384,45,umiarkowany
FF7586,50,umiarkowany,FF7586,45,umiarkowany
FF7682,53,umiarkowany,FF7682,45,umiarkowany
FF7683,53,umiarkowany,FF7683,45,umiarkowany
FF7685,45,zly,FF7685,45,umiarkowany
FF7782,45,zly,FF7782,45,umiarkowany
FF7783,46,zly,FF7783,45,umiarkowany
FF7784,45,zly,FF7784,45,umiarkowany
FF7271,45,zly,FF7271,45,umiarkowany
FF7272,45,zly,FF7272,45,umiarkowany
FF7373,65,bardzo dobry,FF7373,45,umiarkowany
FF7374,66,bardzo dobry,FF7374,45,umiarkowany
FF7378,45,zly,FF7378,45,umiarkowany
FF7672,50,umiarkowany,FF7672,45,umiarkowany
FF7673,47,slaby,FF7673,45,umiarkowany
FF7674,46,zly,FF7674,45,umiarkowany
FF7678,45,zly,FF7678,45,umiarkowany
FF7776,45,zly,FF7776,45,umiarkowany
FF7360,54,umiarkowany,FF7360,45,umiarkowany
FF7363,57,dobry,FF7363,45,umiarkowany
FF7661,54,umiarkowany,FF7661,45,umiarkowany
FF7662,63,bardzo dobry,FF7662,45,umiarkowany
FF7663,50,umiarkowany,FF7663,45,umiarkowany
FF7664,50,umiarkowany,FF7664,45,umiarkowany
FF7665,45,zly,FF7665,45,umiarkowany
FF7253,52,umiarkowany,FF7253,45,umiarkowany
FF7356,92,bardzo dobry,FF7356,45,umiarkowany
FF7652,55,dobry,FF7652,45,umiarkowany
FF7653,60,dobry,FF7653,45,umiarkowany
FF7654,45,zly,FF7654,45,umiarkowany
FF7655,45,zly,FF7655,45,umiarkowany
FF7656,45,zly,FF7656,45,umiarkowany
FF7657,45,zly,FF7657,45,umiarkowany
FF7242,48,slaby,FF7242,45,umiarkowany
FF7243,49,slaby,FF7243,45,umiarkowany
FF7340,60,dobry,FF7340,45,umiarkowany
FF7345,45,zly,FF7345,45,umiarkowany
FF7346,50,umiarkowany,FF7346,45,umiarkowany
FF7347,63,bardzo dobry,FF7347,45,umiarkowany
FF7545,45,zly,FF7545,45,umiarkowany
FF7546,45,zly,FF7546,45,umiarkowany
FF7548,50,umiarkowany,FF7548,45,umiarkowany
FF7549,50,umiarkowany,FF7549,45,umiarkowany
FF7640,56,dobry,FF7640,45,umiarkowany
FF7641,70,bardzo dobry,FF7641,45,umiarkowany
FF7642,80,bardzo dobry,FF7642,45,umiarkowany
FF7643,61,bardzo dobry,FF7643,45,umiarkowany
FF7646,45,zly,FF7646,45,umiarkowany
FF7647,45,zly,FF7647,45,umiarkowany
FF7138,45,zly,FF7138,45,umiarkowany
FF7139,45,zly,FF7139,45,umiarkowany
FF7230,45,zly,FF7230,45,umiarkowany
FF7231,46,zly,FF7231,45,umiarkowany
FF7232,52,umiarkowany,FF7232,45,umiarkowany
FF7233,53,umiarkowany,FF7233,45,umiarkowany
FF7235,50,umiarkowany,FF7235,45,umiarkowany
FF7236,45,zly,FF7236,45,umiarkowany
FF7239,60,dobry,FF7239,45,umiarkowany
FF7330,61,bardzo dobry,FF7330,45,umiarkowany
FF7334,53,umiarkowany,FF7334,45,umiarkowany
FF7335,55,dobry,FF7335,45,umiarkowany
FF7336,45,zly,FF7336,45,umiarkowany
FF7536,47,slaby,FF7536,45,umiarkowany
FF7537,48,slaby,FF7537,45,umiarkowany
FF7631,51,umiarkowany,FF7631,45,umiarkowany
FF7632,56,dobry,FF7632,45,umiarkowany
FF7633,55,dobry,FF7633,45,umiarkowany
FF7636,45,zly,FF7636,45,umiarkowany
FF7637,55,dobry,FF7637,45,umiarkowany
FF7638,50,umiarkowany,FF7638,45,umiarkowany
FF8473,47,slaby,FF8473,45,umiarkowany
FF8474,47,slaby,FF8474,45,umiarkowany
FF8478,45,zly,FF8478,45,umiarkowany
FF8479,45,zly,FF8479,45,umiarkowany
FF8570,57,dobry,FF8570,45,umiarkowany
FF8571,52,umiarkowany,FF8571,45,umiarkowany
FF8575,52,umiarkowany,FF8575,45,umiarkowany
FF8778,45,zly,FF8778,45,umiarkowany
FF8871,45,zly,FF8871,45,umiarkowany
FF8872,45,zly,FF8872,45,umiarkowany
FF8874,45,zly,FF8874,45,umiarkowany
FF8875,65,bardzo dobry,FF8875,45,umiarkowany
FF8876,45,zly,FF8876,45,umiarkowany
FF8877,50,umiarkowany,FF8877,45,umiarkowany
FF8878,45,zly,FF8878,45,umiarkowany
FF8879,63,bardzo dobry,FF8879,45,umiarkowany
FF8971,62,bardzo dobry,FF8971,45,umiarkowany
FF8972,50,umiarkowany,FF8972,45,umiarkowany
FF8975,52,umiarkowany,FF8975,45,umiarkowany
FF8465,51,umiarkowany,FF8465,45,umiarkowany
FF8466,56,dobry,FF8466,45,umiarkowany
FF8467,68,bardzo dobry,FF8467,45,umiarkowany
FF8468,50,umiarkowany,FF8468,45,umiarkowany
FF8469,45,zly,FF8469,45,umiarkowany
FF8563,54,umiarkowany,FF8563,60,dobry
FF8564,52,umiarkowany,FF8564,55,dobry
FF8565,50,umiarkowany,FF8565,45,umiarkowany
FF8765,45,zly,FF8765,45,umiarkowany
FF8769,45,zly,FF8769,45,umiarkowany
FF8860,45,zly,FF8860,45,umiarkowany
FF8863,45,zly,FF8863,45,umiarkowany
FF8864,50,umiarkowany,FF8864,45,umiarkowany
FF8865,50,umiarkowany,FF8865,45,umiarkowany
FF8866,45,zly,FF8866,45,umiarkowany
FF8868,63,bardzo dobry,FF8868,45,umiarkowany
FF8869,63,bardzo dobry,FF8869,45,umiarkowany
FF8960,60,dobry,FF8960,45,umiarkowany
FF8961,60,dobry,FF8961,45,umiarkowany
FF8962,45,zly,FF8962,45,umiarkowany
FF8963,45,zly,FF8963,45,umiarkowany
FF8964,50,umiarkowany,FF8964,45,umiarkowany
FF8965,45,zly,FF8965,45,umiarkowany
FF8966,62,bardzo dobry,FF8966,49,umiarkowany
FF8967,50,umiarkowany,FF8967,45,umiarkowany
FF8968,62,bardzo dobry,FF8968,45,umiarkowany
FF8969,62,bardzo dobry,FF8969,45,umiarkowany
FF8451,45,zly,FF8451,45,umiarkowany
FF8452,50,umiarkowany,FF8452,45,umiarkowany
FF8453,45,zly,FF8453,45,umiarkowany
FF8454,45,zly,FF8454,45,umiarkowany
FF8455,59,dobry,FF8455,45,umiarkowany
FF8456,74,bardzo dobry,FF8456,45,umiarkowany
FF8457,79,bardzo dobry,FF8457,45,umiarkowany
FF8552,50,umiarkowany,FF8552,60,dobry
FF8553,55,dobry,FF8553,61,dobry
FF8554,46,zly,FF8554,55,dobry
FF8558,47,slaby,FF8558,45,umiarkowany
FF8559,45,zly,FF8559,45,umiarkowany
FF8656,45,zly,FF8656,45,umiarkowany
FF8659,45,zly,FF8659,45,umiarkowany
FF8750,45,zly,FF8750,45,umiarkowany
FF8751,45,zly,FF8751,45,umiarkowany
FF8755,45,zly,FF8755,45,umiarkowany
FF8758,45,zly,FF8758,45,umiarkowany
FF8759,45,zly,FF8759,45,umiarkowany
FF8850,50,umiarkowany,FF8850,45,umiarkowany
FF8853,45,zly,FF8853,45,umiarkowany
FF8854,45,zly,FF8854,45,umiarkowany
FF8855,55,dobry,FF8855,45,umiarkowany
FF8857,45,zly,FF8857,45,umiarkowany
FF8858,50,umiarkowany,FF8858,45,umiarkowany
FF8859,60,dobry,FF8859,45,umiarkowany
FF8950,63,bardzo dobry,FF8950,45,umiarkowany
FF8951,63,bardzo dobry,FF8951,45,umiarkowany
FF8952,63,bardzo dobry,FF8952,45,umiarkowany
FF8953,63,bardzo dobry,FF8953,45,umiarkowany
FF8955,64,bardzo dobry,FF8955,45,umiarkowany
FF8956,65,bardzo dobry,FF8956,45,umiarkowany
FF8957,51,umiarkowany,FF8957,45,umiarkowany
FF8958,62,bardzo dobry,FF8958,45,umiarkowany
FF8959,52,umiarkowany,FF8959,45,umiarkowany
FF8443,45,zly,FF8443,45,umiarkowany
FF8444,51,umiarkowany,FF8444,45,umiarkowany
FF8445,68,bardzo dobry,FF8445,45,umiarkowany
FF8446,57,dobry,FF8446,45,umiarkowany
FF8447,51,umiarkowany,FF8447,45,umiarkowany
FF8542,52,umiarkowany,FF8542,45,umiarkowany
FF8543,52,umiarkowany,FF8543,45,umiarkowany
FF8547,47,slaby,FF8547,45,umiarkowany
FF8548,47,slaby,FF8548,45,umiarkowany
FF8644,45,zly,FF8644,45,umiarkowany
FF8645,45,zly,FF8645,45,umiarkowany
FF8649,45,zly,FF8649,45,umiarkowany
FF8740,45,zly,FF8740,45,umiarkowany
FF8742,45,zly,FF8742,45,umiarkowany
FF8743,53,umiarkowany,FF8743,45,umiarkowany
FF8744,45,zly,FF8744,45,umiarkowany
FF8747,45,zly,FF8747,45,umiarkowany
FF8748,45,zly,FF8748,45,umiarkowany
FF8749,50,umiarkowany,FF8749,45,umiarkowany
FF8840,45,zly,FF8840,45,umiarkowany
FF8841,45,zly,FF8841,45,umiarkowany
FF8843,60,dobry,FF8843,45,umiarkowany
FF8844,61,bardzo dobry,FF8844,45,umiarkowany
FF8845,61,bardzo dobry,FF8845,45,umiarkowany
FF8846,45,zly,FF8846,45,umiarkowany
FF8847,50,umiarkowany,FF8847,45,umiarkowany
FF8848,45,zly,FF8848,45,umiarkowany
FF8849,61,bardzo dobry,FF8849,45,umiarkowany
FF8940,50,umiarkowany,FF8940,45,umiarkowany
FF8941,62,bardzo dobry,FF8941,45,umiarkowany
FF8943,50,umiarkowany,FF8943,45,umiarkowany
FF8944,61,bardzo dobry,FF8944,45,umiarkowany
FF8945,50,umiarkowany,FF8945,45,umiarkowany
FF8949,45,zly,FF8949,45,umiarkowany
FF8430,51,umiarkowany,FF8430,45,umiarkowany
FF8433,50,umiarkowany,FF8433,45,umiarkowany
FF8434,45,zly,FF8434,45,umiarkowany
FF8531,45,zly,FF8531,46,umiarkowany
FF8634,52,umiarkowany,FF8634,45,umiarkowany
FF8639,45,zly,FF8639,45,umiarkowany
FF8730,45,zly,FF8730,45,umiarkowany
FF8732,45,zly,FF8732,45,umiarkowany
FF8733,45,zly,FF8733,45,umiarkowany
FF8734,45,zly,FF8734,45,umiarkowany
FF8737,45,zly,FF8737,45,umiarkowany
FF8738,45,zly,FF8738,45,umiarkowany
FF8739,45,zly,FF8739,45,umiarkowany
FF8830,51,umiarkowany,FF8830,45,umiarkowany
FF8832,50,umiarkowany,FF8832,45,umiarkowany
FF8833,50,umiarkowany,FF8833,45,umiarkowany
FF8834,50,umiarkowany,FF8834,45,umiarkowany
FF8836,45,zly,FF8836,45,umiarkowany
FF8837,50,umiarkowany,FF8837,45,umiarkowany
FF8838,63,bardzo dobry,FF8838,45,umiarkowany
FF8839,63,bardzo dobry,FF8839,45,umiarkowany
FF8930,45,zly,FF8930,45,umiarkowany
FF8931,50,umiarkowany,FF8931,45,umiarkowany
FF8934,45,zly,FF8934,45,umiarkowany
FF8229,51,umiarkowany,FF8229,45,umiarkowany
FF8320,54,umiarkowany,FF8320,45,umiarkowany
FF8420,50,umiarkowany,FF8420,45,umiarkowany
FF8421,60,dobry,FF8421,45,umiarkowany
FF8422,63,bardzo dobry,FF8422,45,umiarkowany
FF8423,54,umiarkowany,FF8423,45,umiarkowany
FF8621,51,umiarkowany,FF8621,45,umiarkowany
FF8622,47,slaby,FF8622,45,umiarkowany
FF8624,45,zly,FF8624,45,umiarkowany
FF8625,45,zly,FF8625,45,umiarkowany
FF8626,45,zly,FF8626,45,umiarkowany
FF8627,50,umiarkowany,FF8627,45,umiarkowany
FF8628,45,zly,FF8628,45,umiarkowany
FF8629,45,zly,FF8629,45,umiarkowany
FF8720,45,zly,FF8720,45,umiarkowany
FF8723,58,dobry,FF8723,45,umiarkowany
FF8724,63,bardzo dobry,FF8724,45,umiarkowany
FF8726,50,umiarkowany,FF8726,45,umiarkowany
FF8727,45,zly,FF8727,45,umiarkowany
FF8728,45,zly,FF8728,45,umiarkowany
FF8729,45,zly,FF8729,45,umiarkowany
FF8823,50,umiarkowany,FF8823,45,umiarkowany
FF8824,50,umiarkowany,FF8824,45,umiarkowany
FF8827,65,bardzo dobry,FF8827,45,umiarkowany
FF8828,65,bardzo dobry,FF8828,45,umiarkowany
FF8829,65,bardzo dobry,FF8829,45,umiarkowany
FF8920,45,zly,FF8920,45,umiarkowany
FF8921,45,zly,FF8921,45,umiarkowany
FF8219,52,umiarkowany,FF8219,45,umiarkowany
FF8310,68,bardzo dobry,FF8310,45,umiarkowany
FF8311,58,dobry,FF8311,45,umiarkowany
FF8314,56,dobry,FF8314,45,umiarkowany
FF8411,50,umiarkowany,FF8411,45,umiarkowany
FF8412,53,umiarkowany,FF8412,45,umiarkowany
FF8413,51,umiarkowany,FF8413,45,umiarkowany
FF8417,45,zly,FF8417,45,umiarkowany
FF8518,45,zly,FF8518,45,umiarkowany
FF8519,45,zly,FF8519,45,umiarkowany
FF8610,46,zly,FF8610,45,umiarkowany
FF8611,46,zly,FF8611,45,umiarkowany
FF8614,45,zly,FF8614,45,umiarkowany
FF8615,45,zly,FF8615,45,umiarkowany
FF8617,45,zly,FF8617,45,umiarkowany
FF8618,50,umiarkowany,FF8618,45,umiarkowany
FF8711,45,zly,FF8711,45,umiarkowany
FF8712,45,zly,FF8712,45,umiarkowany
FF8713,50,umiarkowany,FF8713,45,umiarkowany
FF8714,45,zly,FF8714,45,umiarkowany
FF8716,58,dobry,FF8716,45,umiarkowany
FF8717,58,dobry,FF8717,45,umiarkowany
FF8718,58,dobry,FF8718,45,umiarkowany
FF8719,58,dobry,FF8719,45,umiarkowany
FF8810,45,zly,FF8810,45,umiarkowany
FF8813,45,zly,FF8813,45,umiarkowany
FF8814,50,umiarkowany,FF8814,45,umiarkowany
FF8815,50,umiarkowany,FF8815,45,umiarkowany
FF8817,45,zly,FF8817,45,umiarkowany
FF8818,51,umiarkowany,FF8818,45,umiarkowany
FF8819,51,umiarkowany,FF8819,45,umiarkowany
FF8910,50,umiarkowany,FF8910,45,umiarkowany
FF8912,45,zly,FF8912,45,umiarkowany
FF8913,45,zly,FF8913,45,umiarkowany
FF6292,47,slaby,FF6292,45,umiarkowany
FF6697,52,umiarkowany,FF6697,45,umiarkowany
FF6283,56,dobry,FF6283,45,umiarkowany
FF6284,60,dobry,FF6284,45,umiarkowany
FF6683,56,dobry,FF6683,45,umiarkowany
FF6273,54,umiarkowany,FF6273,45,umiarkowany
FF6274,67,bardzo dobry,FF6274,45,umiarkowany
FF6578,45,zly,FF6578,45,umiarkowany
FF6579,45,zly,FF6579,45,umiarkowany
FF2766,45,zly,FF2766,45,umiarkowany
FF2767,45,zly,FF2767,45,umiarkowany
FF2777,45,zly,FF2777,45,umiarkowany
FF2787,45,zly,FF2787,45,umiarkowany
FF5101,45,zly,FF5101,45,umiarkowany
FF5102,45,zly,FF5102,45,umiarkowany
FF5103,45,zly,FF5103,45,umiarkowany
FF5104,45,zly,FF5104,45,umiarkowany
FF5105,45,zly,FF5105,45,umiarkowany
FF5106,45,zly,FF5106,45,umiarkowany
FF5107,45,zly,FF5107,45,umiarkowany
FF5108,45,zly,FF5108,45,umiarkowany
FF5109,45,zly,FF5109,45,umiarkowany
FF5201,45,zly,FF5201,45,umiarkowany
FF5202,50,umiarkowany,FF5202,45,umiarkowany
FF5203,45,zly,FF5203,45,umiarkowany
FF5205,45,zly,FF5205,45,umiarkowany
FF5207,45,zly,FF5207,45,umiarkowany
FF5208,45,zly,FF5208,45,umiarkowany
FF5209,45,zly,FF5209,45,umiarkowany
FF5300,45,zly,FF5300,45,umiarkowany
FF5301,45,zly,FF5301,45,umiarkowany
FF5302,45,zly,FF5302,45,umiarkowany
FF5303,45,zly,FF5303,45,umiarkowany
FF5304,68,bardzo dobry,FF5304,45,umiarkowany
FF5305,45,zly,FF5305,45,umiarkowany
FF5608,45,zly,FF5608,45,umiarkowany
FF5609,45,zly,FF5609,45,umiarkowany
FF5700,46,zly,FF5700,45,umiarkowany
FF5701,46,zly,FF5701,45,umiarkowany
FF5702,45,zly,FF5702,45,umiarkowany
FF2745,45,zly,FF2745,45,umiarkowany
FF2755,45,zly,FF2755,45,umiarkowany
FF2765,45,zly,FF2765,45,umiarkowany
FF2795,45,zly,FF2795,45,umiarkowany
FF2734,45,zly,FF2734,45,umiarkowany
FF2744,45,zly,FF2744,45,umiarkowany
FF2754,45,zly,FF2754,45,umiarkowany
FF2764,45,zly,FF2764,45,umiarkowany
FF2733,45,zly,FF2733,45,umiarkowany
FF2743,45,zly,FF2743,45,umiarkowany
FF4793,55,dobry,FF4793,45,umiarkowany
FF2732,45,zly,FF2732,45,umiarkowany
FF2742,45,zly,FF2742,45,umiarkowany
FF3762,45,zly,FF3762,71,bardzo dobry
FF4712,45,zly,FF4712,45,umiarkowany
FF4782,62,bardzo dobry,FF4782,45,umiarkowany
FF3761,45,zly,FF3761,45,umiarkowany
FF3771,45,zly,FF3771,45,umiarkowany
FF3781,46,zly,FF3781,45,umiarkowany
FF3791,45,zly,FF3791,45,umiarkowany
FF4701,45,zly,FF4701,45,umiarkowany
FF4711,45,zly,FF4711,45,umiarkowany
FF4781,65,bardzo dobry,FF4781,45,umiarkowany
FF3760,45,zly,FF3760,45,umiarkowany
FF3770,46,zly,FF3770,71,bardzo dobry
FF3780,49,slaby,FF3780,46,umiarkowany
FF3790,45,zly,FF3790,45,umiarkowany
FF4700,45,zly,FF4700,45,umiarkowany
FF4710,45,zly,FF4710,45,umiarkowany
FF4720,45,zly,FF4720,46,umiarkowany
FF4730,45,zly,FF4730,45,umiarkowany
FF4770,45,zly,FF4770,45,umiarkowany
FF4780,65,bardzo dobry,FF4780,45,umiarkowany
FF3689,45,zly,FF3689,45,umiarkowany
FF3699,45,zly,FF3699,45,umiarkowany
FF4609,45,zly,FF4609,45,umiarkowany
FF4619,55,dobry,FF4619,45,umiarkowany
FF4629,45,zly,FF4629,45,umiarkowany
FF4639,45,zly,FF4639,45,umiarkowany
FF4649,45,zly,FF4649,45,umiarkowany
FF4679,45,zly,FF4679,45,umiarkowany
FF3688,45,zly,FF3688,45,umiarkowany
FF3698,45,zly,FF3698,45,umiarkowany
FF4628,47,slaby,FF4628,49,umiarkowany
FF4638,45,zly,FF4638,45,umiarkowany
FF4648,45,zly,FF4648,45,umiarkowany
FF3916,45,zly,FF3916,45,umiarkowany
FF3926,45,zly,FF3926,45,umiarkowany
FF3966,46,zly,FF3966,45,umiarkowany
FF3976,45,zly,FF3976,45,umiarkowany
FF4926,45,zly,FF4926,45,umiarkowany
FF4936,58,dobry,FF4936,45,umiarkowany
FF4946,58,dobry,FF4946,45,umiarkowany
FF4956,55,dobry,FF4956,51,umiarkowany
FF4966,51,umiarkowany,FF4966,45,umiarkowany
FF4976,50,umiarkowany,FF4976,45,umiarkowany
FF4986,50,umiarkowany,FF4986,45,umiarkowany
FF4996,45,zly,FF4996,45,umiarkowany
FF5906,45,zly,FF5906,45,umiarkowany
FF3915,45,zly,FF3915,45,umiarkowany
FF3925,45,zly,FF3925,45,umiarkowany
FF3965,46,zly,FF3965,45,umiarkowany
FF4925,45,zly,FF4925,45,umiarkowany
FF4935,51,umiarkowany,FF4935,45,umiarkowany
FF4945,51,umiarkowany,FF4945,45,umiarkowany
FF4955,52,umiarkowany,FF4955,45,umiarkowany
FF4965,50,umiarkowany,FF4965,45,umiarkowany
FF4975,50,umiarkowany,FF4975,45,umiarkowany
FF4985,50,umiarkowany,FF4985,45,umiarkowany
FF5905,45,zly,FF5905,45,umiarkowany
FF3924,45,zly,FF3924,45,umiarkowany
FF3934,45,zly,FF3934,49,umiarkowany
FF3964,45,zly,FF3964,45,umiarkowany
FF4934,45,zly,FF4934,45,umiarkowany
FF4944,45,zly,FF4944,45,umiarkowany
FF4954,51,umiarkowany,FF4954,45,umiarkowany
FF4964,45,zly,FF4964,45,umiarkowany
FF4974,45,zly,FF4974,45,umiarkowany
FF5904,45,zly,FF5904,45,umiarkowany
FF2874,45,zly,FF2874,45,umiarkowany
FF3803,45,zly,FF3803,45,umiarkowany
FF3813,45,zly,FF3813,45,umiarkowany
FF3823,45,zly,FF3823,45,umiarkowany
FF3824,45,zly,FF3824,46,umiarkowany
FF3833,45,zly,FF3833,45,umiarkowany
FF3834,45,zly,FF3834,45,umiarkowany
FF3843,45,zly,FF3843,45,umiarkowany
FF3844,45,zly,FF3844,45,umiarkowany
FF3873,45,zly,FF3873,45,umiarkowany
FF3883,51,umiarkowany,FF3883,45,umiarkowany
FF3884,57,dobry,FF3884,45,umiarkowany
FF5804,50,umiarkowany,FF5804,45,umiarkowany
FF3802,45,zly,FF3802,45,umiarkowany
FF3812,53,umiarkowany,FF3812,45,umiarkowany
FF3822,66,bardzo dobry,FF3822,45,umiarkowany
FF3832,45,zly,FF3832,45,umiarkowany
FF3842,45,zly,FF3842,45,umiarkowany
FF2891,45,zly,FF2891,45,umiarkowany
FF3801,45,zly,FF3801,45,umiarkowany
FF3811,50,umiarkowany,FF3811,45,umiarkowany
FF3821,75,bardzo dobry,FF3821,45,umiarkowany
FF3831,45,zly,FF3831,45,umiarkowany
FF3841,45,zly,FF3841,45,umiarkowany
FF3861,45,zly,FF3861,45,umiarkowany
FF3871,45,zly,FF3871,45,umiarkowany
FF3923,50,umiarkowany,FF3923,45,umiarkowany
FF3943,50,umiarkowany,FF3943,45,umiarkowany
FF3953,55,dobry,FF3953,45,umiarkowany
FF4953,47,slaby,FF4953,45,umiarkowany
FF4963,50,umiarkowany,FF4963,45,umiarkowany
FF3922,50,umiarkowany,FF3922,45,umiarkowany
FF3932,45,zly,FF3932,45,umiarkowany
FF3942,60,dobry,FF3942,45,umiarkowany
FF3952,51,umiarkowany,FF3952,45,umiarkowany
FF4932,46,zly,FF4932,45,umiarkowany
FF4942,46,zly,FF4942,45,umiarkowany
FF4962,45,zly,FF4962,45,umiarkowany
FF4992,50,umiarkowany,FF4992,45,umiarkowany
FF5902,52,umiarkowany,FF5902,45,umiarkowany
FF3911,50,umiarkowany,FF3911,45,umiarkowany
FF3921,55,dobry,FF3921,45,umiarkowany
FF3941,61,bardzo dobry,FF3941,45,umiarkowany
FF3951,45,zly,FF3951,45,umiarkowany
FF3961,45,zly,FF3961,45,umiarkowany
FF3971,50,umiarkowany,FF3971,45,umiarkowany
FF4921,55,dobry,FF4921,45,umiarkowany
FF4931,51,umiarkowany,FF4931,45,umiarkowany
FF4941,52,umiarkowany,FF4941,45,umiarkowany
FF4951,45,zly,FF4951,45,umiarkowany
FF4961,45,zly,FF4961,45,umiarkowany
FF4991,58,dobry,FF4991,45,umiarkowany
FF5901,45,zly,FF5901,45,umiarkowany
FF2990,45,zly,FF2990,45,umiarkowany
FF3930,45,zly,FF3930,45,umiarkowany
FF3940,45,zly,FF3940,45,umiarkowany
FF3950,45,zly,FF3950,45,umiarkowany
FF3960,45,zly,FF3960,45,umiarkowany
FF3970,45,zly,FF3970,45,umiarkowany
FF4920,45,zly,FF4920,45,umiarkowany
FF4930,51,umiarkowany,FF4930,45,umiarkowany
FF4940,51,umiarkowany,FF4940,45,umiarkowany
FF4980,57,dobry,FF4980,45,umiarkowany
FF4990,59,dobry,FF4990,45,umiarkowany
FF5900,45,zly,FF5900,45,umiarkowany
FF2889,45,zly,FF2889,45,umiarkowany
FF2899,45,zly,FF2899,45,umiarkowany
FF3839,50,umiarkowany,FF3839,45,umiarkowany
FF3849,45,zly,FF3849,45,umiarkowany
FF3859,45,zly,FF3859,45,umiarkowany
FF3869,45,zly,FF3869,45,umiarkowany
FF3879,45,zly,FF3879,45,umiarkowany
FF4829,46,zly,FF4829,45,umiarkowany
FF4839,45,zly,FF4839,45,umiarkowany
FF4889,48,slaby,FF4889,45,umiarkowany
FF2878,45,zly,FF2878,45,umiarkowany
FF2888,45,zly,FF2888,45,umiarkowany
FF2898,45,zly,FF2898,45,umiarkowany
FF3838,45,zly,FF3838,45,umiarkowany
FF3848,45,zly,FF3848,45,umiarkowany
FF3868,45,zly,FF3868,45,umiarkowany
FF4828,47,slaby,FF4828,45,umiarkowany
FF4838,45,zly,FF4838,45,umiarkowany
FF2877,45,zly,FF2877,45,umiarkowany
FF2887,45,zly,FF2887,45,umiarkowany
FF2897,45,zly,FF2897,45,umiarkowany
FF3807,50,umiarkowany,FF3807,45,umiarkowany
FF3847,45,zly,FF3847,45,umiarkowany
FF4827,45,zly,FF4827,45,umiarkowany
FF4837,45,zly,FF4837,47,umiarkowany
FF2886,45,zly,FF2886,45,umiarkowany
FF2896,45,zly,FF2896,45,umiarkowany
FF3806,45,zly,FF3806,45,umiarkowany
FF3896,45,zly,FF3896,45,umiarkowany
FF4816,45,zly,FF4816,45,umiarkowany
FF4826,46,zly,FF4826,45,umiarkowany
FF2885,45,zly,FF2885,45,umiarkowany
FF3835,45,zly,FF3835,45,umiarkowany
FF3895,45,zly,FF3895,45,umiarkowany
FF4805,45,zly,FF4805,45,umiarkowany
FF4815,45,zly,FF4815,45,umiarkowany
FF2870,45,zly,FF2870,45,umiarkowany
FF2890,45,zly,FF2890,45,umiarkowany
FF3800,45,zly,FF3800,45,umiarkowany
FF3810,45,zly,FF3810,45,umiarkowany
FF3820,72,bardzo dobry,FF3820,45,umiarkowany
FF3830,45,zly,FF3830,45,umiarkowany
FF3840,45,zly,FF3840,45,umiarkowany
FF3850,45,zly,FF3850,45,umiarkowany
FF3860,45,zly,FF3860,45,umiarkowany
FF2769,45,zly,FF2769,45,umiarkowany
FF2779,45,zly,FF2779,45,umiarkowany
FF2789,45,zly,FF2789,45,umiarkowany
FF2799,45,zly,FF2799,45,umiarkowany
FF3709,45,zly,FF3709,45,umiarkowany
FF3719,45,zly,FF3719,45,umiarkowany
FF3739,45,zly,FF3739,45,umiarkowany
FF3749,45,zly,FF3749,45,umiarkowany
FF3759,45,zly,FF3759,45,umiarkowany
FF3769,45,zly,FF3769,45,umiarkowany
FF2768,45,zly,FF2768,45,umiarkowany
FF2778,45,zly,FF2778,45,umiarkowany
FF2788,45,zly,FF2788,45,umiarkowany
FF2798,45,zly,FF2798,45,umiarkowany
FF3728,45,zly,FF3728,45,umiarkowany
FF3738,45,zly,FF3738,45,umiarkowany
FF3575,47,slaby,FF3575,48,umiarkowany
FF3576,47,slaby,FF3576,45,umiarkowany
FF3677,45,zly,FF3677,45,umiarkowany
FF4637,45,zly,FF4637,45,umiarkowany
FF4647,45,zly,FF4647,45,umiarkowany
FF4616,47,slaby,FF4616,52,umiarkowany
FF4636,45,zly,FF4636,47,umiarkowany
FF4646,45,zly,FF4646,49,umiarkowany
FF4615,48,slaby,FF4615,54,dobry
FF4625,48,slaby,FF4625,50,umiarkowany
FF4635,48,slaby,FF4635,50,umiarkowany
FF3654,47,slaby,FF3654,47,umiarkowany
FF3684,45,zly,FF3684,45,umiarkowany
FF3694,45,zly,FF3694,48,umiarkowany
FF4604,49,slaby,FF4604,48,umiarkowany
FF4614,49,slaby,FF4614,48,umiarkowany
FF4624,45,zly,FF4624,45,umiarkowany
FF4634,47,slaby,FF4634,45,umiarkowany
FF4644,45,zly,FF4644,45,umiarkowany
FF3683,45,zly,FF3683,45,umiarkowany
FF3693,45,zly,FF3693,45,umiarkowany
FF4603,45,zly,FF4603,45,umiarkowany
FF4613,47,slaby,FF4613,45,umiarkowany
FF4623,47,slaby,FF4623,45,umiarkowany
FF4633,45,zly,FF4633,45,umiarkowany
FF4643,45,zly,FF4643,45,umiarkowany
FF4653,45,zly,FF4653,47,umiarkowany
FF3682,45,zly,FF3682,45,umiarkowany
FF3692,50,umiarkowany,FF3692,50,umiarkowany
FF4602,50,umiarkowany,FF4602,50,umiarkowany
FF4612,50,umiarkowany,FF4612,50,umiarkowany
FF4622,47,slaby,FF4622,45,umiarkowany
FF4652,47,slaby,FF4652,48,umiarkowany
FF4692,47,slaby,FF4692,47,umiarkowany
FF3691,48,slaby,FF3691,72,bardzo dobry
FF4601,48,slaby,FF4601,45,umiarkowany
FF4611,48,slaby,FF4611,51,umiarkowany
FF4621,48,slaby,FF4621,51,umiarkowany
FF4631,48,slaby,FF4631,48,umiarkowany
FF4661,47,slaby,FF4661,48,umiarkowany
FF3680,47,slaby,FF3680,47,umiarkowany
FF4610,50,umiarkowany,FF4610,48,umiarkowany
FF4620,47,slaby,FF4620,51,umiarkowany
FF4630,58,dobry,FF4630,51,umiarkowany
FF4640,47,slaby,FF4640,51,umiarkowany
FF3589,47,slaby,FF3589,45,umiarkowany
FF4529,57,dobry,FF4529,45,umiarkowany
FF4539,64,bardzo dobry,FF4539,45,umiarkowany
FF4549,47,slaby,FF4549,45,umiarkowany
FF4559,45,zly,FF4559,49,umiarkowany
FF4569,45,zly,FF4569,49,umiarkowany
FF4579,45,zly,FF4579,49,umiarkowany
FF4589,47,slaby,FF4589,45,umiarkowany
FF3568,45,zly,FF3568,45,umiarkowany
FF3578,45,zly,FF3578,45,umiarkowany
FF3588,47,slaby,FF3588,45,umiarkowany
FF4528,52,umiarkowany,FF4528,45,umiarkowany
FF4538,65,bardzo dobry,FF4538,45,umiarkowany
FF4548,45,zly,FF4548,45,umiarkowany
FF4558,47,slaby,FF4558,48,umiarkowany
FF4578,45,zly,FF4578,47,umiarkowany
FF3567,45,zly,FF3567,45,umiarkowany
FF3587,45,zly,FF3587,47,umiarkowany
FF3597,45,zly,FF3597,45,umiarkowany
FF4192,45,zly,FF4192,45,umiarkowany
FF4193,45,zly,FF4193,45,umiarkowany
FF4194,57,dobry,FF4194,76,bardzo dobry
FF4195,57,dobry,FF4195,76,bardzo dobry
FF4197,52,umiarkowany,FF4197,45,umiarkowany
FF4198,57,dobry,FF4198,45,umiarkowany
FF4199,55,dobry,FF4199,45,umiarkowany
FF4291,45,zly,FF4291,45,umiarkowany
FF4293,45,zly,FF4293,45,umiarkowany
FF4294,45,zly,FF4294,45,umiarkowany
FF4297,45,zly,FF4297,45,umiarkowany
FF4298,45,zly,FF4298,45,umiarkowany
FF4299,45,zly,FF4299,45,umiarkowany
FF4391,45,zly,FF4391,45,umiarkowany
FF4392,45,zly,FF4392,45,umiarkowany
FF4393,45,zly,FF4393,45,umiarkowany
FF4394,45,zly,FF4394,45,umiarkowany
FF4395,45,zly,FF4395,45,umiarkowany
FF3554,45,zly,FF3554,45,umiarkowany
FF3584,46,zly,FF3584,45,umiarkowany
FF3573,47,slaby,FF3573,45,umiarkowany
FF3583,45,zly,FF3583,45,umiarkowany
FF3562,45,zly,FF3562,45,umiarkowany
FF3572,46,zly,FF3572,45,umiarkowany
FF3581,46,zly,FF3581,45,umiarkowany
FF3591,46,zly,FF3591,45,umiarkowany
FF4501,52,umiarkowany,FF4501,45,umiarkowany
FF3590,45,zly,FF3590,45,umiarkowany
FF4500,51,umiarkowany,FF4500,45,umiarkowany
FF4510,50,umiarkowany,FF4510,45,umiarkowany
FF3439,45,zly,FF3439,45,umiarkowany
FF3459,51,umiarkowany,FF3459,45,umiarkowany
FF3469,45,zly,FF3469,45,umiarkowany
FF3499,45,zly,FF3499,45,umiarkowany
FF4409,45,zly,FF4409,45,umiarkowany
FF4419,45,zly,FF4419,45,umiarkowany
FF4429,50,umiarkowany,FF4429,45,umiarkowany
FF4439,45,zly,FF4439,45,umiarkowany
FF3428,46,zly,FF3428,45,umiarkowany
FF3438,55,dobry,FF3438,45,umiarkowany
FF3468,45,zly,FF3468,45,umiarkowany
FF4408,45,zly,FF4408,45,umiarkowany
FF4418,45,zly,FF4418,45,umiarkowany
FF4428,50,umiarkowany,FF4428,45,umiarkowany
FF4438,47,slaby,FF4438,45,umiarkowany
FF3407,47,slaby,FF3407,45,umiarkowany
FF3427,46,zly,FF3427,45,umiarkowany
FF3437,65,bardzo dobry,FF3437,45,umiarkowany
FF4417,45,zly,FF4417,45,umiarkowany
FF4427,55,dobry,FF4427,45,umiarkowany
FF4437,45,zly,FF4437,45,umiarkowany
FF4447,45,zly,FF4447,45,umiarkowany
FF4182,45,zly,FF4182,45,umiarkowany
FF4183,45,zly,FF4183,45,umiarkowany
FF4184,45,zly,FF4184,45,umiarkowany
FF4185,45,zly,FF4185,45,umiarkowany
FF4186,45,zly,FF4186,45,umiarkowany
FF4187,45,zly,FF4187,45,umiarkowany
FF4188,45,zly,FF4188,45,umiarkowany
FF4189,45,zly,FF4189,45,umiarkowany
FF4281,45,zly,FF4281,45,umiarkowany
FF4282,45,zly,FF4282,45,umiarkowany
FF4384,45,zly,FF4384,45,umiarkowany
FF4385,45,zly,FF4385,45,umiarkowany
FF4386,45,zly,FF4386,45,umiarkowany
FF4476,45,zly,FF4476,45,umiarkowany
FF2287,45,zly,FF2287,45,umiarkowany
FF2288,45,zly,FF2288,45,umiarkowany
FF2297,45,zly,FF2297,45,umiarkowany
FF2298,46,zly,FF2298,45,umiarkowany
FF3207,45,zly,FF3207,45,umiarkowany
FF3208,50,umiarkowany,FF3208,45,umiarkowany
FF3217,47,slaby,FF3217,45,umiarkowany
FF3218,47,slaby,FF3218,45,umiarkowany
FF3227,46,zly,FF3227,45,umiarkowany
FF3228,47,slaby,FF3228,45,umiarkowany
FF3237,48,slaby,FF3237,45,umiarkowany
FF3238,48,slaby,FF3238,45,umiarkowany
FF3248,47,slaby,FF3248,45,umiarkowany
FF3258,46,zly,FF3258,45,umiarkowany
FF3268,47,slaby,FF3268,45,umiarkowany
FF3216,45,zly,FF3216,45,umiarkowany
FF3226,46,zly,FF3226,45,umiarkowany
FF3236,45,zly,FF3236,45,umiarkowany
FF4256,45,zly,FF4256,45,umiarkowany
FF4276,45,zly,FF4276,45,umiarkowany
FF3215,47,slaby,FF3215,45,umiarkowany
FF3225,47,slaby,FF3225,45,umiarkowany
FF3235,45,zly,FF3235,45,umiarkowany
FF3245,46,zly,FF3245,45,umiarkowany
FF3214,47,slaby,FF3214,45,umiarkowany
FF3254,45,zly,FF3254,45,umiarkowany
FF4244,45,zly,FF4244,51,umiarkowany
FF2158,45,zly,FF2158,45,umiarkowany
FF2168,45,zly,FF2168,45,umiarkowany
FF2178,45,zly,FF2178,45,umiarkowany
FF2179,53,umiarkowany,FF2179,45,umiarkowany
FF2188,55,dobry,FF2188,51,umiarkowany
FF2189,69,bardzo dobry,FF2189,45,umiarkowany
FF2198,45,zly,FF2198,54,dobry
FF2199,45,zly,FF2199,45,umiarkowany
FF3108,45,zly,FF3108,54,dobry
FF3109,45,zly,FF3109,45,umiarkowany
FF3118,48,slaby,FF3118,47,umiarkowany
FF3128,45,zly,FF3128,48,umiarkowany
FF3138,45,zly,FF3138,45,umiarkowany
FF3158,45,zly,FF3158,45,umiarkowany
FF3159,45,zly,FF3159,45,umiarkowany
FF3168,45,zly,FF3168,45,umiarkowany
FF3169,45,zly,FF3169,47,umiarkowany
FF4139,48,slaby,FF4139,45,umiarkowany
FF4168,45,zly,FF4168,45,umiarkowany
FF4169,45,zly,FF4169,45,umiarkowany
FF4178,45,zly,FF4178,45,umiarkowany
FF4179,45,zly,FF4179,45,umiarkowany
FF3283,45,zly,FF3283,45,umiarkowany
FF3293,45,zly,FF3293,45,umiarkowany
FF4203,45,zly,FF4203,45,umiarkowany
FF4233,45,zly,FF4233,45,umiarkowany
FF4243,45,zly,FF4243,54,dobry
FF4263,45,zly,FF4263,45,umiarkowany
FF3212,45,zly,FF3212,46,umiarkowany
FF3262,45,zly,FF3262,45,umiarkowany
FF3282,45,zly,FF3282,45,umiarkowany
FF3292,45,zly,FF3292,45,umiarkowany
FF4202,45,zly,FF4202,45,umiarkowany
FF4212,45,zly,FF4212,45,umiarkowany
FF4222,45,zly,FF4222,45,umiarkowany
FF4232,45,zly,FF4232,45,umiarkowany
FF4242,45,zly,FF4242,54,dobry
FF4262,45,zly,FF4262,45,umiarkowany
FF4272,45,zly,FF4272,45,umiarkowany
FF2281,45,zly,FF2281,45,umiarkowany
FF2291,45,zly,FF2291,45,umiarkowany
FF3201,45,zly,FF3201,47,umiarkowany
FF3221,45,zly,FF3221,54,dobry
FF3251,45,zly,FF3251,45,umiarkowany
FF4221,45,zly,FF4221,45,umiarkowany
FF4231,45,zly,FF4231,45,umiarkowany
FF2270,45,zly,FF2270,45,umiarkowany
FF2280,60,dobry,FF2280,45,umiarkowany
FF2290,45,zly,FF2290,45,umiarkowany
FF3200,53,umiarkowany,FF3200,45,umiarkowany
FF3210,46,zly,FF3210,45,umiarkowany
FF3220,45,zly,FF3220,46,umiarkowany
FF3250,45,zly,FF3250,45,umiarkowany
FF3416,64,bardzo dobry,FF3416,45,umiarkowany
FF3426,45,zly,FF3426,45,umiarkowany
FF3436,69,bardzo dobry,FF3436,45,umiarkowany
FF3446,45,zly,FF3446,45,umiarkowany
FF3456,46,zly,FF3456,45,umiarkowany
FF4406,45,zly,FF4406,45,umiarkowany
FF4416,45,zly,FF4416,45,umiarkowany
FF4426,45,zly,FF4426,45,umiarkowany
FF4436,47,slaby,FF4436,45,umiarkowany
FF4446,45,zly,FF4446,45,umiarkowany
FF4456,50,umiarkowany,FF4456,45,umiarkowany
FF4466,45,zly,FF4466,45,umiarkowany
FF3415,63,bardzo dobry,FF3415,45,umiarkowany
FF3425,47,slaby,FF3425,45,umiarkowany
FF3435,58,dobry,FF3435,45,umiarkowany
FF3445,53,umiarkowany,FF3445,45,umiarkowany
FF3455,46,zly,FF3455,45,umiarkowany
FF4425,45,zly,FF4425,45,umiarkowany
FF4455,45,zly,FF4455,45,umiarkowany
FF4465,45,zly,FF4465,45,umiarkowany
FF3414,63,bardzo dobry,FF3414,45,umiarkowany
FF3424,45,zly,FF3424,45,umiarkowany
FF3434,54,umiarkowany,FF3434,45,umiarkowany
FF3444,48,slaby,FF3444,45,umiarkowany
FF4424,45,zly,FF4424,45,umiarkowany
FF4454,45,zly,FF4454,45,umiarkowany
FF4464,45,zly,FF4464,45,umiarkowany
FF3413,56,dobry,FF3413,45,umiarkowany
FF3423,45,zly,FF3423,45,umiarkowany
FF3433,46,zly,FF3433,45,umiarkowany
FF3443,47,slaby,FF3443,45,umiarkowany
FF3473,45,zly,FF3473,45,umiarkowany
FF4463,45,zly,FF4463,45,umiarkowany
FF3312,46,zly,FF3312,45,umiarkowany
FF3321,45,zly,FF3321,45,umiarkowany
FF3322,45,zly,FF3322,45,umiarkowany
FF3331,46,zly,FF3331,45,umiarkowany
FF3332,47,slaby,FF3332,45,umiarkowany
FF3351,49,slaby,FF3351,45,umiarkowany
FF3352,49,slaby,FF3352,45,umiarkowany
FF3361,46,zly,FF3361,45,umiarkowany
FF2325,45,zly,FF2325,45,umiarkowany
FF2334,45,zly,FF2334,45,umiarkowany
FF2335,45,zly,FF2335,45,umiarkowany
FF2344,47,slaby,FF2344,45,umiarkowany
FF2365,45,zly,FF2365,45,umiarkowany
FF2375,47,slaby,FF2375,45,umiarkowany
FF2384,48,slaby,FF2384,45,umiarkowany
FF2385,48,slaby,FF2385,45,umiarkowany
FF2394,47,slaby,FF2394,45,umiarkowany
FF3314,45,zly,FF3314,45,umiarkowany
FF3315,45,zly,FF3315,45,umiarkowany
FF3324,45,zly,FF3324,45,umiarkowany
FF3325,45,zly,FF3325,45,umiarkowany
FF3334,46,zly,FF3334,45,umiarkowany
FF3335,45,zly,FF3335,45,umiarkowany
FF3344,45,zly,FF3344,45,umiarkowany
FF3345,47,slaby,FF3345,45,umiarkowany
FF4315,45,zly,FF4315,45,umiarkowany
FF4324,58,dobry,FF4324,45,umiarkowany
FF4325,50,umiarkowany,FF4325,45,umiarkowany
FF4344,45,zly,FF4344,45,umiarkowany
FF4345,45,zly,FF4345,45,umiarkowany
FF3333,46,zly,FF3333,45,umiarkowany
FF3343,45,zly,FF3343,45,umiarkowany
FF3363,46,zly,FF3363,45,umiarkowany
FF3373,47,slaby,FF3373,45,umiarkowany
FF4323,53,umiarkowany,FF4323,45,umiarkowany
FF2472,45,zly,FF2472,45,umiarkowany
FF2482,45,zly,FF2482,45,umiarkowany
FF3402,45,zly,FF3402,45,umiarkowany
FF3412,45,zly,FF3412,45,umiarkowany
FF3422,51,umiarkowany,FF3422,45,umiarkowany
FF3432,51,umiarkowany,FF3432,45,umiarkowany
FF4462,45,zly,FF4462,45,umiarkowany
FF2451,45,zly,FF2451,45,umiarkowany
FF2461,45,zly,FF2461,45,umiarkowany
FF2471,45,zly,FF2471,45,umiarkowany
FF2481,45,zly,FF2481,45,umiarkowany
FF2491,45,zly,FF2491,45,umiarkowany
FF3401,47,slaby,FF3401,45,umiarkowany
FF3411,56,dobry,FF3411,45,umiarkowany
FF3421,51,umiarkowany,FF3421,45,umiarkowany
FF3431,46,zly,FF3431,45,umiarkowany
FF2440,45,zly,FF2440,45,umiarkowany
FF2450,45,zly,FF2450,45,umiarkowany
FF2460,50,umiarkowany,FF2460,45,umiarkowany
FF2480,45,zly,FF2480,45,umiarkowany
FF2490,45,zly,FF2490,45,umiarkowany
FF3400,46,zly,FF3400,45,umiarkowany
FF3410,56,dobry,FF3410,45,umiarkowany
FF3420,46,zly,FF3420,45,umiarkowany
FF2349,45,zly,FF2349,45,umiarkowany
FF2359,45,zly,FF2359,45,umiarkowany
FF2369,45,zly,FF2369,45,umiarkowany
FF2379,45,zly,FF2379,45,umiarkowany
FF2389,45,zly,FF2389,45,umiarkowany
FF2399,50,umiarkowany,FF2399,45,umiarkowany
FF3309,45,zly,FF3309,45,umiarkowany
FF4319,45,zly,FF4319,45,umiarkowany
FF4349,46,zly,FF4349,45,umiarkowany
FF2318,45,zly,FF2318,45,umiarkowany
FF2348,46,zly,FF2348,45,umiarkowany
FF2358,45,zly,FF2358,45,umiarkowany
FF2368,46,zly,FF2368,45,umiarkowany
FF2378,45,zly,FF2378,45,umiarkowany
FF2388,45,zly,FF2388,45,umiarkowany
FF2398,47,slaby,FF2398,45,umiarkowany
FF3318,45,zly,FF3318,45,umiarkowany
FF3328,45,zly,FF3328,45,umiarkowany
FF3338,46,zly,FF3338,45,umiarkowany
FF4318,45,zly,FF4318,45,umiarkowany
FF4328,47,slaby,FF4328,45,umiarkowany
FF4338,45,zly,FF4338,45,umiarkowany
FF2317,45,zly,FF2317,45,umiarkowany
FF2327,45,zly,FF2327,45,umiarkowany
FF2367,46,zly,FF2367,45,umiarkowany
FF2377,45,zly,FF2377,45,umiarkowany
FF2387,45,zly,FF2387,48,umiarkowany
FF3307,46,zly,FF3307,45,umiarkowany
FF3317,45,zly,FF3317,45,umiarkowany
FF3327,45,zly,FF3327,45,umiarkowany
FF3337,46,zly,FF3337,45,umiarkowany
FF3397,47,slaby,FF3397,45,umiarkowany
FF4307,46,zly,FF4307,45,umiarkowany
FF4327,46,zly,FF4327,45,umiarkowany
FF2316,45,zly,FF2316,45,umiarkowany
FF2326,45,zly,FF2326,45,umiarkowany
FF2336,45,zly,FF2336,45,umiarkowany
FF3306,46,zly,FF3306,45,umiarkowany
FF3316,45,zly,FF3316,45,umiarkowany
FF3326,45,zly,FF3326,45,umiarkowany
FF3336,45,zly,FF3336,45,umiarkowany
FF3396,46,zly,FF3396,45,umiarkowany
FF4316,46,zly,FF4316,45,umiarkowany
FF4326,45,zly,FF4326,45,umiarkowany
FF4346,45,zly,FF4346,46,umiarkowany
FF3330,47,slaby,FF3330,45,umiarkowany
FF3340,46,zly,FF3340,45,umiarkowany
FF3350,47,slaby,FF3350,45,umiarkowany
FF2289,45,zly,FF2289,45,umiarkowany
FF2299,46,zly,FF2299,45,umiarkowany
FF3209,45,zly,FF3209,45,umiarkowany
FF3219,46,zly,FF3219,45,umiarkowany
FF3229,47,slaby,FF3229,45,umiarkowany
FF3259,46,zly,FF3259,45,umiarkowany
FF3037,45,zly,FF3037,45,umiarkowany
FF3047,45,zly,FF3047,45,umiarkowany
FF3057,45,zly,FF3057,49,umiarkowany
FF3067,45,zly,FF3067,45,umiarkowany
FF3076,45,zly,FF3076,45,umiarkowany
FF3077,45,zly,FF3077,45,umiarkowany
FF3087,45,zly,FF3087,45,umiarkowany
FF3097,45,zly,FF3097,45,umiarkowany
FF4007,45,zly,FF4007,45,umiarkowany
FF2157,45,zly,FF2157,45,umiarkowany
FF2167,45,zly,FF2167,45,umiarkowany
FF2177,45,zly,FF2177,57,dobry
FF2187,45,zly,FF2187,51,umiarkowany
FF2197,45,zly,FF2197,54,dobry
FF3107,45,zly,FF3107,54,dobry
FF3117,48,slaby,FF3117,47,umiarkowany
FF3127,45,zly,FF3127,48,umiarkowany
FF3137,45,zly,FF3137,45,umiarkowany
FF3147,45,zly,FF3147,45,umiarkowany
FF3157,45,zly,FF3157,45,umiarkowany
FF3167,45,zly,FF3167,47,umiarkowany
FF3187,45,zly,FF3187,45,umiarkowany
FF3197,45,zly,FF3197,45,umiarkowany
FF4107,45,zly,FF4107,45,umiarkowany
FF4167,45,zly,FF4167,45,umiarkowany
FF4177,45,zly,FF4177,45,umiarkowany
FF2170,45,zly,FF2170,45,umiarkowany
FF2171,45,zly,FF2171,47,umiarkowany
FF2180,45,zly,FF2180,45,umiarkowany
FF2181,48,slaby,FF2181,45,umiarkowany
FF2190,48,slaby,FF2190,46,umiarkowany
FF2191,48,slaby,FF2191,46,umiarkowany
FF3100,45,zly,FF3100,48,umiarkowany
FF3101,45,zly,FF3101,45,umiarkowany
FF3110,45,zly,FF3110,45,umiarkowany
FF3111,45,zly,FF3111,45,umiarkowany
FF3120,45,zly,FF3120,45,umiarkowany
FF3121,45,zly,FF3121,45,umiarkowany
FF3140,45,zly,FF3140,45,umiarkowany
FF3141,45,zly,FF3141,45,umiarkowany
FF3150,45,zly,FF3150,45,umiarkowany
FF3151,45,zly,FF3151,48,umiarkowany
FF3160,50,umiarkowany,FF3160,45,umiarkowany
FF3161,45,zly,FF3161,45,umiarkowany
FF3170,45,zly,FF3170,45,umiarkowany
FF3171,45,zly,FF3171,45,umiarkowany
FF3180,45,zly,FF3180,45,umiarkowany
FF3181,45,zly,FF3181,45,umiarkowany
FF3190,45,zly,FF3190,45,umiarkowany
FF3191,45,zly,FF3191,45,umiarkowany
FF4100,45,zly,FF4100,45,umiarkowany
FF4101,45,zly,FF4101,45,umiarkowany
FF4110,45,zly,FF4110,45,umiarkowany
FF4111,45,zly,FF4111,45,umiarkowany
FF4120,45,zly,FF4120,45,umiarkowany
FF4121,45,zly,FF4121,45,umiarkowany
FF4130,45,zly,FF4130,45,umiarkowany
FF4131,63,bardzo dobry,FF4131,45,umiarkowany
FF4141,45,zly,FF4141,45,umiarkowany
FF2156,45,zly,FF2156,45,umiarkowany
FF2166,45,zly,FF2166,45,umiarkowany
FF2176,45,zly,FF2176,53,umiarkowany
FF2186,45,zly,FF2186,48,umiarkowany
FF2196,45,zly,FF2196,52,umiarkowany
FF3106,74,bardzo dobry,FF3106,45,umiarkowany
FF3116,45,zly,FF3116,48,umiarkowany
FF3126,45,zly,FF3126,45,umiarkowany
FF3136,45,zly,FF3136,45,umiarkowany
FF3146,45,zly,FF3146,45,umiarkowany
FF3156,45,zly,FF3156,45,umiarkowany
FF3166,45,zly,FF3166,47,umiarkowany
FF3176,45,zly,FF3176,45,umiarkowany
FF4106,45,zly,FF4106,45,umiarkowany
FF4116,45,zly,FF4116,45,umiarkowany
FF4156,45,zly,FF4156,45,umiarkowany
FF4166,45,zly,FF4166,45,umiarkowany
FF4176,45,zly,FF4176,45,umiarkowany
FF2155,45,zly,FF2155,45,umiarkowany
FF2165,45,zly,FF2165,45,umiarkowany
FF2175,50,umiarkowany,FF2175,46,umiarkowany
FF2185,45,zly,FF2185,45,umiarkowany
FF2195,45,zly,FF2195,45,umiarkowany
FF3105,45,zly,FF3105,45,umiarkowany
FF3115,45,zly,FF3115,45,umiarkowany
FF3125,45,zly,FF3125,45,umiarkowany
FF3135,45,zly,FF3135,45,umiarkowany
FF3145,45,zly,FF3145,45,umiarkowany
FF3155,45,zly,FF3155,45,umiarkowany
FF3165,45,zly,FF3165,45,umiarkowany
FF3175,45,zly,FF3175,45,umiarkowany
FF3185,45,zly,FF3185,45,umiarkowany
FF3195,45,zly,FF3195,45,umiarkowany
FF4105,45,zly,FF4105,45,umiarkowany
FF4115,82,bardzo dobry,FF4115,45,umiarkowany
FF4125,58,dobry,FF4125,45,umiarkowany
FF4135,45,zly,FF4135,45,umiarkowany
FF4145,45,zly,FF4145,45,umiarkowany
FF4155,45,zly,FF4155,45,umiarkowany
FF4165,45,zly,FF4165,45,umiarkowany
FF4175,45,zly,FF4175,45,umiarkowany
FF2154,45,zly,FF2154,45,umiarkowany
FF2164,45,zly,FF2164,45,umiarkowany
FF2174,45,zly,FF2174,45,umiarkowany
FF2184,45,zly,FF2184,45,umiarkowany
FF2194,45,zly,FF2194,45,umiarkowany
FF3104,45,zly,FF3104,45,umiarkowany
FF3114,45,zly,FF3114,45,umiarkowany
FF3124,45,zly,FF3124,45,umiarkowany
FF3134,45,zly,FF3134,45,umiarkowany
FF3144,45,zly,FF3144,50,umiarkowany
FF3154,45,zly,FF3154,45,umiarkowany
FF3164,45,zly,FF3164,45,umiarkowany
FF3174,45,zly,FF3174,45,umiarkowany
FF3184,45,zly,FF3184,45,umiarkowany
FF3194,45,zly,FF3194,45,umiarkowany
FF4104,45,zly,FF4104,45,umiarkowany
FF4114,45,zly,FF4114,45,umiarkowany
FF4124,45,zly,FF4124,45,umiarkowany
FF4134,45,zly,FF4134,45,umiarkowany
FF4144,45,zly,FF4144,45,umiarkowany
FF4154,45,zly,FF4154,45,umiarkowany
FF4164,45,zly,FF4164,45,umiarkowany
FF4174,45,zly,FF4174,45,umiarkowany
FF2153,45,zly,FF2153,45,umiarkowany
FF2163,45,zly,FF2163,45,umiarkowany
FF2173,45,zly,FF2173,45,umiarkowany
FF2183,45,zly,FF2183,45,umiarkowany
FF2193,45,zly,FF2193,45,umiarkowany
FF3103,45,zly,FF3103,48,umiarkowany
FF3113,45,zly,FF3113,48,umiarkowany
FF3123,45,zly,FF3123,45,umiarkowany
FF3133,45,zly,FF3133,45,umiarkowany
FF3143,45,zly,FF3143,48,umiarkowany
FF3153,45,zly,FF3153,45,umiarkowany
FF3163,45,zly,FF3163,45,umiarkowany
FF3173,45,zly,FF3173,45,umiarkowany
FF3183,45,zly,FF3183,45,umiarkowany
FF3193,45,zly,FF3193,45,umiarkowany
FF4103,45,zly,FF4103,45,umiarkowany
FF4113,53,umiarkowany,FF4113,45,umiarkowany
FF4123,51,umiarkowany,FF4123,45,umiarkowany
FF4133,51,umiarkowany,FF4133,45,umiarkowany
FF4143,45,zly,FF4143,45,umiarkowany
FF4153,45,zly,FF4153,45,umiarkowany
FF4163,45,zly,FF4163,45,umiarkowany
FF2152,45,zly,FF2152,45,umiarkowany
FF2162,45,zly,FF2162,45,umiarkowany
FF2172,45,zly,FF2172,45,umiarkowany
FF2182,45,zly,FF2182,45,umiarkowany
FF2192,45,zly,FF2192,45,umiarkowany
FF3102,45,zly,FF3102,45,umiarkowany
FF3112,45,zly,FF3112,45,umiarkowany
FF3122,45,zly,FF3122,45,umiarkowany
FF3132,45,zly,FF3132,45,umiarkowany
FF3142,45,zly,FF3142,45,umiarkowany
FF3152,45,zly,FF3152,48,umiarkowany
FF3162,45,zly,FF3162,45,umiarkowany
FF3172,45,zly,FF3172,45,umiarkowany
FF3182,45,zly,FF3182,45,umiarkowany
FF3192,45,zly,FF3192,45,umiarkowany
FF4102,45,zly,FF4102,45,umiarkowany
FF4112,45,zly,FF4112,45,umiarkowany
FF4122,45,zly,FF4122,45,umiarkowany
FF4132,45,zly,FF4132,45,umiarkowany
FF4142,45,zly,FF4142,45,umiarkowany
FF4152,45,zly,FF4152,45,umiarkowany
FF4162,45,zly,FF4162,45,umiarkowany
FF3009,45,zly,FF3009,45,umiarkowany
FF3019,45,zly,FF3019,45,umiarkowany
FF3029,45,zly,FF3029,45,umiarkowany
FF3049,45,zly,FF3049,56,dobry
FF3059,45,zly,FF3059,45,umiarkowany
FF3069,50,umiarkowany,FF3069,54,dobry
FF3079,45,zly,FF3079,45,umiarkowany
FF3089,45,zly,FF3089,48,umiarkowany
FF3099,50,umiarkowany,FF3099,45,umiarkowany
FF4009,45,zly,FF4009,45,umiarkowany
FF4019,45,zly,FF4019,45,umiarkowany
FF4029,45,zly,FF4029,45,umiarkowany
FF3038,50,umiarkowany,FF3038,49,umiarkowany
FF3048,45,zly,FF3048,58,dobry
FF3058,45,zly,FF3058,45,umiarkowany
FF3068,50,umiarkowany,FF3068,54,dobry
FF3078,45,zly,FF3078,45,umiarkowany
FF3088,45,zly,FF3088,45,umiarkowany
FF3098,45,zly,FF3098,45,umiarkowany
FF4008,45,zly,FF4008,45,umiarkowany
FF4018,45,zly,FF4018,45,umiarkowany
FF4028,45,zly,FF4028,45,umiarkowany
FG5553,45,zly,FG5553,45,umiarkowany
FG5554,45,zly,FG5554,45,umiarkowany
FG5555,45,zly,FG5555,45,umiarkowany
FG5541,45,zly,FG5541,45,umiarkowany
FG5542,45,zly,FG5542,45,umiarkowany
FG5543,45,zly,FG5543,45,umiarkowany
FG5544,45,zly,FG5544,45,umiarkowany
FG5546,45,zly,FG5546,45,umiarkowany
FG5531,45,zly,FG5531,45,umiarkowany
FG5532,45,zly,FG5532,45,umiarkowany
FG5534,45,zly,FG5534,45,umiarkowany
FG5535,45,zly,FG5535,45,umiarkowany
FG5536,68,bardzo dobry,FG5536,45,umiarkowany
FG5537,50,umiarkowany,FG5537,45,umiarkowany
FG5521,45,zly,FG5521,45,umiarkowany
FG5927,45,zly,FG5927,45,umiarkowany
FG5928,45,zly,FG5928,45,umiarkowany
FG5929,45,zly,FG5929,45,umiarkowany
FG5511,45,zly,FG5511,45,umiarkowany
FG5512,71,bardzo dobry,FG5512,45,umiarkowany
FG5513,60,dobry,FG5513,45,umiarkowany
FG5514,65,bardzo dobry,FG5514,45,umiarkowany
FG5916,50,umiarkowany,FG5916,45,umiarkowany
FG5917,50,umiarkowany,FG5917,45,umiarkowany
FG0939,50,umiarkowany,FG0939,45,umiarkowany
FG0949,50,umiarkowany,FG0949,45,umiarkowany
FG0959,50,umiarkowany,FG0959,45,umiarkowany
FG0979,50,umiarkowany,FG0979,45,umiarkowany
FG3939,45,zly,FG3939,45,umiarkowany
FG3969,45,zly,FG3969,45,umiarkowany
FG3979,71,bardzo dobry,FG3979,45,umiarkowany
FG3989,69,bardzo dobry,FG3989,45,umiarkowany
FG3999,50,umiarkowany,FG3999,45,umiarkowany
FG4909,50,umiarkowany,FG4909,45,umiarkowany
FG4919,60,dobry,FG4919,45,umiarkowany
FG4929,50,umiarkowany,FG4929,45,umiarkowany
FG4959,45,zly,FG4959,45,umiarkowany
FG4969,50,umiarkowany,FG4969,45,umiarkowany
FG4979,60,dobry,FG4979,45,umiarkowany
FG4989,66,bardzo dobry,FG4989,45,umiarkowany
FG0908,60,dobry,FG0908,45,umiarkowany
FG0918,60,dobry,FG0918,45,umiarkowany
FG0928,60,dobry,FG0928,45,umiarkowany
FG0938,63,bardzo dobry,FG0938,45,umiarkowany
FG0948,50,umiarkowany,FG0948,45,umiarkowany
FG3928,45,zly,FG3928,45,umiarkowany
FG3938,50,umiarkowany,FG3938,45,umiarkowany
FG3958,71,bardzo dobry,FG3958,45,umiarkowany
FG3968,50,umiarkowany,FG3968,45,umiarkowany
FG3978,50,umiarkowany,FG3978,45,umiarkowany
FG3988,72,bardzo dobry,FG3988,45,umiarkowany
FG4908,60,dobry,FG4908,45,umiarkowany
FG4918,50,umiarkowany,FG4918,45,umiarkowany
FG4968,45,zly,FG4968,45,umiarkowany
FG4978,65,bardzo dobry,FG4978,45,umiarkowany
FG4988,45,zly,FG4988,45,umiarkowany
FG0907,50,umiarkowany,FG0907,45,umiarkowany
FG0917,50,umiarkowany,FG0917,45,umiarkowany
FG0927,60,dobry,FG0927,45,umiarkowany
FG0937,63,bardzo dobry,FG0937,45,umiarkowany
FG3927,45,zly,FG3927,45,umiarkowany
FG3967,71,bardzo dobry,FG3967,45,umiarkowany
FG3977,50,umiarkowany,FG3977,45,umiarkowany
FG3997,50,umiarkowany,FG3997,45,umiarkowany
FG4937,50,umiarkowany,FG4937,45,umiarkowany
FG4947,50,umiarkowany,FG4947,45,umiarkowany
FG4957,60,dobry,FG4957,45,umiarkowany
FG4967,45,zly,FG4967,45,umiarkowany
FG4977,50,umiarkowany,FG4977,45,umiarkowany
FG4987,45,zly,FG4987,45,umiarkowany
FG4997,50,umiarkowany,FG4997,45,umiarkowany
FG2855,45,zly,FG2855,45,umiarkowany
FG2865,45,zly,FG2865,45,umiarkowany
FG2875,45,zly,FG2875,45,umiarkowany
FG2884,76,bardzo dobry,FG2884,45,umiarkowany
FG2885,91,bardzo dobry,FG2885,45,umiarkowany
FG2895,45,zly,FG2895,45,umiarkowany
FG3814,74,bardzo dobry,FG3814,45,umiarkowany
FG3815,50,umiarkowany,FG3815,45,umiarkowany
FG3824,50,umiarkowany,FG3824,45,umiarkowany
FG3825,55,dobry,FG3825,45,umiarkowany
FG3844,71,bardzo dobry,FG3844,45,umiarkowany
FG3845,48,slaby,FG3845,45,umiarkowany
FG3854,68,bardzo dobry,FG3854,45,umiarkowany
FG3855,45,zly,FG3855,45,umiarkowany
FG3864,75,bardzo dobry,FG3864,45,umiarkowany
FG3865,45,zly,FG3865,45,umiarkowany
FG3874,72,bardzo dobry,FG3874,45,umiarkowany
FG3875,72,bardzo dobry,FG3875,45,umiarkowany
FG3885,45,zly,FG3885,45,umiarkowany
FG4804,45,zly,FG4804,45,umiarkowany
FG4814,45,zly,FG4814,45,umiarkowany
FG4824,45,zly,FG4824,45,umiarkowany
FG4844,50,umiarkowany,FG4844,45,umiarkowany
FG4845,50,umiarkowany,FG4845,45,umiarkowany
FG4854,71,bardzo dobry,FG4854,45,umiarkowany
FG4855,50,umiarkowany,FG4855,45,umiarkowany
FG4864,74,bardzo dobry,FG4864,45,umiarkowany
FG4865,90,bardzo dobry,FG4865,45,umiarkowany
FG4874,45,zly,FG4874,45,umiarkowany
FG4875,45,zly,FG4875,45,umiarkowany
FG3916,45,zly,FG3916,45,umiarkowany
FG3926,45,zly,FG3926,45,umiarkowany
FG3966,72,bardzo dobry,FG3966,45,umiarkowany
FG3986,72,bardzo dobry,FG3986,45,umiarkowany
FG3996,50,umiarkowany,FG3996,45,umiarkowany
FG4936,50,umiarkowany,FG4936,45,umiarkowany
FG4946,50,umiarkowany,FG4946,45,umiarkowany
FG4956,71,bardzo dobry,FG4956,45,umiarkowany
FG4966,50,umiarkowany,FG4966,45,umiarkowany
FG4976,45,zly,FG4976,45,umiarkowany
FG4986,45,zly,FG4986,45,umiarkowany
FG4996,50,umiarkowany,FG4996,45,umiarkowany
FG5906,45,zly,FG5906,45,umiarkowany
FG3915,45,zly,FG3915,45,umiarkowany
FG3945,65,bardzo dobry,FG3945,45,umiarkowany
FG3955,71,bardzo dobry,FG3955,45,umiarkowany
FG3985,45,zly,FG3985,45,umiarkowany
FG3995,45,zly,FG3995,45,umiarkowany
FG4925,50,umiarkowany,FG4925,45,umiarkowany
FG4935,65,bardzo dobry,FG4935,45,umiarkowany
FG4945,50,umiarkowany,FG4945,45,umiarkowany
FG4955,74,bardzo dobry,FG4955,45,umiarkowany
FG4965,65,bardzo dobry,FG4965,45,umiarkowany
FG4975,45,zly,FG4975,45,umiarkowany
FG4985,45,zly,FG4985,45,umiarkowany
FG4995,45,zly,FG4995,45,umiarkowany
FG3904,45,zly,FG3904,45,umiarkowany
FG3914,45,zly,FG3914,45,umiarkowany
FG3974,45,zly,FG3974,45,umiarkowany
FG3984,72,bardzo dobry,FG3984,45,umiarkowany
FG3994,71,bardzo dobry,FG3994,45,umiarkowany
FG4924,71,bardzo dobry,FG4924,45,umiarkowany
FG4934,74,bardzo dobry,FG4934,45,umiarkowany
FG4944,50,umiarkowany,FG4944,45,umiarkowany
FG4954,50,umiarkowany,FG4954,45,umiarkowany
FG4964,50,umiarkowany,FG4964,45,umiarkowany
FG4974,45,zly,FG4974,45,umiarkowany
FG4984,45,zly,FG4984,45,umiarkowany
FG4994,92,bardzo dobry,FG4994,45,umiarkowany
FG3903,45,zly,FG3903,45,umiarkowany
FG3933,50,umiarkowany,FG3933,45,umiarkowany
FG3963,72,bardzo dobry,FG3963,45,umiarkowany
FG3973,65,bardzo dobry,FG3973,45,umiarkowany
FG3983,45,zly,FG3983,45,umiarkowany
FG3993,71,bardzo dobry,FG3993,45,umiarkowany
FG4923,74,bardzo dobry,FG4923,45,umiarkowany
FG4933,74,bardzo dobry,FG4933,45,umiarkowany
FG4943,65,bardzo dobry,FG4943,45,umiarkowany
FG4953,45,zly,FG4953,45,umiarkowany
FG4963,50,umiarkowany,FG4963,45,umiarkowany
FG4973,45,zly,FG4973,45,umiarkowany
FG4983,45,zly,FG4983,45,umiarkowany
FG4993,66,bardzo dobry,FG4993,45,umiarkowany
FG2962,45,zly,FG2962,45,umiarkowany
FG2972,71,bardzo dobry,FG2972,45,umiarkowany
FG2992,45,zly,FG2992,45,umiarkowany
FG3902,45,zly,FG3902,45,umiarkowany
FG3922,45,zly,FG3922,45,umiarkowany
FG3962,45,zly,FG3962,45,umiarkowany
FG3972,75,bardzo dobry,FG3972,45,umiarkowany
FG4912,45,zly,FG4912,45,umiarkowany
FG4922,50,umiarkowany,FG4922,45,umiarkowany
FG4932,63,bardzo dobry,FG4932,45,umiarkowany
FG4942,45,zly,FG4942,45,umiarkowany
FG4962,45,zly,FG4962,45,umiarkowany
FG4972,50,umiarkowany,FG4972,45,umiarkowany
FG4982,45,zly,FG4982,45,umiarkowany
FG2951,45,zly,FG2951,45,umiarkowany
FG2961,45,zly,FG2961,45,umiarkowany
FG2971,71,bardzo dobry,FG2971,45,umiarkowany
FG3911,45,zly,FG3911,45,umiarkowany
FG3951,60,dobry,FG3951,45,umiarkowany
FG3961,45,zly,FG3961,45,umiarkowany
FG3971,50,umiarkowany,FG3971,45,umiarkowany
FG3981,50,umiarkowany,FG3981,45,umiarkowany
FG3991,66,bardzo dobry,FG3991,45,umiarkowany
FG4901,50,umiarkowany,FG4901,45,umiarkowany
FG4911,50,umiarkowany,FG4911,45,umiarkowany
FG4921,50,umiarkowany,FG4921,45,umiarkowany
FG4931,45,zly,FG4931,45,umiarkowany
FG4941,45,zly,FG4941,45,umiarkowany
FG4951,50,umiarkowany,FG4951,45,umiarkowany
FG4961,50,umiarkowany,FG4961,45,umiarkowany
FG4971,50,umiarkowany,FG4971,45,umiarkowany
FG2980,45,zly,FG2980,45,umiarkowany
FG2990,50,umiarkowany,FG2990,45,umiarkowany
FG3910,45,zly,FG3910,45,umiarkowany
FG3940,50,umiarkowany,FG3940,45,umiarkowany
FG3950,72,bardzo dobry,FG3950,45,umiarkowany
FG3960,50,umiarkowany,FG3960,45,umiarkowany
FG3970,76,bardzo dobry,FG3970,45,umiarkowany
FG3980,60,dobry,FG3980,45,umiarkowany
FG3990,50,umiarkowany,FG3990,45,umiarkowany
FG4900,60,dobry,FG4900,45,umiarkowany
FG4910,50,umiarkowany,FG4910,45,umiarkowany
FG4920,45,zly,FG4920,45,umiarkowany
FG4930,50,umiarkowany,FG4930,45,umiarkowany
FG4950,50,umiarkowany,FG4950,45,umiarkowany
FG4960,50,umiarkowany,FG4960,45,umiarkowany
FG4970,50,umiarkowany,FG4970,45,umiarkowany
FG2859,45,zly,FG2859,45,umiarkowany
FG2879,65,bardzo dobry,FG2879,45,umiarkowany
FG2889,65,bardzo dobry,FG2889,45,umiarkowany
FG3849,55,dobry,FG3849,45,umiarkowany
FG3859,45,zly,FG3859,45,umiarkowany
FG3879,71,bardzo dobry,FG3879,45,umiarkowany
FG3889,50,umiarkowany,FG3889,45,umiarkowany
FG3899,50,umiarkowany,FG3899,45,umiarkowany
FG4809,45,zly,FG4809,45,umiarkowany
FG4819,50,umiarkowany,FG4819,45,umiarkowany
FG4829,65,bardzo dobry,FG4829,45,umiarkowany
FG4839,45,zly,FG4839,45,umiarkowany
FG4869,50,umiarkowany,FG4869,45,umiarkowany
FG2878,76,bardzo dobry,FG2878,45,umiarkowany
FG2888,86,bardzo dobry,FG2888,45,umiarkowany
FG3838,68,bardzo dobry,FG3838,45,umiarkowany
FG3848,60,dobry,FG3848,45,umiarkowany
FG3858,72,bardzo dobry,FG3858,45,umiarkowany
FG3878,50,umiarkowany,FG3878,45,umiarkowany
FG3888,50,umiarkowany,FG3888,45,umiarkowany
FG3898,45,zly,FG3898,45,umiarkowany
FG4808,45,zly,FG4808,45,umiarkowany
FG4818,45,zly,FG4818,45,umiarkowany
FG4828,60,dobry,FG4828,45,umiarkowany
FG4838,50,umiarkowany,FG4838,45,umiarkowany
FG4858,45,zly,FG4858,45,umiarkowany
FG4868,45,zly,FG4868,45,umiarkowany
FG2847,45,zly,FG2847,45,umiarkowany
FG2877,71,bardzo dobry,FG2877,45,umiarkowany
FG2887,71,bardzo dobry,FG2887,45,umiarkowany
FG2897,45,zly,FG2897,45,umiarkowany
FG3827,60,dobry,FG3827,45,umiarkowany
FG3837,55,dobry,FG3837,45,umiarkowany
FG3847,75,bardzo dobry,FG3847,45,umiarkowany
FG3857,72,bardzo dobry,FG3857,45,umiarkowany
FG3877,50,umiarkowany,FG3877,45,umiarkowany
FG3887,65,bardzo dobry,FG3887,45,umiarkowany
FG3897,45,zly,FG3897,45,umiarkowany
FG4807,50,umiarkowany,FG4807,45,umiarkowany
FG4817,45,zly,FG4817,45,umiarkowany
FG4827,50,umiarkowany,FG4827,45,umiarkowany
FG4837,45,zly,FG4837,45,umiarkowany
FG4857,50,umiarkowany,FG4857,45,umiarkowany
FG2846,45,zly,FG2846,45,umiarkowany
FG2866,45,zly,FG2866,45,umiarkowany
FG2876,53,umiarkowany,FG2876,45,umiarkowany
FG2886,53,umiarkowany,FG2886,45,umiarkowany
FG2896,45,zly,FG2896,45,umiarkowany
FG3816,45,zly,FG3816,45,umiarkowany
FG3826,65,bardzo dobry,FG3826,45,umiarkowany
FG3836,45,zly,FG3836,45,umiarkowany
FG3846,59,dobry,FG3846,45,umiarkowany
FG3856,45,zly,FG3856,45,umiarkowany
FG3876,74,bardzo dobry,FG3876,45,umiarkowany
FG3886,45,zly,FG3886,45,umiarkowany
FG3896,45,zly,FG3896,45,umiarkowany
FG4806,45,zly,FG4806,45,umiarkowany
FG4816,45,zly,FG4816,45,umiarkowany
FG4826,45,zly,FG4826,45,umiarkowany
FG4856,45,zly,FG4856,45,umiarkowany
FG4866,58,dobry,FG4866,45,umiarkowany
FG5501,45,zly,FG5501,45,umiarkowany
FG5502,45,zly,FG5502,45,umiarkowany
FG5503,45,zly,FG5503,45,umiarkowany
FG5508,45,zly,FG5508,45,umiarkowany
FG2873,45,zly,FG2873,45,umiarkowany
FG3803,50,umiarkowany,FG3803,45,umiarkowany
FG3813,50,umiarkowany,FG3813,45,umiarkowany
FG3833,50,umiarkowany,FG3833,45,umiarkowany
FG3843,50,umiarkowany,FG3843,45,umiarkowany
FG3853,75,bardzo dobry,FG3853,45,umiarkowany
FG3863,61,bardzo dobry,FG3863,45,umiarkowany
FG3873,50,umiarkowany,FG3873,45,umiarkowany
FG3893,65,bardzo dobry,FG3893,45,umiarkowany
FG4803,50,umiarkowany,FG4803,45,umiarkowany
FG4813,45,zly,FG4813,45,umiarkowany
FG4823,50,umiarkowany,FG4823,45,umiarkowany
FG4843,45,zly,FG4843,45,umiarkowany
FG4853,50,umiarkowany,FG4853,45,umiarkowany
FG4863,71,bardzo dobry,FG4863,45,umiarkowany
FG4873,45,zly,FG4873,45,umiarkowany
FG0842,55,dobry,FG0842,45,umiarkowany
FG0882,63,bardzo dobry,FG0882,45,umiarkowany
FG0892,63,bardzo dobry,FG0892,45,umiarkowany
FG1802,50,umiarkowany,FG1802,45,umiarkowany
FG2862,45,zly,FG2862,45,umiarkowany
FG2892,55,dobry,FG2892,45,umiarkowany
FG3802,50,umiarkowany,FG3802,45,umiarkowany
FG3812,79,bardzo dobry,FG3812,45,umiarkowany
FG3822,45,zly,FG3822,45,umiarkowany
FG3842,74,bardzo dobry,FG3842,45,umiarkowany
FG3852,70,bardzo dobry,FG3852,45,umiarkowany
FG3862,50,umiarkowany,FG3862,45,umiarkowany
FG3882,72,bardzo dobry,FG3882,45,umiarkowany
FG3892,69,bardzo dobry,FG3892,45,umiarkowany
FG4802,71,bardzo dobry,FG4802,45,umiarkowany
FG4812,50,umiarkowany,FG4812,45,umiarkowany
FG4822,71,bardzo dobry,FG4822,45,umiarkowany
FG4832,50,umiarkowany,FG4832,45,umiarkowany
FG4842,45,zly,FG4842,45,umiarkowany
FG4852,50,umiarkowany,FG4852,45,umiarkowany
FG4862,50,umiarkowany,FG4862,45,umiarkowany
FG4872,45,zly,FG4872,45,umiarkowany
FG0831,63,bardzo dobry,FG0831,45,umiarkowany
FG0841,73,bardzo dobry,FG0841,45,umiarkowany
FG0861,60,dobry,FG0861,45,umiarkowany
FG0871,50,umiarkowany,FG0871,45,umiarkowany
FG0881,63,bardzo dobry,FG0881,45,umiarkowany
FG0891,64,bardzo dobry,FG0891,45,umiarkowany
FG1801,50,umiarkowany,FG1801,45,umiarkowany
FG1831,63,bardzo dobry,FG1831,45,umiarkowany
FG2851,45,zly,FG2851,45,umiarkowany
FG2881,60,dobry,FG2881,45,umiarkowany
FG2891,65,bardzo dobry,FG2891,45,umiarkowany
FG3801,50,umiarkowany,FG3801,45,umiarkowany
FG3811,50,umiarkowany,FG3811,45,umiarkowany
FG3821,45,zly,FG3821,45,umiarkowany
FG3841,45,zly,FG3841,45,umiarkowany
FG3851,45,zly,FG3851,45,umiarkowany
FG3891,56,dobry,FG3891,45,umiarkowany
FG4801,63,bardzo dobry,FG4801,45,umiarkowany
FG4811,50,umiarkowany,FG4811,45,umiarkowany
FG4821,55,dobry,FG4821,45,umiarkowany
FG4831,50,umiarkowany,FG4831,45,umiarkowany
FG4841,50,umiarkowany,FG4841,45,umiarkowany
FG4851,71,bardzo dobry,FG4851,45,umiarkowany
FG4861,45,zly,FG4861,45,umiarkowany
FG4871,45,zly,FG4871,45,umiarkowany
FG0820,45,zly,FG0820,45,umiarkowany
FG0830,63,bardzo dobry,FG0830,45,umiarkowany
FG0840,68,bardzo dobry,FG0840,45,umiarkowany
FG0850,60,dobry,FG0850,45,umiarkowany
FG0860,60,dobry,FG0860,45,umiarkowany
FG0870,50,umiarkowany,FG0870,45,umiarkowany
FG0880,50,umiarkowany,FG0880,45,umiarkowany
FG1800,45,zly,FG1800,45,umiarkowany
FG1820,50,umiarkowany,FG1820,45,umiarkowany
FG1830,63,bardzo dobry,FG1830,45,umiarkowany
FG1840,50,umiarkowany,FG1840,45,umiarkowany
FG2840,45,zly,FG2840,45,umiarkowany
FG2870,50,umiarkowany,FG2870,45,umiarkowany
FG2880,50,umiarkowany,FG2880,45,umiarkowany
FG3810,45,zly,FG3810,45,umiarkowany
FG4800,45,zly,FG4800,45,umiarkowany
FG4820,50,umiarkowany,FG4820,45,umiarkowany
FG4830,71,bardzo dobry,FG4830,45,umiarkowany
FG4840,65,bardzo dobry,FG4840,45,umiarkowany
FG4850,68,bardzo dobry,FG4850,45,umiarkowany
FG0709,55,dobry,FG0709,45,umiarkowany
FG0729,50,umiarkowany,FG0729,45,umiarkowany
FG0749,60,dobry,FG0749,45,umiarkowany
FG0759,50,umiarkowany,FG0759,45,umiarkowany
FG0769,45,zly,FG0769,45,umiarkowany
FG0779,50,umiarkowany,FG0779,45,umiarkowany
FG0789,51,umiarkowany,FG0789,45,umiarkowany
FG0799,45,zly,FG0799,45,umiarkowany
FG1729,63,bardzo dobry,FG1729,45,umiarkowany
FG1739,50,umiarkowany,FG1739,45,umiarkowany
FG1749,50,umiarkowany,FG1749,45,umiarkowany
FG2769,50,umiarkowany,FG2769,45,umiarkowany
FG2779,50,umiarkowany,FG2779,45,umiarkowany
FG3709,51,umiarkowany,FG3709,45,umiarkowany
FG3719,50,umiarkowany,FG3719,45,umiarkowany
FG3739,50,umiarkowany,FG3739,45,umiarkowany
FG3749,45,zly,FG3749,45,umiarkowany
FG3769,65,bardzo dobry,FG3769,45,umiarkowany
FG4709,71,bardzo dobry,FG4709,45,umiarkowany
FG4729,50,umiarkowany,FG4729,45,umiarkowany
FG4739,68,bardzo dobry,FG4739,45,umiarkowany
FG4749,68,bardzo dobry,FG4749,45,umiarkowany
FG0738,60,dobry,FG0738,45,umiarkowany
FG0748,60,dobry,FG0748,45,umiarkowany
FG0778,50,umiarkowany,FG0778,45,umiarkowany
FG0788,71,bardzo dobry,FG0788,45,umiarkowany
FG0798,50,umiarkowany,FG0798,45,umiarkowany
FG1718,55,dobry,FG1718,45,umiarkowany
FG1728,63,bardzo dobry,FG1728,45,umiarkowany
FG1738,60,dobry,FG1738,45,umiarkowany
FG1748,50,umiarkowany,FG1748,45,umiarkowany
FG2748,45,zly,FG2748,45,umiarkowany
FG2758,60,dobry,FG2758,45,umiarkowany
FG2778,50,umiarkowany,FG2778,45,umiarkowany
FG2798,68,bardzo dobry,FG2798,45,umiarkowany
FG3708,50,umiarkowany,FG3708,45,umiarkowany
FG3718,50,umiarkowany,FG3718,45,umiarkowany
FG3728,68,bardzo dobry,FG3728,45,umiarkowany
FG3738,65,bardzo dobry,FG3738,45,umiarkowany
FG3748,50,umiarkowany,FG3748,45,umiarkowany
FG3798,50,umiarkowany,FG3798,45,umiarkowany
FG4708,69,bardzo dobry,FG4708,45,umiarkowany
FG4738,66,bardzo dobry,FG4738,45,umiarkowany
FG4768,55,dobry,FG4768,45,umiarkowany
FG0609,45,zly,FG0609,45,umiarkowany
FG0700,45,zly,FG0700,45,umiarkowany
FG0619,56,dobry,FG0619,45,umiarkowany
FG0710,65,bardzo dobry,FG0710,45,umiarkowany
FG0629,56,dobry,FG0629,45,umiarkowany
FG0720,71,bardzo dobry,FG0720,45,umiarkowany
FG0639,74,bardzo dobry,FG0639,45,umiarkowany
FG0730,50,umiarkowany,FG0730,45,umiarkowany
FG0649,50,umiarkowany,FG0649,45,umiarkowany
FG0740,71,bardzo dobry,FG0740,45,umiarkowany
FG0659,45,zly,FG0659,45,umiarkowany
FG0750,66,bardzo dobry,FG0750,45,umiarkowany
FG0669,45,zly,FG0669,45,umiarkowany
FG0760,50,umiarkowany,FG0760,45,umiarkowany
FG0679,45,zly,FG0679,45,umiarkowany
FG0770,45,zly,FG0770,45,umiarkowany
FG0689,45,zly,FG0689,45,umiarkowany
FG0780,45,zly,FG0780,45,umiarkowany
FG0699,45,zly,FG0699,45,umiarkowany
FG0790,45,zly,FG0790,45,umiarkowany
FG1699,45,zly,FG1699,45,umiarkowany
FG1790,71,bardzo dobry,FG1790,45,umiarkowany
FG2619,68,bardzo dobry,FG2619,45,umiarkowany
FG2710,78,bardzo dobry,FG2710,45,umiarkowany
FG2629,50,umiarkowany,FG2629,45,umiarkowany
FG2720,68,bardzo dobry,FG2720,45,umiarkowany
FG2679,65,bardzo dobry,FG2679,45,umiarkowany
FG2770,71,bardzo dobry,FG2770,45,umiarkowany
FG2689,86,bardzo dobry,FG2689,45,umiarkowany
FG2780,65,bardzo dobry,FG2780,45,umiarkowany
FG2699,89,bardzo dobry,FG2699,45,umiarkowany
FG2790,66,bardzo dobry,FG2790,45,umiarkowany
FG3700,60,dobry,FG3700,45,umiarkowany
FG3629,54,umiarkowany,FG3629,45,umiarkowany
FG3730,50,umiarkowany,FG3730,45,umiarkowany
FG3740,51,umiarkowany,FG3740,45,umiarkowany
FG3659,45,zly,FG3659,45,umiarkowany
FG3750,50,umiarkowany,FG3750,45,umiarkowany
FG3669,50,umiarkowany,FG3669,45,umiarkowany
FG3760,55,dobry,FG3760,45,umiarkowany
FG3770,50,umiarkowany,FG3770,45,umiarkowany
FG3689,50,umiarkowany,FG3689,45,umiarkowany
FG3699,50,umiarkowany,FG3699,45,umiarkowany
FG3790,50,umiarkowany,FG3790,45,umiarkowany
FG4700,50,umiarkowany,FG4700,45,umiarkowany
FG4720,45,zly,FG4720,45,umiarkowany
FG4639,68,bardzo dobry,FG4639,45,umiarkowany
FG4649,60,dobry,FG4649,45,umiarkowany
FG4740,60,dobry,FG4740,45,umiarkowany
FG4750,60,dobry,FG4750,45,umiarkowany
FG0608,60,dobry,FG0608,45,umiarkowany
FG0618,72,bardzo dobry,FG0618,45,umiarkowany
FG0628,72,bardzo dobry,FG0628,45,umiarkowany
FG0638,71,bardzo dobry,FG0638,45,umiarkowany
FG0648,50,umiarkowany,FG0648,45,umiarkowany
FG0658,45,zly,FG0658,45,umiarkowany
FG0688,45,zly,FG0688,45,umiarkowany
FG0698,45,zly,FG0698,45,umiarkowany
FG1608,71,bardzo dobry,FG1608,45,umiarkowany
FG1688,65,bardzo dobry,FG1688,45,umiarkowany
FG2618,58,dobry,FG2618,45,umiarkowany
FG2628,65,bardzo dobry,FG2628,45,umiarkowany
FG2638,68,bardzo dobry,FG2638,45,umiarkowany
FG2648,50,umiarkowany,FG2648,45,umiarkowany
FG2658,71,bardzo dobry,FG2658,45,umiarkowany
FG2668,65,bardzo dobry,FG2668,45,umiarkowany
FG2678,65,bardzo dobry,FG2678,45,umiarkowany
FG2688,92,bardzo dobry,FG2688,45,umiarkowany
FG2698,60,dobry,FG2698,45,umiarkowany
FG3628,64,bardzo dobry,FG3628,45,umiarkowany
FG3638,55,dobry,FG3638,45,umiarkowany
FG3688,76,bardzo dobry,FG3688,45,umiarkowany
FG4638,55,dobry,FG4638,45,umiarkowany
FG4648,63,bardzo dobry,FG4648,45,umiarkowany
FG0727,60,dobry,FG0727,45,umiarkowany
FG0737,45,zly,FG0737,45,umiarkowany
FG0747,50,umiarkowany,FG0747,45,umiarkowany
FG1707,50,umiarkowany,FG1707,45,umiarkowany
FG1717,58,dobry,FG1717,45,umiarkowany
FG1727,50,umiarkowany,FG1727,45,umiarkowany
FG1737,65,bardzo dobry,FG1737,45,umiarkowany
FG2797,50,umiarkowany,FG2797,45,umiarkowany
FG3717,50,umiarkowany,FG3717,45,umiarkowany
FG3727,71,bardzo dobry,FG3727,45,umiarkowany
FG3737,50,umiarkowany,FG3737,45,umiarkowany
FG3747,45,zly,FG3747,45,umiarkowany
FG3757,45,zly,FG3757,45,umiarkowany
FG3787,61,bardzo dobry,FG3787,45,umiarkowany
FG3797,50,umiarkowany,FG3797,45,umiarkowany
FG4727,50,umiarkowany,FG4727,45,umiarkowany
FG4737,50,umiarkowany,FG4737,45,umiarkowany
FG4767,65,bardzo dobry,FG4767,45,umiarkowany
FG4777,50,umiarkowany,FG4777,45,umiarkowany
FG0716,45,zly,FG0716,45,umiarkowany
FG0726,60,dobry,FG0726,45,umiarkowany
FG0746,45,zly,FG0746,45,umiarkowany
FG0786,45,zly,FG0786,45,umiarkowany
FG0796,64,bardzo dobry,FG0796,45,umiarkowany
FG1706,50,umiarkowany,FG1706,45,umiarkowany
FG1716,63,bardzo dobry,FG1716,45,umiarkowany
FG1726,50,umiarkowany,FG1726,45,umiarkowany
FG2756,45,zly,FG2756,45,umiarkowany
FG3716,61,bardzo dobry,FG3716,45,umiarkowany
FG3726,71,bardzo dobry,FG3726,45,umiarkowany
FG3736,63,bardzo dobry,FG3736,45,umiarkowany
FG3746,50,umiarkowany,FG3746,45,umiarkowany
FG3766,53,umiarkowany,FG3766,45,umiarkowany
FG3776,45,zly,FG3776,45,umiarkowany
FG3786,61,bardzo dobry,FG3786,45,umiarkowany
FG3796,45,zly,FG3796,45,umiarkowany
FG4706,50,umiarkowany,FG4706,45,umiarkowany
FG4716,68,bardzo dobry,FG4716,45,umiarkowany
FG4736,50,umiarkowany,FG4736,45,umiarkowany
FG4746,55,dobry,FG4746,45,umiarkowany
FG4756,65,bardzo dobry,FG4756,45,umiarkowany
FG4766,71,bardzo dobry,FG4766,45,umiarkowany
FG4776,66,bardzo dobry,FG4776,45,umiarkowany
FG4786,45,zly,FG4786,45,umiarkowany
FG0705,63,bardzo dobry,FG0705,45,umiarkowany
FG0715,50,umiarkowany,FG0715,45,umiarkowany
FG0725,45,zly,FG0725,45,umiarkowany
FG0745,45,zly,FG0745,45,umiarkowany
FG0755,45,zly,FG0755,45,umiarkowany
FG0775,45,zly,FG0775,45,umiarkowany
FG0785,63,bardzo dobry,FG0785,45,umiarkowany
FG0795,50,umiarkowany,FG0795,45,umiarkowany
FG1705,63,bardzo dobry,FG1705,45,umiarkowany
FG1715,63,bardzo dobry,FG1715,45,umiarkowany
FG2745,55,dobry,FG2745,45,umiarkowany
FG2755,68,bardzo dobry,FG2755,45,umiarkowany
FG2765,68,bardzo dobry,FG2765,45,umiarkowany
FG2775,50,umiarkowany,FG2775,45,umiarkowany
FG2785,50,umiarkowany,FG2785,45,umiarkowany
FG3705,50,umiarkowany,FG3705,45,umiarkowany
FG3715,45,zly,FG3715,45,umiarkowany
FG3725,50,umiarkowany,FG3725,45,umiarkowany
FG3735,68,bardzo dobry,FG3735,45,umiarkowany
FG3795,50,umiarkowany,FG3795,45,umiarkowany
FG4705,65,bardzo dobry,FG4705,45,umiarkowany
FG4715,53,umiarkowany,FG4715,45,umiarkowany
FG4735,50,umiarkowany,FG4735,45,umiarkowany
FG4745,50,umiarkowany,FG4745,45,umiarkowany
FG4755,65,bardzo dobry,FG4755,45,umiarkowany
FG4765,56,dobry,FG4765,45,umiarkowany
FG4775,74,bardzo dobry,FG4775,45,umiarkowany
FG4785,45,zly,FG4785,45,umiarkowany
FG0704,50,umiarkowany,FG0704,45,umiarkowany
FG0724,50,umiarkowany,FG0724,45,umiarkowany
FG0734,45,zly,FG0734,45,umiarkowany
FG0744,45,zly,FG0744,45,umiarkowany
FG0754,50,umiarkowany,FG0754,45,umiarkowany
FG0764,60,dobry,FG0764,45,umiarkowany
FG0774,63,bardzo dobry,FG0774,45,umiarkowany
FG0784,63,bardzo dobry,FG0784,45,umiarkowany
FG0794,50,umiarkowany,FG0794,45,umiarkowany
FG1704,63,bardzo dobry,FG1704,45,umiarkowany
FG1714,50,umiarkowany,FG1714,45,umiarkowany
FG2744,55,dobry,FG2744,45,umiarkowany
FG2754,71,bardzo dobry,FG2754,45,umiarkowany
FG2774,50,umiarkowany,FG2774,45,umiarkowany
FG2784,65,bardzo dobry,FG2784,45,umiarkowany
FG2794,71,bardzo dobry,FG2794,45,umiarkowany
FG3704,65,bardzo dobry,FG3704,45,umiarkowany
FG3714,50,umiarkowany,FG3714,45,umiarkowany
FG3724,50,umiarkowany,FG3724,45,umiarkowany
FG3754,50,umiarkowany,FG3754,45,umiarkowany
FG3764,45,zly,FG3764,45,umiarkowany
FG3774,45,zly,FG3774,45,umiarkowany
FG3784,45,zly,FG3784,45,umiarkowany
FG4714,60,dobry,FG4714,45,umiarkowany
FG4724,68,bardzo dobry,FG4724,45,umiarkowany
FG4734,66,bardzo dobry,FG4734,45,umiarkowany
FG4744,45,zly,FG4744,45,umiarkowany
FG4754,50,umiarkowany,FG4754,45,umiarkowany
FG4764,45,zly,FG4764,45,umiarkowany
FG4774,45,zly,FG4774,45,umiarkowany
FG4784,45,zly,FG4784,45,umiarkowany
FG0703,45,zly,FG0703,45,umiarkowany
FG0723,45,zly,FG0723,45,umiarkowany
FG0743,45,zly,FG0743,45,umiarkowany
FG0753,61,bardzo dobry,FG0753,45,umiarkowany
FG0763,81,bardzo dobry,FG0763,45,umiarkowany
FG0773,50,umiarkowany,FG0773,45,umiarkowany
FG0783,50,umiarkowany,FG0783,45,umiarkowany
FG0793,50,umiarkowany,FG0793,45,umiarkowany
FG1703,50,umiarkowany,FG1703,45,umiarkowany
FG1713,50,umiarkowany,FG1713,45,umiarkowany
FG2733,45,zly,FG2733,45,umiarkowany
FG2743,55,dobry,FG2743,45,umiarkowany
FG2763,50,umiarkowany,FG2763,45,umiarkowany
FG2773,68,bardzo dobry,FG2773,45,umiarkowany
FG2783,70,bardzo dobry,FG2783,45,umiarkowany
FG2793,81,bardzo dobry,FG2793,45,umiarkowany
FG3703,75,bardzo dobry,FG3703,45,umiarkowany
FG3713,68,bardzo dobry,FG3713,45,umiarkowany
FG3743,45,zly,FG3743,45,umiarkowany
FG3753,74,bardzo dobry,FG3753,45,umiarkowany
FG3763,79,bardzo dobry,FG3763,45,umiarkowany
FG3773,45,zly,FG3773,45,umiarkowany
FG3783,45,zly,FG3783,45,umiarkowany
FG4703,60,dobry,FG4703,45,umiarkowany
FG4713,66,bardzo dobry,FG4713,45,umiarkowany
FG4723,71,bardzo dobry,FG4723,45,umiarkowany
FG4733,58,dobry,FG4733,45,umiarkowany
FG4743,65,bardzo dobry,FG4743,45,umiarkowany
FG4753,45,zly,FG4753,45,umiarkowany
FG4773,45,zly,FG4773,45,umiarkowany
FG4783,45,zly,FG4783,45,umiarkowany
FG0712,45,zly,FG0712,45,umiarkowany
FG0722,45,zly,FG0722,45,umiarkowany
FG0742,71,bardzo dobry,FG0742,45,umiarkowany
FG0752,50,umiarkowany,FG0752,45,umiarkowany
FG0762,76,bardzo dobry,FG0762,45,umiarkowany
FG0772,50,umiarkowany,FG0772,45,umiarkowany
FG1792,71,bardzo dobry,FG1792,45,umiarkowany
FG2702,45,zly,FG2702,45,umiarkowany
FG2712,45,zly,FG2712,45,umiarkowany
FG2722,50,umiarkowany,FG2722,45,umiarkowany
FG2792,83,bardzo dobry,FG2792,45,umiarkowany
FG3702,90,bardzo dobry,FG3702,45,umiarkowany
FG3742,65,bardzo dobry,FG3742,45,umiarkowany
FG3752,79,bardzo dobry,FG3752,45,umiarkowany
FG3762,79,bardzo dobry,FG3762,45,umiarkowany
FG3772,50,umiarkowany,FG3772,45,umiarkowany
FG3792,50,umiarkowany,FG3792,45,umiarkowany
FG4702,68,bardzo dobry,FG4702,45,umiarkowany
FG4712,58,dobry,FG4712,45,umiarkowany
FG4722,65,bardzo dobry,FG4722,45,umiarkowany
FG4732,50,umiarkowany,FG4732,45,umiarkowany
FG4752,45,zly,FG4752,45,umiarkowany
FG0711,65,bardzo dobry,FG0711,45,umiarkowany
FG0721,45,zly,FG0721,45,umiarkowany
FG0741,45,zly,FG0741,45,umiarkowany
FG0751,71,bardzo dobry,FG0751,45,umiarkowany
FG0761,55,dobry,FG0761,45,umiarkowany
FG0771,50,umiarkowany,FG0771,45,umiarkowany
FG0781,45,zly,FG0781,45,umiarkowany
FG1791,71,bardzo dobry,FG1791,45,umiarkowany
FG2701,73,bardzo dobry,FG2701,45,umiarkowany
FG2791,68,bardzo dobry,FG2791,45,umiarkowany
FG3701,85,bardzo dobry,FG3701,45,umiarkowany
FG3741,66,bardzo dobry,FG3741,45,umiarkowany
FG3751,69,bardzo dobry,FG3751,45,umiarkowany
FG3761,45,zly,FG3761,45,umiarkowany
FG3771,60,dobry,FG3771,45,umiarkowany
FG3791,45,zly,FG3791,45,umiarkowany
FG4701,66,bardzo dobry,FG4701,45,umiarkowany
FG4711,50,umiarkowany,FG4711,45,umiarkowany
FG4721,50,umiarkowany,FG4721,45,umiarkowany
FG4751,45,zly,FG4751,45,umiarkowany
FG4761,60,dobry,FG4761,45,umiarkowany
FG0607,50,umiarkowany,FG0607,45,umiarkowany
FG0617,74,bardzo dobry,FG0617,45,umiarkowany
FG0627,74,bardzo dobry,FG0627,45,umiarkowany
FG0637,56,dobry,FG0637,45,umiarkowany
FG0647,45,zly,FG0647,45,umiarkowany
FG1677,65,bardzo dobry,FG1677,45,umiarkowany
FG1687,65,bardzo dobry,FG1687,45,umiarkowany
FG2657,45,zly,FG2657,45,umiarkowany
FG2667,45,zly,FG2667,45,umiarkowany
FG2677,65,bardzo dobry,FG2677,45,umiarkowany
FG2687,87,bardzo dobry,FG2687,45,umiarkowany
FG2697,71,bardzo dobry,FG2697,45,umiarkowany
FG3617,46,zly,FG3617,45,umiarkowany
FG3627,74,bardzo dobry,FG3627,45,umiarkowany
FG3637,75,bardzo dobry,FG3637,45,umiarkowany
FG3647,82,bardzo dobry,FG3647,45,umiarkowany
FG3657,61,bardzo dobry,FG3657,45,umiarkowany
FG3677,60,dobry,FG3677,45,umiarkowany
FG3687,50,umiarkowany,FG3687,45,umiarkowany
FG4617,60,dobry,FG4617,45,umiarkowany
FG4627,60,dobry,FG4627,45,umiarkowany
FG4637,55,dobry,FG4637,45,umiarkowany
FG4647,63,bardzo dobry,FG4647,45,umiarkowany
FG0606,60,dobry,FG0606,45,umiarkowany
FG0616,55,dobry,FG0616,45,umiarkowany
FG0626,45,zly,FG0626,45,umiarkowany
FG0636,45,zly,FG0636,45,umiarkowany
FG1616,45,zly,FG1616,45,umiarkowany
FG1626,45,zly,FG1626,45,umiarkowany
FG1676,71,bardzo dobry,FG1676,45,umiarkowany
FG3636,62,bardzo dobry,FG3636,45,umiarkowany
FG3646,69,bardzo dobry,FG3646,45,umiarkowany
FG3656,50,umiarkowany,FG3656,45,umiarkowany
FG3666,45,zly,FG3666,45,umiarkowany
FG3676,45,zly,FG3676,45,umiarkowany
FG3696,65,bardzo dobry,FG3696,45,umiarkowany
FG4606,50,umiarkowany,FG4606,45,umiarkowany
FG4616,50,umiarkowany,FG4616,45,umiarkowany
FG4626,50,umiarkowany,FG4626,45,umiarkowany
FG0605,60,dobry,FG0605,45,umiarkowany
FG0615,71,bardzo dobry,FG0615,45,umiarkowany
FG0625,45,zly,FG0625,45,umiarkowany
FG0665,45,zly,FG0665,45,umiarkowany
FG0675,65,bardzo dobry,FG0675,45,umiarkowany
FG0695,45,zly,FG0695,45,umiarkowany
FG1615,71,bardzo dobry,FG1615,45,umiarkowany
FG1625,71,bardzo dobry,FG1625,45,umiarkowany
FG1675,56,dobry,FG1675,45,umiarkowany
FG2625,45,zly,FG2625,45,umiarkowany
FG2635,45,zly,FG2635,45,umiarkowany
FG2655,71,bardzo dobry,FG2655,45,umiarkowany
FG3635,51,umiarkowany,FG3635,45,umiarkowany
FG3645,50,umiarkowany,FG3645,45,umiarkowany
FG3655,66,bardzo dobry,FG3655,45,umiarkowany
FG3665,61,bardzo dobry,FG3665,45,umiarkowany
FG3675,45,zly,FG3675,45,umiarkowany
FG3685,66,bardzo dobry,FG3685,45,umiarkowany
FG3695,65,bardzo dobry,FG3695,45,umiarkowany
FG0604,60,dobry,FG0604,45,umiarkowany
FG0614,72,bardzo dobry,FG0614,45,umiarkowany
FG0694,45,zly,FG0694,45,umiarkowany
FG1604,65,bardzo dobry,FG1604,45,umiarkowany
FG1614,71,bardzo dobry,FG1614,45,umiarkowany
FG1624,71,bardzo dobry,FG1624,45,umiarkowany
FG2624,45,zly,FG2624,45,umiarkowany
FG2634,45,zly,FG2634,45,umiarkowany
FG2654,71,bardzo dobry,FG2654,45,umiarkowany
FG2664,58,dobry,FG2664,45,umiarkowany
FG3664,45,zly,FG3664,45,umiarkowany
FG3674,45,zly,FG3674,45,umiarkowany
FG3684,50,umiarkowany,FG3684,45,umiarkowany
FG3694,50,umiarkowany,FG3694,45,umiarkowany
FG4604,45,zly,FG4604,45,umiarkowany
FG4614,58,dobry,FG4614,45,umiarkowany
FG0603,60,dobry,FG0603,45,umiarkowany
FG0613,67,bardzo dobry,FG0613,45,umiarkowany
FG0633,65,bardzo dobry,FG0633,45,umiarkowany
FG0643,50,umiarkowany,FG0643,45,umiarkowany
FG0683,50,umiarkowany,FG0683,45,umiarkowany
FG0693,53,umiarkowany,FG0693,45,umiarkowany
FG1603,65,bardzo dobry,FG1603,45,umiarkowany
FG1633,45,zly,FG1633,45,umiarkowany
FG1643,45,zly,FG1643,45,umiarkowany
FG2623,45,zly,FG2623,45,umiarkowany
FG2633,50,umiarkowany,FG2633,45,umiarkowany
FG3623,45,zly,FG3623,45,umiarkowany
FG3633,72,bardzo dobry,FG3633,45,umiarkowany
FG3643,45,zly,FG3643,45,umiarkowany
FG3673,45,zly,FG3673,45,umiarkowany
FG3683,45,zly,FG3683,45,umiarkowany
FG4603,50,umiarkowany,FG4603,45,umiarkowany
FG4598,50,umiarkowany,FG4598,45,umiarkowany
FG0612,71,bardzo dobry,FG0612,45,umiarkowany
FG0632,72,bardzo dobry,FG0632,45,umiarkowany
FG0642,71,bardzo dobry,FG0642,45,umiarkowany
FG0682,66,bardzo dobry,FG0682,45,umiarkowany
FG0692,71,bardzo dobry,FG0692,45,umiarkowany
FG1602,71,bardzo dobry,FG1602,45,umiarkowany
FG1612,45,zly,FG1612,45,umiarkowany
FG1632,45,zly,FG1632,45,umiarkowany
FG1642,45,zly,FG1642,45,umiarkowany
FG2622,45,zly,FG2622,45,umiarkowany
FG2632,50,umiarkowany,FG2632,45,umiarkowany
FG3622,50,umiarkowany,FG3622,45,umiarkowany
FG3632,77,bardzo dobry,FG3632,45,umiarkowany
FG3642,58,dobry,FG3642,45,umiarkowany
FG3672,45,zly,FG3672,45,umiarkowany
FG0631,52,umiarkowany,FG0631,45,umiarkowany
FG0641,71,bardzo dobry,FG0641,45,umiarkowany
FG0671,66,bardzo dobry,FG0671,45,umiarkowany
FG0681,66,bardzo dobry,FG0681,45,umiarkowany
FG0691,45,zly,FG0691,45,umiarkowany
FG1601,56,dobry,FG1601,45,umiarkowany
FG1611,45,zly,FG1611,45,umiarkowany
FG1631,50,umiarkowany,FG1631,45,umiarkowany
FG2621,50,umiarkowany,FG2621,45,umiarkowany
FG2631,50,umiarkowany,FG2631,45,umiarkowany
FG2641,45,zly,FG2641,45,umiarkowany
FG2651,50,umiarkowany,FG2651,45,umiarkowany
FG2691,60,dobry,FG2691,45,umiarkowany
FG3601,71,bardzo dobry,FG3601,45,umiarkowany
FG3611,55,dobry,FG3611,45,umiarkowany
FG3621,50,umiarkowany,FG3621,45,umiarkowany
FG3631,45,zly,FG3631,45,umiarkowany
FG3641,74,bardzo dobry,FG3641,45,umiarkowany
FG3651,50,umiarkowany,FG3651,45,umiarkowany
FG3661,50,umiarkowany,FG3661,45,umiarkowany
FG3671,71,bardzo dobry,FG3671,45,umiarkowany
FG3681,50,umiarkowany,FG3681,45,umiarkowany
FG3691,50,umiarkowany,FG3691,45,umiarkowany
FG4601,50,umiarkowany,FG4601,45,umiarkowany
FG4611,63,bardzo dobry,FG4611,45,umiarkowany
FG0600,50,umiarkowany,FG0600,45,umiarkowany
FG0660,45,zly,FG0660,45,umiarkowany
FG0670,61,bardzo dobry,FG0670,45,umiarkowany
FG1600,53,umiarkowany,FG1600,45,umiarkowany
FG1610,50,umiarkowany,FG1610,45,umiarkowany
FG1620,50,umiarkowany,FG1620,45,umiarkowany
FG2600,45,zly,FG2600,45,umiarkowany
FG2610,58,dobry,FG2610,45,umiarkowany
FG2620,50,umiarkowany,FG2620,45,umiarkowany
FG2650,45,zly,FG2650,45,umiarkowany
FG2690,45,zly,FG2690,45,umiarkowany
FG3600,71,bardzo dobry,FG3600,45,umiarkowany
FG3610,86,bardzo dobry,FG3610,45,umiarkowany
FG3620,82,bardzo dobry,FG3620,45,umiarkowany
FG3640,45,zly,FG3640,45,umiarkowany
FG3650,71,bardzo dobry,FG3650,45,umiarkowany
FG3660,71,bardzo dobry,FG3660,45,umiarkowany
FG3670,84,bardzo dobry,FG3670,45,umiarkowany
FG3680,75,bardzo dobry,FG3680,45,umiarkowany
FG3690,79,bardzo dobry,FG3690,45,umiarkowany
FG4600,60,dobry,FG4600,45,umiarkowany
FG0509,50,umiarkowany,FG0509,45,umiarkowany
FG0519,50,umiarkowany,FG0519,45,umiarkowany
FG0559,45,zly,FG0559,45,umiarkowany
FG0569,60,dobry,FG0569,45,umiarkowany
FG0579,45,zly,FG0579,45,umiarkowany
FG1509,72,bardzo dobry,FG1509,45,umiarkowany
FG1519,50,umiarkowany,FG1519,45,umiarkowany
FG1529,45,zly,FG1529,45,umiarkowany
FG2509,50,umiarkowany,FG2509,45,umiarkowany
FG2519,45,zly,FG2519,45,umiarkowany
FG2569,50,umiarkowany,FG2569,45,umiarkowany
FG3509,70,bardzo dobry,FG3509,45,umiarkowany
FG3519,65,bardzo dobry,FG3519,45,umiarkowany
FG3529,77,bardzo dobry,FG3529,45,umiarkowany
FG3559,71,bardzo dobry,FG3559,45,umiarkowany
FG3569,60,dobry,FG3569,45,umiarkowany
FG3579,87,bardzo dobry,FG3579,45,umiarkowany
FG3589,50,umiarkowany,FG3589,45,umiarkowany
FG4519,60,dobry,FG4519,45,umiarkowany
FG0548,45,zly,FG0548,45,umiarkowany
FG0558,55,dobry,FG0558,45,umiarkowany
FG0568,45,zly,FG0568,45,umiarkowany
FG1518,45,zly,FG1518,45,umiarkowany
FG1528,45,zly,FG1528,45,umiarkowany
FG1598,48,slaby,FG1598,45,umiarkowany
FG2508,45,zly,FG2508,45,umiarkowany
FG2518,45,zly,FG2518,45,umiarkowany
FG2568,50,umiarkowany,FG2568,45,umiarkowany
FG2588,45,zly,FG2588,45,umiarkowany
FG2598,50,umiarkowany,FG2598,45,umiarkowany
FG3508,65,bardzo dobry,FG3508,45,umiarkowany
FG3568,60,dobry,FG3568,45,umiarkowany
FG3578,87,bardzo dobry,FG3578,45,umiarkowany
FG4508,68,bardzo dobry,FG4508,45,umiarkowany
FG4518,60,dobry,FG4518,45,umiarkowany
FG4548,60,dobry,FG4548,45,umiarkowany
FG4558,60,dobry,FG4558,45,umiarkowany
FG4568,60,dobry,FG4568,45,umiarkowany
FG0507,45,zly,FG0507,45,umiarkowany
FG0547,50,umiarkowany,FG0547,45,umiarkowany
FG0557,50,umiarkowany,FG0557,45,umiarkowany
FG0577,45,zly,FG0577,45,umiarkowany
FG0587,62,bardzo dobry,FG0587,45,umiarkowany
FG0597,60,dobry,FG0597,45,umiarkowany
FG2557,45,zly,FG2557,45,umiarkowany
FG2567,48,slaby,FG2567,45,umiarkowany
FG2577,56,dobry,FG2577,45,umiarkowany
FG2587,55,dobry,FG2587,45,umiarkowany
FG2597,71,bardzo dobry,FG2597,45,umiarkowany
FG3577,50,umiarkowany,FG3577,45,umiarkowany
FG3597,71,bardzo dobry,FG3597,45,umiarkowany
FG4507,63,bardzo dobry,FG4507,45,umiarkowany
FG4517,71,bardzo dobry,FG4517,45,umiarkowany
FG4537,60,dobry,FG4537,45,umiarkowany
FG4547,50,umiarkowany,FG4547,45,umiarkowany
FG4557,50,umiarkowany,FG4557,45,umiarkowany
FG4567,71,bardzo dobry,FG4567,45,umiarkowany
FG4577,50,umiarkowany,FG4577,45,umiarkowany
FG4587,55,dobry,FG4587,45,umiarkowany
FG0536,45,zly,FG0536,45,umiarkowany
FG1506,45,zly,FG1506,45,umiarkowany
FG2556,45,zly,FG2556,45,umiarkowany
FG2566,55,dobry,FG2566,45,umiarkowany
FG2576,73,bardzo dobry,FG2576,45,umiarkowany
FG2586,58,dobry,FG2586,45,umiarkowany
FG2596,63,bardzo dobry,FG2596,45,umiarkowany
FG3506,50,umiarkowany,FG3506,45,umiarkowany
FG3536,50,umiarkowany,FG3536,45,umiarkowany
FG3546,45,zly,FG3546,45,umiarkowany
FG3566,50,umiarkowany,FG3566,45,umiarkowany
FG3596,71,bardzo dobry,FG3596,45,umiarkowany
FG4506,63,bardzo dobry,FG4506,45,umiarkowany
FG4516,50,umiarkowany,FG4516,45,umiarkowany
FG4526,58,dobry,FG4526,45,umiarkowany
FG4536,50,umiarkowany,FG4536,45,umiarkowany
FG4546,68,bardzo dobry,FG4546,45,umiarkowany
FG4556,71,bardzo dobry,FG4556,45,umiarkowany
FG4566,71,bardzo dobry,FG4566,45,umiarkowany
FG4576,66,bardzo dobry,FG4576,45,umiarkowany
FG4586,55,dobry,FG4586,45,umiarkowany
FG2545,45,zly,FG2545,45,umiarkowany
FG2555,45,zly,FG2555,45,umiarkowany
FG2565,63,bardzo dobry,FG2565,45,umiarkowany
FG2575,73,bardzo dobry,FG2575,45,umiarkowany
FG3535,60,dobry,FG3535,45,umiarkowany
FG3545,50,umiarkowany,FG3545,45,umiarkowany
FG3555,50,umiarkowany,FG3555,45,umiarkowany
FG3575,66,bardzo dobry,FG3575,45,umiarkowany
FG3585,50,umiarkowany,FG3585,45,umiarkowany
FG3595,50,umiarkowany,FG3595,45,umiarkowany
FG4505,65,bardzo dobry,FG4505,45,umiarkowany
FG4515,71,bardzo dobry,FG4515,45,umiarkowany
FG4525,71,bardzo dobry,FG4525,45,umiarkowany
FG4535,71,bardzo dobry,FG4535,45,umiarkowany
FG4545,71,bardzo dobry,FG4545,45,umiarkowany
FG4555,76,bardzo dobry,FG4555,45,umiarkowany
FG4565,66,bardzo dobry,FG4565,45,umiarkowany
FG4575,63,bardzo dobry,FG4575,45,umiarkowany
FG4585,60,dobry,FG4585,45,umiarkowany
FG4595,66,bardzo dobry,FG4595,45,umiarkowany
FG4591,50,umiarkowany,FG4591,45,umiarkowany
FG4592,55,dobry,FG4592,45,umiarkowany
FG0504,50,umiarkowany,FG0504,45,umiarkowany
FG2544,45,zly,FG2544,45,umiarkowany
FG2554,45,zly,FG2554,45,umiarkowany
FG2564,45,zly,FG2564,45,umiarkowany
FG2574,50,umiarkowany,FG2574,45,umiarkowany
FG2584,45,zly,FG2584,45,umiarkowany
FG2594,45,zly,FG2594,45,umiarkowany
FG3534,50,umiarkowany,FG3534,45,umiarkowany
FG3544,50,umiarkowany,FG3544,45,umiarkowany
FG3574,81,bardzo dobry,FG3574,45,umiarkowany
FG3584,85,bardzo dobry,FG3584,45,umiarkowany
FG3594,82,bardzo dobry,FG3594,45,umiarkowany
FG4504,71,bardzo dobry,FG4504,45,umiarkowany
FG4514,63,bardzo dobry,FG4514,45,umiarkowany
FG4524,71,bardzo dobry,FG4524,45,umiarkowany
FG4534,72,bardzo dobry,FG4534,45,umiarkowany
FG4544,71,bardzo dobry,FG4544,45,umiarkowany
FG4554,71,bardzo dobry,FG4554,45,umiarkowany
FG4564,63,bardzo dobry,FG4564,45,umiarkowany
FG0503,50,umiarkowany,FG0503,45,umiarkowany
FG0513,50,umiarkowany,FG0513,45,umiarkowany
FG0553,45,zly,FG0553,45,umiarkowany
FG0563,55,dobry,FG0563,45,umiarkowany
FG2553,50,umiarkowany,FG2553,45,umiarkowany
FG2583,45,zly,FG2583,45,umiarkowany
FG2593,45,zly,FG2593,45,umiarkowany
FG3533,47,slaby,FG3533,45,umiarkowany
FG3543,51,umiarkowany,FG3543,45,umiarkowany
FG3563,50,umiarkowany,FG3563,45,umiarkowany
FG3573,55,dobry,FG3573,45,umiarkowany
FG3583,75,bardzo dobry,FG3583,45,umiarkowany
FG3593,82,bardzo dobry,FG3593,45,umiarkowany
FG4503,71,bardzo dobry,FG4503,45,umiarkowany
FG4513,64,bardzo dobry,FG4513,45,umiarkowany
FG4533,82,bardzo dobry,FG4533,45,umiarkowany
FG4543,58,dobry,FG4543,45,umiarkowany
FG4553,50,umiarkowany,FG4553,45,umiarkowany
FG0502,60,dobry,FG0502,45,umiarkowany
FG0512,60,dobry,FG0512,45,umiarkowany
FG0522,50,umiarkowany,FG0522,45,umiarkowany
FG0532,63,bardzo dobry,FG0532,45,umiarkowany
FG0542,50,umiarkowany,FG0542,45,umiarkowany
FG2522,56,dobry,FG2522,45,umiarkowany
FG2532,50,umiarkowany,FG2532,45,umiarkowany
FG3522,50,umiarkowany,FG3522,45,umiarkowany
FG3532,52,umiarkowany,FG3532,45,umiarkowany
FG3542,69,bardzo dobry,FG3542,45,umiarkowany
FG3552,65,bardzo dobry,FG3552,45,umiarkowany
FG3562,70,bardzo dobry,FG3562,45,umiarkowany
FG3572,50,umiarkowany,FG3572,45,umiarkowany
FG3582,50,umiarkowany,FG3582,45,umiarkowany
FG3592,50,umiarkowany,FG3592,45,umiarkowany
FG4502,68,bardzo dobry,FG4502,45,umiarkowany
FG4532,55,dobry,FG4532,45,umiarkowany
FG4542,45,zly,FG4542,45,umiarkowany
FG4582,50,umiarkowany,FG4582,45,umiarkowany
FG0501,50,umiarkowany,FG0501,45,umiarkowany
FG0511,60,dobry,FG0511,45,umiarkowany
FG0521,45,zly,FG0521,45,umiarkowany
FG0531,45,zly,FG0531,45,umiarkowany
FG0541,50,umiarkowany,FG0541,45,umiarkowany
FG2521,70,bardzo dobry,FG2521,45,umiarkowany
FG3511,50,umiarkowany,FG3511,45,umiarkowany
FG3541,45,zly,FG3541,45,umiarkowany
FG3551,70,bardzo dobry,FG3551,45,umiarkowany
FG3561,60,dobry,FG3561,45,umiarkowany
FG3571,50,umiarkowany,FG3571,45,umiarkowany
FG4501,45,zly,FG4501,45,umiarkowany
FG4511,50,umiarkowany,FG4511,45,umiarkowany
FG4521,45,zly,FG4521,45,umiarkowany
FG4531,50,umiarkowany,FG4531,45,umiarkowany
FG4541,60,dobry,FG4541,45,umiarkowany
FG4571,60,dobry,FG4571,45,umiarkowany
FG4581,60,dobry,FG4581,45,umiarkowany
FG0500,51,umiarkowany,FG0500,45,umiarkowany
FG0520,45,zly,FG0520,45,umiarkowany
FG3510,50,umiarkowany,FG3510,45,umiarkowany
FG3520,50,umiarkowany,FG3520,45,umiarkowany
FG3530,50,umiarkowany,FG3530,45,umiarkowany
FG3540,45,zly,FG3540,45,umiarkowany
FG3550,55,dobry,FG3550,45,umiarkowany
FG3560,50,umiarkowany,FG3560,45,umiarkowany
FG4510,46,zly,FG4510,45,umiarkowany
FG4520,45,zly,FG4520,45,umiarkowany
FG4550,50,umiarkowany,FG4550,45,umiarkowany
FG4560,45,zly,FG4560,45,umiarkowany
FG4570,60,dobry,FG4570,45,umiarkowany
FG4580,50,umiarkowany,FG4580,45,umiarkowany
FG1489,58,dobry,FG1489,45,umiarkowany
FG1499,58,dobry,FG1499,45,umiarkowany
FG2469,45,zly,FG2469,45,umiarkowany
FG3409,45,zly,FG3409,45,umiarkowany
FG3419,50,umiarkowany,FG3419,45,umiarkowany
FG3429,55,dobry,FG3429,45,umiarkowany
FG3439,55,dobry,FG3439,45,umiarkowany
FG3449,55,dobry,FG3449,45,umiarkowany
FG3459,55,dobry,FG3459,45,umiarkowany
FG3469,56,dobry,FG3469,45,umiarkowany
FG3479,50,umiarkowany,FG3479,45,umiarkowany
FG3489,45,zly,FG3489,45,umiarkowany
FG4449,50,umiarkowany,FG4449,45,umiarkowany
FG4459,60,dobry,FG4459,45,umiarkowany
FG4469,63,bardzo dobry,FG4469,45,umiarkowany
FG4479,63,bardzo dobry,FG4479,45,umiarkowany
FG1488,58,dobry,FG1488,45,umiarkowany
FG1498,58,dobry,FG1498,45,umiarkowany
FG2468,45,zly,FG2468,45,umiarkowany
FG2478,45,zly,FG2478,45,umiarkowany
FG2488,45,zly,FG2488,45,umiarkowany
FG2498,45,zly,FG2498,45,umiarkowany
FG3408,45,zly,FG3408,45,umiarkowany
FG3418,50,umiarkowany,FG3418,45,umiarkowany
FG3428,65,bardzo dobry,FG3428,45,umiarkowany
FG3438,50,umiarkowany,FG3438,45,umiarkowany
FG3448,63,bardzo dobry,FG3448,45,umiarkowany
FG3458,56,dobry,FG3458,45,umiarkowany
FG4418,45,zly,FG4418,45,umiarkowany
FG4428,58,dobry,FG4428,45,umiarkowany
FG4438,55,dobry,FG4438,45,umiarkowany
FG4448,50,umiarkowany,FG4448,45,umiarkowany
FG4458,60,dobry,FG4458,45,umiarkowany
FG0447,55,dobry,FG0447,45,umiarkowany
FG0457,49,slaby,FG0457,45,umiarkowany
FG1477,50,umiarkowany,FG1477,45,umiarkowany
FG1487,58,dobry,FG1487,45,umiarkowany
FG2467,50,umiarkowany,FG2467,45,umiarkowany
FG2477,50,umiarkowany,FG2477,45,umiarkowany
FG2487,50,umiarkowany,FG2487,45,umiarkowany
FG2497,50,umiarkowany,FG2497,45,umiarkowany
FG3407,55,dobry,FG3407,45,umiarkowany
FG3417,45,zly,FG3417,45,umiarkowany
FG3427,68,bardzo dobry,FG3427,45,umiarkowany
FG3437,65,bardzo dobry,FG3437,45,umiarkowany
FG3447,56,dobry,FG3447,45,umiarkowany
FG3497,50,umiarkowany,FG3497,45,umiarkowany
FG4407,45,zly,FG4407,45,umiarkowany
FG4417,45,zly,FG4417,45,umiarkowany
FG4427,64,bardzo dobry,FG4427,45,umiarkowany
FG4437,53,umiarkowany,FG4437,45,umiarkowany
FG4447,60,dobry,FG4447,45,umiarkowany
FG1375,61,bardzo dobry,FG1375,45,umiarkowany
FG1385,45,zly,FG1385,45,umiarkowany
FG1395,60,dobry,FG1395,45,umiarkowany
FG1396,45,zly,FG1396,45,umiarkowany
FG2306,56,dobry,FG2306,45,umiarkowany
FG2316,46,zly,FG2316,45,umiarkowany
FG2325,50,umiarkowany,FG2325,45,umiarkowany
FG2326,55,dobry,FG2326,45,umiarkowany
FG2335,45,zly,FG2335,45,umiarkowany
FG2336,46,zly,FG2336,45,umiarkowany
FG2345,45,zly,FG2345,45,umiarkowany
FG2346,45,zly,FG2346,45,umiarkowany
FG2355,50,umiarkowany,FG2355,45,umiarkowany
FG2356,45,zly,FG2356,45,umiarkowany
FG2365,65,bardzo dobry,FG2365,45,umiarkowany
FG2366,65,bardzo dobry,FG2366,45,umiarkowany
FG2375,50,umiarkowany,FG2375,45,umiarkowany
FG2376,50,umiarkowany,FG2376,45,umiarkowany
FG2385,45,zly,FG2385,45,umiarkowany
FG2386,45,zly,FG2386,45,umiarkowany
FG2395,50,umiarkowany,FG2395,45,umiarkowany
FG2396,50,umiarkowany,FG2396,45,umiarkowany
FG3306,45,zly,FG3306,45,umiarkowany
FG3316,45,zly,FG3316,45,umiarkowany
FG1384,58,dobry,FG1384,45,umiarkowany
FG1394,74,bardzo dobry,FG1394,45,umiarkowany
FG2304,45,zly,FG2304,45,umiarkowany
FG2314,45,zly,FG2314,45,umiarkowany
FG2354,50,umiarkowany,FG2354,45,umiarkowany
FG2364,55,dobry,FG2364,45,umiarkowany
FG2384,50,umiarkowany,FG2384,45,umiarkowany
FG2394,45,zly,FG2394,45,umiarkowany
FG1383,58,dobry,FG1383,45,umiarkowany
FG1393,59,dobry,FG1393,45,umiarkowany
FG2313,45,zly,FG2313,45,umiarkowany
FG2353,45,zly,FG2353,45,umiarkowany
FG2363,55,dobry,FG2363,45,umiarkowany
FG0446,51,umiarkowany,FG0446,45,umiarkowany
FG1476,50,umiarkowany,FG1476,45,umiarkowany
FG2436,45,zly,FG2436,45,umiarkowany
FG2446,50,umiarkowany,FG2446,45,umiarkowany
FG2456,50,umiarkowany,FG2456,45,umiarkowany
FG2466,55,dobry,FG2466,45,umiarkowany
FG2476,55,dobry,FG2476,45,umiarkowany
FG2486,55,dobry,FG2486,45,umiarkowany
FG2496,55,dobry,FG2496,45,umiarkowany
FG3406,50,umiarkowany,FG3406,45,umiarkowany
FG3416,50,umiarkowany,FG3416,45,umiarkowany
FG3426,53,umiarkowany,FG3426,45,umiarkowany
FG3436,56,dobry,FG3436,45,umiarkowany
FG3476,45,zly,FG3476,45,umiarkowany
FG3486,55,dobry,FG3486,45,umiarkowany
FG3496,55,dobry,FG3496,45,umiarkowany
FG4406,68,bardzo dobry,FG4406,45,umiarkowany
FG0435,50,umiarkowany,FG0435,45,umiarkowany
FG0445,50,umiarkowany,FG0445,45,umiarkowany
FG0455,55,dobry,FG0455,45,umiarkowany
FG1475,53,umiarkowany,FG1475,45,umiarkowany
FG2435,50,umiarkowany,FG2435,45,umiarkowany
FG2445,53,umiarkowany,FG2445,45,umiarkowany
FG2455,53,umiarkowany,FG2455,45,umiarkowany
FG2465,45,zly,FG2465,45,umiarkowany
FG2475,45,zly,FG2475,45,umiarkowany
FG2485,45,zly,FG2485,45,umiarkowany
FG2495,45,zly,FG2495,45,umiarkowany
FG3405,68,bardzo dobry,FG3405,45,umiarkowany
FG3415,65,bardzo dobry,FG3415,45,umiarkowany
FG3425,51,umiarkowany,FG3425,45,umiarkowany
FG3465,55,dobry,FG3465,45,umiarkowany
FG3475,63,bardzo dobry,FG3475,45,umiarkowany
FG3485,55,dobry,FG3485,45,umiarkowany
FG3495,68,bardzo dobry,FG3495,45,umiarkowany
FG0424,50,umiarkowany,FG0424,45,umiarkowany
FG0434,48,slaby,FG0434,45,umiarkowany
FG0444,51,umiarkowany,FG0444,45,umiarkowany
FG1474,59,dobry,FG1474,45,umiarkowany
FG2424,50,umiarkowany,FG2424,45,umiarkowany
FG2434,50,umiarkowany,FG2434,45,umiarkowany
FG2444,73,bardzo dobry,FG2444,45,umiarkowany
FG2454,50,umiarkowany,FG2454,45,umiarkowany
FG2464,45,zly,FG2464,45,umiarkowany
FG2474,70,bardzo dobry,FG2474,45,umiarkowany
FG2484,70,bardzo dobry,FG2484,45,umiarkowany
FG2494,50,umiarkowany,FG2494,45,umiarkowany
FG3404,60,dobry,FG3404,45,umiarkowany
FG3414,45,zly,FG3414,45,umiarkowany
FG3424,51,umiarkowany,FG3424,45,umiarkowany
FG3454,45,zly,FG3454,45,umiarkowany
FG0413,50,umiarkowany,FG0413,45,umiarkowany
FG0423,51,umiarkowany,FG0423,45,umiarkowany
FG0433,52,umiarkowany,FG0433,45,umiarkowany
FG0463,52,umiarkowany,FG0463,45,umiarkowany
FG0473,55,dobry,FG0473,45,umiarkowany
FG2413,50,umiarkowany,FG2413,45,umiarkowany
FG2423,68,bardzo dobry,FG2423,45,umiarkowany
FG2433,45,zly,FG2433,45,umiarkowany
FG2443,59,dobry,FG2443,45,umiarkowany
FG2463,45,zly,FG2463,45,umiarkowany
FG2473,68,bardzo dobry,FG2473,45,umiarkowany
FG2483,68,bardzo dobry,FG2483,45,umiarkowany
FG2493,53,umiarkowany,FG2493,45,umiarkowany
FG3403,45,zly,FG3403,45,umiarkowany
FG3413,55,dobry,FG3413,45,umiarkowany
FG3423,46,zly,FG3423,45,umiarkowany
FG3453,45,zly,FG3453,45,umiarkowany
FG0412,50,umiarkowany,FG0412,45,umiarkowany
FG0422,62,bardzo dobry,FG0422,45,umiarkowany
FG0462,60,dobry,FG0462,45,umiarkowany
FG0472,53,umiarkowany,FG0472,45,umiarkowany
FG2412,68,bardzo dobry,FG2412,45,umiarkowany
FG2422,81,bardzo dobry,FG2422,45,umiarkowany
FG2432,50,umiarkowany,FG2432,45,umiarkowany
FG2452,50,umiarkowany,FG2452,45,umiarkowany
FG2462,50,umiarkowany,FG2462,45,umiarkowany
FG2472,66,bardzo dobry,FG2472,45,umiarkowany
FG2482,66,bardzo dobry,FG2482,45,umiarkowany
FG2492,61,bardzo dobry,FG2492,45,umiarkowany
FG3402,64,bardzo dobry,FG3402,45,umiarkowany
FG3412,55,dobry,FG3412,45,umiarkowany
FG3422,61,bardzo dobry,FG3422,45,umiarkowany
FG3452,45,zly,FG3452,45,umiarkowany
FG0401,45,zly,FG0401,45,umiarkowany
FG0411,45,zly,FG0411,45,umiarkowany
FG0451,50,umiarkowany,FG0451,45,umiarkowany
FG1441,54,umiarkowany,FG1441,45,umiarkowany
FG2411,64,bardzo dobry,FG2411,45,umiarkowany
FG2421,60,dobry,FG2421,45,umiarkowany
FG2431,45,zly,FG2431,45,umiarkowany
FG2441,45,zly,FG2441,45,umiarkowany
FG2451,45,zly,FG2451,45,umiarkowany
FG2461,50,umiarkowany,FG2461,45,umiarkowany
FG2471,53,umiarkowany,FG2471,45,umiarkowany
FG2481,53,umiarkowany,FG2481,45,umiarkowany
FG2491,53,umiarkowany,FG2491,45,umiarkowany
FG3401,62,bardzo dobry,FG3401,45,umiarkowany
FG3411,46,zly,FG3411,45,umiarkowany
FG3451,45,zly,FG3451,45,umiarkowany
FG0400,76,bardzo dobry,FG0400,45,umiarkowany
FG0410,77,bardzo dobry,FG0410,45,umiarkowany
FG0440,52,umiarkowany,FG0440,45,umiarkowany
FG2410,50,umiarkowany,FG2410,45,umiarkowany
FG2420,50,umiarkowany,FG2420,45,umiarkowany
FG2430,45,zly,FG2430,45,umiarkowany
FG2440,45,zly,FG2440,45,umiarkowany
FG2460,45,zly,FG2460,45,umiarkowany
FG2470,45,zly,FG2470,45,umiarkowany
FG2480,45,zly,FG2480,45,umiarkowany
FG2490,45,zly,FG2490,45,umiarkowany
FG3400,45,zly,FG3400,45,umiarkowany
FG3440,45,zly,FG3440,45,umiarkowany
FG0309,60,dobry,FG0309,45,umiarkowany
FG2309,45,zly,FG2309,45,umiarkowany
FG2319,50,umiarkowany,FG2319,45,umiarkowany
FG2329,50,umiarkowany,FG2329,45,umiarkowany
FG2339,45,zly,FG2339,45,umiarkowany
FG2349,45,zly,FG2349,45,umiarkowany
FG2359,50,umiarkowany,FG2359,45,umiarkowany
FG2369,50,umiarkowany,FG2369,45,umiarkowany
FG2379,60,dobry,FG2379,45,umiarkowany
FG2389,45,zly,FG2389,45,umiarkowany
FG2399,45,zly,FG2399,45,umiarkowany
FG3309,45,zly,FG3309,45,umiarkowany
FG3319,45,zly,FG3319,45,umiarkowany
FG3329,55,dobry,FG3329,45,umiarkowany
FG3349,45,zly,FG3349,45,umiarkowany
FG1398,50,umiarkowany,FG1398,45,umiarkowany
FG2308,61,bardzo dobry,FG2308,45,umiarkowany
FG2318,63,bardzo dobry,FG2318,45,umiarkowany
FG2328,45,zly,FG2328,45,umiarkowany
FG2338,45,zly,FG2338,45,umiarkowany
FG2358,50,umiarkowany,FG2358,45,umiarkowany
FG2368,50,umiarkowany,FG2368,45,umiarkowany
FG2378,73,bardzo dobry,FG2378,45,umiarkowany
FG2388,45,zly,FG2388,45,umiarkowany
FG3308,45,zly,FG3308,45,umiarkowany
FG3318,50,umiarkowany,FG3318,45,umiarkowany
FG3328,55,dobry,FG3328,45,umiarkowany
FG3338,63,bardzo dobry,FG3338,45,umiarkowany
FG3348,45,zly,FG3348,45,umiarkowany
FG1397,50,umiarkowany,FG1397,45,umiarkowany
FG2307,54,umiarkowany,FG2307,45,umiarkowany
FG2317,64,bardzo dobry,FG2317,45,umiarkowany
FG2327,50,umiarkowany,FG2327,45,umiarkowany
FG2337,46,zly,FG2337,45,umiarkowany
FG2367,60,dobry,FG2367,45,umiarkowany
FG2377,68,bardzo dobry,FG2377,45,umiarkowany
FG2387,45,zly,FG2387,45,umiarkowany
FG2397,50,umiarkowany,FG2397,45,umiarkowany
FG3307,45,zly,FG3307,45,umiarkowany
FG3317,45,zly,FG3317,45,umiarkowany
FG3347,45,zly,FG3347,45,umiarkowany
FG1382,64,bardzo dobry,FG1382,45,umiarkowany
FG2332,45,zly,FG2332,45,umiarkowany
FG2352,50,umiarkowany,FG2352,45,umiarkowany
FG2362,45,zly,FG2362,45,umiarkowany
FG2372,50,umiarkowany,FG2372,45,umiarkowany
FG2382,45,zly,FG2382,45,umiarkowany
FG1381,58,dobry,FG1381,45,umiarkowany
FG1391,59,dobry,FG1391,45,umiarkowany
FG2331,45,zly,FG2331,45,umiarkowany
FG2341,50,umiarkowany,FG2341,45,umiarkowany
FG2361,45,zly,FG2361,45,umiarkowany
FG2371,50,umiarkowany,FG2371,45,umiarkowany
FG2381,50,umiarkowany,FG2381,45,umiarkowany
FG2391,50,umiarkowany,FG2391,45,umiarkowany
FG3311,50,umiarkowany,FG3311,45,umiarkowany
FG1350,50,umiarkowany,FG1350,45,umiarkowany
FG1370,69,bardzo dobry,FG1370,45,umiarkowany
FG1380,69,bardzo dobry,FG1380,45,umiarkowany
FG2330,45,zly,FG2330,45,umiarkowany
FG2340,45,zly,FG2340,45,umiarkowany
FG2350,45,zly,FG2350,45,umiarkowany
FG2360,50,umiarkowany,FG2360,45,umiarkowany
FG1279,48,slaby,FG1279,45,umiarkowany
FG2259,50,umiarkowany,FG2259,45,umiarkowany
FG2269,50,umiarkowany,FG2269,45,umiarkowany
FG1278,53,umiarkowany,FG1278,45,umiarkowany
FG2218,50,umiarkowany,FG2218,45,umiarkowany
FG2228,45,zly,FG2228,45,umiarkowany
FG2238,45,zly,FG2238,45,umiarkowany
FG2258,50,umiarkowany,FG2258,45,umiarkowany
FG1277,55,dobry,FG1277,45,umiarkowany
FG2217,45,zly,FG2217,45,umiarkowany
FG2227,58,dobry,FG2227,45,umiarkowany
FG2237,45,zly,FG2237,45,umiarkowany
FG2257,55,dobry,FG2257,45,umiarkowany
FG2267,50,umiarkowany,FG2267,45,umiarkowany
FG2277,50,umiarkowany,FG2277,45,umiarkowany
FG2287,50,umiarkowany,FG2287,45,umiarkowany
FG2297,45,zly,FG2297,45,umiarkowany
FG1198,50,umiarkowany,FG1198,45,umiarkowany
FG2108,50,umiarkowany,FG2108,45,umiarkowany
FG2109,45,zly,FG2109,45,umiarkowany
FG2118,50,umiarkowany,FG2118,45,umiarkowany
FG2128,45,zly,FG2128,45,umiarkowany
FG2138,58,dobry,FG2138,45,umiarkowany
FG2148,50,umiarkowany,FG2148,45,umiarkowany
FG2149,55,dobry,FG2149,45,umiarkowany
FG2158,45,zly,FG2158,45,umiarkowany
FG2159,45,zly,FG2159,45,umiarkowany
FG2168,55,dobry,FG2168,45,umiarkowany
FG2169,45,zly,FG2169,45,umiarkowany
FG3108,45,zly,FG3108,45,umiarkowany
FG3109,45,zly,FG3109,45,umiarkowany
FG3118,45,zly,FG3118,45,umiarkowany
FG3119,45,zly,FG3119,45,umiarkowany
FG3128,45,zly,FG3128,45,umiarkowany
FG1270,45,zly,FG1270,45,umiarkowany
FG2200,50,umiarkowany,FG2200,45,umiarkowany
FG2201,55,dobry,FG2201,45,umiarkowany
FG2210,45,zly,FG2210,45,umiarkowany
FG2211,50,umiarkowany,FG2211,45,umiarkowany
FG2221,45,zly,FG2221,45,umiarkowany
FG2231,58,dobry,FG2231,45,umiarkowany
FG2260,55,dobry,FG2260,45,umiarkowany
FG2271,45,zly,FG2271,45,umiarkowany
FG3200,45,zly,FG3200,45,umiarkowany
FG3210,45,zly,FG3210,45,umiarkowany
FG1254,54,umiarkowany,FG1254,45,umiarkowany
FG1264,50,umiarkowany,FG1264,45,umiarkowany
FG2214,71,bardzo dobry,FG2214,45,umiarkowany
FG2215,86,bardzo dobry,FG2215,45,umiarkowany
FG2225,68,bardzo dobry,FG2225,45,umiarkowany
FG2234,45,zly,FG2234,45,umiarkowany
FG2235,45,zly,FG2235,45,umiarkowany
FG2244,55,dobry,FG2244,45,umiarkowany
FG2254,51,umiarkowany,FG2254,45,umiarkowany
FG2264,50,umiarkowany,FG2264,45,umiarkowany
FG2265,50,umiarkowany,FG2265,45,umiarkowany
FG2274,50,umiarkowany,FG2274,45,umiarkowany
FG2275,63,bardzo dobry,FG2275,45,umiarkowany
FG2285,45,zly,FG2285,45,umiarkowany
FG1226,50,umiarkowany,FG1226,45,umiarkowany
FG1266,56,dobry,FG1266,45,umiarkowany
FG1276,55,dobry,FG1276,45,umiarkowany
FG2216,60,dobry,FG2216,45,umiarkowany
FG2226,50,umiarkowany,FG2226,45,umiarkowany
FG2236,45,zly,FG2236,45,umiarkowany
FG2276,45,zly,FG2276,45,umiarkowany
FG2296,55,dobry,FG2296,45,umiarkowany
FG1273,50,umiarkowany,FG1273,45,umiarkowany
FG2203,50,umiarkowany,FG2203,45,umiarkowany
FG2213,53,umiarkowany,FG2213,45,umiarkowany
FG2223,45,zly,FG2223,45,umiarkowany
FG2233,63,bardzo dobry,FG2233,45,umiarkowany
FG2243,73,bardzo dobry,FG2243,45,umiarkowany
FG2253,51,umiarkowany,FG2253,45,umiarkowany
FG2263,50,umiarkowany,FG2263,45,umiarkowany
FG2293,50,umiarkowany,FG2293,45,umiarkowany
FG2202,50,umiarkowany,FG2202,45,umiarkowany
FG2212,63,bardzo dobry,FG2212,45,umiarkowany
FG2222,45,zly,FG2222,45,umiarkowany
FG2232,73,bardzo dobry,FG2232,45,umiarkowany
FG2242,58,dobry,FG2242,45,umiarkowany
FG2282,45,zly,FG2282,45,umiarkowany
FG1197,50,umiarkowany,FG1197,45,umiarkowany
FG2107,58,dobry,FG2107,45,umiarkowany
FG2117,58,dobry,FG2117,45,umiarkowany
FG2127,50,umiarkowany,FG2127,45,umiarkowany
FG2137,45,zly,FG2137,45,umiarkowany
FG2147,50,umiarkowany,FG2147,45,umiarkowany
FG2157,50,umiarkowany,FG2157,45,umiarkowany
FG2167,50,umiarkowany,FG2167,45,umiarkowany
FG2177,63,bardzo dobry,FG2177,45,umiarkowany
FG2197,50,umiarkowany,FG2197,45,umiarkowany
FG3107,45,zly,FG3107,45,umiarkowany
FG3117,45,zly,FG3117,45,umiarkowany
FG3127,50,umiarkowany,FG3127,45,umiarkowany
FG1196,55,dobry,FG1196,45,umiarkowany
FG2106,53,umiarkowany,FG2106,45,umiarkowany
FG2116,55,dobry,FG2116,45,umiarkowany
FG2146,45,zly,FG2146,45,umiarkowany
FG2186,45,zly,FG2186,45,umiarkowany
FG2196,45,zly,FG2196,45,umiarkowany
FG3106,45,zly,FG3106,45,umiarkowany
FG3116,55,dobry,FG3116,45,umiarkowany
FG1185,85,bardzo dobry,FG1185,45,umiarkowany
FG1195,50,umiarkowany,FG1195,45,umiarkowany
FG2105,59,dobry,FG2105,45,umiarkowany
FG2135,45,zly,FG2135,45,umiarkowany
FG2145,45,zly,FG2145,45,umiarkowany
FG2155,45,zly,FG2155,45,umiarkowany
FG2175,45,zly,FG2175,45,umiarkowany
FG2195,50,umiarkowany,FG2195,45,umiarkowany
FG3105,45,zly,FG3105,45,umiarkowany
FG3115,55,dobry,FG3115,45,umiarkowany
FG1174,80,bardzo dobry,FG1174,45,umiarkowany
FG1184,70,bardzo dobry,FG1184,45,umiarkowany
FG1194,58,dobry,FG1194,45,umiarkowany
FG2134,45,zly,FG2134,45,umiarkowany
FG2144,58,dobry,FG2144,45,umiarkowany
FG2154,45,zly,FG2154,45,umiarkowany
FG2164,45,zly,FG2164,45,umiarkowany
FG2174,50,umiarkowany,FG2174,45,umiarkowany
FG2184,45,zly,FG2184,45,umiarkowany
FG2194,53,umiarkowany,FG2194,45,umiarkowany
FG3104,45,zly,FG3104,45,umiarkowany
FG3114,45,zly,FG3114,45,umiarkowany
FG1173,70,bardzo dobry,FG1173,45,umiarkowany
FG2113,45,zly,FG2113,45,umiarkowany
FG2123,50,umiarkowany,FG2123,45,umiarkowany
FG2133,63,bardzo dobry,FG2133,45,umiarkowany
FG2143,50,umiarkowany,FG2143,45,umiarkowany
FG2153,45,zly,FG2153,45,umiarkowany
FG2163,45,zly,FG2163,45,umiarkowany
FG2173,50,umiarkowany,FG2173,45,umiarkowany
FG2183,45,zly,FG2183,45,umiarkowany
FG2193,50,umiarkowany,FG2193,45,umiarkowany
FG3103,50,umiarkowany,FG3103,45,umiarkowany
FG3113,45,zly,FG3113,45,umiarkowany
FG1162,45,zly,FG1162,45,umiarkowany
FG2102,45,zly,FG2102,45,umiarkowany
FG2112,50,umiarkowany,FG2112,45,umiarkowany
FG2122,63,bardzo dobry,FG2122,45,umiarkowany
FG2132,58,dobry,FG2132,45,umiarkowany
FG2142,45,zly,FG2142,45,umiarkowany
FG2152,45,zly,FG2152,45,umiarkowany
FG2162,45,zly,FG2162,45,umiarkowany
FG2172,45,zly,FG2172,45,umiarkowany
FG2182,50,umiarkowany,FG2182,45,umiarkowany
FG2101,45,zly,FG2101,45,umiarkowany
FG2111,58,dobry,FG2111,45,umiarkowany
FG2121,58,dobry,FG2121,45,umiarkowany
FG2131,48,slaby,FG2131,45,umiarkowany
FG2151,50,umiarkowany,FG2151,45,umiarkowany
FG2161,45,zly,FG2161,45,umiarkowany
FG2171,55,dobry,FG2171,45,umiarkowany
FG2181,50,umiarkowany,FG2181,45,umiarkowany
FG3131,45,zly,FG3131,45,umiarkowany
FG1150,50,umiarkowany,FG1150,45,umiarkowany
FG1180,50,umiarkowany,FG1180,45,umiarkowany
FG2100,45,zly,FG2100,45,umiarkowany
FG2110,53,umiarkowany,FG2110,45,umiarkowany
FG2120,50,umiarkowany,FG2120,45,umiarkowany
FG2130,50,umiarkowany,FG2130,50,umiarkowany
FG2150,45,zly,FG2150,45,umiarkowany
FG2160,45,zly,FG2160,45,umiarkowany
FG2170,63,bardzo dobry,FG2170,45,umiarkowany
FG2180,45,zly,FG2180,45,umiarkowany
FG3120,45,zly,FG3120,45,umiarkowany
FG3130,45,zly,FG3130,45,umiarkowany
FG3140,45,zly,FG3140,45,umiarkowany
FG3150,45,zly,FG3150,45,umiarkowany
FG1043,50,umiarkowany,FG1043,45,umiarkowany
FG1044,45,zly,FG1044,45,umiarkowany
FG1053,55,dobry,FG1053,45,umiarkowany
FG1054,55,dobry,FG1054,45,umiarkowany
FG1063,58,dobry,FG1063,45,umiarkowany
FG1064,50,umiarkowany,FG1064,45,umiarkowany
FG1073,53,umiarkowany,FG1073,45,umiarkowany
FG1074,45,zly,FG1074,45,umiarkowany
FG1083,58,dobry,FG1083,45,umiarkowany
FG1084,58,dobry,FG1084,45,umiarkowany
FG1094,53,umiarkowany,FG1094,45,umiarkowany
FG2003,45,zly,FG2003,45,umiarkowany
FG2004,45,zly,FG2004,45,umiarkowany
FG2013,45,zly,FG2013,45,umiarkowany
FG2014,45,zly,FG2014,45,umiarkowany
FG2023,45,zly,FG2023,45,umiarkowany
FG2024,45,zly,FG2024,45,umiarkowany
FG2033,55,dobry,FG2033,45,umiarkowany
FG2034,50,umiarkowany,FG2034,45,umiarkowany
FG2044,50,umiarkowany,FG2044,45,umiarkowany
FG2054,55,dobry,FG2054,45,umiarkowany
FG2093,53,umiarkowany,FG2093,45,umiarkowany
FG2094,58,dobry,FG2094,45,umiarkowany
FG3013,67,bardzo dobry,FG3013,45,umiarkowany
FG3023,45,zly,FG3023,45,umiarkowany
FG3024,50,umiarkowany,FG3024,45,umiarkowany
FG3033,45,zly,FG3033,45,umiarkowany
FG3034,60,dobry,FG3034,45,umiarkowany
FG3044,45,zly,FG3044,45,umiarkowany
FG1059,53,umiarkowany,FG1059,45,umiarkowany
FG2009,50,umiarkowany,FG2009,45,umiarkowany
FG2019,50,umiarkowany,FG2019,45,umiarkowany
FG2029,45,zly,FG2029,45,umiarkowany
FG2049,58,dobry,FG2049,45,umiarkowany
FG2059,50,umiarkowany,FG2059,45,umiarkowany
FG2069,50,umiarkowany,FG2069,45,umiarkowany
FG2079,50,umiarkowany,FG2079,45,umiarkowany
FG3019,45,zly,FG3019,45,umiarkowany
FG3029,45,zly,FG3029,45,umiarkowany
FG3059,50,umiarkowany,FG3059,45,umiarkowany
FG1058,46,zly,FG1058,45,umiarkowany
FG2008,50,umiarkowany,FG2008,45,umiarkowany
FG2018,50,umiarkowany,FG2018,45,umiarkowany
FG2048,45,zly,FG2048,45,umiarkowany
FG2058,55,dobry,FG2058,45,umiarkowany
FG2068,45,zly,FG2068,45,umiarkowany
FG2078,58,dobry,FG2078,45,umiarkowany
FG3008,50,umiarkowany,FG3008,45,umiarkowany
FG3018,45,zly,FG3018,45,umiarkowany
FG3028,45,zly,FG3028,45,umiarkowany
FG3058,45,zly,FG3058,45,umiarkowany
FG1077,45,zly,FG1077,45,umiarkowany
FG1087,45,zly,FG1087,45,umiarkowany
FG1097,46,zly,FG1097,45,umiarkowany
FG2007,50,umiarkowany,FG2007,45,umiarkowany
FG2017,50,umiarkowany,FG2017,45,umiarkowany
FG2027,45,zly,FG2027,45,umiarkowany
FG2057,50,umiarkowany,FG2057,45,umiarkowany
FG3007,50,umiarkowany,FG3007,45,umiarkowany
FG3017,45,zly,FG3017,45,umiarkowany
FG3047,45,zly,FG3047,45,umiarkowany
FG3057,50,umiarkowany,FG3057,45,umiarkowany
FG1066,51,umiarkowany,FG1066,45,umiarkowany
FG1076,45,zly,FG1076,45,umiarkowany
FG1086,53,umiarkowany,FG1086,45,umiarkowany
FG1096,50,umiarkowany,FG1096,45,umiarkowany
FG2006,45,zly,FG2006,45,umiarkowany
FG2016,50,umiarkowany,FG2016,45,umiarkowany
FG2056,45,zly,FG2056,45,umiarkowany
FG2096,53,umiarkowany,FG2096,45,umiarkowany
FG3006,45,zly,FG3006,45,umiarkowany
FG3036,55,dobry,FG3036,45,umiarkowany
FG3046,55,dobry,FG3046,45,umiarkowany
FG3056,45,zly,FG3056,45,umiarkowany
FG1055,55,dobry,FG1055,45,umiarkowany
FG1065,55,dobry,FG1065,45,umiarkowany
FG1075,48,slaby,FG1075,45,umiarkowany
FG1085,50,umiarkowany,FG1085,45,umiarkowany
FG1095,50,umiarkowany,FG1095,45,umiarkowany
FG2005,45,zly,FG2005,45,umiarkowany
FG2035,45,zly,FG2035,45,umiarkowany
FG2045,50,umiarkowany,FG2045,45,umiarkowany
FG2055,45,zly,FG2055,45,umiarkowany
FG2095,53,umiarkowany,FG2095,45,umiarkowany
FG3005,45,zly,FG3005,45,umiarkowany
FG3025,50,umiarkowany,FG3025,45,umiarkowany
FG3035,58,dobry,FG3035,45,umiarkowany
FG3045,45,zly,FG3045,45,umiarkowany
FG3055,50,umiarkowany,FG3055,45,umiarkowany
FG1042,45,zly,FG1042,45,umiarkowany
FG1052,50,umiarkowany,FG1052,45,umiarkowany
FG3002,60,dobry,FG3002,45,umiarkowany
FG3012,45,zly,FG3012,45,umiarkowany
FG3032,45,zly,FG3032,45,umiarkowany
FG1021,50,umiarkowany,FG1021,45,umiarkowany
FG1031,50,umiarkowany,FG1031,45,umiarkowany
FG1041,55,dobry,FG1041,45,umiarkowany
FG1051,53,umiarkowany,FG1051,45,umiarkowany
FG1010,51,umiarkowany,FG1010,45,umiarkowany
FG1020,53,umiarkowany,FG1020,45,umiarkowany
FG1030,51,umiarkowany,FG1030,45,umiarkowany
FG1040,53,umiarkowany,FG1040,45,umiarkowany
FG1050,58,dobry,FG1050,45,umiarkowany
GF5140,45,zly,GF5140,45,umiarkowany
GF5030,45,zly,GF5030,45,umiarkowany
GF5130,45,zly,GF5130,45,umiarkowany
GF5131,45,zly,GF5131,45,umiarkowany
GF5020,45,zly,GF5020,52,umiarkowany
GF5022,45,zly,GF5022,52,umiarkowany
GF5023,45,zly,GF5023,46,umiarkowany
GF5025,45,zly,GF5025,45,umiarkowany
GF5026,45,zly,GF5026,45,umiarkowany
GF5027,45,zly,GF5027,45,umiarkowany
GF5028,45,zly,GF5028,45,umiarkowany
GF5029,45,zly,GF5029,45,umiarkowany
GF5120,45,zly,GF5120,45,umiarkowany
GF5121,45,zly,GF5121,45,umiarkowany
GF5122,45,zly,GF5122,45,umiarkowany
GF9052,50,umiarkowany,GF9052,45,umiarkowany
GF9040,51,umiarkowany,GF9040,45,umiarkowany
GF9030,51,umiarkowany,GF9030,45,umiarkowany
GF9021,45,zly,GF9021,45,umiarkowany
GF8060,52,umiarkowany,GF8060,45,umiarkowany
GF8070,59,dobry,GF8070,45,umiarkowany
GF5012,55,dobry,GF5012,45,umiarkowany
GF5013,50,umiarkowany,GF5013,45,umiarkowany
GF5014,50,umiarkowany,GF5014,45,umiarkowany
GF5015,50,umiarkowany,GF5015,45,umiarkowany
GF5016,55,dobry,GF5016,45,umiarkowany
GF5017,55,dobry,GF5017,45,umiarkowany
GF5018,55,dobry,GF5018,45,umiarkowany
GF5019,45,zly,GF5019,45,umiarkowany
GF5110,50,umiarkowany,GF5110,45,umiarkowany
GF5111,45,zly,GF5111,45,umiarkowany
GF5112,45,zly,GF5112,45,umiarkowany
GF5113,45,zly,GF5113,45,umiarkowany
GF5318,45,zly,GF5318,45,umiarkowany
GF5000,50,umiarkowany,GF5000,45,umiarkowany
GF5001,55,dobry,GF5001,45,umiarkowany
GF5002,55,dobry,GF5002,45,umiarkowany
GF5003,50,umiarkowany,GF5003,45,umiarkowany
GF5004,50,umiarkowany,GF5004,45,umiarkowany
GF5005,50,umiarkowany,GF5005,45,umiarkowany
GF5006,55,dobry,GF5006,45,umiarkowany
GF5007,55,dobry,GF5007,45,umiarkowany
GF5008,55,dobry,GF5008,45,umiarkowany
GF5009,45,zly,GF5009,45,umiarkowany
GF5100,50,umiarkowany,GF5100,45,umiarkowany
GF5101,45,zly,GF5101,45,umiarkowany
GF5102,45,zly,GF5102,45,umiarkowany
GF5308,45,zly,GF5308,45,umiarkowany
GF5309,45,zly,GF5309,45,umiarkowany
GF4090,55,dobry,GF4090,45,umiarkowany
GF4092,45,zly,GF4092,45,umiarkowany
GF4093,50,umiarkowany,GF4093,45,umiarkowany
GF4094,50,umiarkowany,GF4094,45,umiarkowany
GF4095,50,umiarkowany,GF4095,45,umiarkowany
GF4096,50,umiarkowany,GF4096,45,umiarkowany
GF4097,50,umiarkowany,GF4097,45,umiarkowany
GF4098,50,umiarkowany,GF4098,45,umiarkowany
GF4099,50,umiarkowany,GF4099,45,umiarkowany
GF4190,50,umiarkowany,GF4190,45,umiarkowany
GF4191,45,zly,GF4191,45,umiarkowany
GF4398,45,zly,GF4398,45,umiarkowany
GF4399,45,zly,GF4399,45,umiarkowany
GF4490,45,zly,GF4490,45,umiarkowany
GF4407,45,zly,GF4407,45,umiarkowany
GF4417,45,zly,GF4417,45,umiarkowany
GF4480,45,zly,GF4480,45,umiarkowany
GF4481,45,zly,GF4481,45,umiarkowany
GF4080,45,zly,GF4080,45,umiarkowany
GF4084,45,zly,GF4084,45,umiarkowany
GF4085,45,zly,GF4085,45,umiarkowany
GF4086,45,zly,GF4086,45,umiarkowany
GF4087,45,zly,GF4087,45,umiarkowany
GF4088,45,zly,GF4088,45,umiarkowany
GF4089,50,umiarkowany,GF4089,45,umiarkowany
GF4180,50,umiarkowany,GF4180,45,umiarkowany
GF2323,45,zly,GF2323,45,umiarkowany
GF2333,45,zly,GF2333,45,umiarkowany
GF2334,45,zly,GF2334,45,umiarkowany
GF2343,45,zly,GF2343,45,umiarkowany
GF2344,45,zly,GF2344,45,umiarkowany
GF2353,45,zly,GF2353,45,umiarkowany
GF2354,45,zly,GF2354,45,umiarkowany
GF2363,46,zly,GF2363,45,umiarkowany
GF2364,54,umiarkowany,GF2364,45,umiarkowany
GF2373,46,zly,GF2373,45,umiarkowany
GF2383,46,zly,GF2383,45,umiarkowany
GF2393,55,dobry,GF2393,45,umiarkowany
GF2394,54,umiarkowany,GF2394,45,umiarkowany
GF3303,65,bardzo dobry,GF3303,45,umiarkowany
GF3304,62,bardzo dobry,GF3304,45,umiarkowany
GF3313,58,dobry,GF3313,45,umiarkowany
GF3323,58,dobry,GF3323,45,umiarkowany
GF3324,53,umiarkowany,GF3324,45,umiarkowany
GF3333,58,dobry,GF3333,45,umiarkowany
GF3334,53,umiarkowany,GF3334,45,umiarkowany
GF3343,51,umiarkowany,GF3343,45,umiarkowany
GF3344,52,umiarkowany,GF3344,45,umiarkowany
GF3354,51,umiarkowany,GF3354,45,umiarkowany
GF3373,65,bardzo dobry,GF3373,45,umiarkowany
GF3374,52,umiarkowany,GF3374,45,umiarkowany
GF3383,45,zly,GF3383,45,umiarkowany
GF3384,51,umiarkowany,GF3384,45,umiarkowany
GF3393,51,umiarkowany,GF3393,45,umiarkowany
GF3394,52,umiarkowany,GF3394,45,umiarkowany
GF4303,56,dobry,GF4303,45,umiarkowany
GF4304,51,umiarkowany,GF4304,45,umiarkowany
GF4313,50,umiarkowany,GF4313,45,umiarkowany
GF4314,50,umiarkowany,GF4314,45,umiarkowany
GF4323,45,zly,GF4323,45,umiarkowany
GF4324,45,zly,GF4324,45,umiarkowany
GF2352,45,zly,GF2352,45,umiarkowany
GF2362,45,zly,GF2362,45,umiarkowany
GF2372,55,dobry,GF2372,45,umiarkowany
GF2382,55,dobry,GF2382,45,umiarkowany
GF3302,58,dobry,GF3302,48,umiarkowany
GF3312,61,bardzo dobry,GF3312,51,umiarkowany
GF3322,58,dobry,GF3322,51,umiarkowany
GF3332,58,dobry,GF3332,51,umiarkowany
GF3342,51,umiarkowany,GF3342,45,umiarkowany
GF3372,64,bardzo dobry,GF3372,45,umiarkowany
GF3382,45,zly,GF3382,57,dobry
GF3392,53,umiarkowany,GF3392,45,umiarkowany
GF4302,55,dobry,GF4302,45,umiarkowany
GF2446,45,zly,GF2446,45,umiarkowany
GF2456,45,zly,GF2456,45,umiarkowany
GF4406,45,zly,GF4406,45,umiarkowany
GF4416,45,zly,GF4416,45,umiarkowany
GF4436,45,zly,GF4436,45,umiarkowany
GF2455,50,umiarkowany,GF2455,45,umiarkowany
GF4435,45,zly,GF4435,45,umiarkowany
GF4403,45,zly,GF4403,45,umiarkowany
GF4453,45,zly,GF4453,45,umiarkowany
GF2402,45,zly,GF2402,45,umiarkowany
GF2412,45,zly,GF2412,45,umiarkowany
GF2422,45,zly,GF2422,45,umiarkowany
GF2492,45,zly,GF2492,45,umiarkowany
GF3412,45,zly,GF3412,45,umiarkowany
GF4402,45,zly,GF4402,45,umiarkowany
GF4432,45,zly,GF4432,45,umiarkowany
GF4442,45,zly,GF4442,45,umiarkowany
GF4452,45,zly,GF4452,45,umiarkowany
GF4462,45,zly,GF4462,45,umiarkowany
GF1471,45,zly,GF1471,45,umiarkowany
GF2401,53,umiarkowany,GF2401,51,umiarkowany
GF2411,45,zly,GF2411,45,umiarkowany
GF2421,45,zly,GF2421,45,umiarkowany
GF2431,51,umiarkowany,GF2431,46,umiarkowany
GF2461,47,slaby,GF2461,45,umiarkowany
GF2471,52,umiarkowany,GF2471,51,umiarkowany
GF2491,45,zly,GF2491,45,umiarkowany
GF3401,45,zly,GF3401,45,umiarkowany
GF3411,45,zly,GF3411,45,umiarkowany
GF3421,45,zly,GF3421,45,umiarkowany
GF3491,45,zly,GF3491,45,umiarkowany
GF4401,45,zly,GF4401,45,umiarkowany
GF4431,45,zly,GF4431,45,umiarkowany
GF4441,56,dobry,GF4441,45,umiarkowany
GF4451,45,zly,GF4451,45,umiarkowany
GF4461,45,zly,GF4461,45,umiarkowany
GF4471,45,zly,GF4471,45,umiarkowany
GF1480,45,zly,GF1480,45,umiarkowany
GF1490,45,zly,GF1490,45,umiarkowany
GF2400,67,bardzo dobry,GF2400,45,umiarkowany
GF2410,66,bardzo dobry,GF2410,45,umiarkowany
GF2420,45,zly,GF2420,45,umiarkowany
GF2430,66,bardzo dobry,GF2430,51,umiarkowany
GF2460,51,umiarkowany,GF2460,45,umiarkowany
GF2470,52,umiarkowany,GF2470,45,umiarkowany
GF2480,45,zly,GF2480,45,umiarkowany
GF2490,45,zly,GF2490,45,umiarkowany
GF3410,45,zly,GF3410,45,umiarkowany
GF3420,45,zly,GF3420,45,umiarkowany
GF3430,45,zly,GF3430,45,umiarkowany
GF3460,45,zly,GF3460,45,umiarkowany
GF3470,45,zly,GF3470,45,umiarkowany
GF3480,45,zly,GF3480,45,umiarkowany
GF3490,45,zly,GF3490,45,umiarkowany
GF4400,45,zly,GF4400,45,umiarkowany
GF4410,45,zly,GF4410,45,umiarkowany
GF4440,50,umiarkowany,GF4440,45,umiarkowany
GF4450,45,zly,GF4450,45,umiarkowany
GF4460,45,zly,GF4460,45,umiarkowany
GF4470,45,zly,GF4470,45,umiarkowany
GF1389,45,zly,GF1389,45,umiarkowany
GF1399,45,zly,GF1399,45,umiarkowany
GF2309,47,slaby,GF2309,45,umiarkowany
GF2339,45,zly,GF2339,49,umiarkowany
GF2359,47,slaby,GF2359,45,umiarkowany
GF2369,54,umiarkowany,GF2369,45,umiarkowany
GF2399,51,umiarkowany,GF2399,45,umiarkowany
GF3329,53,umiarkowany,GF3329,45,umiarkowany
GF3339,50,umiarkowany,GF3339,45,umiarkowany
GF3389,45,zly,GF3389,45,umiarkowany
GF4309,45,zly,GF4309,45,umiarkowany
GF4319,45,zly,GF4319,45,umiarkowany
GF4339,55,dobry,GF4339,45,umiarkowany
GF4349,45,zly,GF4349,45,umiarkowany
GF4359,45,zly,GF4359,45,umiarkowany
GF4369,45,zly,GF4369,45,umiarkowany
GF4379,45,zly,GF4379,52,umiarkowany
GF2398,52,umiarkowany,GF2398,45,umiarkowany
GF3328,48,slaby,GF3328,45,umiarkowany
GF3338,45,zly,GF3338,45,umiarkowany
GF3358,55,dobry,GF3358,45,umiarkowany
GF3398,45,zly,GF3398,45,umiarkowany
GF4318,45,zly,GF4318,45,umiarkowany
GF4328,45,zly,GF4328,45,umiarkowany
GF4358,45,zly,GF4358,45,umiarkowany
GF4368,45,zly,GF4368,45,umiarkowany
GF4378,45,zly,GF4378,52,umiarkowany
GF1397,45,zly,GF1397,45,umiarkowany
GF3337,45,zly,GF3337,45,umiarkowany
GF3347,50,umiarkowany,GF3347,45,umiarkowany
GF3357,52,umiarkowany,GF3357,45,umiarkowany
GF3397,45,zly,GF3397,47,umiarkowany
GF4327,45,zly,GF4327,45,umiarkowany
GF4337,45,zly,GF4337,45,umiarkowany
GF4347,45,zly,GF4347,45,umiarkowany
GF4357,45,zly,GF4357,45,umiarkowany
GF4367,45,zly,GF4367,45,umiarkowany
GF4377,45,zly,GF4377,52,umiarkowany
GF4387,45,zly,GF4387,45,umiarkowany
GF1396,45,zly,GF1396,45,umiarkowany
GF2356,45,zly,GF2356,45,umiarkowany
GF2366,46,zly,GF2366,45,umiarkowany
GF2376,51,umiarkowany,GF2376,45,umiarkowany
GF2386,57,dobry,GF2386,45,umiarkowany
GF3326,51,umiarkowany,GF3326,45,umiarkowany
GF3336,51,umiarkowany,GF3336,45,umiarkowany
GF3346,50,umiarkowany,GF3346,45,umiarkowany
GF3356,57,dobry,GF3356,45,umiarkowany
GF4326,45,zly,GF4326,45,umiarkowany
GF4346,45,zly,GF4346,46,umiarkowany
GF4356,45,zly,GF4356,45,umiarkowany
GF4366,45,zly,GF4366,45,umiarkowany
GF1395,45,zly,GF1395,45,umiarkowany
GF2305,45,zly,GF2305,45,umiarkowany
GF2345,45,zly,GF2345,51,umiarkowany
GF2355,45,zly,GF2355,45,umiarkowany
GF2365,57,dobry,GF2365,45,umiarkowany
GF2375,57,dobry,GF2375,45,umiarkowany
GF3305,64,bardzo dobry,GF3305,45,umiarkowany
GF3325,53,umiarkowany,GF3325,45,umiarkowany
GF3335,53,umiarkowany,GF3335,45,umiarkowany
GF3345,52,umiarkowany,GF3345,45,umiarkowany
GF3355,51,umiarkowany,GF3355,45,umiarkowany
GF3385,56,dobry,GF3385,45,umiarkowany
GF3395,52,umiarkowany,GF3395,45,umiarkowany
GF4305,52,umiarkowany,GF4305,45,umiarkowany
GF4325,45,zly,GF4325,45,umiarkowany
GF4355,45,zly,GF4355,45,umiarkowany
GF4070,45,zly,GF4070,45,umiarkowany
GF4072,45,zly,GF4072,45,umiarkowany
GF4073,50,umiarkowany,GF4073,45,umiarkowany
GF4074,50,umiarkowany,GF4074,45,umiarkowany
GF4075,50,umiarkowany,GF4075,45,umiarkowany
GF4076,45,zly,GF4076,45,umiarkowany
GF4077,50,umiarkowany,GF4077,45,umiarkowany
GF4078,45,zly,GF4078,45,umiarkowany
GF4079,50,umiarkowany,GF4079,45,umiarkowany
GF4170,45,zly,GF4170,45,umiarkowany
GF2361,45,zly,GF2361,45,umiarkowany
GF2371,67,bardzo dobry,GF2371,45,umiarkowany
GF2381,67,bardzo dobry,GF2381,45,umiarkowany
GF3301,50,umiarkowany,GF3301,48,umiarkowany
GF3311,61,bardzo dobry,GF3311,51,umiarkowany
GF3321,58,dobry,GF3321,51,umiarkowany
GF3331,58,dobry,GF3331,51,umiarkowany
GF3341,52,umiarkowany,GF3341,45,umiarkowany
GF3381,50,umiarkowany,GF3381,57,dobry
GF3391,58,dobry,GF3391,45,umiarkowany
GF4301,55,dobry,GF4301,45,umiarkowany
GF4311,45,zly,GF4311,45,umiarkowany
GF2360,45,zly,GF2360,45,umiarkowany
GF2370,60,dobry,GF2370,45,umiarkowany
GF2380,60,dobry,GF2380,45,umiarkowany
GF2390,45,zly,GF2390,45,umiarkowany
GF3300,48,slaby,GF3300,51,umiarkowany
GF3310,61,bardzo dobry,GF3310,48,umiarkowany
GF3320,52,umiarkowany,GF3320,51,umiarkowany
GF3330,52,umiarkowany,GF3330,51,umiarkowany
GF3360,45,zly,GF3360,45,umiarkowany
GF3390,53,umiarkowany,GF3390,45,umiarkowany
GF4300,50,umiarkowany,GF4300,45,umiarkowany
GF4310,45,zly,GF4310,45,umiarkowany
GF2269,45,zly,GF2269,45,umiarkowany
GF2279,45,zly,GF2279,45,umiarkowany
GF2289,45,zly,GF2289,45,umiarkowany
GF2299,50,umiarkowany,GF2299,45,umiarkowany
GF3209,50,umiarkowany,GF3209,45,umiarkowany
GF3219,47,slaby,GF3219,45,umiarkowany
GF3229,47,slaby,GF3229,48,umiarkowany
GF3269,52,umiarkowany,GF3269,45,umiarkowany
GF3279,63,bardzo dobry,GF3279,45,umiarkowany
GF3289,62,bardzo dobry,GF3289,45,umiarkowany
GF3299,53,umiarkowany,GF3299,45,umiarkowany
GF4209,45,zly,GF4209,45,umiarkowany
GF4219,45,zly,GF4219,45,umiarkowany
GF2268,45,zly,GF2268,45,umiarkowany
GF2278,45,zly,GF2278,45,umiarkowany
GF2298,50,umiarkowany,GF2298,45,umiarkowany
GF3208,50,umiarkowany,GF3208,45,umiarkowany
GF3218,66,bardzo dobry,GF3218,45,umiarkowany
GF3248,50,umiarkowany,GF3248,45,umiarkowany
GF3268,58,dobry,GF3268,45,umiarkowany
GF3278,65,bardzo dobry,GF3278,45,umiarkowany
GF3288,63,bardzo dobry,GF3288,45,umiarkowany
GF2267,45,zly,GF2267,45,umiarkowany
GF2277,45,zly,GF2277,45,umiarkowany
GF2297,45,zly,GF2297,45,umiarkowany
GF3207,50,umiarkowany,GF3207,45,umiarkowany
GF3217,69,bardzo dobry,GF3217,45,umiarkowany
GF3247,50,umiarkowany,GF3247,45,umiarkowany
GF3257,45,zly,GF3257,45,umiarkowany
GF3267,52,umiarkowany,GF3267,45,umiarkowany
GF2276,45,zly,GF2276,45,umiarkowany
GF2286,45,zly,GF2286,45,umiarkowany
GF2296,45,zly,GF2296,45,umiarkowany
GF3206,50,umiarkowany,GF3206,45,umiarkowany
GF3246,50,umiarkowany,GF3246,45,umiarkowany
GF2275,45,zly,GF2275,45,umiarkowany
GF2285,45,zly,GF2285,45,umiarkowany
GF2295,45,zly,GF2295,45,umiarkowany
GF2284,45,zly,GF2284,45,umiarkowany
GF2294,45,zly,GF2294,45,umiarkowany
GF3204,46,zly,GF3204,49,umiarkowany
GF2283,45,zly,GF2283,45,umiarkowany
GF3203,45,zly,GF3203,45,umiarkowany
GF2282,45,zly,GF2282,45,umiarkowany
GF3202,45,zly,GF3202,45,umiarkowany
GF3272,45,zly,GF3272,45,umiarkowany
GF2281,45,zly,GF2281,45,umiarkowany
GF3201,45,zly,GF3201,45,umiarkowany
GF2280,45,zly,GF2280,45,umiarkowany
GF2189,45,zly,GF2189,45,umiarkowany
GF4060,45,zly,GF4060,45,umiarkowany
GF4061,50,umiarkowany,GF4061,51,umiarkowany
GF4050,56,dobry,GF4050,45,umiarkowany
GF3095,45,zly,GF3095,45,umiarkowany
GF3096,45,zly,GF3096,45,umiarkowany
GF4005,50,umiarkowany,GF4005,45,umiarkowany
GF4006,50,umiarkowany,GF4006,45,umiarkowany
GF4015,50,umiarkowany,GF4015,45,umiarkowany
GF4016,55,dobry,GF4016,45,umiarkowany
GF4025,56,dobry,GF4025,45,umiarkowany
GF4026,50,umiarkowany,GF4026,45,umiarkowany
GF4035,45,zly,GF4035,45,umiarkowany
GF4036,50,umiarkowany,GF4036,45,umiarkowany
GF4045,50,umiarkowany,GF4045,45,umiarkowany
GF4046,45,zly,GF4046,45,umiarkowany
GF4055,50,umiarkowany,GF4055,45,umiarkowany
GF4056,50,umiarkowany,GF4056,45,umiarkowany
GF3014,45,zly,GF3014,45,umiarkowany
GF3024,45,zly,GF3024,45,umiarkowany
GF3034,45,zly,GF3034,45,umiarkowany
GF3044,45,zly,GF3044,45,umiarkowany
GF3054,45,zly,GF3054,45,umiarkowany
GF3094,45,zly,GF3094,45,umiarkowany
GF4004,45,zly,GF4004,45,umiarkowany
GF4014,55,dobry,GF4014,45,umiarkowany
GF4024,50,umiarkowany,GF4024,45,umiarkowany
GF4034,45,zly,GF4034,45,umiarkowany
GF4044,50,umiarkowany,GF4044,45,umiarkowany
GF4054,50,umiarkowany,GF4054,45,umiarkowany
GF3013,45,zly,GF3013,45,umiarkowany
GF3023,50,umiarkowany,GF3023,45,umiarkowany
GF3033,50,umiarkowany,GF3033,45,umiarkowany
GF3043,50,umiarkowany,GF3043,45,umiarkowany
GF3053,50,umiarkowany,GF3053,45,umiarkowany
GF3093,45,zly,GF3093,45,umiarkowany
GF4003,50,umiarkowany,GF4003,45,umiarkowany
GF4013,55,dobry,GF4013,45,umiarkowany
GF4023,56,dobry,GF4023,45,umiarkowany
GF4033,45,zly,GF4033,45,umiarkowany
GF4043,50,umiarkowany,GF4043,45,umiarkowany
GF4053,50,umiarkowany,GF4053,45,umiarkowany
GF4063,45,zly,GF4063,52,umiarkowany
GF4114,45,zly,GF4114,45,umiarkowany
GF4124,45,zly,GF4124,45,umiarkowany
GF4113,45,zly,GF4113,45,umiarkowany
GF4123,58,dobry,GF4123,45,umiarkowany
GF4133,45,zly,GF4133,45,umiarkowany
GF4153,45,zly,GF4153,45,umiarkowany
GF4112,45,zly,GF4112,45,umiarkowany
GF4122,58,dobry,GF4122,45,umiarkowany
GF4132,45,zly,GF4132,45,umiarkowany
GF4142,57,dobry,GF4142,45,umiarkowany
GF4152,45,zly,GF4152,45,umiarkowany
GF4111,45,zly,GF4111,45,umiarkowany
GF4121,58,dobry,GF4121,45,umiarkowany
GF4131,45,zly,GF4131,45,umiarkowany
GF4141,51,umiarkowany,GF4141,45,umiarkowany
GF4151,50,umiarkowany,GF4151,45,umiarkowany
GF4161,45,zly,GF4161,45,umiarkowany
GF4110,50,umiarkowany,GF4110,45,umiarkowany
GF4120,50,umiarkowany,GF4120,45,umiarkowany
GF4130,45,zly,GF4130,45,umiarkowany
GF4140,45,zly,GF4140,45,umiarkowany
GF4150,45,zly,GF4150,45,umiarkowany
GF4160,45,zly,GF4160,45,umiarkowany
GF4019,55,dobry,GF4019,45,umiarkowany
GF4029,50,umiarkowany,GF4029,45,umiarkowany
GF4039,50,umiarkowany,GF4039,45,umiarkowany
GF4049,45,zly,GF4049,45,umiarkowany
GF4059,50,umiarkowany,GF4059,45,umiarkowany
GF4069,45,zly,GF4069,45,umiarkowany
GF4008,50,umiarkowany,GF4008,45,umiarkowany
GF4018,55,dobry,GF4018,45,umiarkowany
GF4028,55,dobry,GF4028,45,umiarkowany
GF4038,50,umiarkowany,GF4038,45,umiarkowany
GF4048,50,umiarkowany,GF4048,45,umiarkowany
GF4058,45,zly,GF4058,45,umiarkowany
GF4068,45,zly,GF4068,45,umiarkowany
GF4007,45,zly,GF4007,45,umiarkowany
GF4017,55,dobry,GF4017,45,umiarkowany
GF4027,55,dobry,GF4027,45,umiarkowany
GF4037,45,zly,GF4037,45,umiarkowany
GF4047,45,zly,GF4047,45,umiarkowany
GF4057,50,umiarkowany,GF4057,45,umiarkowany
GF4067,45,zly,GF4067,45,umiarkowany
GF3022,50,umiarkowany,GF3022,45,umiarkowany
GF3032,50,umiarkowany,GF3032,45,umiarkowany
GF3042,45,zly,GF3042,45,umiarkowany
GF3052,50,umiarkowany,GF3052,45,umiarkowany
GF3062,45,zly,GF3062,45,umiarkowany
GF3072,50,umiarkowany,GF3072,45,umiarkowany
GF3082,45,zly,GF3082,45,umiarkowany
GF3092,45,zly,GF3092,45,umiarkowany
GF4002,50,umiarkowany,GF4002,45,umiarkowany
GF4012,45,zly,GF4012,45,umiarkowany
GF4022,46,zly,GF4022,45,umiarkowany
GF4032,57,dobry,GF4032,45,umiarkowany
GF4042,45,zly,GF4042,45,umiarkowany
GF4062,45,zly,GF4062,45,umiarkowany
GF3011,45,zly,GF3011,45,umiarkowany
GF3021,50,umiarkowany,GF3021,45,umiarkowany
GF3031,50,umiarkowany,GF3031,45,umiarkowany
GF3041,45,zly,GF3041,45,umiarkowany
GF3051,50,umiarkowany,GF3051,45,umiarkowany
GF3061,50,umiarkowany,GF3061,45,umiarkowany
GF3071,50,umiarkowany,GF3071,45,umiarkowany
GF3081,45,zly,GF3081,45,umiarkowany
GF3091,45,zly,GF3091,45,umiarkowany
GF4001,45,zly,GF4001,45,umiarkowany
GF4011,45,zly,GF4011,45,umiarkowany
GF4021,50,umiarkowany,GF4021,45,umiarkowany
GF4031,50,umiarkowany,GF4031,45,umiarkowany
GF4041,50,umiarkowany,GF4041,45,umiarkowany
GF4051,56,dobry,GF4051,45,umiarkowany
GF3010,45,zly,GF3010,45,umiarkowany
GF3020,50,umiarkowany,GF3020,45,umiarkowany
GF3030,45,zly,GF3030,45,umiarkowany
GF3040,45,zly,GF3040,45,umiarkowany
GF3050,45,zly,GF3050,45,umiarkowany
GF3060,50,umiarkowany,GF3060,45,umiarkowany
GF3070,50,umiarkowany,GF3070,45,umiarkowany
GF3080,50,umiarkowany,GF3080,45,umiarkowany
GF3090,45,zly,GF3090,45,umiarkowany
GF4000,45,zly,GF4000,45,umiarkowany
GF4010,45,zly,GF4010,45,umiarkowany
GF4020,56,dobry,GF4020,45,umiarkowany
GF4030,57,dobry,GF4030,45,umiarkowany
GF4040,50,umiarkowany,GF4040,45,umiarkowany
GG5010,45,zly,GG5010,45,umiarkowany
GG5000,45,zly,GG5000,45,umiarkowany
GG5001,45,zly,GG5001,45,umiarkowany
GG4090,45,zly,GG4090,45,umiarkowany
GG4092,45,zly,GG4092,45,umiarkowany
GG4080,65,bardzo dobry,GG4080,45,umiarkowany
GG4081,45,zly,GG4081,45,umiarkowany
GG4082,45,zly,GG4082,45,umiarkowany
GG4070,71,bardzo dobry,GG4070,45,umiarkowany
GG4071,50,umiarkowany,GG4071,45,umiarkowany
GG4072,45,zly,GG4072,45,umiarkowany
GG4060,45,zly,GG4060,45,umiarkowany
GG3062,45,zly,GG3062,45,umiarkowany
GG3072,50,umiarkowany,GG3072,45,umiarkowany
GG3092,45,zly,GG3092,45,umiarkowany
GG4002,45,zly,GG4002,45,umiarkowany
GG4012,45,zly,GG4012,45,umiarkowany
GG4022,45,zly,GG4022,45,umiarkowany
GG4032,45,zly,GG4032,45,umiarkowany
GG4042,45,zly,GG4042,45,umiarkowany
GG3041,45,zly,GG3041,45,umiarkowany
GG3051,45,zly,GG3051,45,umiarkowany
GG3061,65,bardzo dobry,GG3061,45,umiarkowany
GG3071,50,umiarkowany,GG3071,45,umiarkowany
GG3081,45,zly,GG3081,45,umiarkowany
GG3091,45,zly,GG3091,45,umiarkowany
GG4001,45,zly,GG4001,45,umiarkowany
GG4011,45,zly,GG4011,45,umiarkowany
GG0080,45,zly,GG0080,45,umiarkowany
GG3030,45,zly,GG3030,45,umiarkowany
GG3070,71,bardzo dobry,GG3070,45,umiarkowany
GG3080,68,bardzo dobry,GG3080,45,umiarkowany
GG3090,55,dobry,GG3090,45,umiarkowany
GG4000,71,bardzo dobry,GG4000,45,umiarkowany
GG4010,60,dobry,GG4010,45,umiarkowany
GG4050,45,zly,GG4050,45,umiarkowany
FF9691,45,zly,FF9691,49,umiarkowany
FF9790,45,zly,FF9790,45,umiarkowany
FF9893,45,zly,FF9893,45,umiarkowany
FF9999,45,zly,FF9999,45,umiarkowany
FF9989,45,zly,FF9989,45,umiarkowany
FF5184,45,zly,FF5184,45,umiarkowany
FF5174,45,zly,FF5174,62,dobry
FF5185,45,zly,FF5185,45,umiarkowany
FF5175,45,zly,FF5175,47,umiarkowany
FF5176,45,zly,FF5176,45,umiarkowany
FF5187,45,zly,FF5187,45,umiarkowany
FF5177,45,zly,FF5177,45,umiarkowany
FF5188,45,zly,FF5188,45,umiarkowany
FF5178,45,zly,FF5178,47,umiarkowany
FF5189,45,zly,FF5189,45,umiarkowany
FF5270,45,zly,FF5270,47,umiarkowany
FF5271,45,zly,FF5271,47,umiarkowany
FF5282,45,zly,FF5282,58,dobry
FF5272,45,zly,FF5272,47,umiarkowany
FF5283,45,zly,FF5283,52,umiarkowany
FF5284,45,zly,FF5284,51,umiarkowany
FF5285,45,zly,FF5285,45,umiarkowany
FF5275,45,zly,FF5275,45,umiarkowany
FF5286,45,zly,FF5286,45,umiarkowany
FF5276,45,zly,FF5276,50,umiarkowany
FF5382,45,zly,FF5382,47,umiarkowany
FF5372,45,zly,FF5372,45,umiarkowany
FF5383,45,zly,FF5383,47,umiarkowany
FF5373,45,zly,FF5373,45,umiarkowany
FF5374,45,zly,FF5374,45,umiarkowany
FF5375,45,zly,FF5375,45,umiarkowany
FF5376,45,zly,FF5376,45,umiarkowany
FF5377,45,zly,FF5377,45,umiarkowany
FF5879,45,zly,FF5879,47,umiarkowany
FF5980,45,zly,FF5980,45,umiarkowany
FF5970,45,zly,FF5970,45,umiarkowany
FF5981,45,zly,FF5981,45,umiarkowany
FF5971,45,zly,FF5971,45,umiarkowany
FF5972,45,zly,FF5972,45,umiarkowany
FF5973,45,zly,FF5973,45,umiarkowany
FF5974,45,zly,FF5974,45,umiarkowany
FF5975,45,zly,FF5975,45,umiarkowany
FF5976,45,zly,FF5976,45,umiarkowany
FF5977,45,zly,FF5977,45,umiarkowany
FF5978,45,zly,FF5978,45,umiarkowany
FF5979,45,zly,FF5979,45,umiarkowany
FF5164,45,zly,FF5164,48,umiarkowany
FF5165,45,zly,FF5165,45,umiarkowany
FF5167,45,zly,FF5167,45,umiarkowany
FF5168,45,zly,FF5168,45,umiarkowany
FF5260,45,zly,FF5260,47,umiarkowany
FF5261,45,zly,FF5261,47,umiarkowany
FF5263,45,zly,FF5263,47,umiarkowany
FF5264,45,zly,FF5264,47,umiarkowany
FF5265,45,zly,FF5265,47,umiarkowany
FF5266,45,zly,FF5266,50,umiarkowany
FF5267,45,zly,FF5267,45,umiarkowany
FF5268,45,zly,FF5268,47,umiarkowany
FF5362,45,zly,FF5362,49,umiarkowany
FF5363,45,zly,FF5363,49,umiarkowany
FF5364,45,zly,FF5364,50,umiarkowany
FF5365,45,zly,FF5365,50,umiarkowany
FF5366,45,zly,FF5366,49,umiarkowany
FF5367,45,zly,FF5367,49,umiarkowany
FF5368,45,zly,FF5368,47,umiarkowany
FF5869,45,zly,FF5869,47,umiarkowany
FF5960,45,zly,FF5960,45,umiarkowany
FF5961,45,zly,FF5961,45,umiarkowany
FF5962,45,zly,FF5962,45,umiarkowany
FF5963,45,zly,FF5963,45,umiarkowany
FF5964,45,zly,FF5964,45,umiarkowany
FF5965,45,zly,FF5965,45,umiarkowany
FF5966,45,zly,FF5966,45,umiarkowany
FF5967,45,zly,FF5967,45,umiarkowany
FF5968,45,zly,FF5968,45,umiarkowany
FF5969,45,zly,FF5969,45,umiarkowany
FF5158,45,zly,FF5158,47,umiarkowany
FF5251,45,zly,FF5251,45,umiarkowany
FF5256,45,zly,FF5256,45,umiarkowany
FF5257,45,zly,FF5257,45,umiarkowany
FF5258,45,zly,FF5258,45,umiarkowany
FF5259,45,zly,FF5259,47,umiarkowany
FF5351,45,zly,FF5351,59,dobry
FF5352,45,zly,FF5352,62,dobry
FF5353,45,zly,FF5353,63,dobry
FF5354,45,zly,FF5354,57,dobry
FF5355,45,zly,FF5355,59,dobry
FF5356,45,zly,FF5356,48,umiarkowany
FF5357,45,zly,FF5357,47,umiarkowany
FF5358,45,zly,FF5358,45,umiarkowany
FF5657,45,zly,FF5657,53,umiarkowany
FF5658,45,zly,FF5658,53,umiarkowany
FF5659,45,zly,FF5659,53,umiarkowany
FF5750,45,zly,FF5750,53,umiarkowany
FF5751,45,zly,FF5751,53,umiarkowany
FF5752,45,zly,FF5752,45,umiarkowany
FF5753,45,zly,FF5753,45,umiarkowany
FF5754,45,zly,FF5754,45,umiarkowany
FF5858,45,zly,FF5858,46,umiarkowany
FF5859,45,zly,FF5859,46,umiarkowany
FF5950,45,zly,FF5950,45,umiarkowany
FF5951,45,zly,FF5951,45,umiarkowany
FF5952,45,zly,FF5952,46,umiarkowany
FF5953,45,zly,FF5953,46,umiarkowany
FF5954,45,zly,FF5954,45,umiarkowany
FF5143,45,zly,FF5143,50,umiarkowany
FF5144,45,zly,FF5144,52,umiarkowany
FF5145,45,zly,FF5145,53,umiarkowany
FF5146,45,zly,FF5146,51,umiarkowany
FF5147,45,zly,FF5147,49,umiarkowany
FF5148,45,zly,FF5148,47,umiarkowany
FF5241,45,zly,FF5241,55,dobry
FF5242,45,zly,FF5242,56,dobry
FF5244,45,zly,FF5244,52,umiarkowany
FF5245,45,zly,FF5245,53,umiarkowany
FF5247,45,zly,FF5247,51,umiarkowany
FF5347,45,zly,FF5347,51,umiarkowany
FF5348,45,zly,FF5348,51,umiarkowany
FF5647,45,zly,FF5647,54,dobry
FF5648,45,zly,FF5648,53,umiarkowany
FF5649,45,zly,FF5649,54,dobry
FF5740,45,zly,FF5740,52,umiarkowany
FF5741,45,zly,FF5741,52,umiarkowany
FF5742,45,zly,FF5742,52,umiarkowany
FF5743,45,zly,FF5743,53,umiarkowany
FF5744,45,zly,FF5744,45,umiarkowany
FF5745,45,zly,FF5745,45,umiarkowany
FF5746,45,zly,FF5746,45,umiarkowany
FF5747,45,zly,FF5747,45,umiarkowany
FF5748,45,zly,FF5748,45,umiarkowany
FF5749,45,zly,FF5749,45,umiarkowany
FF5847,45,zly,FF5847,47,umiarkowany
FF5848,45,zly,FF5848,47,umiarkowany
FF5849,45,zly,FF5849,45,umiarkowany
FF5940,45,zly,FF5940,45,umiarkowany
FF5941,45,zly,FF5941,45,umiarkowany
FF5942,45,zly,FF5942,47,umiarkowany
FF5943,45,zly,FF5943,48,umiarkowany
FF5944,45,zly,FF5944,48,umiarkowany
FF6261,45,zly,FF6261,45,umiarkowany
FF6251,45,zly,FF6251,45,umiarkowany
FF6262,45,zly,FF6262,50,umiarkowany
FF6252,45,zly,FF6252,45,umiarkowany
FF6263,45,zly,FF6263,50,umiarkowany
FF6253,45,zly,FF6253,45,umiarkowany
FF6254,45,zly,FF6254,45,umiarkowany
FF6255,45,zly,FF6255,45,umiarkowany
FF6266,45,zly,FF6266,47,umiarkowany
FF6256,45,zly,FF6256,45,umiarkowany
FF6207,45,zly,FF6207,45,umiarkowany
FF6208,45,zly,FF6208,45,umiarkowany
FF6209,45,zly,FF6209,45,umiarkowany
FF6300,45,zly,FF6300,45,umiarkowany
FF6301,45,zly,FF6301,45,umiarkowany
FF6302,45,zly,FF6302,45,umiarkowany
FF5295,45,zly,FF5295,45,umiarkowany
FF5296,45,zly,FF5296,45,umiarkowany
FF5297,45,zly,FF5297,45,umiarkowany
FF5299,45,zly,FF5299,45,umiarkowany
FF5391,45,zly,FF5391,48,umiarkowany
FF5392,45,zly,FF5392,47,umiarkowany
FF5393,45,zly,FF5393,46,umiarkowany
FF5130,45,zly,FF5130,45,umiarkowany
FF5131,45,zly,FF5131,45,umiarkowany
FF5132,45,zly,FF5132,45,umiarkowany
FF5137,45,zly,FF5137,48,umiarkowany
FF5231,45,zly,FF5231,51,umiarkowany
FF5336,45,zly,FF5336,69,dobry
FF5337,45,zly,FF5337,70,dobry
FF5338,45,zly,FF5338,45,umiarkowany
FF5339,45,zly,FF5339,45,umiarkowany
FF5637,45,zly,FF5637,60,dobry
FF5638,45,zly,FF5638,59,dobry
FF5639,45,zly,FF5639,60,dobry
FF5734,45,zly,FF5734,57,dobry
FF5735,45,zly,FF5735,57,dobry
FF5736,45,zly,FF5736,52,umiarkowany
FF5737,45,zly,FF5737,53,umiarkowany
FF5738,45,zly,FF5738,53,umiarkowany
FF5739,45,zly,FF5739,52,umiarkowany
FF5830,45,zly,FF5830,45,umiarkowany
FF5831,45,zly,FF5831,47,umiarkowany
FF5834,45,zly,FF5834,49,umiarkowany
FF5835,45,zly,FF5835,49,umiarkowany
FF5837,45,zly,FF5837,49,umiarkowany
FF5838,45,zly,FF5838,46,umiarkowany
FF5839,45,zly,FF5839,45,umiarkowany
FF5930,45,zly,FF5930,58,dobry
FF5931,45,zly,FF5931,58,dobry
FF5932,45,zly,FF5932,46,umiarkowany
FF5933,45,zly,FF5933,46,umiarkowany
FF5029,45,zly,FF5029,48,umiarkowany
FF5120,45,zly,FF5120,48,umiarkowany
FF5121,45,zly,FF5121,50,umiarkowany
FF5122,45,zly,FF5122,51,umiarkowany
FF5127,45,zly,FF5127,47,umiarkowany
FF5221,45,zly,FF5221,50,umiarkowany
FF5224,45,zly,FF5224,53,umiarkowany
FF5325,45,zly,FF5325,57,dobry
FF5328,45,zly,FF5328,45,umiarkowany
FF5329,45,zly,FF5329,45,umiarkowany
FF5627,45,zly,FF5627,52,umiarkowany
FF5628,45,zly,FF5628,52,umiarkowany
FF5728,45,zly,FF5728,54,dobry
FF5729,45,zly,FF5729,49,umiarkowany
FF5820,45,zly,FF5820,49,umiarkowany
FF5821,45,zly,FF5821,50,umiarkowany
FF5822,45,zly,FF5822,54,dobry
FF5825,45,zly,FF5825,49,umiarkowany
FF5826,45,zly,FF5826,48,umiarkowany
FF5827,45,zly,FF5827,48,umiarkowany
FF5828,45,zly,FF5828,48,umiarkowany
FF5829,45,zly,FF5829,45,umiarkowany
FF5920,45,zly,FF5920,52,umiarkowany
FF5921,45,zly,FF5921,55,dobry
FF5922,45,zly,FF5922,49,umiarkowany
FF5923,45,zly,FF5923,45,umiarkowany
FF3969,45,zly,FF3969,45,umiarkowany
FF3979,45,zly,FF3979,49,umiarkowany
FF5919,45,zly,FF5919,46,umiarkowany
FF3918,45,zly,FF3918,45,umiarkowany
FF3948,45,zly,FF3948,45,umiarkowany
FF3958,45,zly,FF3958,48,umiarkowany
FF3978,45,zly,FF3978,50,umiarkowany
FF5908,45,zly,FF5908,45,umiarkowany
FF5918,45,zly,FF5918,45,umiarkowany
FF5019,45,zly,FF5019,48,umiarkowany
FF5110,45,zly,FF5110,57,dobry
FF5111,45,zly,FF5111,56,dobry
FF5210,45,zly,FF5210,56,dobry
FF5211,45,zly,FF5211,47,umiarkowany
FF5213,45,zly,FF5213,54,dobry
FF5214,45,zly,FF5214,55,dobry
FF5318,45,zly,FF5318,50,umiarkowany
FF5617,45,zly,FF5617,59,dobry
FF5618,45,zly,FF5618,54,dobry
FF5619,45,zly,FF5619,53,umiarkowany
FF5718,45,zly,FF5718,55,dobry
FF5810,45,zly,FF5810,50,umiarkowany
FF5811,45,zly,FF5811,50,umiarkowany
FF5812,45,zly,FF5812,48,umiarkowany
FF5814,45,zly,FF5814,46,umiarkowany
FF5815,45,zly,FF5815,46,umiarkowany
FF5816,45,zly,FF5816,48,umiarkowany
FF5817,45,zly,FF5817,47,umiarkowany
FF5818,45,zly,FF5818,48,umiarkowany
FF5819,45,zly,FF5819,48,umiarkowany
FF5910,45,zly,FF5910,46,umiarkowany
FF5912,50,umiarkowany,FF5912,48,umiarkowany
FF3917,45,zly,FF3917,45,umiarkowany
FF3937,45,zly,FF3937,47,umiarkowany
FF3957,45,zly,FF3957,51,umiarkowany
FF3977,45,zly,FF3977,47,umiarkowany
FF3987,45,zly,FF3987,49,umiarkowany
FF4917,45,zly,FF4917,45,umiarkowany
FF9295,45,zly,FF9295,59,dobry
FF9296,45,zly,FF9296,57,dobry
FF9297,45,zly,FF9297,45,umiarkowany
FF9298,45,zly,FF9298,45,umiarkowany
FF9299,45,zly,FF9299,45,umiarkowany
FF9390,45,zly,FF9390,52,umiarkowany
FF9391,45,zly,FF9391,63,dobry
FF9392,45,zly,FF9392,63,dobry
FF9393,45,zly,FF9393,52,umiarkowany
FF9394,45,zly,FF9394,57,dobry
FF9395,45,zly,FF9395,57,dobry
FF9396,45,zly,FF9396,55,dobry
FF9397,45,zly,FF9397,56,dobry
FF9398,45,zly,FF9398,50,umiarkowany
FF9491,45,zly,FF9491,50,umiarkowany
FF9492,45,zly,FF9492,45,umiarkowany
FF9493,45,zly,FF9493,52,umiarkowany
FF9494,45,zly,FF9494,58,dobry
FF9495,45,zly,FF9495,45,umiarkowany
FF9496,45,zly,FF9496,46,umiarkowany
FF9498,45,zly,FF9498,45,umiarkowany
FF9499,45,zly,FF9499,45,umiarkowany
FF9590,45,zly,FF9590,46,umiarkowany
FF9591,45,zly,FF9591,48,umiarkowany
FF9594,45,zly,FF9594,47,umiarkowany
FF9595,45,zly,FF9595,49,umiarkowany
FF9596,45,zly,FF9596,49,umiarkowany
FF9283,45,zly,FF9283,45,umiarkowany
FF9284,45,zly,FF9284,45,umiarkowany
FF9285,45,zly,FF9285,64,dobry
FF9286,45,zly,FF9286,64,dobry
FF9287,45,zly,FF9287,45,umiarkowany
FF9288,45,zly,FF9288,45,umiarkowany
FF9289,45,zly,FF9289,53,umiarkowany
FF9380,45,zly,FF9380,59,dobry
FF9384,45,zly,FF9384,58,dobry
FF9481,45,zly,FF9481,50,umiarkowany
FF9482,45,zly,FF9482,52,umiarkowany
FF9483,45,zly,FF9483,58,dobry
FF9484,45,zly,FF9484,52,umiarkowany
FF9489,45,zly,FF9489,45,umiarkowany
FF9580,45,zly,FF9580,47,umiarkowany
FF9581,45,zly,FF9581,47,umiarkowany
FF9584,45,zly,FF9584,47,umiarkowany
FF9585,45,zly,FF9585,47,umiarkowany
FF9586,45,zly,FF9586,47,umiarkowany
FF9587,45,zly,FF9587,47,umiarkowany
FF9681,45,zly,FF9681,48,umiarkowany
FF9682,45,zly,FF9682,46,umiarkowany
FF9686,45,zly,FF9686,48,umiarkowany
FF9688,45,zly,FF9688,47,umiarkowany
FF9689,45,zly,FF9689,49,umiarkowany
FF9780,45,zly,FF9780,45,umiarkowany
FF9273,45,zly,FF9273,45,umiarkowany
FF9274,45,zly,FF9274,57,dobry
FF9275,45,zly,FF9275,68,dobry
FF9276,45,zly,FF9276,45,umiarkowany
FF9277,45,zly,FF9277,63,dobry
FF9278,45,zly,FF9278,50,umiarkowany
FF9470,45,zly,FF9470,48,umiarkowany
FF9471,45,zly,FF9471,53,umiarkowany
FF9472,45,zly,FF9472,59,dobry
FF9473,45,zly,FF9473,53,umiarkowany
FF9570,45,zly,FF9570,55,dobry
FF9571,45,zly,FF9571,55,dobry
FF9573,45,zly,FF9573,49,umiarkowany
FF9574,45,zly,FF9574,50,umiarkowany
FF9575,45,zly,FF9575,51,umiarkowany
FF9576,45,zly,FF9576,50,umiarkowany
FF9671,45,zly,FF9671,47,umiarkowany
FF9676,45,zly,FF9676,47,umiarkowany
FF9678,45,zly,FF9678,45,umiarkowany
FF9979,45,zly,FF9979,45,umiarkowany
FF9262,45,zly,FF9262,45,umiarkowany
FF9263,45,zly,FF9263,45,umiarkowany
FF9264,45,zly,FF9264,55,dobry
FF9265,45,zly,FF9265,58,dobry
FF9266,45,zly,FF9266,52,umiarkowany
FF9369,45,zly,FF9369,53,umiarkowany
FF9460,45,zly,FF9460,54,dobry
FF9461,45,zly,FF9461,52,umiarkowany
FF9462,45,zly,FF9462,52,umiarkowany
FF9463,45,zly,FF9463,45,umiarkowany
FF9562,45,zly,FF9562,53,umiarkowany
FF9563,45,zly,FF9563,51,umiarkowany
FF9564,45,zly,FF9564,48,umiarkowany
FF9565,45,zly,FF9565,48,umiarkowany
FF9661,45,zly,FF9661,49,umiarkowany
FF9662,45,zly,FF9662,47,umiarkowany
FF9663,45,zly,FF9663,49,umiarkowany
FF9968,45,zly,FF9968,45,umiarkowany
FF9969,45,zly,FF9969,46,umiarkowany
FF9251,45,zly,FF9251,47,umiarkowany
FF9252,45,zly,FF9252,45,umiarkowany
FF9253,45,zly,FF9253,46,umiarkowany
FF9254,45,zly,FF9254,51,umiarkowany
FF9359,45,zly,FF9359,58,dobry
FF9450,45,zly,FF9450,54,dobry
FF9451,45,zly,FF9451,52,umiarkowany
FF9452,45,zly,FF9452,47,umiarkowany
FF9453,45,zly,FF9453,50,umiarkowany
FF9553,45,zly,FF9553,48,umiarkowany
FF9554,45,zly,FF9554,48,umiarkowany
FF9556,45,zly,FF9556,49,umiarkowany
FF9559,45,zly,FF9559,49,umiarkowany
FF9650,45,zly,FF9650,45,umiarkowany
FF9651,45,zly,FF9651,45,umiarkowany
FF9652,45,zly,FF9652,46,umiarkowany
FF9653,45,zly,FF9653,49,umiarkowany
FF9654,45,zly,FF9654,49,umiarkowany
FF9959,45,zly,FF9959,45,umiarkowany
FF9240,45,zly,FF9240,48,umiarkowany
FF9241,45,zly,FF9241,47,umiarkowany
FF9242,45,zly,FF9242,45,umiarkowany
FF9243,45,zly,FF9243,53,umiarkowany
FF9440,45,zly,FF9440,54,dobry
FF9441,45,zly,FF9441,52,umiarkowany
FF9442,45,zly,FF9442,47,umiarkowany
FF9545,45,zly,FF9545,49,umiarkowany
FF9546,45,zly,FF9546,49,umiarkowany
FF9547,45,zly,FF9547,49,umiarkowany
FF9548,45,zly,FF9548,48,umiarkowany
FF9549,45,zly,FF9549,48,umiarkowany
FF9640,45,zly,FF9640,49,umiarkowany
FF9641,45,zly,FF9641,47,umiarkowany
FF9642,45,zly,FF9642,46,umiarkowany
FF9643,45,zly,FF9643,50,umiarkowany
FF9230,45,zly,FF9230,52,umiarkowany
FF9231,45,zly,FF9231,54,dobry
FF9232,45,zly,FF9232,54,dobry
FF9233,45,zly,FF9233,47,umiarkowany
FF9432,45,zly,FF9432,54,dobry
FF9536,45,zly,FF9536,46,umiarkowany
FF9537,45,zly,FF9537,47,umiarkowany
FF9539,45,zly,FF9539,47,umiarkowany
FF9630,45,zly,FF9630,47,umiarkowany
FF9631,45,zly,FF9631,51,umiarkowany
FF9632,45,zly,FF9632,49,umiarkowany
FF9636,45,zly,FF9636,48,umiarkowany
FF9637,45,zly,FF9637,50,umiarkowany
FF9129,47,slaby,FF9129,50,umiarkowany
FF9220,45,zly,FF9220,45,umiarkowany
FF9221,45,zly,FF9221,61,dobry
FF9222,45,zly,FF9222,45,umiarkowany
FF9223,45,zly,FF9223,45,umiarkowany
FF9421,45,zly,FF9421,47,umiarkowany
FF9422,45,zly,FF9422,45,umiarkowany
FF9423,45,zly,FF9423,59,dobry
FF9525,45,zly,FF9525,45,umiarkowany
FF9527,45,zly,FF9527,47,umiarkowany
FF9528,45,zly,FF9528,47,umiarkowany
FF9529,45,zly,FF9529,48,umiarkowany
FF9620,45,zly,FF9620,48,umiarkowany
FF9621,45,zly,FF9621,46,umiarkowany
FF9622,45,zly,FF9622,46,umiarkowany
FF9928,45,zly,FF9928,46,umiarkowany
FF9929,45,zly,FF9929,46,umiarkowany
FF9118,45,zly,FF9118,57,dobry
FF9119,45,zly,FF9119,62,dobry
FF9210,45,zly,FF9210,66,dobry
FF9211,45,zly,FF9211,46,umiarkowany
FF9212,45,zly,FF9212,46,umiarkowany
FF9214,45,zly,FF9214,53,umiarkowany
FF9319,45,zly,FF9319,53,umiarkowany
FF9410,45,zly,FF9410,46,umiarkowany
FF9411,45,zly,FF9411,46,umiarkowany
FF9412,45,zly,FF9412,48,umiarkowany
FF9514,45,zly,FF9514,46,umiarkowany
FF9518,45,zly,FF9518,46,umiarkowany
FF9519,45,zly,FF9519,47,umiarkowany
FF9610,45,zly,FF9610,48,umiarkowany
FF9613,45,zly,FF9613,49,umiarkowany
FF9816,45,zly,FF9816,45,umiarkowany
FF9817,45,zly,FF9817,45,umiarkowany
FF9912,45,zly,FF9912,51,umiarkowany
FF9913,45,zly,FF9913,45,umiarkowany
FF9915,45,zly,FF9915,47,umiarkowany
FF9917,45,zly,FF9917,46,umiarkowany
FF9918,45,zly,FF9918,46,umiarkowany
FF9919,45,zly,FF9919,45,umiarkowany
FF9108,45,zly,FF9108,68,dobry
FF9109,45,zly,FF9109,66,dobry
FF9200,45,zly,FF9200,58,dobry
FF9201,45,zly,FF9201,60,dobry
FF9202,45,zly,FF9202,56,dobry
FF9309,45,zly,FF9309,45,umiarkowany
FF9400,45,zly,FF9400,51,umiarkowany
FF9401,45,zly,FF9401,50,umiarkowany
FF9403,45,zly,FF9403,45,umiarkowany
FF9503,45,zly,FF9503,45,umiarkowany
FF9507,45,zly,FF9507,47,umiarkowany
FF9508,45,zly,FF9508,47,umiarkowany
FF9509,45,zly,FF9509,47,umiarkowany
FF9600,45,zly,FF9600,48,umiarkowany
FF9602,45,zly,FF9602,49,umiarkowany
FF9603,45,zly,FF9603,49,umiarkowany
FF9804,45,zly,FF9804,45,umiarkowany
FF9805,45,zly,FF9805,45,umiarkowany
FF9806,45,zly,FF9806,45,umiarkowany
FF9807,45,zly,FF9807,45,umiarkowany
FF9808,45,zly,FF9808,45,umiarkowany
FF9902,45,zly,FF9902,45,umiarkowany
FF9905,45,zly,FF9905,47,umiarkowany
FF9906,45,zly,FF9906,46,umiarkowany
FF9907,45,zly,FF9907,47,umiarkowany
FF9908,45,zly,FF9908,47,umiarkowany
FF9909,45,zly,FF9909,47,umiarkowany
FF8198,45,zly,FF8198,45,umiarkowany
FF8199,45,zly,FF8199,61,dobry
FF8290,45,zly,FF8290,45,umiarkowany
FF8495,45,zly,FF8495,61,dobry
FF8496,45,zly,FF8496,63,dobry
FF8497,45,zly,FF8497,64,dobry
FF8498,45,zly,FF8498,57,dobry
FF8499,45,zly,FF8499,61,dobry
FF8592,45,zly,FF8592,60,dobry
FF8597,45,zly,FF8597,49,umiarkowany
FF8599,45,zly,FF8599,45,umiarkowany
FF8691,45,zly,FF8691,48,umiarkowany
FF8698,45,zly,FF8698,45,umiarkowany
FF8699,45,zly,FF8699,45,umiarkowany
FF8790,45,zly,FF8790,45,umiarkowany
FF8796,45,zly,FF8796,45,umiarkowany
FF8797,45,zly,FF8797,45,umiarkowany
FF8891,45,zly,FF8891,45,umiarkowany
FF8893,45,zly,FF8893,45,umiarkowany
FF8894,45,zly,FF8894,45,umiarkowany
FF8895,45,zly,FF8895,45,umiarkowany
FF8896,45,zly,FF8896,54,dobry
FF8991,45,zly,FF8991,45,umiarkowany
FF8992,45,zly,FF8992,45,umiarkowany
FF8994,45,zly,FF8994,45,umiarkowany
FF8995,45,zly,FF8995,45,umiarkowany
FF8996,45,zly,FF8996,45,umiarkowany
FF8997,45,zly,FF8997,45,umiarkowany
FF8998,45,zly,FF8998,45,umiarkowany
FF8999,45,zly,FF8999,45,umiarkowany
FF8188,45,zly,FF8188,60,dobry
FF8189,45,zly,FF8189,56,dobry
FF8480,45,zly,FF8480,52,umiarkowany
FF8485,45,zly,FF8485,54,dobry
FF8486,45,zly,FF8486,58,dobry
FF8487,45,zly,FF8487,65,dobry
FF8488,45,zly,FF8488,54,dobry
FF8489,45,zly,FF8489,54,dobry
FF8580,45,zly,FF8580,45,umiarkowany
FF8587,45,zly,FF8587,54,dobry
FF8588,45,zly,FF8588,49,umiarkowany
FF8589,45,zly,FF8589,49,umiarkowany
FF8680,45,zly,FF8680,45,umiarkowany
FF8681,45,zly,FF8681,45,umiarkowany
FF8688,45,zly,FF8688,45,umiarkowany
FF8689,45,zly,FF8689,45,umiarkowany
FF8780,45,zly,FF8780,45,umiarkowany
FF8782,45,zly,FF8782,45,umiarkowany
FF8783,45,zly,FF8783,45,umiarkowany
FF8784,45,zly,FF8784,45,umiarkowany
FF8785,45,zly,FF8785,45,umiarkowany
FF8786,45,zly,FF8786,45,umiarkowany
FF8880,45,zly,FF8880,45,umiarkowany
FF8881,45,zly,FF8881,45,umiarkowany
FF8882,45,zly,FF8882,45,umiarkowany
FF8883,45,zly,FF8883,46,umiarkowany
FF8884,45,zly,FF8884,48,umiarkowany
FF8885,45,zly,FF8885,47,umiarkowany
FF8886,45,zly,FF8886,49,umiarkowany
FF8887,45,zly,FF8887,49,umiarkowany
FF8983,45,zly,FF8983,45,umiarkowany
FF8984,45,zly,FF8984,46,umiarkowany
FF8985,45,zly,FF8985,47,umiarkowany
FF8986,45,zly,FF8986,46,umiarkowany
FF8987,45,zly,FF8987,45,umiarkowany
FF8988,45,zly,FF8988,47,umiarkowany
FF8989,45,zly,FF8989,47,umiarkowany
FF7128,45,zly,FF7128,45,umiarkowany
FF7118,45,zly,FF7118,45,umiarkowany
FF7129,45,zly,FF7129,58,dobry
FF7119,45,zly,FF7119,55,dobry
FF7220,45,zly,FF7220,50,umiarkowany
FF7210,45,zly,FF7210,54,dobry
FF7223,45,zly,FF7223,49,umiarkowany
FF7224,45,zly,FF7224,51,umiarkowany
FF7214,45,zly,FF7214,50,umiarkowany
FF7215,45,zly,FF7215,50,umiarkowany
FF7216,45,zly,FF7216,48,umiarkowany
FF7227,45,zly,FF7227,47,umiarkowany
FF7312,45,zly,FF7312,60,dobry
FF7313,45,zly,FF7313,56,dobry
FF7314,45,zly,FF7314,51,umiarkowany
FF7315,45,zly,FF7315,56,dobry
FF7326,45,zly,FF7326,57,dobry
FF7316,45,zly,FF7316,54,dobry
FF7327,45,zly,FF7327,45,umiarkowany
FF7317,45,zly,FF7317,47,umiarkowany
FF7328,45,zly,FF7328,45,umiarkowany
FF7329,45,zly,FF7329,45,umiarkowany
FF7420,45,zly,FF7420,45,umiarkowany
FF7429,45,zly,FF7429,45,umiarkowany
FF7520,45,zly,FF7520,45,umiarkowany
FF7510,45,zly,FF7510,45,umiarkowany
FF7521,45,zly,FF7521,60,dobry
FF7511,45,zly,FF7511,45,umiarkowany
FF7522,45,zly,FF7522,56,dobry
FF7512,45,zly,FF7512,54,dobry
FF7513,45,zly,FF7513,45,umiarkowany
FF7514,45,zly,FF7514,52,umiarkowany
FF7525,45,zly,FF7525,52,umiarkowany
FF7515,45,zly,FF7515,54,dobry
FF7526,45,zly,FF7526,52,umiarkowany
FF7516,45,zly,FF7516,52,umiarkowany
FF7527,45,zly,FF7527,52,umiarkowany
FF7517,45,zly,FF7517,56,dobry
FF7528,45,zly,FF7528,52,umiarkowany
FF7518,45,zly,FF7518,58,dobry
FF7529,45,zly,FF7529,52,umiarkowany
FF7519,45,zly,FF7519,56,dobry
FF7620,45,zly,FF7620,57,dobry
FF7610,45,zly,FF7610,52,umiarkowany
FF7624,45,zly,FF7624,47,umiarkowany
FF7614,45,zly,FF7614,46,umiarkowany
FF7625,45,zly,FF7625,63,dobry
FF7615,45,zly,FF7615,54,dobry
FF7626,45,zly,FF7626,64,dobry
FF7616,45,zly,FF7616,54,dobry
FF7108,45,zly,FF7108,45,umiarkowany
FF7109,45,zly,FF7109,55,dobry
FF7200,45,zly,FF7200,49,umiarkowany
FF7201,45,zly,FF7201,50,umiarkowany
FF7203,45,zly,FF7203,50,umiarkowany
FF7204,45,zly,FF7204,50,umiarkowany
FF7205,45,zly,FF7205,50,umiarkowany
FF7206,45,zly,FF7206,50,umiarkowany
FF7207,45,zly,FF7207,50,umiarkowany
FF7208,45,zly,FF7208,50,umiarkowany
FF7300,45,zly,FF7300,50,umiarkowany
FF7301,45,zly,FF7301,51,umiarkowany
FF7302,45,zly,FF7302,51,umiarkowany
FF7303,45,zly,FF7303,45,umiarkowany
FF7304,45,zly,FF7304,45,umiarkowany
FF7305,45,zly,FF7305,45,umiarkowany
FF7502,45,zly,FF7502,54,dobry
FF7503,45,zly,FF7503,45,umiarkowany
FF7504,45,zly,FF7504,53,umiarkowany
FF7505,45,zly,FF7505,54,dobry
FF7506,45,zly,FF7506,53,umiarkowany
FF7507,45,zly,FF7507,56,dobry
FF7508,45,zly,FF7508,56,dobry
FF7509,45,zly,FF7509,54,dobry
FF7600,45,zly,FF7600,59,dobry
FF7601,45,zly,FF7601,57,dobry
FF7603,45,zly,FF7603,52,umiarkowany
FF7604,45,zly,FF7604,52,umiarkowany
FF7605,45,zly,FF7605,54,dobry
FF7606,45,zly,FF7606,51,umiarkowany
FF7294,45,zly,FF7294,45,umiarkowany
FF8205,45,zly,FF8205,45,umiarkowany
FF7295,45,zly,FF7295,47,umiarkowany
FF8206,45,zly,FF8206,45,umiarkowany
FF7296,45,zly,FF7296,47,umiarkowany
FF8207,45,zly,FF8207,57,dobry
FF7297,45,zly,FF7297,50,umiarkowany
FF8208,45,zly,FF8208,55,dobry
FF7298,45,zly,FF7298,49,umiarkowany
FF7390,45,zly,FF7390,56,dobry
FF7391,45,zly,FF7391,58,dobry
FF8302,45,zly,FF8302,49,umiarkowany
FF7392,45,zly,FF7392,57,dobry
FF8303,45,zly,FF8303,49,umiarkowany
FF7393,45,zly,FF7393,56,dobry
FF8304,45,zly,FF8304,53,umiarkowany
FF7394,45,zly,FF7394,45,umiarkowany
FF8308,45,zly,FF8308,45,umiarkowany
FF8400,45,zly,FF8400,55,dobry
FF8401,45,zly,FF8401,57,dobry
FF7491,45,zly,FF7491,45,umiarkowany
FF8402,45,zly,FF8402,54,dobry
FF7492,45,zly,FF7492,50,umiarkowany
FF8403,45,zly,FF8403,55,dobry
FF7493,45,zly,FF7493,50,umiarkowany
FF8404,45,zly,FF8404,55,dobry
FF7494,45,zly,FF7494,46,umiarkowany
FF8405,45,zly,FF8405,58,dobry
FF7495,45,zly,FF7495,45,umiarkowany
FF7496,45,zly,FF7496,52,umiarkowany
FF8501,45,zly,FF8501,49,umiarkowany
FF8502,45,zly,FF8502,48,umiarkowany
FF8503,45,zly,FF8503,55,dobry
FF7593,45,zly,FF7593,45,umiarkowany
FF7594,45,zly,FF7594,53,umiarkowany
FF7598,45,zly,FF7598,59,dobry
FF7599,46,zly,FF7599,51,umiarkowany
FF7690,45,zly,FF7690,51,umiarkowany
FF8601,45,zly,FF8601,53,umiarkowany
FF7691,45,zly,FF7691,60,dobry
FF8602,45,zly,FF8602,57,dobry
FF7692,45,zly,FF7692,53,umiarkowany
FF8603,45,zly,FF8603,56,dobry
FF7693,45,zly,FF7693,51,umiarkowany
FF8604,45,zly,FF8604,52,umiarkowany
FF7694,45,zly,FF7694,53,umiarkowany
FF8605,45,zly,FF8605,47,umiarkowany
FF7695,45,zly,FF7695,53,umiarkowany
FF8606,45,zly,FF8606,46,umiarkowany
FF7696,45,zly,FF7696,47,umiarkowany
FF8607,45,zly,FF8607,47,umiarkowany
FF7697,45,zly,FF7697,47,umiarkowany
FF8705,45,zly,FF8705,47,umiarkowany
FF7797,45,zly,FF7797,47,umiarkowany
FF8708,45,zly,FF8708,47,umiarkowany
FF7798,45,zly,FF7798,47,umiarkowany
FF8709,45,zly,FF8709,47,umiarkowany
FF7799,45,zly,FF7799,48,umiarkowany
FF8800,45,zly,FF8800,45,umiarkowany
FF7890,45,zly,FF7890,47,umiarkowany
FF8801,45,zly,FF8801,45,umiarkowany
FF7891,45,zly,FF7891,46,umiarkowany
FF7892,45,zly,FF7892,47,umiarkowany
FF8805,45,zly,FF8805,47,umiarkowany
FF7895,45,zly,FF7895,48,umiarkowany
FF8806,45,zly,FF8806,47,umiarkowany
FF7896,45,zly,FF7896,48,umiarkowany
FF7897,45,zly,FF7897,47,umiarkowany
FF8808,45,zly,FF8808,45,umiarkowany
FF7898,45,zly,FF7898,45,umiarkowany
FF7899,45,zly,FF7899,47,umiarkowany
FF7990,45,zly,FF7990,45,umiarkowany
FF8901,45,zly,FF8901,47,umiarkowany
FF7991,45,zly,FF7991,45,umiarkowany
FF8902,45,zly,FF8902,47,umiarkowany
FF7992,45,zly,FF7992,45,umiarkowany
FF8903,45,zly,FF8903,45,umiarkowany
FF8904,45,zly,FF8904,45,umiarkowany
FF8905,45,zly,FF8905,45,umiarkowany
FF7284,45,zly,FF7284,45,umiarkowany
FF7285,45,zly,FF7285,47,umiarkowany
FF7286,45,zly,FF7286,46,umiarkowany
FF7288,45,zly,FF7288,49,umiarkowany
FF7289,45,zly,FF7289,49,umiarkowany
FF7380,45,zly,FF7380,55,dobry
FF7381,45,zly,FF7381,55,dobry
FF7382,45,zly,FF7382,48,umiarkowany
FF7383,45,zly,FF7383,45,umiarkowany
FF7481,45,zly,FF7481,45,umiarkowany
FF7482,45,zly,FF7482,45,umiarkowany
FF7483,45,zly,FF7483,45,umiarkowany
FF7484,45,zly,FF7484,45,umiarkowany
FF7485,45,zly,FF7485,45,umiarkowany
FF7486,45,zly,FF7486,45,umiarkowany
FF7583,45,zly,FF7583,45,umiarkowany
FF7584,45,zly,FF7584,51,umiarkowany
FF7585,45,zly,FF7585,52,umiarkowany
FF7587,45,zly,FF7587,46,umiarkowany
FF7588,45,zly,FF7588,52,umiarkowany
FF7589,45,zly,FF7589,57,dobry
FF7680,45,zly,FF7680,55,dobry
FF7681,45,zly,FF7681,59,dobry
FF7684,45,zly,FF7684,48,umiarkowany
FF7686,45,zly,FF7686,48,umiarkowany
FF7687,45,zly,FF7687,48,umiarkowany
FF7688,45,zly,FF7688,45,umiarkowany
FF7689,45,zly,FF7689,45,umiarkowany
FF7785,45,zly,FF7785,45,umiarkowany
FF7786,45,zly,FF7786,45,umiarkowany
FF7787,45,zly,FF7787,48,umiarkowany
FF7788,45,zly,FF7788,48,umiarkowany
FF7789,45,zly,FF7789,47,umiarkowany
FF7880,45,zly,FF7880,48,umiarkowany
FF7881,45,zly,FF7881,47,umiarkowany
FF7882,45,zly,FF7882,48,umiarkowany
FF7883,45,zly,FF7883,47,umiarkowany
FF7884,45,zly,FF7884,45,umiarkowany
FF7885,45,zly,FF7885,48,umiarkowany
FF7888,45,zly,FF7888,45,umiarkowany
FF7889,45,zly,FF7889,45,umiarkowany
FF7980,45,zly,FF7980,45,umiarkowany
FF7981,45,zly,FF7981,45,umiarkowany
FF7273,45,zly,FF7273,45,umiarkowany
FF7274,45,zly,FF7274,51,umiarkowany
FF7275,45,zly,FF7275,50,umiarkowany
FF7276,45,zly,FF7276,50,umiarkowany
FF7277,45,zly,FF7277,47,umiarkowany
FF7278,45,zly,FF7278,51,umiarkowany
FF7279,45,zly,FF7279,49,umiarkowany
FF7370,45,zly,FF7370,49,umiarkowany
FF7371,45,zly,FF7371,50,umiarkowany
FF7372,45,zly,FF7372,49,umiarkowany
FF7375,45,zly,FF7375,51,umiarkowany
FF7376,45,zly,FF7376,58,dobry
FF7377,45,zly,FF7377,49,umiarkowany
FF7573,45,zly,FF7573,45,umiarkowany
FF7574,45,zly,FF7574,45,umiarkowany
FF7575,45,zly,FF7575,54,dobry
FF7576,45,zly,FF7576,57,dobry
FF7577,45,zly,FF7577,59,dobry
FF7578,45,zly,FF7578,48,umiarkowany
FF7579,45,zly,FF7579,53,umiarkowany
FF7670,45,zly,FF7670,55,dobry
FF7671,45,zly,FF7671,60,dobry
FF7675,45,zly,FF7675,62,dobry
FF7676,45,zly,FF7676,45,umiarkowany
FF7677,45,zly,FF7677,45,umiarkowany
FF7777,45,zly,FF7777,48,umiarkowany
FF7778,45,zly,FF7778,48,umiarkowany
FF7779,45,zly,FF7779,48,umiarkowany
FF7870,45,zly,FF7870,47,umiarkowany
FF7871,45,zly,FF7871,46,umiarkowany
FF7872,71,bardzo dobry,FF7872,45,umiarkowany
FF7873,71,bardzo dobry,FF7873,47,umiarkowany
FF7874,45,zly,FF7874,47,umiarkowany
FF7875,45,zly,FF7875,45,umiarkowany
FF7260,45,zly,FF7260,45,umiarkowany
FF7261,45,zly,FF7261,45,umiarkowany
FF7262,45,zly,FF7262,50,umiarkowany
FF7263,45,zly,FF7263,45,umiarkowany
FF7264,45,zly,FF7264,51,umiarkowany
FF7265,45,zly,FF7265,51,umiarkowany
FF7266,45,zly,FF7266,50,umiarkowany
FF7267,45,zly,FF7267,50,umiarkowany
FF7268,45,zly,FF7268,45,umiarkowany
FF7269,45,zly,FF7269,51,umiarkowany
FF7361,45,zly,FF7361,59,dobry
FF7362,45,zly,FF7362,52,umiarkowany
FF7364,45,zly,FF7364,51,umiarkowany
FF7365,45,zly,FF7365,51,umiarkowany
FF7366,45,zly,FF7366,51,umiarkowany
FF7367,45,zly,FF7367,49,umiarkowany
FF7368,45,zly,FF7368,50,umiarkowany
FF7369,45,zly,FF7369,46,umiarkowany
FF7562,45,zly,FF7562,45,umiarkowany
FF7563,45,zly,FF7563,54,dobry
FF7564,45,zly,FF7564,59,dobry
FF7565,45,zly,FF7565,54,dobry
FF7566,45,zly,FF7566,56,dobry
FF7567,45,zly,FF7567,60,dobry
FF7568,45,zly,FF7568,55,dobry
FF7569,45,zly,FF7569,47,umiarkowany
FF7660,45,zly,FF7660,50,umiarkowany
FF7666,45,zly,FF7666,49,umiarkowany
FF7667,45,zly,FF7667,50,umiarkowany
FF7668,45,zly,FF7668,45,umiarkowany
FF7766,45,zly,FF7766,45,umiarkowany
FF7767,45,zly,FF7767,45,umiarkowany
FF7768,45,zly,FF7768,48,umiarkowany
FF7769,45,zly,FF7769,48,umiarkowany
FF7860,45,zly,FF7860,45,umiarkowany
FF7861,45,zly,FF7861,47,umiarkowany
FF7862,45,zly,FF7862,47,umiarkowany
FF7863,45,zly,FF7863,47,umiarkowany
FF7864,45,zly,FF7864,46,umiarkowany
FF7865,45,zly,FF7865,45,umiarkowany
FF7250,45,zly,FF7250,45,umiarkowany
FF7251,45,zly,FF7251,50,umiarkowany
FF7252,45,zly,FF7252,50,umiarkowany
FF7254,45,zly,FF7254,51,umiarkowany
FF7255,45,zly,FF7255,51,umiarkowany
FF7256,45,zly,FF7256,50,umiarkowany
FF7257,45,zly,FF7257,50,umiarkowany
FF7258,45,zly,FF7258,45,umiarkowany
FF7259,45,zly,FF7259,51,umiarkowany
FF7350,45,zly,FF7350,61,dobry
FF7351,45,zly,FF7351,48,umiarkowany
FF7352,45,zly,FF7352,45,umiarkowany
FF7353,45,zly,FF7353,45,umiarkowany
FF7354,45,zly,FF7354,45,umiarkowany
FF7355,59,dobry,FF7355,47,umiarkowany
FF7357,45,zly,FF7357,54,dobry
FF7358,45,zly,FF7358,54,dobry
FF7359,45,zly,FF7359,47,umiarkowany
FF7450,45,zly,FF7450,45,umiarkowany
FF7551,45,zly,FF7551,45,umiarkowany
FF7552,45,zly,FF7552,45,umiarkowany
FF7553,45,zly,FF7553,53,umiarkowany
FF7554,45,zly,FF7554,53,umiarkowany
FF7555,45,zly,FF7555,58,dobry
FF7556,45,zly,FF7556,51,umiarkowany
FF7557,45,zly,FF7557,60,dobry
FF7558,45,zly,FF7558,60,dobry
FF7559,45,zly,FF7559,53,umiarkowany
FF7650,45,zly,FF7650,50,umiarkowany
FF7651,45,zly,FF7651,52,umiarkowany
FF7658,45,zly,FF7658,45,umiarkowany
FF7758,45,zly,FF7758,47,umiarkowany
FF7759,45,zly,FF7759,48,umiarkowany
FF7850,45,zly,FF7850,47,umiarkowany
FF7851,45,zly,FF7851,46,umiarkowany
FF7852,45,zly,FF7852,45,umiarkowany
FF7853,45,zly,FF7853,46,umiarkowany
FF7854,45,zly,FF7854,45,umiarkowany
FF7240,45,zly,FF7240,49,umiarkowany
FF7241,45,zly,FF7241,49,umiarkowany
FF7244,45,zly,FF7244,51,umiarkowany
FF7245,45,zly,FF7245,49,umiarkowany
FF7246,45,zly,FF7246,49,umiarkowany
FF7247,45,zly,FF7247,50,umiarkowany
FF7248,45,zly,FF7248,48,umiarkowany
FF7249,45,zly,FF7249,48,umiarkowany
FF7341,45,zly,FF7341,55,dobry
FF7342,45,zly,FF7342,56,dobry
FF7343,45,zly,FF7343,50,umiarkowany
FF7344,45,zly,FF7344,48,umiarkowany
FF7348,45,zly,FF7348,50,umiarkowany
FF7349,45,zly,FF7349,49,umiarkowany
FF7440,45,zly,FF7440,45,umiarkowany
FF7541,45,zly,FF7541,45,umiarkowany
FF7542,45,zly,FF7542,53,umiarkowany
FF7543,45,zly,FF7543,59,dobry
FF7544,45,zly,FF7544,51,umiarkowany
FF7547,45,zly,FF7547,52,umiarkowany
FF7644,45,zly,FF7644,55,dobry
FF7645,45,zly,FF7645,55,dobry
FF7648,45,zly,FF7648,45,umiarkowany
FF7649,45,zly,FF7649,45,umiarkowany
FF7748,45,zly,FF7748,45,umiarkowany
FF7749,45,zly,FF7749,48,umiarkowany
FF7840,45,zly,FF7840,45,umiarkowany
FF7841,45,zly,FF7841,45,umiarkowany
FF7842,45,zly,FF7842,45,umiarkowany
FF7843,45,zly,FF7843,45,umiarkowany
FF7234,45,zly,FF7234,49,umiarkowany
FF7237,45,zly,FF7237,45,umiarkowany
FF7238,66,bardzo dobry,FF7238,50,umiarkowany
FF7331,45,zly,FF7331,55,dobry
FF7332,45,zly,FF7332,55,dobry
FF7333,45,zly,FF7333,56,dobry
FF7337,45,zly,FF7337,47,umiarkowany
FF7338,45,zly,FF7338,49,umiarkowany
FF7339,45,zly,FF7339,47,umiarkowany
FF7430,45,zly,FF7430,45,umiarkowany
FF7530,45,zly,FF7530,45,umiarkowany
FF7531,45,zly,FF7531,45,umiarkowany
FF7532,45,zly,FF7532,45,umiarkowany
FF7533,45,zly,FF7533,53,umiarkowany
FF7534,46,zly,FF7534,58,dobry
FF7535,45,zly,FF7535,52,umiarkowany
FF7538,45,zly,FF7538,57,dobry
FF7539,45,zly,FF7539,57,dobry
FF7630,45,zly,FF7630,52,umiarkowany
FF7634,45,zly,FF7634,52,umiarkowany
FF7635,45,zly,FF7635,48,umiarkowany
FF7639,45,zly,FF7639,45,umiarkowany
FF8379,45,zly,FF8379,60,dobry
FF8470,45,zly,FF8470,59,dobry
FF8471,45,zly,FF8471,57,dobry
FF8472,45,zly,FF8472,59,dobry
FF8475,45,zly,FF8475,56,dobry
FF8476,45,zly,FF8476,56,dobry
FF8477,45,zly,FF8477,52,umiarkowany
FF8572,45,zly,FF8572,47,umiarkowany
FF8573,45,zly,FF8573,52,umiarkowany
FF8574,45,zly,FF8574,52,umiarkowany
FF8576,45,zly,FF8576,52,umiarkowany
FF8577,45,zly,FF8577,53,umiarkowany
FF8578,45,zly,FF8578,52,umiarkowany
FF8579,45,zly,FF8579,47,umiarkowany
FF8670,45,zly,FF8670,45,umiarkowany
FF8671,45,zly,FF8671,45,umiarkowany
FF8672,45,zly,FF8672,45,umiarkowany
FF8673,45,zly,FF8673,45,umiarkowany
FF8674,45,zly,FF8674,45,umiarkowany
FF8675,45,zly,FF8675,45,umiarkowany
FF8676,45,zly,FF8676,45,umiarkowany
FF8677,45,zly,FF8677,47,umiarkowany
FF8678,45,zly,FF8678,47,umiarkowany
FF8679,45,zly,FF8679,47,umiarkowany
FF8770,45,zly,FF8770,47,umiarkowany
FF8771,45,zly,FF8771,64,dobry
FF8772,45,zly,FF8772,46,umiarkowany
FF8773,45,zly,FF8773,45,umiarkowany
FF8774,45,zly,FF8774,45,umiarkowany
FF8775,45,zly,FF8775,45,umiarkowany
FF8776,45,zly,FF8776,45,umiarkowany
FF8777,45,zly,FF8777,49,umiarkowany
FF8779,45,zly,FF8779,47,umiarkowany
FF8870,45,zly,FF8870,45,umiarkowany
FF8873,45,zly,FF8873,45,umiarkowany
FF8973,45,zly,FF8973,46,umiarkowany
FF8974,45,zly,FF8974,45,umiarkowany
FF8976,45,zly,FF8976,45,umiarkowany
FF8977,45,zly,FF8977,45,umiarkowany
FF8978,45,zly,FF8978,45,umiarkowany
FF8979,45,zly,FF8979,45,umiarkowany
FF8368,45,zly,FF8368,53,umiarkowany
FF8369,45,zly,FF8369,53,umiarkowany
FF8460,45,zly,FF8460,45,umiarkowany
FF8461,45,zly,FF8461,55,dobry
FF8462,45,zly,FF8462,61,dobry
FF8463,45,zly,FF8463,56,dobry
FF8464,45,zly,FF8464,52,umiarkowany
FF8560,45,zly,FF8560,48,umiarkowany
FF8561,45,zly,FF8561,56,dobry
FF8562,45,zly,FF8562,60,dobry
FF8566,45,zly,FF8566,45,umiarkowany
FF8567,45,zly,FF8567,53,umiarkowany
FF8568,45,zly,FF8568,54,dobry
FF8569,45,zly,FF8569,47,umiarkowany
FF8660,45,zly,FF8660,52,umiarkowany
FF8661,45,zly,FF8661,52,umiarkowany
FF8662,45,zly,FF8662,51,umiarkowany
FF8663,45,zly,FF8663,46,umiarkowany
FF8664,45,zly,FF8664,45,umiarkowany
FF8665,45,zly,FF8665,46,umiarkowany
FF8666,45,zly,FF8666,45,umiarkowany
FF8667,45,zly,FF8667,46,umiarkowany
FF8668,45,zly,FF8668,47,umiarkowany
FF8669,45,zly,FF8669,48,umiarkowany
FF8760,45,zly,FF8760,45,umiarkowany
FF8761,45,zly,FF8761,45,umiarkowany
FF8762,45,zly,FF8762,45,umiarkowany
FF8763,45,zly,FF8763,47,umiarkowany
FF8764,45,zly,FF8764,47,umiarkowany
FF8766,45,zly,FF8766,47,umiarkowany
FF8767,45,zly,FF8767,47,umiarkowany
FF8768,45,zly,FF8768,47,umiarkowany
FF8861,45,zly,FF8861,47,umiarkowany
FF8862,45,zly,FF8862,47,umiarkowany
FF8867,45,zly,FF8867,45,umiarkowany
FF8357,45,zly,FF8357,53,umiarkowany
FF8358,45,zly,FF8358,53,umiarkowany
FF8359,45,zly,FF8359,45,umiarkowany
FF8450,45,zly,FF8450,59,dobry
FF8458,45,zly,FF8458,53,umiarkowany
FF8459,45,zly,FF8459,53,umiarkowany
FF8550,45,zly,FF8550,50,umiarkowany
FF8551,45,zly,FF8551,50,umiarkowany
FF8555,45,zly,FF8555,49,umiarkowany
FF8556,45,zly,FF8556,47,umiarkowany
FF8557,45,zly,FF8557,48,umiarkowany
FF8650,45,zly,FF8650,47,umiarkowany
FF8651,45,zly,FF8651,47,umiarkowany
FF8652,45,zly,FF8652,46,umiarkowany
FF8653,45,zly,FF8653,45,umiarkowany
FF8654,45,zly,FF8654,48,umiarkowany
FF8655,45,zly,FF8655,47,umiarkowany
FF8657,45,zly,FF8657,48,umiarkowany
FF8658,45,zly,FF8658,48,umiarkowany
FF8752,45,zly,FF8752,47,umiarkowany
FF8753,45,zly,FF8753,48,umiarkowany
FF8754,45,zly,FF8754,48,umiarkowany
FF8756,45,zly,FF8756,47,umiarkowany
FF8757,45,zly,FF8757,47,umiarkowany
FF8851,45,zly,FF8851,47,umiarkowany
FF8852,45,zly,FF8852,47,umiarkowany
FF8856,45,zly,FF8856,47,umiarkowany
FF8954,45,zly,FF8954,45,umiarkowany
FF8341,45,zly,FF8341,48,umiarkowany
FF8342,45,zly,FF8342,48,umiarkowany
FF8347,45,zly,FF8347,48,umiarkowany
FF8348,45,zly,FF8348,53,umiarkowany
FF8349,45,zly,FF8349,45,umiarkowany
FF8440,45,zly,FF8440,47,umiarkowany
FF8441,45,zly,FF8441,58,dobry
FF8442,45,zly,FF8442,56,dobry
FF8448,45,zly,FF8448,53,umiarkowany
FF8449,45,zly,FF8449,53,umiarkowany
FF8540,45,zly,FF8540,47,umiarkowany
FF8541,45,zly,FF8541,47,umiarkowany
FF8544,45,zly,FF8544,51,umiarkowany
FF8545,45,zly,FF8545,45,umiarkowany
FF8546,45,zly,FF8546,52,umiarkowany
FF8549,45,zly,FF8549,47,umiarkowany
FF8640,45,zly,FF8640,46,umiarkowany
FF8641,45,zly,FF8641,45,umiarkowany
FF8642,45,zly,FF8642,46,umiarkowany
FF8643,45,zly,FF8643,50,umiarkowany
FF8646,45,zly,FF8646,48,umiarkowany
FF8647,45,zly,FF8647,48,umiarkowany
FF8648,45,zly,FF8648,48,umiarkowany
FF8741,45,zly,FF8741,45,umiarkowany
FF8745,45,zly,FF8745,48,umiarkowany
FF8746,45,zly,FF8746,47,umiarkowany
FF8842,45,zly,FF8842,47,umiarkowany
FF8942,45,zly,FF8942,58,dobry
FF8946,45,zly,FF8946,48,umiarkowany
FF8947,45,zly,FF8947,47,umiarkowany
FF8948,45,zly,FF8948,48,umiarkowany
FF8239,45,zly,FF8239,45,umiarkowany
FF8330,45,zly,FF8330,45,umiarkowany
FF8331,45,zly,FF8331,47,umiarkowany
FF8332,45,zly,FF8332,48,umiarkowany
FF8333,45,zly,FF8333,48,umiarkowany
FF8337,45,zly,FF8337,56,dobry
FF8338,45,zly,FF8338,55,dobry
FF8339,45,zly,FF8339,54,dobry
FF8431,45,zly,FF8431,57,dobry
FF8432,45,zly,FF8432,52,umiarkowany
FF8435,45,zly,FF8435,54,dobry
FF8436,45,zly,FF8436,52,umiarkowany
FF8437,45,zly,FF8437,54,dobry
FF8438,45,zly,FF8438,52,umiarkowany
FF8439,45,zly,FF8439,53,umiarkowany
FF8530,45,zly,FF8530,52,umiarkowany
FF8532,45,zly,FF8532,54,dobry
FF8533,45,zly,FF8533,54,dobry
FF8534,45,zly,FF8534,53,umiarkowany
FF8535,45,zly,FF8535,47,umiarkowany
FF8536,45,zly,FF8536,55,dobry
FF8537,45,zly,FF8537,56,dobry
FF8538,45,zly,FF8538,53,umiarkowany
FF8539,45,zly,FF8539,47,umiarkowany
FF8630,45,zly,FF8630,53,umiarkowany
FF8631,45,zly,FF8631,59,dobry
FF8632,45,zly,FF8632,58,dobry
FF8633,45,zly,FF8633,52,umiarkowany
FF8635,45,zly,FF8635,58,dobry
FF8636,45,zly,FF8636,48,umiarkowany
FF8637,45,zly,FF8637,48,umiarkowany
FF8638,45,zly,FF8638,47,umiarkowany
FF8731,45,zly,FF8731,46,umiarkowany
FF8735,45,zly,FF8735,48,umiarkowany
FF8736,45,zly,FF8736,48,umiarkowany
FF8831,45,zly,FF8831,47,umiarkowany
FF8835,45,zly,FF8835,45,umiarkowany
FF8932,45,zly,FF8932,53,umiarkowany
FF8933,45,zly,FF8933,48,umiarkowany
FF8935,45,zly,FF8935,54,dobry
FF8936,45,zly,FF8936,47,umiarkowany
FF8937,45,zly,FF8937,46,umiarkowany
FF8938,45,zly,FF8938,45,umiarkowany
FF8939,45,zly,FF8939,46,umiarkowany
FF8226,45,zly,FF8226,62,dobry
FF8227,45,zly,FF8227,47,umiarkowany
FF8228,45,zly,FF8228,54,dobry
FF8321,45,zly,FF8321,54,dobry
FF8322,45,zly,FF8322,54,dobry
FF8323,45,zly,FF8323,45,umiarkowany
FF8327,45,zly,FF8327,52,umiarkowany
FF8328,45,zly,FF8328,53,umiarkowany
FF8329,45,zly,FF8329,52,umiarkowany
FF8424,45,zly,FF8424,47,umiarkowany
FF8425,45,zly,FF8425,55,dobry
FF8426,45,zly,FF8426,55,dobry
FF8427,45,zly,FF8427,52,umiarkowany
FF8428,45,zly,FF8428,54,dobry
FF8429,45,zly,FF8429,52,umiarkowany
FF8520,45,zly,FF8520,51,umiarkowany
FF8521,45,zly,FF8521,51,umiarkowany
FF8522,45,zly,FF8522,60,dobry
FF8523,45,zly,FF8523,52,umiarkowany
FF8524,45,zly,FF8524,52,umiarkowany
FF8525,45,zly,FF8525,63,dobry
FF8526,45,zly,FF8526,62,dobry
FF8527,45,zly,FF8527,63,dobry
FF8528,45,zly,FF8528,47,umiarkowany
FF8529,45,zly,FF8529,52,umiarkowany
FF8620,45,zly,FF8620,52,umiarkowany
FF8623,45,zly,FF8623,47,umiarkowany
FF8721,45,zly,FF8721,48,umiarkowany
FF8722,45,zly,FF8722,48,umiarkowany
FF8725,45,zly,FF8725,47,umiarkowany
FF8820,45,zly,FF8820,48,umiarkowany
FF8821,45,zly,FF8821,48,umiarkowany
FF8822,45,zly,FF8822,48,umiarkowany
FF8825,45,zly,FF8825,45,umiarkowany
FF8826,45,zly,FF8826,45,umiarkowany
FF8922,46,zly,FF8922,45,umiarkowany
FF8923,46,zly,FF8923,45,umiarkowany
FF8924,45,zly,FF8924,45,umiarkowany
FF8925,45,zly,FF8925,45,umiarkowany
FF8926,45,zly,FF8926,45,umiarkowany
FF8927,45,zly,FF8927,45,umiarkowany
FF8928,45,zly,FF8928,45,umiarkowany
FF8929,45,zly,FF8929,45,umiarkowany
FF8216,45,zly,FF8216,55,dobry
FF8217,45,zly,FF8217,48,umiarkowany
FF8218,45,zly,FF8218,45,umiarkowany
FF8312,45,zly,FF8312,49,umiarkowany
FF8313,45,zly,FF8313,47,umiarkowany
FF8317,45,zly,FF8317,48,umiarkowany
FF8318,45,zly,FF8318,47,umiarkowany
FF8319,45,zly,FF8319,54,dobry
FF8410,45,zly,FF8410,58,dobry
FF8414,45,zly,FF8414,57,dobry
FF8415,45,zly,FF8415,57,dobry
FF8416,45,zly,FF8416,57,dobry
FF8419,45,zly,FF8419,45,umiarkowany
FF8510,45,zly,FF8510,50,umiarkowany
FF8511,45,zly,FF8511,60,dobry
FF8512,45,zly,FF8512,45,umiarkowany
FF8513,45,zly,FF8513,56,dobry
FF8514,45,zly,FF8514,56,dobry
FF8515,45,zly,FF8515,59,dobry
FF8516,45,zly,FF8516,62,dobry
FF8517,45,zly,FF8517,52,umiarkowany
FF8612,45,zly,FF8612,52,umiarkowany
FF8613,45,zly,FF8613,52,umiarkowany
FF8616,45,zly,FF8616,48,umiarkowany
FF8619,45,zly,FF8619,47,umiarkowany
FF8710,45,zly,FF8710,46,umiarkowany
FF8715,45,zly,FF8715,47,umiarkowany
FF8811,45,zly,FF8811,47,umiarkowany
FF8812,45,zly,FF8812,45,umiarkowany
FF8816,45,zly,FF8816,45,umiarkowany
FF8911,45,zly,FF8911,47,umiarkowany
FF8914,45,zly,FF8914,45,umiarkowany
FF8915,45,zly,FF8915,45,umiarkowany
FF8917,45,zly,FF8917,45,umiarkowany
FF8918,45,zly,FF8918,45,umiarkowany
FF6199,45,zly,FF6199,45,umiarkowany
FF6290,45,zly,FF6290,56,dobry
FF6291,45,zly,FF6291,56,dobry
FF6293,45,zly,FF6293,58,dobry
FF6294,45,zly,FF6294,55,dobry
FF6295,45,zly,FF6295,50,umiarkowany
FF6296,45,zly,FF6296,45,umiarkowany
FF6297,45,zly,FF6297,47,umiarkowany
FF6298,45,zly,FF6298,47,umiarkowany
FF6299,45,zly,FF6299,47,umiarkowany
FF6390,45,zly,FF6390,47,umiarkowany
FF6391,45,zly,FF6391,45,umiarkowany
FF6392,45,zly,FF6392,51,umiarkowany
FF6393,45,zly,FF6393,51,umiarkowany
FF6592,45,zly,FF6592,45,umiarkowany
FF6593,45,zly,FF6593,45,umiarkowany
FF6594,45,zly,FF6594,45,umiarkowany
FF6595,45,zly,FF6595,45,umiarkowany
FF6596,45,zly,FF6596,45,umiarkowany
FF6597,45,zly,FF6597,45,umiarkowany
FF6598,45,zly,FF6598,53,umiarkowany
FF6599,45,zly,FF6599,52,umiarkowany
FF6690,45,zly,FF6690,52,umiarkowany
FF6691,45,zly,FF6691,45,umiarkowany
FF6692,45,zly,FF6692,45,umiarkowany
FF6693,45,zly,FF6693,50,umiarkowany
FF6694,45,zly,FF6694,45,umiarkowany
FF6695,45,zly,FF6695,45,umiarkowany
FF6696,45,zly,FF6696,48,umiarkowany
FF6698,45,zly,FF6698,52,umiarkowany
FF6189,45,zly,FF6189,45,umiarkowany
FF6280,45,zly,FF6280,50,umiarkowany
FF6281,45,zly,FF6281,48,umiarkowany
FF6282,45,zly,FF6282,52,umiarkowany
FF6285,45,zly,FF6285,47,umiarkowany
FF6286,45,zly,FF6286,47,umiarkowany
FF6287,45,zly,FF6287,45,umiarkowany
FF6288,45,zly,FF6288,45,umiarkowany
FF6289,45,zly,FF6289,45,umiarkowany
FF6380,45,zly,FF6380,45,umiarkowany
FF6381,45,zly,FF6381,45,umiarkowany
FF6587,45,zly,FF6587,51,umiarkowany
FF6588,45,zly,FF6588,52,umiarkowany
FF6589,45,zly,FF6589,48,umiarkowany
FF6680,45,zly,FF6680,45,umiarkowany
FF6682,45,zly,FF6682,45,umiarkowany
FF6684,45,zly,FF6684,57,dobry
FF6685,45,zly,FF6685,59,dobry
FF6686,45,zly,FF6686,59,dobry
FF6179,45,zly,FF6179,45,umiarkowany
FF6270,45,zly,FF6270,49,umiarkowany
FF6271,45,zly,FF6271,50,umiarkowany
FF6272,45,zly,FF6272,58,dobry
FF6275,45,zly,FF6275,68,dobry
FF6276,45,zly,FF6276,45,umiarkowany
FF6279,45,zly,FF6279,45,umiarkowany
FF6370,45,zly,FF6370,45,umiarkowany
FF6670,45,zly,FF6670,45,umiarkowany
FF5707,45,zly,FF5707,52,umiarkowany
FF5708,45,zly,FF5708,45,umiarkowany
FF2736,45,zly,FF2736,45,umiarkowany
FF2746,45,zly,FF2746,45,umiarkowany
FF2756,45,zly,FF2756,45,umiarkowany
FF2757,45,zly,FF2757,50,umiarkowany
FF2776,45,zly,FF2776,45,umiarkowany
FF2786,45,zly,FF2786,45,umiarkowany
FF2796,45,zly,FF2796,52,umiarkowany
FF2797,45,zly,FF2797,54,dobry
FF3706,45,zly,FF3706,48,umiarkowany
FF3707,45,zly,FF3707,48,umiarkowany
FF3716,45,zly,FF3716,47,umiarkowany
FF3717,45,zly,FF3717,46,umiarkowany
FF3726,45,zly,FF3726,46,umiarkowany
FF3727,45,zly,FF3727,50,umiarkowany
FF3736,45,zly,FF3736,45,umiarkowany
FF3737,45,zly,FF3737,45,umiarkowany
FF3746,45,zly,FF3746,45,umiarkowany
FF3747,45,zly,FF3747,47,umiarkowany
FF3756,45,zly,FF3756,45,umiarkowany
FF3757,45,zly,FF3757,46,umiarkowany
FF3766,45,zly,FF3766,46,umiarkowany
FF3767,45,zly,FF3767,46,umiarkowany
FF3777,45,zly,FF3777,46,umiarkowany
FF4777,45,zly,FF4777,45,umiarkowany
FF4787,45,zly,FF4787,55,dobry
FF4796,45,zly,FF4796,45,umiarkowany
FF4797,45,zly,FF4797,47,umiarkowany
FF5706,45,zly,FF5706,54,dobry
FF5009,45,zly,FF5009,48,umiarkowany
FF5100,45,zly,FF5100,51,umiarkowany
FF5200,45,zly,FF5200,47,umiarkowany
FF5204,45,zly,FF5204,54,dobry
FF5206,45,zly,FF5206,50,umiarkowany
FF5306,45,zly,FF5306,48,umiarkowany
FF5307,45,zly,FF5307,48,umiarkowany
FF5308,45,zly,FF5308,49,umiarkowany
FF5606,45,zly,FF5606,57,dobry
FF5607,45,zly,FF5607,52,umiarkowany
FF5703,58,dobry,FF5703,47,umiarkowany
FF5704,45,zly,FF5704,45,umiarkowany
FF5705,45,zly,FF5705,54,dobry
FF2725,45,zly,FF2725,45,umiarkowany
FF2735,45,zly,FF2735,45,umiarkowany
FF2775,45,zly,FF2775,50,umiarkowany
FF2785,45,zly,FF2785,49,umiarkowany
FF3705,45,zly,FF3705,45,umiarkowany
FF3715,45,zly,FF3715,47,umiarkowany
FF4765,45,zly,FF4765,45,umiarkowany
FF4775,45,zly,FF4775,52,umiarkowany
FF4785,45,zly,FF4785,54,dobry
FF4795,45,zly,FF4795,54,dobry
FF2714,45,zly,FF2714,45,umiarkowany
FF2724,45,zly,FF2724,45,umiarkowany
FF2774,45,zly,FF2774,50,umiarkowany
FF2784,45,zly,FF2784,52,umiarkowany
FF2794,45,zly,FF2794,49,umiarkowany
FF3704,45,zly,FF3704,45,umiarkowany
FF3794,45,zly,FF3794,45,umiarkowany
FF4704,45,zly,FF4704,45,umiarkowany
FF4714,45,zly,FF4714,45,umiarkowany
FF4764,45,zly,FF4764,45,umiarkowany
FF4774,45,zly,FF4774,45,umiarkowany
FF4784,45,zly,FF4784,55,dobry
FF4794,45,zly,FF4794,55,dobry
FF2713,45,zly,FF2713,45,umiarkowany
FF2723,45,zly,FF2723,45,umiarkowany
FF2753,45,zly,FF2753,45,umiarkowany
FF2763,45,zly,FF2763,55,dobry
FF2773,45,zly,FF2773,45,umiarkowany
FF2783,45,zly,FF2783,49,umiarkowany
FF3783,45,zly,FF3783,45,umiarkowany
FF3793,45,zly,FF3793,45,umiarkowany
FF4703,45,zly,FF4703,45,umiarkowany
FF4713,45,zly,FF4713,45,umiarkowany
FF4723,45,zly,FF4723,45,umiarkowany
FF4733,45,zly,FF4733,45,umiarkowany
FF4763,45,zly,FF4763,47,umiarkowany
FF4773,45,zly,FF4773,45,umiarkowany
FF4783,45,zly,FF4783,59,dobry
FF2712,45,zly,FF2712,45,umiarkowany
FF2722,45,zly,FF2722,45,umiarkowany
FF2752,45,zly,FF2752,49,umiarkowany
FF3772,45,zly,FF3772,45,umiarkowany
FF3782,45,zly,FF3782,45,umiarkowany
FF3792,45,zly,FF3792,45,umiarkowany
FF4702,45,zly,FF4702,45,umiarkowany
FF4722,45,zly,FF4722,45,umiarkowany
FF4732,45,zly,FF4732,45,umiarkowany
FF4742,45,zly,FF4742,45,umiarkowany
FF4762,45,zly,FF4762,47,umiarkowany
FF4772,45,zly,FF4772,52,umiarkowany
FF4792,45,zly,FF4792,52,umiarkowany
FF2721,45,zly,FF2721,45,umiarkowany
FF2731,45,zly,FF2731,45,umiarkowany
FF2741,45,zly,FF2741,45,umiarkowany
FF4721,45,zly,FF4721,52,umiarkowany
FF4731,45,zly,FF4731,45,umiarkowany
FF4741,45,zly,FF4741,45,umiarkowany
FF4751,45,zly,FF4751,45,umiarkowany
FF4761,45,zly,FF4761,47,umiarkowany
FF4771,45,zly,FF4771,52,umiarkowany
FF4791,45,zly,FF4791,52,umiarkowany
FF4740,45,zly,FF4740,45,umiarkowany
FF4750,45,zly,FF4750,45,umiarkowany
FF4760,45,zly,FF4760,45,umiarkowany
FF4790,45,zly,FF4790,52,umiarkowany
FF3679,45,zly,FF3679,45,umiarkowany
FF4659,45,zly,FF4659,45,umiarkowany
FF4669,45,zly,FF4669,45,umiarkowany
FF4689,45,zly,FF4689,53,umiarkowany
FF4699,45,zly,FF4699,59,dobry
FF3678,45,zly,FF3678,45,umiarkowany
FF4608,48,slaby,FF4608,52,umiarkowany
FF4618,47,slaby,FF4618,52,umiarkowany
FF4658,47,slaby,FF4658,45,umiarkowany
FF4668,45,zly,FF4668,45,umiarkowany
FF4678,45,zly,FF4678,45,umiarkowany
FF4688,45,zly,FF4688,52,umiarkowany
FF4698,45,zly,FF4698,59,dobry
FF3936,45,zly,FF3936,49,umiarkowany
FF3946,45,zly,FF3946,46,umiarkowany
FF3956,45,zly,FF3956,47,umiarkowany
FF3986,45,zly,FF3986,49,umiarkowany
FF3996,45,zly,FF3996,52,umiarkowany
FF4906,45,zly,FF4906,45,umiarkowany
FF4916,45,zly,FF4916,45,umiarkowany
FF3935,45,zly,FF3935,49,umiarkowany
FF3945,45,zly,FF3945,46,umiarkowany
FF3955,45,zly,FF3955,47,umiarkowany
FF3975,45,zly,FF3975,47,umiarkowany
FF3985,45,zly,FF3985,47,umiarkowany
FF3995,45,zly,FF3995,52,umiarkowany
FF4905,45,zly,FF4905,45,umiarkowany
FF4915,45,zly,FF4915,45,umiarkowany
FF4995,45,zly,FF4995,52,umiarkowany
FF3944,45,zly,FF3944,46,umiarkowany
FF3954,45,zly,FF3954,45,umiarkowany
FF3974,45,zly,FF3974,48,umiarkowany
FF3984,45,zly,FF3984,47,umiarkowany
FF3994,45,zly,FF3994,55,dobry
FF4904,45,zly,FF4904,45,umiarkowany
FF4914,45,zly,FF4914,45,umiarkowany
FF4924,45,zly,FF4924,46,umiarkowany
FF4984,45,zly,FF4984,47,umiarkowany
FF4994,45,zly,FF4994,56,dobry
FF2853,45,zly,FF2853,45,umiarkowany
FF2854,45,zly,FF2854,45,umiarkowany
FF2863,45,zly,FF2863,45,umiarkowany
FF2864,45,zly,FF2864,51,umiarkowany
FF2873,45,zly,FF2873,46,umiarkowany
FF2883,45,zly,FF2883,45,umiarkowany
FF2884,45,zly,FF2884,49,umiarkowany
FF2893,45,zly,FF2893,49,umiarkowany
FF2894,45,zly,FF2894,49,umiarkowany
FF3804,45,zly,FF3804,45,umiarkowany
FF3814,45,zly,FF3814,50,umiarkowany
FF3853,45,zly,FF3853,45,umiarkowany
FF3854,45,zly,FF3854,45,umiarkowany
FF3863,45,zly,FF3863,45,umiarkowany
FF3864,45,zly,FF3864,45,umiarkowany
FF3874,45,zly,FF3874,47,umiarkowany
FF3893,45,zly,FF3893,45,umiarkowany
FF3894,45,zly,FF3894,47,umiarkowany
FF4803,45,zly,FF4803,45,umiarkowany
FF4804,45,zly,FF4804,45,umiarkowany
FF4813,45,zly,FF4813,45,umiarkowany
FF4814,45,zly,FF4814,45,umiarkowany
FF4823,45,zly,FF4823,46,umiarkowany
FF4824,45,zly,FF4824,45,umiarkowany
FF4833,45,zly,FF4833,45,umiarkowany
FF4834,45,zly,FF4834,45,umiarkowany
FF4843,45,zly,FF4843,53,umiarkowany
FF4844,45,zly,FF4844,52,umiarkowany
FF4853,45,zly,FF4853,54,dobry
FF4854,45,zly,FF4854,54,dobry
FF4863,45,zly,FF4863,57,dobry
FF4864,45,zly,FF4864,47,umiarkowany
FF4873,45,zly,FF4873,49,umiarkowany
FF4874,45,zly,FF4874,47,umiarkowany
FF4883,45,zly,FF4883,50,umiarkowany
FF4884,45,zly,FF4884,46,umiarkowany
FF4893,45,zly,FF4893,46,umiarkowany
FF4894,45,zly,FF4894,46,umiarkowany
FF5803,45,zly,FF5803,49,umiarkowany
FF2862,45,zly,FF2862,45,umiarkowany
FF2872,45,zly,FF2872,47,umiarkowany
FF2882,45,zly,FF2882,45,umiarkowany
FF2892,45,zly,FF2892,45,umiarkowany
FF3852,45,zly,FF3852,47,umiarkowany
FF3862,45,zly,FF3862,47,umiarkowany
FF3872,45,zly,FF3872,54,dobry
FF3882,45,zly,FF3882,52,umiarkowany
FF3892,45,zly,FF3892,45,umiarkowany
FF4802,45,zly,FF4802,45,umiarkowany
FF4812,45,zly,FF4812,45,umiarkowany
FF4822,45,zly,FF4822,46,umiarkowany
FF4832,45,zly,FF4832,45,umiarkowany
FF4842,45,zly,FF4842,47,umiarkowany
FF4852,45,zly,FF4852,52,umiarkowany
FF4862,45,zly,FF4862,48,umiarkowany
FF4872,45,zly,FF4872,45,umiarkowany
FF4882,45,zly,FF4882,46,umiarkowany
FF4892,45,zly,FF4892,46,umiarkowany
FF5802,45,zly,FF5802,50,umiarkowany
FF2861,45,zly,FF2861,45,umiarkowany
FF2871,45,zly,FF2871,50,umiarkowany
FF2881,45,zly,FF2881,49,umiarkowany
FF3851,45,zly,FF3851,46,umiarkowany
FF3881,45,zly,FF3881,45,umiarkowany
FF3891,45,zly,FF3891,45,umiarkowany
FF4801,45,zly,FF4801,45,umiarkowany
FF4811,45,zly,FF4811,45,umiarkowany
FF4821,45,zly,FF4821,45,umiarkowany
FF4831,45,zly,FF4831,45,umiarkowany
FF4841,45,zly,FF4841,45,umiarkowany
FF4851,45,zly,FF4851,46,umiarkowany
FF4861,45,zly,FF4861,46,umiarkowany
FF4871,45,zly,FF4871,45,umiarkowany
FF4881,45,zly,FF4881,47,umiarkowany
FF4891,45,zly,FF4891,46,umiarkowany
FF5801,45,zly,FF5801,50,umiarkowany
FF2953,45,zly,FF2953,45,umiarkowany
FF2963,45,zly,FF2963,45,umiarkowany
FF2973,45,zly,FF2973,45,umiarkowany
FF2983,45,zly,FF2983,45,umiarkowany
FF3933,45,zly,FF3933,53,umiarkowany
FF3963,45,zly,FF3963,48,umiarkowany
FF3973,45,zly,FF3973,45,umiarkowany
FF3983,45,zly,FF3983,46,umiarkowany
FF3993,45,zly,FF3993,61,dobry
FF4903,45,zly,FF4903,45,umiarkowany
FF4913,45,zly,FF4913,45,umiarkowany
FF4923,45,zly,FF4923,45,umiarkowany
FF4933,45,zly,FF4933,46,umiarkowany
FF4943,45,zly,FF4943,47,umiarkowany
FF4973,45,zly,FF4973,46,umiarkowany
FF4983,45,zly,FF4983,47,umiarkowany
FF4993,45,zly,FF4993,53,umiarkowany
FF5903,45,zly,FF5903,47,umiarkowany
FF2952,45,zly,FF2952,45,umiarkowany
FF2962,45,zly,FF2962,45,umiarkowany
FF2972,45,zly,FF2972,45,umiarkowany
FF2982,45,zly,FF2982,45,umiarkowany
FF2992,45,zly,FF2992,47,umiarkowany
FF3962,45,zly,FF3962,48,umiarkowany
FF3972,45,zly,FF3972,45,umiarkowany
FF3982,45,zly,FF3982,48,umiarkowany
FF3992,45,zly,FF3992,53,umiarkowany
FF4902,45,zly,FF4902,45,umiarkowany
FF4912,45,zly,FF4912,45,umiarkowany
FF4922,45,zly,FF4922,47,umiarkowany
FF4952,45,zly,FF4952,50,umiarkowany
FF4972,51,umiarkowany,FF4972,47,umiarkowany
FF4982,45,zly,FF4982,46,umiarkowany
FF2951,45,zly,FF2951,45,umiarkowany
FF2961,45,zly,FF2961,52,umiarkowany
FF2971,45,zly,FF2971,47,umiarkowany
FF2981,45,zly,FF2981,45,umiarkowany
FF2991,45,zly,FF2991,47,umiarkowany
FF3931,45,zly,FF3931,53,umiarkowany
FF3981,45,zly,FF3981,48,umiarkowany
FF3991,45,zly,FF3991,47,umiarkowany
FF4901,45,zly,FF4901,45,umiarkowany
FF4911,45,zly,FF4911,45,umiarkowany
FF4971,51,umiarkowany,FF4971,47,umiarkowany
FF4981,45,zly,FF4981,46,umiarkowany
FF2950,45,zly,FF2950,45,umiarkowany
FF2960,45,zly,FF2960,52,umiarkowany
FF2970,45,zly,FF2970,45,umiarkowany
FF2980,45,zly,FF2980,49,umiarkowany
FF3900,45,zly,FF3900,45,umiarkowany
FF3910,45,zly,FF3910,45,umiarkowany
FF3920,45,zly,FF3920,46,umiarkowany
FF3980,45,zly,FF3980,48,umiarkowany
FF3990,45,zly,FF3990,46,umiarkowany
FF4900,45,zly,FF4900,45,umiarkowany
FF4910,45,zly,FF4910,45,umiarkowany
FF4950,46,zly,FF4950,47,umiarkowany
FF4960,45,zly,FF4960,47,umiarkowany
FF4970,45,zly,FF4970,51,umiarkowany
FF2859,45,zly,FF2859,45,umiarkowany
FF2869,45,zly,FF2869,48,umiarkowany
FF2879,45,zly,FF2879,49,umiarkowany
FF3809,45,zly,FF3809,45,umiarkowany
FF3819,45,zly,FF3819,45,umiarkowany
FF3829,45,zly,FF3829,46,umiarkowany
FF3889,45,zly,FF3889,49,umiarkowany
FF3899,45,zly,FF3899,46,umiarkowany
FF4809,45,zly,FF4809,45,umiarkowany
FF4819,45,zly,FF4819,45,umiarkowany
FF4849,45,zly,FF4849,60,dobry
FF4859,45,zly,FF4859,56,dobry
FF4869,45,zly,FF4869,45,umiarkowany
FF4879,45,zly,FF4879,45,umiarkowany
FF4899,45,zly,FF4899,45,umiarkowany
FF5809,45,zly,FF5809,45,umiarkowany
FF2858,45,zly,FF2858,45,umiarkowany
FF2868,45,zly,FF2868,48,umiarkowany
FF3808,45,zly,FF3808,45,umiarkowany
FF3818,45,zly,FF3818,45,umiarkowany
FF3828,45,zly,FF3828,48,umiarkowany
FF3858,45,zly,FF3858,45,umiarkowany
FF3878,45,zly,FF3878,49,umiarkowany
FF3888,45,zly,FF3888,48,umiarkowany
FF3898,45,zly,FF3898,46,umiarkowany
FF4808,45,zly,FF4808,45,umiarkowany
FF4818,45,zly,FF4818,45,umiarkowany
FF4848,45,zly,FF4848,57,dobry
FF4858,45,zly,FF4858,53,umiarkowany
FF4868,45,zly,FF4868,45,umiarkowany
FF4878,45,zly,FF4878,45,umiarkowany
FF4888,45,zly,FF4888,57,dobry
FF4898,45,zly,FF4898,49,umiarkowany
FF5808,45,zly,FF5808,45,umiarkowany
FF2857,45,zly,FF2857,45,umiarkowany
FF2867,45,zly,FF2867,47,umiarkowany
FF3817,45,zly,FF3817,57,dobry
FF3827,45,zly,FF3827,53,umiarkowany
FF3837,45,zly,FF3837,45,umiarkowany
FF3857,45,zly,FF3857,45,umiarkowany
FF3867,45,zly,FF3867,47,umiarkowany
FF3877,45,zly,FF3877,47,umiarkowany
FF3887,45,zly,FF3887,47,umiarkowany
FF3897,45,zly,FF3897,46,umiarkowany
FF4807,45,zly,FF4807,45,umiarkowany
FF4817,45,zly,FF4817,47,umiarkowany
FF4847,45,zly,FF4847,46,umiarkowany
FF4857,45,zly,FF4857,50,umiarkowany
FF4867,45,zly,FF4867,45,umiarkowany
FF4877,45,zly,FF4877,45,umiarkowany
FF4887,45,zly,FF4887,54,dobry
FF4897,45,zly,FF4897,50,umiarkowany
FF5807,45,zly,FF5807,47,umiarkowany
FF2866,45,zly,FF2866,49,umiarkowany
FF2876,45,zly,FF2876,49,umiarkowany
FF3816,45,zly,FF3816,50,umiarkowany
FF3826,45,zly,FF3826,52,umiarkowany
FF3836,45,zly,FF3836,51,umiarkowany
FF3846,45,zly,FF3846,45,umiarkowany
FF3856,45,zly,FF3856,45,umiarkowany
FF3866,45,zly,FF3866,46,umiarkowany
FF3876,45,zly,FF3876,45,umiarkowany
FF3886,45,zly,FF3886,46,umiarkowany
FF4806,45,zly,FF4806,55,dobry
FF4836,45,zly,FF4836,47,umiarkowany
FF4846,45,zly,FF4846,46,umiarkowany
FF4856,45,zly,FF4856,52,umiarkowany
FF4866,45,zly,FF4866,50,umiarkowany
FF4876,45,zly,FF4876,47,umiarkowany
FF4886,45,zly,FF4886,47,umiarkowany
FF4896,45,zly,FF4896,47,umiarkowany
FF5806,45,zly,FF5806,46,umiarkowany
FF2865,45,zly,FF2865,49,umiarkowany
FF2875,45,zly,FF2875,49,umiarkowany
FF2895,45,zly,FF2895,48,umiarkowany
FF3805,45,zly,FF3805,45,umiarkowany
FF3815,45,zly,FF3815,50,umiarkowany
FF3825,45,zly,FF3825,48,umiarkowany
FF3845,45,zly,FF3845,45,umiarkowany
FF3855,45,zly,FF3855,47,umiarkowany
FF3865,45,zly,FF3865,45,umiarkowany
FF3875,45,zly,FF3875,49,umiarkowany
FF3885,45,zly,FF3885,46,umiarkowany
FF4825,45,zly,FF4825,45,umiarkowany
FF4835,45,zly,FF4835,45,umiarkowany
FF4845,45,zly,FF4845,52,umiarkowany
FF4855,45,zly,FF4855,55,dobry
FF4865,45,zly,FF4865,48,umiarkowany
FF4875,45,zly,FF4875,46,umiarkowany
FF4885,45,zly,FF4885,46,umiarkowany
FF4895,45,zly,FF4895,46,umiarkowany
FF5805,45,zly,FF5805,46,umiarkowany
FF2860,45,zly,FF2860,45,umiarkowany
FF2880,45,zly,FF2880,45,umiarkowany
FF3870,45,zly,FF3870,54,dobry
FF3880,45,zly,FF3880,45,umiarkowany
FF3890,45,zly,FF3890,45,umiarkowany
FF4800,45,zly,FF4800,56,dobry
FF4810,45,zly,FF4810,47,umiarkowany
FF4870,45,zly,FF4870,45,umiarkowany
FF4880,45,zly,FF4880,45,umiarkowany
FF4890,45,zly,FF4890,47,umiarkowany
FF5800,45,zly,FF5800,49,umiarkowany
FF3729,45,zly,FF3729,54,dobry
FF3779,45,zly,FF3779,52,umiarkowany
FF3789,45,zly,FF3789,45,umiarkowany
FF3799,45,zly,FF3799,47,umiarkowany
FF4709,45,zly,FF4709,50,umiarkowany
FF4769,45,zly,FF4769,45,umiarkowany
FF4779,45,zly,FF4779,46,umiarkowany
FF4789,45,zly,FF4789,45,umiarkowany
FF4799,45,zly,FF4799,45,umiarkowany
FF5709,45,zly,FF5709,49,umiarkowany
FF3708,45,zly,FF3708,48,umiarkowany
FF3718,45,zly,FF3718,49,umiarkowany
FF3748,45,zly,FF3748,50,umiarkowany
FF3758,45,zly,FF3758,46,umiarkowany
FF3768,45,zly,FF3768,47,umiarkowany
FF3778,45,zly,FF3778,52,umiarkowany
FF3788,45,zly,FF3788,45,umiarkowany
FF3798,45,zly,FF3798,45,umiarkowany
FF4768,45,zly,FF4768,45,umiarkowany
FF4778,45,zly,FF4778,45,umiarkowany
FF4788,45,zly,FF4788,54,dobry
FF4798,45,zly,FF4798,47,umiarkowany
FF3565,45,zly,FF3565,45,umiarkowany
FF3585,45,zly,FF3585,50,umiarkowany
FF3586,45,zly,FF3586,47,umiarkowany
FF3595,45,zly,FF3595,49,umiarkowany
FF3596,45,zly,FF3596,48,umiarkowany
FF4505,45,zly,FF4505,47,umiarkowany
FF4506,45,zly,FF4506,47,umiarkowany
FF4516,45,zly,FF4516,50,umiarkowany
FF4526,45,zly,FF4526,55,dobry
FF4536,45,zly,FF4536,49,umiarkowany
FF4546,45,zly,FF4546,56,dobry
FF4556,45,zly,FF4556,51,umiarkowany
FF3687,48,slaby,FF3687,51,umiarkowany
FF3697,48,slaby,FF3697,51,umiarkowany
FF4607,48,slaby,FF4607,50,umiarkowany
FF4617,47,slaby,FF4617,50,umiarkowany
FF4627,45,zly,FF4627,45,umiarkowany
FF4657,48,slaby,FF4657,50,umiarkowany
FF4667,45,zly,FF4667,45,umiarkowany
FF4677,45,zly,FF4677,45,umiarkowany
FF4697,45,zly,FF4697,59,dobry
FF3676,45,zly,FF3676,50,umiarkowany
FF3686,45,zly,FF3686,50,umiarkowany
FF3696,45,zly,FF3696,45,umiarkowany
FF4606,45,zly,FF4606,45,umiarkowany
FF4626,48,slaby,FF4626,50,umiarkowany
FF4656,45,zly,FF4656,49,umiarkowany
FF4666,45,zly,FF4666,50,umiarkowany
FF4676,45,zly,FF4676,45,umiarkowany
FF4696,45,zly,FF4696,59,dobry
FF3655,45,zly,FF3655,51,umiarkowany
FF3665,45,zly,FF3665,48,umiarkowany
FF3675,45,zly,FF3675,50,umiarkowany
FF3685,45,zly,FF3685,47,umiarkowany
FF3695,45,zly,FF3695,47,umiarkowany
FF4605,45,zly,FF4605,51,umiarkowany
FF4645,45,zly,FF4645,49,umiarkowany
FF4655,45,zly,FF4655,49,umiarkowany
FF4665,45,zly,FF4665,47,umiarkowany
FF3664,45,zly,FF3664,48,umiarkowany
FF3674,45,zly,FF3674,49,umiarkowany
FF4654,45,zly,FF4654,50,umiarkowany
FF4664,45,zly,FF4664,50,umiarkowany
FF3653,47,slaby,FF3653,47,umiarkowany
FF3663,45,zly,FF3663,48,umiarkowany
FF3673,45,zly,FF3673,53,umiarkowany
FF4663,45,zly,FF4663,51,umiarkowany
FF4673,45,zly,FF4673,49,umiarkowany
FF3652,45,zly,FF3652,47,umiarkowany
FF3662,45,zly,FF3662,50,umiarkowany
FF3672,45,zly,FF3672,50,umiarkowany
FF4632,45,zly,FF4632,47,umiarkowany
FF4642,45,zly,FF4642,51,umiarkowany
FF4662,45,zly,FF4662,48,umiarkowany
FF4672,45,zly,FF4672,50,umiarkowany
FF4682,47,slaby,FF4682,50,umiarkowany
FF3661,45,zly,FF3661,50,umiarkowany
FF3671,45,zly,FF3671,50,umiarkowany
FF3681,48,slaby,FF3681,72,bardzo dobry
FF4641,45,zly,FF4641,48,umiarkowany
FF4651,46,zly,FF4651,49,umiarkowany
FF4671,47,slaby,FF4671,48,umiarkowany
FF4681,45,zly,FF4681,50,umiarkowany
FF4691,45,zly,FF4691,51,umiarkowany
FF3660,45,zly,FF3660,48,umiarkowany
FF3670,45,zly,FF3670,48,umiarkowany
FF3690,47,slaby,FF3690,57,dobry
FF4600,45,zly,FF4600,58,dobry
FF4650,45,zly,FF4650,50,umiarkowany
FF4660,45,zly,FF4660,49,umiarkowany
FF4670,45,zly,FF4670,52,umiarkowany
FF4680,45,zly,FF4680,50,umiarkowany
FF4690,45,zly,FF4690,50,umiarkowany
FF3569,45,zly,FF3569,48,umiarkowany
FF3579,45,zly,FF3579,47,umiarkowany
FF3599,45,zly,FF3599,50,umiarkowany
FF4509,45,zly,FF4509,49,umiarkowany
FF4519,45,zly,FF4519,58,dobry
FF3598,45,zly,FF3598,50,umiarkowany
FF4508,45,zly,FF4508,50,umiarkowany
FF4518,45,zly,FF4518,57,dobry
FF4568,45,zly,FF4568,47,umiarkowany
FF3577,45,zly,FF3577,48,umiarkowany
FF4507,45,zly,FF4507,48,umiarkowany
FF4517,45,zly,FF4517,47,umiarkowany
FF4527,45,zly,FF4527,49,umiarkowany
FF4537,45,zly,FF4537,50,umiarkowany
FF4547,45,zly,FF4547,53,umiarkowany
FF4557,45,zly,FF4557,48,umiarkowany
FF4567,45,zly,FF4567,47,umiarkowany
FF4577,45,zly,FF4577,47,umiarkowany
FF4099,45,zly,FF4099,45,umiarkowany
FF4190,45,zly,FF4190,47,umiarkowany
FF4191,45,zly,FF4191,50,umiarkowany
FF4196,45,zly,FF4196,47,umiarkowany
FF4290,45,zly,FF4290,51,umiarkowany
FF4292,45,zly,FF4292,50,umiarkowany
FF4295,45,zly,FF4295,47,umiarkowany
FF4296,45,zly,FF4296,47,umiarkowany
FF4390,45,zly,FF4390,51,umiarkowany
FF4396,45,zly,FF4396,53,umiarkowany
FF4397,45,zly,FF4397,48,umiarkowany
FF3564,45,zly,FF3564,47,umiarkowany
FF3574,46,zly,FF3574,45,umiarkowany
FF3594,45,zly,FF3594,50,umiarkowany
FF4504,45,zly,FF4504,49,umiarkowany
FF4514,45,zly,FF4514,45,umiarkowany
FF3543,45,zly,FF3543,46,umiarkowany
FF3553,45,zly,FF3553,47,umiarkowany
FF3563,45,zly,FF3563,47,umiarkowany
FF3593,45,zly,FF3593,49,umiarkowany
FF4503,45,zly,FF4503,49,umiarkowany
FF4513,45,zly,FF4513,45,umiarkowany
FF3542,45,zly,FF3542,45,umiarkowany
FF3552,45,zly,FF3552,47,umiarkowany
FF3582,45,zly,FF3582,50,umiarkowany
FF3592,45,zly,FF3592,46,umiarkowany
FF4502,45,zly,FF4502,49,umiarkowany
FF4512,45,zly,FF4512,45,umiarkowany
FF3511,45,zly,FF3511,45,umiarkowany
FF3521,45,zly,FF3521,45,umiarkowany
FF3531,45,zly,FF3531,47,umiarkowany
FF3541,45,zly,FF3541,46,umiarkowany
FF3551,45,zly,FF3551,46,umiarkowany
FF3561,45,zly,FF3561,45,umiarkowany
FF3571,45,zly,FF3571,45,umiarkowany
FF4511,45,zly,FF4511,45,umiarkowany
FF4521,45,zly,FF4521,47,umiarkowany
FF4531,45,zly,FF4531,47,umiarkowany
FF3500,45,zly,FF3500,45,umiarkowany
FF3510,45,zly,FF3510,45,umiarkowany
FF3520,45,zly,FF3520,45,umiarkowany
FF3530,45,zly,FF3530,47,umiarkowany
FF3540,45,zly,FF3540,47,umiarkowany
FF3550,45,zly,FF3550,48,umiarkowany
FF3560,45,zly,FF3560,47,umiarkowany
FF3570,45,zly,FF3570,47,umiarkowany
FF3580,45,zly,FF3580,50,umiarkowany
FF4520,45,zly,FF4520,47,umiarkowany
FF4530,45,zly,FF4530,47,umiarkowany
FF4540,45,zly,FF4540,47,umiarkowany
FF3409,45,zly,FF3409,51,umiarkowany
FF3419,45,zly,FF3419,46,umiarkowany
FF3429,45,zly,FF3429,47,umiarkowany
FF3449,45,zly,FF3449,46,umiarkowany
FF3479,45,zly,FF3479,50,umiarkowany
FF3489,45,zly,FF3489,49,umiarkowany
FF4449,45,zly,FF4449,49,umiarkowany
FF4459,45,zly,FF4459,45,umiarkowany
FF3408,45,zly,FF3408,45,umiarkowany
FF3418,45,zly,FF3418,51,umiarkowany
FF3448,45,zly,FF3448,46,umiarkowany
FF3458,45,zly,FF3458,47,umiarkowany
FF3478,45,zly,FF3478,50,umiarkowany
FF3488,45,zly,FF3488,48,umiarkowany
FF3498,45,zly,FF3498,47,umiarkowany
FF4448,45,zly,FF4448,48,umiarkowany
FF4458,45,zly,FF4458,45,umiarkowany
FF4468,45,zly,FF4468,47,umiarkowany
FF3417,45,zly,FF3417,57,dobry
FF3447,45,zly,FF3447,48,umiarkowany
FF3457,45,zly,FF3457,47,umiarkowany
FF3467,45,zly,FF3467,48,umiarkowany
FF3477,45,zly,FF3477,49,umiarkowany
FF3487,45,zly,FF3487,49,umiarkowany
FF3497,45,zly,FF3497,47,umiarkowany
FF4407,45,zly,FF4407,45,umiarkowany
FF4457,45,zly,FF4457,47,umiarkowany
FF4467,45,zly,FF4467,47,umiarkowany
FF4477,45,zly,FF4477,45,umiarkowany
FF4286,45,zly,FF4286,54,dobry
FF4287,45,zly,FF4287,55,dobry
FF4288,45,zly,FF4288,55,dobry
FF4289,45,zly,FF4289,50,umiarkowany
FF4089,45,zly,FF4089,45,umiarkowany
FF4180,45,zly,FF4180,45,umiarkowany
FF4181,45,zly,FF4181,49,umiarkowany
FF4280,45,zly,FF4280,54,dobry
FF4283,45,zly,FF4283,48,umiarkowany
FF4284,45,zly,FF4284,50,umiarkowany
FF4285,45,zly,FF4285,52,umiarkowany
FF4380,45,zly,FF4380,45,umiarkowany
FF4381,45,zly,FF4381,45,umiarkowany
FF4382,45,zly,FF4382,45,umiarkowany
FF4383,45,zly,FF4383,45,umiarkowany
FF3247,45,zly,FF3247,55,dobry
FF3257,45,zly,FF3257,54,dobry
FF3267,45,zly,FF3267,48,umiarkowany
FF3277,45,zly,FF3277,54,dobry
FF3278,45,zly,FF3278,59,dobry
FF2296,45,zly,FF2296,45,umiarkowany
FF3206,45,zly,FF3206,45,umiarkowany
FF3246,45,zly,FF3246,54,dobry
FF3256,45,zly,FF3256,47,umiarkowany
FF4206,45,zly,FF4206,47,umiarkowany
FF4216,45,zly,FF4216,49,umiarkowany
FF4226,45,zly,FF4226,45,umiarkowany
FF4236,45,zly,FF4236,47,umiarkowany
FF4246,45,zly,FF4246,48,umiarkowany
FF4266,45,zly,FF4266,51,umiarkowany
FF3205,45,zly,FF3205,45,umiarkowany
FF3255,45,zly,FF3255,46,umiarkowany
FF3275,45,zly,FF3275,55,dobry
FF3285,45,zly,FF3285,55,dobry
FF3295,45,zly,FF3295,55,dobry
FF4205,45,zly,FF4205,49,umiarkowany
FF4215,45,zly,FF4215,47,umiarkowany
FF4225,45,zly,FF4225,45,umiarkowany
FF4235,45,zly,FF4235,47,umiarkowany
FF4245,45,zly,FF4245,48,umiarkowany
FF4255,45,zly,FF4255,51,umiarkowany
FF4265,45,zly,FF4265,51,umiarkowany
FF4275,45,zly,FF4275,46,umiarkowany
FF3204,45,zly,FF3204,45,umiarkowany
FF3224,45,zly,FF3224,48,umiarkowany
FF3234,45,zly,FF3234,55,dobry
FF3244,45,zly,FF3244,56,dobry
FF3264,45,zly,FF3264,47,umiarkowany
FF3274,45,zly,FF3274,52,umiarkowany
FF3284,45,zly,FF3284,52,umiarkowany
FF3294,45,zly,FF3294,52,umiarkowany
FF4204,45,zly,FF4204,48,umiarkowany
FF4214,45,zly,FF4214,47,umiarkowany
FF4224,45,zly,FF4224,46,umiarkowany
FF4234,45,zly,FF4234,47,umiarkowany
FF4254,45,zly,FF4254,50,umiarkowany
FF4264,45,zly,FF4264,47,umiarkowany
FF4274,45,zly,FF4274,52,umiarkowany
FF3119,45,zly,FF3119,54,dobry
FF3129,45,zly,FF3129,57,dobry
FF3139,45,zly,FF3139,55,dobry
FF3148,45,zly,FF3148,52,umiarkowany
FF3149,45,zly,FF3149,52,umiarkowany
FF3178,45,zly,FF3178,58,dobry
FF3179,45,zly,FF3179,59,dobry
FF3188,45,zly,FF3188,58,dobry
FF3189,45,zly,FF3189,58,dobry
FF3198,45,zly,FF3198,55,dobry
FF3199,45,zly,FF3199,55,dobry
FF4108,45,zly,FF4108,51,umiarkowany
FF4109,45,zly,FF4109,50,umiarkowany
FF4118,45,zly,FF4118,59,dobry
FF4119,45,zly,FF4119,55,dobry
FF4128,45,zly,FF4128,59,dobry
FF4129,45,zly,FF4129,55,dobry
FF4138,45,zly,FF4138,45,umiarkowany
FF4148,45,zly,FF4148,45,umiarkowany
FF4149,45,zly,FF4149,45,umiarkowany
FF4158,45,zly,FF4158,52,umiarkowany
FF4159,45,zly,FF4159,51,umiarkowany
FF3203,45,zly,FF3203,49,umiarkowany
FF3213,45,zly,FF3213,50,umiarkowany
FF3223,45,zly,FF3223,57,dobry
FF3233,45,zly,FF3233,47,umiarkowany
FF3253,45,zly,FF3253,51,umiarkowany
FF3263,45,zly,FF3263,47,umiarkowany
FF3273,45,zly,FF3273,56,dobry
FF4213,45,zly,FF4213,62,dobry
FF4223,45,zly,FF4223,51,umiarkowany
FF4253,45,zly,FF4253,47,umiarkowany
FF4273,45,zly,FF4273,51,umiarkowany
FF3202,45,zly,FF3202,57,dobry
FF3222,45,zly,FF3222,59,dobry
FF3232,45,zly,FF3232,52,umiarkowany
FF3242,45,zly,FF3242,56,dobry
FF3252,45,zly,FF3252,52,umiarkowany
FF3272,45,zly,FF3272,55,dobry
FF4252,45,zly,FF4252,54,dobry
FF3211,45,zly,FF3211,57,dobry
FF3231,45,zly,FF3231,50,umiarkowany
FF3241,45,zly,FF3241,57,dobry
FF3261,45,zly,FF3261,56,dobry
FF3271,45,zly,FF3271,52,umiarkowany
FF3281,45,zly,FF3281,55,dobry
FF3291,45,zly,FF3291,55,dobry
FF4201,45,zly,FF4201,62,dobry
FF4211,45,zly,FF4211,60,dobry
FF4241,45,zly,FF4241,54,dobry
FF4251,45,zly,FF4251,52,umiarkowany
FF4261,45,zly,FF4261,49,umiarkowany
FF4271,45,zly,FF4271,50,umiarkowany
FF3230,45,zly,FF3230,59,dobry
FF3240,45,zly,FF3240,60,dobry
FF3260,45,zly,FF3260,55,dobry
FF3270,45,zly,FF3270,53,umiarkowany
FF3280,45,zly,FF3280,52,umiarkowany
FF3290,45,zly,FF3290,52,umiarkowany
FF4200,45,zly,FF4200,65,dobry
FF4210,45,zly,FF4210,63,dobry
FF4220,45,zly,FF4220,55,dobry
FF4230,45,zly,FF4230,54,dobry
FF4240,45,zly,FF4240,47,umiarkowany
FF4250,45,zly,FF4250,45,umiarkowany
FF4260,45,zly,FF4260,47,umiarkowany
FF4270,45,zly,FF4270,51,umiarkowany
FF3406,45,zly,FF3406,49,umiarkowany
FF3466,45,zly,FF3466,47,umiarkowany
FF3476,45,zly,FF3476,47,umiarkowany
FF3486,45,zly,FF3486,48,umiarkowany
FF3496,45,zly,FF3496,47,umiarkowany
FF3465,45,zly,FF3465,46,umiarkowany
FF3475,45,zly,FF3475,49,umiarkowany
FF3485,45,zly,FF3485,48,umiarkowany
FF3495,45,zly,FF3495,47,umiarkowany
FF4405,45,zly,FF4405,45,umiarkowany
FF4415,45,zly,FF4415,47,umiarkowany
FF4435,45,zly,FF4435,47,umiarkowany
FF4445,45,zly,FF4445,48,umiarkowany
FF3404,45,zly,FF3404,45,umiarkowany
FF3454,45,zly,FF3454,50,umiarkowany
FF3464,45,zly,FF3464,48,umiarkowany
FF3474,45,zly,FF3474,48,umiarkowany
FF3494,45,zly,FF3494,47,umiarkowany
FF4404,45,zly,FF4404,45,umiarkowany
FF4414,45,zly,FF4414,47,umiarkowany
FF4434,45,zly,FF4434,47,umiarkowany
FF4444,45,zly,FF4444,48,umiarkowany
FF2473,45,zly,FF2473,45,umiarkowany
FF2483,45,zly,FF2483,45,umiarkowany
FF2493,45,zly,FF2493,45,umiarkowany
FF3403,45,zly,FF3403,45,umiarkowany
FF3453,45,zly,FF3453,50,umiarkowany
FF3463,45,zly,FF3463,48,umiarkowany
FF3493,45,zly,FF3493,47,umiarkowany
FF4403,45,zly,FF4403,45,umiarkowany
FF4413,45,zly,FF4413,47,umiarkowany
FF4423,45,zly,FF4423,48,umiarkowany
FF4433,45,zly,FF4433,45,umiarkowany
FF4443,45,zly,FF4443,48,umiarkowany
FF4453,45,zly,FF4453,49,umiarkowany
FF2382,45,zly,FF2382,45,umiarkowany
FF2391,45,zly,FF2391,45,umiarkowany
FF2392,45,zly,FF2392,45,umiarkowany
FF3301,45,zly,FF3301,45,umiarkowany
FF3302,45,zly,FF3302,47,umiarkowany
FF3311,45,zly,FF3311,50,umiarkowany
FF3341,45,zly,FF3341,61,dobry
FF3342,45,zly,FF3342,55,dobry
FF3362,45,zly,FF3362,51,umiarkowany
FF3392,45,zly,FF3392,45,umiarkowany
FF4302,45,zly,FF4302,45,umiarkowany
FF4312,45,zly,FF4312,45,umiarkowany
FF4322,45,zly,FF4322,49,umiarkowany
FF4332,45,zly,FF4332,45,umiarkowany
FF4372,45,zly,FF4372,45,umiarkowany
FF2345,45,zly,FF2345,47,umiarkowany
FF2354,45,zly,FF2354,48,umiarkowany
FF2355,45,zly,FF2355,48,umiarkowany
FF2364,45,zly,FF2364,48,umiarkowany
FF2374,45,zly,FF2374,55,dobry
FF2395,45,zly,FF2395,53,umiarkowany
FF3304,45,zly,FF3304,47,umiarkowany
FF3305,45,zly,FF3305,49,umiarkowany
FF3354,45,zly,FF3354,52,umiarkowany
FF3355,45,zly,FF3355,49,umiarkowany
FF3364,45,zly,FF3364,47,umiarkowany
FF3365,45,zly,FF3365,45,umiarkowany
FF3374,45,zly,FF3374,45,umiarkowany
FF3375,45,zly,FF3375,45,umiarkowany
FF3394,45,zly,FF3394,45,umiarkowany
FF4304,45,zly,FF4304,51,umiarkowany
FF4305,45,zly,FF4305,45,umiarkowany
FF4314,45,zly,FF4314,48,umiarkowany
FF4334,45,zly,FF4334,47,umiarkowany
FF4335,45,zly,FF4335,53,umiarkowany
FF2363,45,zly,FF2363,48,umiarkowany
FF2373,45,zly,FF2373,53,umiarkowany
FF2383,45,zly,FF2383,45,umiarkowany
FF2393,45,zly,FF2393,49,umiarkowany
FF3303,45,zly,FF3303,47,umiarkowany
FF3313,45,zly,FF3313,46,umiarkowany
FF3323,45,zly,FF3323,57,dobry
FF3353,45,zly,FF3353,54,dobry
FF3393,45,zly,FF3393,45,umiarkowany
FF4303,45,zly,FF4303,45,umiarkowany
FF4313,45,zly,FF4313,48,umiarkowany
FF4333,45,zly,FF4333,48,umiarkowany
FF4343,45,zly,FF4343,47,umiarkowany
FF4373,45,zly,FF4373,45,umiarkowany
FF2442,45,zly,FF2442,45,umiarkowany
FF2452,45,zly,FF2452,45,umiarkowany
FF2462,45,zly,FF2462,45,umiarkowany
FF2492,45,zly,FF2492,48,umiarkowany
FF3442,45,zly,FF3442,57,dobry
FF3452,45,zly,FF3452,53,umiarkowany
FF3462,45,zly,FF3462,49,umiarkowany
FF3472,45,zly,FF3472,49,umiarkowany
FF3492,45,zly,FF3492,47,umiarkowany
FF4402,45,zly,FF4402,45,umiarkowany
FF4412,45,zly,FF4412,47,umiarkowany
FF4422,45,zly,FF4422,48,umiarkowany
FF4432,45,zly,FF4432,48,umiarkowany
FF4442,45,zly,FF4442,48,umiarkowany
FF4452,45,zly,FF4452,49,umiarkowany
FF2441,45,zly,FF2441,45,umiarkowany
FF3441,45,zly,FF3441,62,dobry
FF3451,45,zly,FF3451,46,umiarkowany
FF3461,45,zly,FF3461,49,umiarkowany
FF3491,45,zly,FF3491,46,umiarkowany
FF4401,45,zly,FF4401,45,umiarkowany
FF4411,45,zly,FF4411,47,umiarkowany
FF4421,45,zly,FF4421,48,umiarkowany
FF4431,45,zly,FF4431,48,umiarkowany
FF4441,45,zly,FF4441,48,umiarkowany
FF4451,45,zly,FF4451,49,umiarkowany
FF4461,45,zly,FF4461,47,umiarkowany
FF2430,45,zly,FF2430,45,umiarkowany
FF2470,45,zly,FF2470,45,umiarkowany
FF3430,45,zly,FF3430,54,dobry
FF3440,45,zly,FF3440,45,umiarkowany
FF3450,45,zly,FF3450,45,umiarkowany
FF3490,45,zly,FF3490,49,umiarkowany
FF4400,45,zly,FF4400,45,umiarkowany
FF4410,45,zly,FF4410,47,umiarkowany
FF4420,45,zly,FF4420,47,umiarkowany
FF4430,45,zly,FF4430,49,umiarkowany
FF4440,45,zly,FF4440,47,umiarkowany
FF4450,45,zly,FF4450,49,umiarkowany
FF4460,45,zly,FF4460,47,umiarkowany
FF2339,45,zly,FF2339,49,umiarkowany
FF3319,45,zly,FF3319,45,umiarkowany
FF3329,45,zly,FF3329,45,umiarkowany
FF3339,45,zly,FF3339,47,umiarkowany
FF3349,45,zly,FF3349,47,umiarkowany
FF3359,45,zly,FF3359,45,umiarkowany
FF3369,45,zly,FF3369,45,umiarkowany
FF3399,45,zly,FF3399,49,umiarkowany
FF4309,45,zly,FF4309,45,umiarkowany
FF4329,45,zly,FF4329,48,umiarkowany
FF4339,45,zly,FF4339,47,umiarkowany
FF4359,45,zly,FF4359,49,umiarkowany
FF4369,45,zly,FF4369,45,umiarkowany
FF2328,45,zly,FF2328,45,umiarkowany
FF2338,45,zly,FF2338,48,umiarkowany
FF3308,45,zly,FF3308,51,umiarkowany
FF3348,45,zly,FF3348,52,umiarkowany
FF3358,45,zly,FF3358,49,umiarkowany
FF3368,45,zly,FF3368,45,umiarkowany
FF3398,45,zly,FF3398,49,umiarkowany
FF4308,45,zly,FF4308,47,umiarkowany
FF4348,45,zly,FF4348,47,umiarkowany
FF4358,45,zly,FF4358,48,umiarkowany
FF4368,45,zly,FF4368,45,umiarkowany
FF2337,45,zly,FF2337,54,dobry
FF2347,45,zly,FF2347,45,umiarkowany
FF2357,45,zly,FF2357,50,umiarkowany
FF2397,45,zly,FF2397,48,umiarkowany
FF3347,45,zly,FF3347,51,umiarkowany
FF3357,45,zly,FF3357,49,umiarkowany
FF3367,45,zly,FF3367,49,umiarkowany
FF4317,45,zly,FF4317,47,umiarkowany
FF4337,45,zly,FF4337,56,dobry
FF4347,45,zly,FF4347,47,umiarkowany
FF4357,45,zly,FF4357,48,umiarkowany
FF2346,45,zly,FF2346,47,umiarkowany
FF2356,45,zly,FF2356,50,umiarkowany
FF2366,45,zly,FF2366,58,dobry
FF2376,45,zly,FF2376,61,dobry
FF2386,45,zly,FF2386,54,dobry
FF2396,45,zly,FF2396,47,umiarkowany
FF3346,45,zly,FF3346,47,umiarkowany
FF3356,45,zly,FF3356,47,umiarkowany
FF3366,45,zly,FF3366,47,umiarkowany
FF4306,45,zly,FF4306,45,umiarkowany
FF4336,45,zly,FF4336,56,dobry
FF2390,45,zly,FF2390,45,umiarkowany
FF3300,45,zly,FF3300,45,umiarkowany
FF3310,46,zly,FF3310,45,umiarkowany
FF3320,45,zly,FF3320,47,umiarkowany
FF3360,45,zly,FF3360,49,umiarkowany
FF3370,45,zly,FF3370,47,umiarkowany
FF3239,45,zly,FF3239,57,dobry
FF3249,45,zly,FF3249,53,umiarkowany
FF3269,45,zly,FF3269,49,umiarkowany
FF3279,45,zly,FF3279,55,dobry
FF3046,45,zly,FF3046,45,umiarkowany
FF3066,45,zly,FF3066,45,umiarkowany
FF3086,45,zly,FF3086,45,umiarkowany
FF3096,45,zly,FF3096,45,umiarkowany
FF4006,45,zly,FF4006,45,umiarkowany
FF4016,45,zly,FF4016,53,umiarkowany
FF4017,45,zly,FF4017,45,umiarkowany
FF4027,45,zly,FF4027,54,dobry
FF4037,45,zly,FF4037,48,umiarkowany
FF4047,45,zly,FF4047,47,umiarkowany
FF3177,45,zly,FF3177,58,dobry
FF4117,45,zly,FF4117,59,dobry
FF4127,45,zly,FF4127,59,dobry
FF4137,45,zly,FF4137,45,umiarkowany
FF4147,45,zly,FF4147,45,umiarkowany
FF4157,45,zly,FF4157,48,umiarkowany
FF2150,45,zly,FF2150,45,umiarkowany
FF2151,45,zly,FF2151,45,umiarkowany
FF2160,45,zly,FF2160,45,umiarkowany
FF2161,45,zly,FF2161,45,umiarkowany
FF3130,45,zly,FF3130,45,umiarkowany
FF3131,45,zly,FF3131,50,umiarkowany
FF4140,45,zly,FF4140,45,umiarkowany
FF4150,45,zly,FF4150,45,umiarkowany
FF4151,45,zly,FF4151,52,umiarkowany
FF4160,45,zly,FF4160,50,umiarkowany
FF4161,45,zly,FF4161,47,umiarkowany
FF4170,45,zly,FF4170,45,umiarkowany
FF4171,45,zly,FF4171,52,umiarkowany
FF3186,45,zly,FF3186,57,dobry
FF3196,45,zly,FF3196,57,dobry
FF4126,45,zly,FF4126,45,umiarkowany
FF4136,45,zly,FF4136,51,umiarkowany
FF4146,45,zly,FF4146,51,umiarkowany
FF4173,45,zly,FF4173,47,umiarkowany
FF4172,45,zly,FF4172,50,umiarkowany
FF2079,45,zly,FF2079,45,umiarkowany
FF2089,45,zly,FF2089,45,umiarkowany
FF2099,45,zly,FF2099,45,umiarkowany
FF3039,45,zly,FF3039,45,umiarkowany
FF4039,45,zly,FF4039,53,umiarkowany
FF4049,45,zly,FF4049,55,dobry
FF4059,45,zly,FF4059,46,umiarkowany
FF4069,45,zly,FF4069,45,umiarkowany
FF3028,45,zly,FF3028,45,umiarkowany
FF4038,45,zly,FF4038,54,dobry
FF4048,45,zly,FF4048,49,umiarkowany
FF4058,45,zly,FF4058,46,umiarkowany
FG0204,45,zly,FG0204,45,umiarkowany
FG0205,45,zly,FG0205,45,umiarkowany
FG0206,45,zly,FG0206,46,umiarkowany
FG0207,45,zly,FG0207,52,umiarkowany
FG0208,45,zly,FG0208,52,umiarkowany
FG0209,45,zly,FG0209,52,umiarkowany
FG0300,45,zly,FG0300,45,umiarkowany
FG0301,45,zly,FG0301,45,umiarkowany
FG0302,45,zly,FG0302,45,umiarkowany
FG0303,45,zly,FG0303,51,umiarkowany
FG5545,45,zly,FG5545,50,umiarkowany
FG5533,45,zly,FG5533,47,umiarkowany
FG5522,45,zly,FG5522,49,umiarkowany
FG5523,45,zly,FG5523,51,umiarkowany
FG5524,45,zly,FG5524,49,umiarkowany
FG5525,45,zly,FG5525,48,umiarkowany
FG5526,45,zly,FG5526,51,umiarkowany
FG5527,45,zly,FG5527,49,umiarkowany
FG5528,45,zly,FG5528,50,umiarkowany
FG5515,45,zly,FG5515,48,umiarkowany
FG5516,45,zly,FG5516,49,umiarkowany
FG5517,45,zly,FG5517,49,umiarkowany
FG5518,45,zly,FG5518,46,umiarkowany
FG5918,45,zly,FG5918,47,umiarkowany
FG5919,45,zly,FG5919,47,umiarkowany
FG0909,45,zly,FG0909,47,umiarkowany
FG0919,45,zly,FG0919,47,umiarkowany
FG0929,45,zly,FG0929,45,umiarkowany
FG0969,45,zly,FG0969,46,umiarkowany
FG3949,45,zly,FG3949,50,umiarkowany
FG3959,45,zly,FG3959,49,umiarkowany
FG4939,45,zly,FG4939,49,umiarkowany
FG4949,45,zly,FG4949,49,umiarkowany
FG4999,45,zly,FG4999,47,umiarkowany
FG5909,45,zly,FG5909,48,umiarkowany
FG3948,45,zly,FG3948,51,umiarkowany
FG3998,45,zly,FG3998,48,umiarkowany
FG4928,45,zly,FG4928,47,umiarkowany
FG4938,45,zly,FG4938,49,umiarkowany
FG4948,45,zly,FG4948,49,umiarkowany
FG4958,45,zly,FG4958,45,umiarkowany
FG4998,45,zly,FG4998,47,umiarkowany
FG5908,45,zly,FG5908,50,umiarkowany
FG3937,45,zly,FG3937,48,umiarkowany
FG3947,45,zly,FG3947,52,umiarkowany
FG3957,45,zly,FG3957,50,umiarkowany
FG3987,45,zly,FG3987,48,umiarkowany
FG4907,50,umiarkowany,FG4907,45,umiarkowany
FG4917,45,zly,FG4917,50,umiarkowany
FG4927,45,zly,FG4927,47,umiarkowany
FG5907,45,zly,FG5907,48,umiarkowany
FG2894,45,zly,FG2894,50,umiarkowany
FG3804,45,zly,FG3804,49,umiarkowany
FG3805,45,zly,FG3805,50,umiarkowany
FG3834,45,zly,FG3834,47,umiarkowany
FG3835,45,zly,FG3835,47,umiarkowany
FG3884,45,zly,FG3884,45,umiarkowany
FG3894,45,zly,FG3894,45,umiarkowany
FG3895,45,zly,FG3895,45,umiarkowany
FG4805,45,zly,FG4805,45,umiarkowany
FG4815,45,zly,FG4815,45,umiarkowany
FG4825,45,zly,FG4825,45,umiarkowany
FG4834,45,zly,FG4834,47,umiarkowany
FG4835,45,zly,FG4835,45,umiarkowany
FG3936,45,zly,FG3936,50,umiarkowany
FG3946,45,zly,FG3946,47,umiarkowany
FG3956,45,zly,FG3956,50,umiarkowany
FG3976,45,zly,FG3976,49,umiarkowany
FG4906,45,zly,FG4906,47,umiarkowany
FG4916,45,zly,FG4916,48,umiarkowany
FG4926,45,zly,FG4926,48,umiarkowany
FG3925,45,zly,FG3925,49,umiarkowany
FG3935,45,zly,FG3935,50,umiarkowany
FG3965,45,zly,FG3965,48,umiarkowany
FG3975,45,zly,FG3975,49,umiarkowany
FG4905,45,zly,FG4905,50,umiarkowany
FG4915,45,zly,FG4915,48,umiarkowany
FG3924,45,zly,FG3924,49,umiarkowany
FG3934,45,zly,FG3934,49,umiarkowany
FG3944,45,zly,FG3944,48,umiarkowany
FG3954,45,zly,FG3954,50,umiarkowany
FG3964,45,zly,FG3964,49,umiarkowany
FG4904,45,zly,FG4904,50,umiarkowany
FG4914,45,zly,FG4914,48,umiarkowany
FG2983,45,zly,FG2983,45,umiarkowany
FG3913,45,zly,FG3913,47,umiarkowany
FG3923,45,zly,FG3923,48,umiarkowany
FG3943,45,zly,FG3943,50,umiarkowany
FG3953,45,zly,FG3953,49,umiarkowany
FG4903,45,zly,FG4903,47,umiarkowany
FG4913,45,zly,FG4913,50,umiarkowany
FG2982,45,zly,FG2982,45,umiarkowany
FG3912,45,zly,FG3912,47,umiarkowany
FG3932,45,zly,FG3932,49,umiarkowany
FG3942,45,zly,FG3942,50,umiarkowany
FG3952,45,zly,FG3952,51,umiarkowany
FG3982,45,zly,FG3982,47,umiarkowany
FG3992,45,zly,FG3992,50,umiarkowany
FG4902,45,zly,FG4902,47,umiarkowany
FG4952,45,zly,FG4952,49,umiarkowany
FG2981,45,zly,FG2981,48,umiarkowany
FG2991,45,zly,FG2991,47,umiarkowany
FG3901,45,zly,FG3901,45,umiarkowany
FG3921,45,zly,FG3921,45,umiarkowany
FG3931,45,zly,FG3931,49,umiarkowany
FG3941,45,zly,FG3941,48,umiarkowany
FG2950,45,zly,FG2950,45,umiarkowany
FG2960,45,zly,FG2960,48,umiarkowany
FG2970,45,zly,FG2970,48,umiarkowany
FG3900,45,zly,FG3900,45,umiarkowany
FG3920,45,zly,FG3920,45,umiarkowany
FG3930,45,zly,FG3930,48,umiarkowany
FG4940,45,zly,FG4940,47,umiarkowany
FG2869,45,zly,FG2869,50,umiarkowany
FG2899,45,zly,FG2899,48,umiarkowany
FG3809,45,zly,FG3809,46,umiarkowany
FG3819,45,zly,FG3819,47,umiarkowany
FG3829,45,zly,FG3829,47,umiarkowany
FG3839,45,zly,FG3839,49,umiarkowany
FG3869,45,zly,FG3869,48,umiarkowany
FG4849,45,zly,FG4849,49,umiarkowany
FG4859,45,zly,FG4859,49,umiarkowany
FG2858,45,zly,FG2858,45,umiarkowany
FG2868,45,zly,FG2868,49,umiarkowany
FG2898,45,zly,FG2898,48,umiarkowany
FG3808,45,zly,FG3808,48,umiarkowany
FG3818,45,zly,FG3818,47,umiarkowany
FG3828,45,zly,FG3828,47,umiarkowany
FG3868,45,zly,FG3868,48,umiarkowany
FG4848,45,zly,FG4848,50,umiarkowany
FG2857,45,zly,FG2857,45,umiarkowany
FG2867,45,zly,FG2867,48,umiarkowany
FG3807,45,zly,FG3807,49,umiarkowany
FG3817,45,zly,FG3817,47,umiarkowany
FG3867,45,zly,FG3867,48,umiarkowany
FG4847,45,zly,FG4847,52,umiarkowany
FG2856,45,zly,FG2856,45,umiarkowany
FG3806,45,zly,FG3806,49,umiarkowany
FG3866,45,zly,FG3866,48,umiarkowany
FG4836,45,zly,FG4836,50,umiarkowany
FG4846,45,zly,FG4846,51,umiarkowany
FG5504,45,zly,FG5504,49,umiarkowany
FG5505,45,zly,FG5505,48,umiarkowany
FG5506,45,zly,FG5506,49,umiarkowany
FG5507,45,zly,FG5507,49,umiarkowany
FG0803,45,zly,FG0803,49,umiarkowany
FG0813,45,zly,FG0813,45,umiarkowany
FG0823,45,zly,FG0823,50,umiarkowany
FG0833,45,zly,FG0833,51,umiarkowany
FG2883,45,zly,FG2883,50,umiarkowany
FG2893,45,zly,FG2893,51,umiarkowany
FG3823,45,zly,FG3823,47,umiarkowany
FG3883,45,zly,FG3883,45,umiarkowany
FG4833,45,zly,FG4833,51,umiarkowany
FG0802,45,zly,FG0802,49,umiarkowany
FG0812,45,zly,FG0812,45,umiarkowany
FG0822,45,zly,FG0822,51,umiarkowany
FG0832,45,zly,FG0832,49,umiarkowany
FG1812,45,zly,FG1812,45,umiarkowany
FG1822,45,zly,FG1822,45,umiarkowany
FG2872,45,zly,FG2872,51,umiarkowany
FG2882,45,zly,FG2882,49,umiarkowany
FG3832,45,zly,FG3832,46,umiarkowany
FG3872,45,zly,FG3872,45,umiarkowany
FG0801,45,zly,FG0801,49,umiarkowany
FG0811,45,zly,FG0811,45,umiarkowany
FG0821,45,zly,FG0821,50,umiarkowany
FG1811,45,zly,FG1811,45,umiarkowany
FG1821,45,zly,FG1821,45,umiarkowany
FG2861,45,zly,FG2861,48,umiarkowany
FG2871,45,zly,FG2871,51,umiarkowany
FG3831,45,zly,FG3831,47,umiarkowany
FG3861,45,zly,FG3861,45,umiarkowany
FG3871,45,zly,FG3871,45,umiarkowany
FG3881,45,zly,FG3881,45,umiarkowany
FG0800,45,zly,FG0800,48,umiarkowany
FG0810,45,zly,FG0810,45,umiarkowany
FG0890,45,zly,FG0890,48,umiarkowany
FG1810,45,zly,FG1810,45,umiarkowany
FG2850,45,zly,FG2850,45,umiarkowany
FG2860,45,zly,FG2860,49,umiarkowany
FG2890,45,zly,FG2890,49,umiarkowany
FG3800,45,zly,FG3800,48,umiarkowany
FG3820,45,zly,FG3820,45,umiarkowany
FG3830,45,zly,FG3830,47,umiarkowany
FG3840,45,zly,FG3840,45,umiarkowany
FG3850,45,zly,FG3850,45,umiarkowany
FG3860,45,zly,FG3860,45,umiarkowany
FG3870,45,zly,FG3870,45,umiarkowany
FG3880,45,zly,FG3880,45,umiarkowany
FG3890,45,zly,FG3890,45,umiarkowany
FG4810,45,zly,FG4810,45,umiarkowany
FG0719,45,zly,FG0719,47,umiarkowany
FG1709,45,zly,FG1709,47,umiarkowany
FG1719,45,zly,FG1719,49,umiarkowany
FG2749,45,zly,FG2749,45,umiarkowany
FG2759,45,zly,FG2759,48,umiarkowany
FG2789,45,zly,FG2789,49,umiarkowany
FG2799,45,zly,FG2799,49,umiarkowany
FG3729,45,zly,FG3729,50,umiarkowany
FG3759,45,zly,FG3759,46,umiarkowany
FG3779,45,zly,FG3779,45,umiarkowany
FG3789,45,zly,FG3789,45,umiarkowany
FG3799,45,zly,FG3799,45,umiarkowany
FG4719,45,zly,FG4719,45,umiarkowany
FG4759,45,zly,FG4759,47,umiarkowany
FG0758,45,zly,FG0758,45,umiarkowany
FG0768,45,zly,FG0768,47,umiarkowany
FG1708,45,zly,FG1708,47,umiarkowany
FG2768,45,zly,FG2768,51,umiarkowany
FG2788,45,zly,FG2788,49,umiarkowany
FG3758,45,zly,FG3758,50,umiarkowany
FG3768,45,zly,FG3768,47,umiarkowany
FG3778,45,zly,FG3778,45,umiarkowany
FG3788,45,zly,FG3788,47,umiarkowany
FG4718,45,zly,FG4718,48,umiarkowany
FG4728,45,zly,FG4728,47,umiarkowany
FG4748,45,zly,FG4748,48,umiarkowany
FG4758,45,zly,FG4758,48,umiarkowany
FG1689,45,zly,FG1689,48,umiarkowany
FG2609,45,zly,FG2609,47,umiarkowany
FG2700,45,zly,FG2700,49,umiarkowany
FG2639,45,zly,FG2639,48,umiarkowany
FG2730,45,zly,FG2730,46,umiarkowany
FG2649,45,zly,FG2649,48,umiarkowany
FG2740,45,zly,FG2740,46,umiarkowany
FG2659,45,zly,FG2659,59,dobry
FG2750,45,zly,FG2750,45,umiarkowany
FG2669,45,zly,FG2669,50,umiarkowany
FG2760,45,zly,FG2760,46,umiarkowany
FG3609,45,zly,FG3609,50,umiarkowany
FG3619,45,zly,FG3619,50,umiarkowany
FG3710,45,zly,FG3710,50,umiarkowany
FG3720,45,zly,FG3720,48,umiarkowany
FG3639,45,zly,FG3639,50,umiarkowany
FG3649,45,zly,FG3649,50,umiarkowany
FG3679,45,zly,FG3679,50,umiarkowany
FG3780,45,zly,FG3780,50,umiarkowany
FG4609,45,zly,FG4609,49,umiarkowany
FG4619,45,zly,FG4619,48,umiarkowany
FG4710,45,zly,FG4710,50,umiarkowany
FG4629,45,zly,FG4629,49,umiarkowany
FG4730,45,zly,FG4730,51,umiarkowany
FG0668,45,zly,FG0668,48,umiarkowany
FG0678,45,zly,FG0678,58,dobry
FG1678,45,zly,FG1678,45,umiarkowany
FG1698,45,zly,FG1698,49,umiarkowany
FG2608,45,zly,FG2608,49,umiarkowany
FG3608,45,zly,FG3608,51,umiarkowany
FG3618,45,zly,FG3618,51,umiarkowany
FG3648,45,zly,FG3648,49,umiarkowany
FG3658,45,zly,FG3658,50,umiarkowany
FG3668,45,zly,FG3668,49,umiarkowany
FG3678,45,zly,FG3678,49,umiarkowany
FG3698,45,zly,FG3698,45,umiarkowany
FG4608,45,zly,FG4608,51,umiarkowany
FG4618,45,zly,FG4618,48,umiarkowany
FG4628,45,zly,FG4628,50,umiarkowany
FG0757,45,zly,FG0757,53,umiarkowany
FG0767,45,zly,FG0767,49,umiarkowany
FG0777,45,zly,FG0777,48,umiarkowany
FG0787,45,zly,FG0787,48,umiarkowany
FG0797,45,zly,FG0797,47,umiarkowany
FG2757,45,zly,FG2757,49,umiarkowany
FG2767,45,zly,FG2767,46,umiarkowany
FG2777,45,zly,FG2777,49,umiarkowany
FG2787,45,zly,FG2787,49,umiarkowany
FG3707,45,zly,FG3707,45,umiarkowany
FG3767,45,zly,FG3767,48,umiarkowany
FG3777,45,zly,FG3777,47,umiarkowany
FG4707,45,zly,FG4707,50,umiarkowany
FG4717,45,zly,FG4717,46,umiarkowany
FG4747,45,zly,FG4747,51,umiarkowany
FG4757,45,zly,FG4757,49,umiarkowany
FG0736,45,zly,FG0736,46,umiarkowany
FG0756,45,zly,FG0756,54,dobry
FG0766,45,zly,FG0766,55,dobry
FG0776,45,zly,FG0776,48,umiarkowany
FG1736,45,zly,FG1736,45,umiarkowany
FG2766,45,zly,FG2766,49,umiarkowany
FG2776,45,zly,FG2776,49,umiarkowany
FG2786,45,zly,FG2786,49,umiarkowany
FG2796,45,zly,FG2796,49,umiarkowany
FG3706,45,zly,FG3706,56,dobry
FG3756,45,zly,FG3756,49,umiarkowany
FG4726,45,zly,FG4726,48,umiarkowany
FG0735,45,zly,FG0735,46,umiarkowany
FG0765,45,zly,FG0765,48,umiarkowany
FG1725,45,zly,FG1725,46,umiarkowany
FG2795,45,zly,FG2795,49,umiarkowany
FG3745,45,zly,FG3745,50,umiarkowany
FG3755,45,zly,FG3755,49,umiarkowany
FG3765,45,zly,FG3765,48,umiarkowany
FG3775,45,zly,FG3775,49,umiarkowany
FG3785,45,zly,FG3785,49,umiarkowany
FG4725,45,zly,FG4725,48,umiarkowany
FG0714,45,zly,FG0714,46,umiarkowany
FG2764,45,zly,FG2764,49,umiarkowany
FG3734,45,zly,FG3734,51,umiarkowany
FG3744,45,zly,FG3744,50,umiarkowany
FG3794,45,zly,FG3794,48,umiarkowany
FG4704,45,zly,FG4704,47,umiarkowany
FG0713,45,zly,FG0713,48,umiarkowany
FG0733,45,zly,FG0733,47,umiarkowany
FG2753,45,zly,FG2753,49,umiarkowany
FG3723,45,zly,FG3723,46,umiarkowany
FG3733,45,zly,FG3733,48,umiarkowany
FG3793,45,zly,FG3793,50,umiarkowany
FG4763,45,zly,FG4763,49,umiarkowany
FG0702,45,zly,FG0702,45,umiarkowany
FG0732,45,zly,FG0732,47,umiarkowany
FG2732,50,umiarkowany,FG2732,45,umiarkowany
FG2742,45,zly,FG2742,50,umiarkowany
FG2752,45,zly,FG2752,48,umiarkowany
FG2762,45,zly,FG2762,48,umiarkowany
FG2772,45,zly,FG2772,48,umiarkowany
FG2782,45,zly,FG2782,45,umiarkowany
FG3712,45,zly,FG3712,47,umiarkowany
FG3722,45,zly,FG3722,46,umiarkowany
FG3732,45,zly,FG3732,50,umiarkowany
FG3782,45,zly,FG3782,50,umiarkowany
FG4742,45,zly,FG4742,48,umiarkowany
FG4762,45,zly,FG4762,48,umiarkowany
FG0701,45,zly,FG0701,45,umiarkowany
FG0731,45,zly,FG0731,47,umiarkowany
FG2711,45,zly,FG2711,46,umiarkowany
FG2721,45,zly,FG2721,47,umiarkowany
FG2731,45,zly,FG2731,48,umiarkowany
FG2741,45,zly,FG2741,50,umiarkowany
FG2751,45,zly,FG2751,45,umiarkowany
FG2761,45,zly,FG2761,45,umiarkowany
FG2771,45,zly,FG2771,47,umiarkowany
FG2781,45,zly,FG2781,45,umiarkowany
FG3711,45,zly,FG3711,46,umiarkowany
FG3721,45,zly,FG3721,47,umiarkowany
FG3731,45,zly,FG3731,50,umiarkowany
FG3781,45,zly,FG3781,49,umiarkowany
FG4731,45,zly,FG4731,49,umiarkowany
FG4741,45,zly,FG4741,47,umiarkowany
FG0657,45,zly,FG0657,63,dobry
FG0667,45,zly,FG0667,49,umiarkowany
FG0677,45,zly,FG0677,65,dobry
FG0687,45,zly,FG0687,50,umiarkowany
FG0697,45,zly,FG0697,52,umiarkowany
FG1607,45,zly,FG1607,54,dobry
FG1617,45,zly,FG1617,47,umiarkowany
FG1697,45,zly,FG1697,49,umiarkowany
FG2607,45,zly,FG2607,49,umiarkowany
FG2617,45,zly,FG2617,49,umiarkowany
FG2627,45,zly,FG2627,45,umiarkowany
FG2637,45,zly,FG2637,49,umiarkowany
FG2647,45,zly,FG2647,49,umiarkowany
FG3607,45,zly,FG3607,49,umiarkowany
FG3667,45,zly,FG3667,48,umiarkowany
FG3697,45,zly,FG3697,51,umiarkowany
FG4607,45,zly,FG4607,51,umiarkowany
FG0646,45,zly,FG0646,45,umiarkowany
FG0656,45,zly,FG0656,46,umiarkowany
FG0666,45,zly,FG0666,47,umiarkowany
FG0676,45,zly,FG0676,47,umiarkowany
FG0686,45,zly,FG0686,51,umiarkowany
FG0696,45,zly,FG0696,47,umiarkowany
FG1606,45,zly,FG1606,52,umiarkowany
FG1686,45,zly,FG1686,47,umiarkowany
FG1696,45,zly,FG1696,48,umiarkowany
FG2606,45,zly,FG2606,49,umiarkowany
FG2616,45,zly,FG2616,45,umiarkowany
FG2626,45,zly,FG2626,45,umiarkowany
FG2636,45,zly,FG2636,45,umiarkowany
FG2646,45,zly,FG2646,48,umiarkowany
FG2656,45,zly,FG2656,47,umiarkowany
FG2666,45,zly,FG2666,47,umiarkowany
FG2676,45,zly,FG2676,49,umiarkowany
FG2686,45,zly,FG2686,47,umiarkowany
FG2696,45,zly,FG2696,49,umiarkowany
FG3606,45,zly,FG3606,48,umiarkowany
FG3616,45,zly,FG3616,49,umiarkowany
FG3626,45,zly,FG3626,51,umiarkowany
FG3686,45,zly,FG3686,49,umiarkowany
FG0635,45,zly,FG0635,47,umiarkowany
FG0645,45,zly,FG0645,46,umiarkowany
FG0655,45,zly,FG0655,48,umiarkowany
FG0685,45,zly,FG0685,48,umiarkowany
FG1605,45,zly,FG1605,47,umiarkowany
FG1685,45,zly,FG1685,47,umiarkowany
FG1695,45,zly,FG1695,47,umiarkowany
FG2605,45,zly,FG2605,48,umiarkowany
FG2615,45,zly,FG2615,45,umiarkowany
FG2645,45,zly,FG2645,47,umiarkowany
FG2665,45,zly,FG2665,50,umiarkowany
FG2675,45,zly,FG2675,51,umiarkowany
FG2685,45,zly,FG2685,49,umiarkowany
FG2695,45,zly,FG2695,47,umiarkowany
FG3605,45,zly,FG3605,48,umiarkowany
FG3615,45,zly,FG3615,48,umiarkowany
FG3625,45,zly,FG3625,50,umiarkowany
FG4605,45,zly,FG4605,47,umiarkowany
FG4615,45,zly,FG4615,50,umiarkowany
FG0624,45,zly,FG0624,47,umiarkowany
FG0634,45,zly,FG0634,46,umiarkowany
FG0644,45,zly,FG0644,48,umiarkowany
FG0654,45,zly,FG0654,48,umiarkowany
FG0664,45,zly,FG0664,47,umiarkowany
FG0674,45,zly,FG0674,48,umiarkowany
FG0684,45,zly,FG0684,47,umiarkowany
FG1634,45,zly,FG1634,45,umiarkowany
FG1674,45,zly,FG1674,46,umiarkowany
FG1684,45,zly,FG1684,45,umiarkowany
FG1694,45,zly,FG1694,47,umiarkowany
FG2604,45,zly,FG2604,45,umiarkowany
FG2614,45,zly,FG2614,45,umiarkowany
FG2644,45,zly,FG2644,46,umiarkowany
FG2674,45,zly,FG2674,51,umiarkowany
FG2684,45,zly,FG2684,51,umiarkowany
FG2694,45,zly,FG2694,50,umiarkowany
FG3604,45,zly,FG3604,49,umiarkowany
FG3614,45,zly,FG3614,49,umiarkowany
FG3624,45,zly,FG3624,50,umiarkowany
FG3634,45,zly,FG3634,50,umiarkowany
FG3644,45,zly,FG3644,45,umiarkowany
FG3654,45,zly,FG3654,45,umiarkowany
FG0623,45,zly,FG0623,48,umiarkowany
FG0653,45,zly,FG0653,48,umiarkowany
FG0663,45,zly,FG0663,47,umiarkowany
FG0673,45,zly,FG0673,48,umiarkowany
FG1613,45,zly,FG1613,49,umiarkowany
FG1623,45,zly,FG1623,48,umiarkowany
FG1683,45,zly,FG1683,45,umiarkowany
FG1693,45,zly,FG1693,45,umiarkowany
FG2603,45,zly,FG2603,45,umiarkowany
FG2613,45,zly,FG2613,53,umiarkowany
FG2643,45,zly,FG2643,46,umiarkowany
FG2653,45,zly,FG2653,45,umiarkowany
FG2663,45,zly,FG2663,50,umiarkowany
FG2673,45,zly,FG2673,52,umiarkowany
FG2683,45,zly,FG2683,49,umiarkowany
FG2693,45,zly,FG2693,45,umiarkowany
FG3603,45,zly,FG3603,48,umiarkowany
FG3613,45,zly,FG3613,49,umiarkowany
FG3653,45,zly,FG3653,49,umiarkowany
FG3663,45,zly,FG3663,49,umiarkowany
FG3693,45,zly,FG3693,51,umiarkowany
FG4596,45,zly,FG4596,49,umiarkowany
FG4597,45,zly,FG4597,49,umiarkowany
FG0602,45,zly,FG0602,58,dobry
FG0622,45,zly,FG0622,54,dobry
FG0652,45,zly,FG0652,48,umiarkowany
FG0662,45,zly,FG0662,47,umiarkowany
FG0672,45,zly,FG0672,46,umiarkowany
FG1622,45,zly,FG1622,49,umiarkowany
FG1692,45,zly,FG1692,46,umiarkowany
FG2602,45,zly,FG2602,52,umiarkowany
FG2612,45,zly,FG2612,53,umiarkowany
FG2642,45,zly,FG2642,45,umiarkowany
FG2652,45,zly,FG2652,45,umiarkowany
FG2662,45,zly,FG2662,50,umiarkowany
FG2672,45,zly,FG2672,52,umiarkowany
FG2682,45,zly,FG2682,50,umiarkowany
FG2692,45,zly,FG2692,49,umiarkowany
FG3602,45,zly,FG3602,49,umiarkowany
FG3612,45,zly,FG3612,50,umiarkowany
FG3652,45,zly,FG3652,49,umiarkowany
FG3662,45,zly,FG3662,48,umiarkowany
FG3682,45,zly,FG3682,51,umiarkowany
FG3692,45,zly,FG3692,51,umiarkowany
FG4602,45,zly,FG4602,51,umiarkowany
FG4612,45,zly,FG4612,50,umiarkowany
FG0601,45,zly,FG0601,59,dobry
FG0611,45,zly,FG0611,63,dobry
FG0621,45,zly,FG0621,58,dobry
FG0651,45,zly,FG0651,48,umiarkowany
FG0661,45,zly,FG0661,47,umiarkowany
FG1621,45,zly,FG1621,49,umiarkowany
FG1641,45,zly,FG1641,47,umiarkowany
FG1681,45,zly,FG1681,45,umiarkowany
FG1691,45,zly,FG1691,46,umiarkowany
FG2601,45,zly,FG2601,53,umiarkowany
FG2611,45,zly,FG2611,51,umiarkowany
FG2661,45,zly,FG2661,48,umiarkowany
FG2671,45,zly,FG2671,49,umiarkowany
FG2681,45,zly,FG2681,49,umiarkowany
FG0610,45,zly,FG0610,53,umiarkowany
FG0620,45,zly,FG0620,49,umiarkowany
FG0630,45,zly,FG0630,49,umiarkowany
FG0640,45,zly,FG0640,55,dobry
FG0650,45,zly,FG0650,48,umiarkowany
FG0680,45,zly,FG0680,47,umiarkowany
FG0690,45,zly,FG0690,45,umiarkowany
FG1630,45,zly,FG1630,45,umiarkowany
FG1640,45,zly,FG1640,45,umiarkowany
FG1650,45,zly,FG1650,46,umiarkowany
FG1670,45,zly,FG1670,45,umiarkowany
FG1680,45,zly,FG1680,45,umiarkowany
FG1690,45,zly,FG1690,46,umiarkowany
FG2630,45,zly,FG2630,52,umiarkowany
FG2640,45,zly,FG2640,52,umiarkowany
FG2660,45,zly,FG2660,51,umiarkowany
FG2670,45,zly,FG2670,48,umiarkowany
FG2680,45,zly,FG2680,48,umiarkowany
FG3630,45,zly,FG3630,49,umiarkowany
FG4610,45,zly,FG4610,48,umiarkowany
FG0529,45,zly,FG0529,47,umiarkowany
FG0539,45,zly,FG0539,50,umiarkowany
FG0549,45,zly,FG0549,47,umiarkowany
FG0589,45,zly,FG0589,47,umiarkowany
FG0599,45,zly,FG0599,48,umiarkowany
FG1539,45,zly,FG1539,48,umiarkowany
FG1549,45,zly,FG1549,45,umiarkowany
FG1559,45,zly,FG1559,45,umiarkowany
FG1579,45,zly,FG1579,46,umiarkowany
FG1589,45,zly,FG1589,51,umiarkowany
FG1599,45,zly,FG1599,47,umiarkowany
FG2529,45,zly,FG2529,46,umiarkowany
FG2539,45,zly,FG2539,58,dobry
FG2549,45,zly,FG2549,45,umiarkowany
FG2559,45,zly,FG2559,58,dobry
FG2579,45,zly,FG2579,48,umiarkowany
FG2589,45,zly,FG2589,48,umiarkowany
FG2599,45,zly,FG2599,45,umiarkowany
FG3539,45,zly,FG3539,49,umiarkowany
FG3549,45,zly,FG3549,49,umiarkowany
FG3599,45,zly,FG3599,50,umiarkowany
FG4509,45,zly,FG4509,49,umiarkowany
FG0508,45,zly,FG0508,47,umiarkowany
FG0518,45,zly,FG0518,50,umiarkowany
FG0528,45,zly,FG0528,49,umiarkowany
FG0538,45,zly,FG0538,50,umiarkowany
FG0578,45,zly,FG0578,49,umiarkowany
FG0588,45,zly,FG0588,48,umiarkowany
FG0598,45,zly,FG0598,47,umiarkowany
FG1508,45,zly,FG1508,49,umiarkowany
FG1538,45,zly,FG1538,49,umiarkowany
FG1548,45,zly,FG1548,45,umiarkowany
FG1558,45,zly,FG1558,45,umiarkowany
FG1568,45,zly,FG1568,45,umiarkowany
FG1578,45,zly,FG1578,45,umiarkowany
FG1588,45,zly,FG1588,53,umiarkowany
FG2528,45,zly,FG2528,47,umiarkowany
FG2538,45,zly,FG2538,45,umiarkowany
FG2548,45,zly,FG2548,58,dobry
FG2558,45,zly,FG2558,58,dobry
FG2578,45,zly,FG2578,48,umiarkowany
FG3518,45,zly,FG3518,49,umiarkowany
FG3528,45,zly,FG3528,52,umiarkowany
FG3538,45,zly,FG3538,51,umiarkowany
FG3548,45,zly,FG3548,48,umiarkowany
FG3558,45,zly,FG3558,50,umiarkowany
FG3588,45,zly,FG3588,51,umiarkowany
FG3598,45,zly,FG3598,50,umiarkowany
FG0517,45,zly,FG0517,49,umiarkowany
FG0527,45,zly,FG0527,49,umiarkowany
FG0537,45,zly,FG0537,50,umiarkowany
FG0567,45,zly,FG0567,48,umiarkowany
FG1507,45,zly,FG1507,45,umiarkowany
FG1517,45,zly,FG1517,45,umiarkowany
FG1527,45,zly,FG1527,45,umiarkowany
FG1537,45,zly,FG1537,49,umiarkowany
FG1547,45,zly,FG1547,45,umiarkowany
FG1567,45,zly,FG1567,45,umiarkowany
FG1577,45,zly,FG1577,51,umiarkowany
FG1587,45,zly,FG1587,45,umiarkowany
FG1597,45,zly,FG1597,46,umiarkowany
FG2507,45,zly,FG2507,52,umiarkowany
FG2517,45,zly,FG2517,51,umiarkowany
FG2527,45,zly,FG2527,45,umiarkowany
FG2537,45,zly,FG2537,46,umiarkowany
FG2547,45,zly,FG2547,57,dobry
FG3507,45,zly,FG3507,49,umiarkowany
FG3517,45,zly,FG3517,50,umiarkowany
FG3527,45,zly,FG3527,53,umiarkowany
FG3537,45,zly,FG3537,50,umiarkowany
FG3547,45,zly,FG3547,50,umiarkowany
FG3557,45,zly,FG3557,52,umiarkowany
FG3567,45,zly,FG3567,49,umiarkowany
FG3587,45,zly,FG3587,50,umiarkowany
FG0506,45,zly,FG0506,48,umiarkowany
FG0516,45,zly,FG0516,50,umiarkowany
FG0526,45,zly,FG0526,49,umiarkowany
FG0546,45,zly,FG0546,49,umiarkowany
FG0556,45,zly,FG0556,46,umiarkowany
FG0566,45,zly,FG0566,48,umiarkowany
FG1516,45,zly,FG1516,45,umiarkowany
FG1526,45,zly,FG1526,45,umiarkowany
FG1536,45,zly,FG1536,45,umiarkowany
FG1576,45,zly,FG1576,45,umiarkowany
FG1586,45,zly,FG1586,47,umiarkowany
FG1596,45,zly,FG1596,46,umiarkowany
FG2506,45,zly,FG2506,45,umiarkowany
FG2516,45,zly,FG2516,45,umiarkowany
FG2526,45,zly,FG2526,46,umiarkowany
FG2536,45,zly,FG2536,52,umiarkowany
FG2546,45,zly,FG2546,58,dobry
FG3516,45,zly,FG3516,50,umiarkowany
FG3526,45,zly,FG3526,51,umiarkowany
FG3556,45,zly,FG3556,50,umiarkowany
FG3576,45,zly,FG3576,50,umiarkowany
FG3586,45,zly,FG3586,49,umiarkowany
FG0505,45,zly,FG0505,48,umiarkowany
FG0515,45,zly,FG0515,49,umiarkowany
FG0525,45,zly,FG0525,46,umiarkowany
FG0535,45,zly,FG0535,45,umiarkowany
FG0545,45,zly,FG0545,51,umiarkowany
FG0555,45,zly,FG0555,46,umiarkowany
FG1595,45,zly,FG1595,45,umiarkowany
FG2505,45,zly,FG2505,51,umiarkowany
FG2515,45,zly,FG2515,45,umiarkowany
FG2525,45,zly,FG2525,45,umiarkowany
FG2535,45,zly,FG2535,51,umiarkowany
FG2585,45,zly,FG2585,56,dobry
FG2595,45,zly,FG2595,47,umiarkowany
FG3505,45,zly,FG3505,53,umiarkowany
FG3515,45,zly,FG3515,45,umiarkowany
FG3525,45,zly,FG3525,48,umiarkowany
FG3565,45,zly,FG3565,47,umiarkowany
FG4593,45,zly,FG4593,49,umiarkowany
FG4594,45,zly,FG4594,49,umiarkowany
FG0514,45,zly,FG0514,49,umiarkowany
FG0524,45,zly,FG0524,48,umiarkowany
FG0534,45,zly,FG0534,45,umiarkowany
FG0544,45,zly,FG0544,48,umiarkowany
FG0554,45,zly,FG0554,46,umiarkowany
FG1594,45,zly,FG1594,45,umiarkowany
FG2504,45,zly,FG2504,45,umiarkowany
FG2514,45,zly,FG2514,45,umiarkowany
FG2524,45,zly,FG2524,51,umiarkowany
FG2534,45,zly,FG2534,52,umiarkowany
FG3504,45,zly,FG3504,51,umiarkowany
FG3514,45,zly,FG3514,45,umiarkowany
FG3524,45,zly,FG3524,47,umiarkowany
FG3554,45,zly,FG3554,44,umiarkowany
FG3564,45,zly,FG3564,46,umiarkowany
FG4574,45,zly,FG4574,47,umiarkowany
FG4584,45,zly,FG4584,49,umiarkowany
FG0523,45,zly,FG0523,48,umiarkowany
FG0533,45,zly,FG0533,45,umiarkowany
FG0543,45,zly,FG0543,46,umiarkowany
FG2503,45,zly,FG2503,46,umiarkowany
FG2513,45,zly,FG2513,50,umiarkowany
FG2523,45,zly,FG2523,46,umiarkowany
FG2533,45,zly,FG2533,45,umiarkowany
FG2543,45,zly,FG2543,58,dobry
FG2563,45,zly,FG2563,53,umiarkowany
FG2573,45,zly,FG2573,57,dobry
FG3503,45,zly,FG3503,54,dobry
FG3513,45,zly,FG3513,45,umiarkowany
FG3523,45,zly,FG3523,45,umiarkowany
FG3553,45,zly,FG3553,47,umiarkowany
FG4523,45,zly,FG4523,49,umiarkowany
FG4563,45,zly,FG4563,49,umiarkowany
FG4573,45,zly,FG4573,49,umiarkowany
FG4583,45,zly,FG4583,49,umiarkowany
FG0552,45,zly,FG0552,47,umiarkowany
FG0562,45,zly,FG0562,45,umiarkowany
FG1592,45,zly,FG1592,45,umiarkowany
FG2502,45,zly,FG2502,45,umiarkowany
FG2542,45,zly,FG2542,58,dobry
FG2552,45,zly,FG2552,45,umiarkowany
FG2562,45,zly,FG2562,46,umiarkowany
FG2572,45,zly,FG2572,58,dobry
FG2582,45,zly,FG2582,46,umiarkowany
FG2592,45,zly,FG2592,53,umiarkowany
FG3502,45,zly,FG3502,46,umiarkowany
FG3512,45,zly,FG3512,45,umiarkowany
FG4512,45,zly,FG4512,49,umiarkowany
FG4522,45,zly,FG4522,49,umiarkowany
FG4552,45,zly,FG4552,49,umiarkowany
FG4562,45,zly,FG4562,49,umiarkowany
FG4572,45,zly,FG4572,49,umiarkowany
FG0551,45,zly,FG0551,46,umiarkowany
FG0561,45,zly,FG0561,45,umiarkowany
FG1581,45,zly,FG1581,51,umiarkowany
FG1591,45,zly,FG1591,45,umiarkowany
FG2501,45,zly,FG2501,51,umiarkowany
FG2511,45,zly,FG2511,45,umiarkowany
FG2531,55,dobry,FG2531,56,dobry
FG2541,45,zly,FG2541,63,dobry
FG2551,45,zly,FG2551,45,umiarkowany
FG2561,45,zly,FG2561,45,umiarkowany
FG2571,45,zly,FG2571,45,umiarkowany
FG2581,45,zly,FG2581,45,umiarkowany
FG2591,45,zly,FG2591,45,umiarkowany
FG3501,45,zly,FG3501,46,umiarkowany
FG3521,45,zly,FG3521,47,umiarkowany
FG3531,45,zly,FG3531,47,umiarkowany
FG3581,45,zly,FG3581,52,umiarkowany
FG3591,45,zly,FG3591,45,umiarkowany
FG4551,45,zly,FG4551,49,umiarkowany
FG4561,45,zly,FG4561,49,umiarkowany
FG0510,45,zly,FG0510,48,umiarkowany
FG0530,45,zly,FG0530,50,umiarkowany
FG0540,45,zly,FG0540,45,umiarkowany
FG0550,45,zly,FG0550,45,umiarkowany
FG1560,45,zly,FG1560,45,umiarkowany
FG1570,45,zly,FG1570,45,umiarkowany
FG1580,45,zly,FG1580,50,umiarkowany
FG1590,45,zly,FG1590,46,umiarkowany
FG2500,45,zly,FG2500,46,umiarkowany
FG2510,45,zly,FG2510,45,umiarkowany
FG2520,45,zly,FG2520,52,umiarkowany
FG2530,45,zly,FG2530,56,dobry
FG2540,45,zly,FG2540,45,umiarkowany
FG2550,45,zly,FG2550,45,umiarkowany
FG2560,45,zly,FG2560,46,umiarkowany
FG2570,45,zly,FG2570,61,dobry
FG2580,45,zly,FG2580,57,dobry
FG2590,45,zly,FG2590,52,umiarkowany
FG3500,45,zly,FG3500,46,umiarkowany
FG3570,45,zly,FG3570,46,umiarkowany
FG3580,45,zly,FG3580,52,umiarkowany
FG3590,45,zly,FG3590,47,umiarkowany
FG4500,45,zly,FG4500,46,umiarkowany
FG4530,45,zly,FG4530,46,umiarkowany
FG4540,45,zly,FG4540,45,umiarkowany
FG0409,45,zly,FG0409,45,umiarkowany
FG0419,45,zly,FG0419,45,umiarkowany
FG0429,45,zly,FG0429,45,umiarkowany
FG1459,45,zly,FG1459,45,umiarkowany
FG1469,45,zly,FG1469,56,dobry
FG1479,45,zly,FG1479,46,umiarkowany
FG2409,45,zly,FG2409,45,umiarkowany
FG2419,45,zly,FG2419,40,umiarkowany
FG2429,45,zly,FG2429,45,umiarkowany
FG2439,45,zly,FG2439,45,umiarkowany
FG2449,45,zly,FG2449,45,umiarkowany
FG2459,45,zly,FG2459,45,umiarkowany
FG2479,45,zly,FG2479,45,umiarkowany
FG2489,45,zly,FG2489,51,umiarkowany
FG2499,45,zly,FG2499,51,umiarkowany
FG3499,45,zly,FG3499,47,umiarkowany
FG4409,45,zly,FG4409,47,umiarkowany
FG4419,45,zly,FG4419,47,umiarkowany
FG4429,45,zly,FG4429,46,umiarkowany
FG4439,45,zly,FG4439,45,umiarkowany
FG0408,45,zly,FG0408,45,umiarkowany
FG0418,45,zly,FG0418,45,umiarkowany
FG1448,45,zly,FG1448,45,umiarkowany
FG1458,45,zly,FG1458,45,umiarkowany
FG1468,45,zly,FG1468,53,umiarkowany
FG1478,45,zly,FG1478,46,umiarkowany
FG2408,45,zly,FG2408,46,umiarkowany
FG2418,45,zly,FG2418,40,umiarkowany
FG2428,45,zly,FG2428,45,umiarkowany
FG2438,45,zly,FG2438,45,umiarkowany
FG2448,45,zly,FG2448,45,umiarkowany
FG2458,45,zly,FG2458,45,umiarkowany
FG3468,45,zly,FG3468,46,umiarkowany
FG3478,45,zly,FG3478,47,umiarkowany
FG3488,45,zly,FG3488,46,umiarkowany
FG3498,45,zly,FG3498,47,umiarkowany
FG4408,45,zly,FG4408,45,umiarkowany
FG0417,45,zly,FG0417,45,umiarkowany
FG0427,45,zly,FG0427,45,umiarkowany
FG0437,45,zly,FG0437,52,umiarkowany
FG0467,45,zly,FG0467,53,umiarkowany
FG0477,45,zly,FG0477,45,umiarkowany
FG1447,45,zly,FG1447,45,umiarkowany
FG1457,45,zly,FG1457,45,umiarkowany
FG1467,45,zly,FG1467,52,umiarkowany
FG1497,45,zly,FG1497,50,umiarkowany
FG2407,45,zly,FG2407,46,umiarkowany
FG2417,45,zly,FG2417,40,umiarkowany
FG2427,45,zly,FG2427,45,umiarkowany
FG2437,45,zly,FG2437,45,umiarkowany
FG2447,45,zly,FG2447,50,umiarkowany
FG2457,45,zly,FG2457,45,umiarkowany
FG3457,45,zly,FG3457,46,umiarkowany
FG3467,45,zly,FG3467,48,umiarkowany
FG3477,45,zly,FG3477,52,umiarkowany
FG3487,45,zly,FG3487,47,umiarkowany
FG0305,45,zly,FG0305,57,dobry
FG0306,45,zly,FG0306,53,umiarkowany
FG0315,45,zly,FG0315,53,umiarkowany
FG0316,45,zly,FG0316,52,umiarkowany
FG1335,45,zly,FG1335,45,umiarkowany
FG1345,45,zly,FG1345,46,umiarkowany
FG1346,45,zly,FG1346,45,umiarkowany
FG1355,45,zly,FG1355,46,umiarkowany
FG1356,45,zly,FG1356,46,umiarkowany
FG1365,45,zly,FG1365,47,umiarkowany
FG1366,45,zly,FG1366,45,umiarkowany
FG1376,45,zly,FG1376,53,umiarkowany
FG1386,45,zly,FG1386,45,umiarkowany
FG2305,45,zly,FG2305,45,umiarkowany
FG2315,45,zly,FG2315,52,umiarkowany
FG3305,45,zly,FG3305,46,umiarkowany
FG3315,45,zly,FG3315,46,umiarkowany
FG3325,45,zly,FG3325,45,umiarkowany
FG3326,45,zly,FG3326,45,umiarkowany
FG3335,45,zly,FG3335,58,dobry
FG3336,45,zly,FG3336,58,dobry
FG0304,45,zly,FG0304,58,dobry
FG0314,45,zly,FG0314,52,umiarkowany
FG1334,45,zly,FG1334,45,umiarkowany
FG1344,45,zly,FG1344,46,umiarkowany
FG1354,45,zly,FG1354,45,umiarkowany
FG1364,45,zly,FG1364,45,umiarkowany
FG1374,45,zly,FG1374,52,umiarkowany
FG2324,45,zly,FG2324,45,umiarkowany
FG2334,45,zly,FG2334,45,umiarkowany
FG2344,45,zly,FG2344,46,umiarkowany
FG2374,45,zly,FG2374,51,umiarkowany
FG3304,45,zly,FG3304,47,umiarkowany
FG3314,45,zly,FG3314,45,umiarkowany
FG3324,45,zly,FG3324,51,umiarkowany
FG3334,45,zly,FG3334,53,umiarkowany
FG0313,45,zly,FG0313,45,umiarkowany
FG0323,45,zly,FG0323,45,umiarkowany
FG1323,45,zly,FG1323,45,umiarkowany
FG1333,45,zly,FG1333,45,umiarkowany
FG1343,45,zly,FG1343,52,umiarkowany
FG1353,45,zly,FG1353,51,umiarkowany
FG1363,45,zly,FG1363,47,umiarkowany
FG1373,45,zly,FG1373,45,umiarkowany
FG2303,45,zly,FG2303,45,umiarkowany
FG2323,45,zly,FG2323,50,umiarkowany
FG2333,45,zly,FG2333,51,umiarkowany
FG2343,45,zly,FG2343,51,umiarkowany
FG2373,45,zly,FG2373,46,umiarkowany
FG2383,45,zly,FG2383,45,umiarkowany
FG2393,45,zly,FG2393,45,umiarkowany
FG3303,45,zly,FG3303,53,umiarkowany
FG3313,45,zly,FG3313,45,umiarkowany
FG3323,45,zly,FG3323,45,umiarkowany
FG0406,45,zly,FG0406,59,dobry
FG0416,45,zly,FG0416,45,umiarkowany
FG0426,45,zly,FG0426,60,dobry
FG0436,45,zly,FG0436,52,umiarkowany
FG0456,45,zly,FG0456,52,umiarkowany
FG0466,45,zly,FG0466,51,umiarkowany
FG0476,45,zly,FG0476,45,umiarkowany
FG0486,45,zly,FG0486,52,umiarkowany
FG1446,45,zly,FG1446,45,umiarkowany
FG1456,45,zly,FG1456,45,umiarkowany
FG1466,45,zly,FG1466,52,umiarkowany
FG1486,45,zly,FG1486,53,umiarkowany
FG1496,45,zly,FG1496,46,umiarkowany
FG2406,45,zly,FG2406,47,umiarkowany
FG2416,45,zly,FG2416,40,umiarkowany
FG2426,45,zly,FG2426,45,umiarkowany
FG3446,45,zly,FG3446,45,umiarkowany
FG3456,45,zly,FG3456,63,dobry
FG3466,45,zly,FG3466,51,umiarkowany
FG0405,45,zly,FG0405,50,umiarkowany
FG0415,45,zly,FG0415,45,umiarkowany
FG0425,45,zly,FG0425,53,umiarkowany
FG0465,45,zly,FG0465,53,umiarkowany
FG0475,45,zly,FG0475,45,umiarkowany
FG0485,45,zly,FG0485,45,umiarkowany
FG0495,45,zly,FG0495,45,umiarkowany
FG1445,45,zly,FG1445,45,umiarkowany
FG1455,45,zly,FG1455,46,umiarkowany
FG1465,45,zly,FG1465,52,umiarkowany
FG1485,45,zly,FG1485,51,umiarkowany
FG1495,45,zly,FG1495,51,umiarkowany
FG2405,45,zly,FG2405,45,umiarkowany
FG2415,45,zly,FG2415,40,umiarkowany
FG2425,45,zly,FG2425,45,umiarkowany
FG3435,45,zly,FG3435,48,umiarkowany
FG3445,45,zly,FG3445,54,dobry
FG3455,45,zly,FG3455,58,dobry
FG0404,45,zly,FG0404,51,umiarkowany
FG0414,45,zly,FG0414,45,umiarkowany
FG0454,45,zly,FG0454,51,umiarkowany
FG0464,48,slaby,FG0464,53,umiarkowany
FG0474,45,zly,FG0474,45,umiarkowany
FG0484,45,zly,FG0484,45,umiarkowany
FG0494,45,zly,FG0494,45,umiarkowany
FG1444,45,zly,FG1444,45,umiarkowany
FG1454,45,zly,FG1454,51,umiarkowany
FG1464,45,zly,FG1464,53,umiarkowany
FG1484,45,zly,FG1484,45,umiarkowany
FG1494,45,zly,FG1494,51,umiarkowany
FG2404,45,zly,FG2404,45,umiarkowany
FG2414,45,zly,FG2414,40,umiarkowany
FG3434,45,zly,FG3434,49,umiarkowany
FG3444,45,zly,FG3444,54,dobry
FG0403,45,zly,FG0403,52,umiarkowany
FG0443,45,zly,FG0443,45,umiarkowany
FG0453,45,zly,FG0453,52,umiarkowany
FG0483,45,zly,FG0483,57,dobry
FG0493,45,zly,FG0493,45,umiarkowany
FG1433,45,zly,FG1433,46,umiarkowany
FG1443,45,zly,FG1443,45,umiarkowany
FG1453,45,zly,FG1453,51,umiarkowany
FG1463,55,dobry,FG1463,50,umiarkowany
FG1473,45,zly,FG1473,53,umiarkowany
FG1483,45,zly,FG1483,45,umiarkowany
FG1493,45,zly,FG1493,50,umiarkowany
FG2403,45,zly,FG2403,45,umiarkowany
FG2453,45,zly,FG2453,55,dobry
FG3433,45,zly,FG3433,48,umiarkowany
FG3443,45,zly,FG3443,45,umiarkowany
FG0402,45,zly,FG0402,53,umiarkowany
FG0432,45,zly,FG0432,51,umiarkowany
FG0442,45,zly,FG0442,52,umiarkowany
FG0452,45,zly,FG0452,57,dobry
FG0482,45,zly,FG0482,53,umiarkowany
FG0492,45,zly,FG0492,45,umiarkowany
FG1432,45,zly,FG1432,47,umiarkowany
FG1442,45,zly,FG1442,45,umiarkowany
FG1452,45,zly,FG1452,45,umiarkowany
FG1462,45,zly,FG1462,50,umiarkowany
FG1472,45,zly,FG1472,51,umiarkowany
FG1482,45,zly,FG1482,45,umiarkowany
FG1492,45,zly,FG1492,50,umiarkowany
FG2402,45,zly,FG2402,50,umiarkowany
FG2442,45,zly,FG2442,45,umiarkowany
FG3432,45,zly,FG3432,46,umiarkowany
FG3442,45,zly,FG3442,45,umiarkowany
FG0421,45,zly,FG0421,52,umiarkowany
FG0431,45,zly,FG0431,58,dobry
FG0441,45,zly,FG0441,52,umiarkowany
FG0461,45,zly,FG0461,45,umiarkowany
FG0471,45,zly,FG0471,54,dobry
FG0481,45,zly,FG0481,45,umiarkowany
FG0491,45,zly,FG0491,45,umiarkowany
FG1451,45,zly,FG1451,51,umiarkowany
FG1461,45,zly,FG1461,45,umiarkowany
FG1471,45,zly,FG1471,45,umiarkowany
FG1481,45,zly,FG1481,45,umiarkowany
FG1491,45,zly,FG1491,50,umiarkowany
FG2401,45,zly,FG2401,51,umiarkowany
FG3421,45,zly,FG3421,50,umiarkowany
FG3431,45,zly,FG3431,52,umiarkowany
FG3441,45,zly,FG3441,45,umiarkowany
FG0420,45,zly,FG0420,54,dobry
FG0430,45,zly,FG0430,46,umiarkowany
FG0450,45,zly,FG0450,45,umiarkowany
FG0460,45,zly,FG0460,45,umiarkowany
FG0470,45,zly,FG0470,45,umiarkowany
FG0480,45,zly,FG0480,51,umiarkowany
FG0490,45,zly,FG0490,52,umiarkowany
FG1450,45,zly,FG1450,52,umiarkowany
FG1460,45,zly,FG1460,50,umiarkowany
FG1470,45,zly,FG1470,45,umiarkowany
FG1480,45,zly,FG1480,46,umiarkowany
FG1490,45,zly,FG1490,51,umiarkowany
FG2400,45,zly,FG2400,46,umiarkowany
FG2450,45,zly,FG2450,45,umiarkowany
FG3410,45,zly,FG3410,54,dobry
FG3420,45,zly,FG3420,55,dobry
FG3430,45,zly,FG3430,50,umiarkowany
FG0319,45,zly,FG0319,48,umiarkowany
FG0329,45,zly,FG0329,45,umiarkowany
FG0339,45,zly,FG0339,52,umiarkowany
FG0349,45,zly,FG0349,45,umiarkowany
FG0359,45,zly,FG0359,45,umiarkowany
FG0369,45,zly,FG0369,45,umiarkowany
FG0379,45,zly,FG0379,52,umiarkowany
FG0389,45,zly,FG0389,45,umiarkowany
FG1369,45,zly,FG1369,51,umiarkowany
FG1379,45,zly,FG1379,45,umiarkowany
FG1389,45,zly,FG1389,45,umiarkowany
FG1399,45,zly,FG1399,51,umiarkowany
FG3339,45,zly,FG3339,45,umiarkowany
FG0308,45,zly,FG0308,51,umiarkowany
FG0318,45,zly,FG0318,52,umiarkowany
FG0328,45,zly,FG0328,45,umiarkowany
FG0338,45,zly,FG0338,53,umiarkowany
FG0348,45,zly,FG0348,45,umiarkowany
FG0358,45,zly,FG0358,45,umiarkowany
FG0368,45,zly,FG0368,45,umiarkowany
FG0378,45,zly,FG0378,52,umiarkowany
FG1368,45,zly,FG1368,45,umiarkowany
FG1378,45,zly,FG1378,45,umiarkowany
FG1388,45,zly,FG1388,50,umiarkowany
FG2348,45,zly,FG2348,51,umiarkowany
FG2398,45,zly,FG2398,47,umiarkowany
FG0307,45,zly,FG0307,52,umiarkowany
FG0317,45,zly,FG0317,52,umiarkowany
FG0327,45,zly,FG0327,45,umiarkowany
FG0337,45,zly,FG0337,48,umiarkowany
FG0347,45,zly,FG0347,45,umiarkowany
FG0357,45,zly,FG0357,47,umiarkowany
FG1357,45,zly,FG1357,45,umiarkowany
FG1367,45,zly,FG1367,45,umiarkowany
FG1377,45,zly,FG1377,45,umiarkowany
FG1387,45,zly,FG1387,45,umiarkowany
FG2347,45,zly,FG2347,51,umiarkowany
FG2357,45,zly,FG2357,52,umiarkowany
FG3327,45,zly,FG3327,45,umiarkowany
FG3337,45,zly,FG3337,52,umiarkowany
FG0312,45,zly,FG0312,45,umiarkowany
FG0322,45,zly,FG0322,50,umiarkowany
FG1322,45,zly,FG1322,45,umiarkowany
FG1332,45,zly,FG1332,45,umiarkowany
FG1342,45,zly,FG1342,45,umiarkowany
FG1352,45,zly,FG1352,45,umiarkowany
FG1362,50,umiarkowany,FG1362,45,umiarkowany
FG1372,45,zly,FG1372,46,umiarkowany
FG1392,45,zly,FG1392,53,umiarkowany
FG2302,45,zly,FG2302,45,umiarkowany
FG2312,45,zly,FG2312,56,dobry
FG2322,45,zly,FG2322,52,umiarkowany
FG2342,45,zly,FG2342,51,umiarkowany
FG2392,45,zly,FG2392,51,umiarkowany
FG3302,45,zly,FG3302,45,umiarkowany
FG3312,45,zly,FG3312,51,umiarkowany
FG3322,45,zly,FG3322,51,umiarkowany
FG0311,45,zly,FG0311,45,umiarkowany
FG1321,45,zly,FG1321,46,umiarkowany
FG1331,45,zly,FG1331,46,umiarkowany
FG1341,45,zly,FG1341,53,umiarkowany
FG1351,45,zly,FG1351,45,umiarkowany
FG1361,45,zly,FG1361,46,umiarkowany
FG1371,45,zly,FG1371,50,umiarkowany
FG2301,45,zly,FG2301,45,umiarkowany
FG2311,45,zly,FG2311,47,umiarkowany
FG2321,45,zly,FG2321,51,umiarkowany
FG2351,45,zly,FG2351,46,umiarkowany
FG3301,45,zly,FG3301,45,umiarkowany
FG0310,45,zly,FG0310,47,umiarkowany
FG1310,45,zly,FG1310,45,umiarkowany
FG1320,45,zly,FG1320,46,umiarkowany
FG1330,45,zly,FG1330,51,umiarkowany
FG1340,45,zly,FG1340,51,umiarkowany
FG1360,45,zly,FG1360,51,umiarkowany
FG1390,45,zly,FG1390,46,umiarkowany
FG2300,45,zly,FG2300,45,umiarkowany
FG2310,45,zly,FG2310,45,umiarkowany
FG2320,45,zly,FG2320,45,umiarkowany
FG0219,45,zly,FG0219,54,dobry
FG1219,45,zly,FG1219,45,umiarkowany
FG1229,45,zly,FG1229,45,umiarkowany
FG1239,45,zly,FG1239,45,umiarkowany
FG1249,45,zly,FG1249,51,umiarkowany
FG1259,45,zly,FG1259,52,umiarkowany
FG1269,45,zly,FG1269,51,umiarkowany
FG1289,45,zly,FG1289,47,umiarkowany
FG1299,45,zly,FG1299,46,umiarkowany
FG2209,45,zly,FG2209,46,umiarkowany
FG2219,45,zly,FG2219,46,umiarkowany
FG2229,45,zly,FG2229,46,umiarkowany
FG2239,45,zly,FG2239,51,umiarkowany
FG2249,45,zly,FG2249,50,umiarkowany
FG0218,45,zly,FG0218,58,dobry
FG1218,45,zly,FG1218,52,umiarkowany
FG1228,45,zly,FG1228,46,umiarkowany
FG1238,45,zly,FG1238,54,dobry
FG1248,45,zly,FG1248,52,umiarkowany
FG1258,45,zly,FG1258,51,umiarkowany
FG1268,45,zly,FG1268,56,dobry
FG1288,45,zly,FG1288,45,umiarkowany
FG1298,45,zly,FG1298,52,umiarkowany
FG2208,45,zly,FG2208,46,umiarkowany
FG2248,45,zly,FG2248,64,dobry
FG1217,45,zly,FG1217,45,umiarkowany
FG1227,45,zly,FG1227,58,dobry
FG1237,45,zly,FG1237,45,umiarkowany
FG1247,45,zly,FG1247,58,dobry
FG1257,45,zly,FG1257,45,umiarkowany
FG1267,45,zly,FG1267,51,umiarkowany
FG1287,45,zly,FG1287,51,umiarkowany
FG1297,45,zly,FG1297,46,umiarkowany
FG2207,45,zly,FG2207,53,umiarkowany
FG2247,45,zly,FG2247,55,dobry
FG1178,45,zly,FG1178,52,umiarkowany
FG1179,45,zly,FG1179,46,umiarkowany
FG1188,45,zly,FG1188,45,umiarkowany
FG1189,45,zly,FG1189,52,umiarkowany
FG1199,45,zly,FG1199,53,umiarkowany
FG2119,45,zly,FG2119,51,umiarkowany
FG2129,45,zly,FG2129,46,umiarkowany
FG2139,45,zly,FG2139,46,umiarkowany
FG1280,45,zly,FG1280,52,umiarkowany
FG1281,45,zly,FG1281,52,umiarkowany
FG1290,45,zly,FG1290,50,umiarkowany
FG1291,45,zly,FG1291,50,umiarkowany
FG2220,45,zly,FG2220,45,umiarkowany
FG2230,45,zly,FG2230,45,umiarkowany
FG2240,45,zly,FG2240,45,umiarkowany
FG2241,55,dobry,FG2241,45,umiarkowany
FG2250,45,zly,FG2250,51,umiarkowany
FG2251,45,zly,FG2251,53,umiarkowany
FG2261,45,zly,FG2261,47,umiarkowany
FG1235,45,zly,FG1235,53,umiarkowany
FG1245,45,zly,FG1245,47,umiarkowany
FG1255,45,zly,FG1255,46,umiarkowany
FG1265,45,zly,FG1265,48,umiarkowany
FG1274,45,zly,FG1274,45,umiarkowany
FG1275,50,umiarkowany,FG1275,46,umiarkowany
FG1284,45,zly,FG1284,45,umiarkowany
FG1285,45,zly,FG1285,51,umiarkowany
FG1294,45,zly,FG1294,45,umiarkowany
FG1295,45,zly,FG1295,47,umiarkowany
FG2204,45,zly,FG2204,45,umiarkowany
FG2205,45,zly,FG2205,45,umiarkowany
FG2224,45,zly,FG2224,45,umiarkowany
FG2245,45,zly,FG2245,45,umiarkowany
FG2255,45,zly,FG2255,45,umiarkowany
FG2284,45,zly,FG2284,46,umiarkowany
FG2294,45,zly,FG2294,50,umiarkowany
FG2295,45,zly,FG2295,45,umiarkowany
FG1236,45,zly,FG1236,46,umiarkowany
FG1246,45,zly,FG1246,45,umiarkowany
FG1256,45,zly,FG1256,52,umiarkowany
FG1286,45,zly,FG1286,49,umiarkowany
FG1296,45,zly,FG1296,48,umiarkowany
FG2206,45,zly,FG2206,52,umiarkowany
FG2246,45,zly,FG2246,57,dobry
FG2256,45,zly,FG2256,45,umiarkowany
FG2266,45,zly,FG2266,51,umiarkowany
FG2286,45,zly,FG2286,45,umiarkowany
FG1283,45,zly,FG1283,48,umiarkowany
FG1293,45,zly,FG1293,45,umiarkowany
FG2273,45,zly,FG2273,51,umiarkowany
FG2283,45,zly,FG2283,46,umiarkowany
FG1272,45,zly,FG1272,50,umiarkowany
FG1282,45,zly,FG1282,52,umiarkowany
FG1292,45,zly,FG1292,45,umiarkowany
FG2252,45,zly,FG2252,53,umiarkowany
FG2262,45,zly,FG2262,46,umiarkowany
FG2272,45,zly,FG2272,51,umiarkowany
FG1177,45,zly,FG1177,52,umiarkowany
FG1187,45,zly,FG1187,46,umiarkowany
FG1166,45,zly,FG1166,45,umiarkowany
FG1176,45,zly,FG1176,51,umiarkowany
FG1186,45,zly,FG1186,52,umiarkowany
FG2126,45,zly,FG2126,52,umiarkowany
FG2136,45,zly,FG2136,50,umiarkowany
FG2156,45,zly,FG2156,45,umiarkowany
FG2166,45,zly,FG2166,46,umiarkowany
FG2176,45,zly,FG2176,46,umiarkowany
FG1155,45,zly,FG1155,47,umiarkowany
FG1165,45,zly,FG1165,51,umiarkowany
FG1175,45,zly,FG1175,46,umiarkowany
FG2115,45,zly,FG2115,47,umiarkowany
FG2125,45,zly,FG2125,51,umiarkowany
FG2165,45,zly,FG2165,46,umiarkowany
FG2185,45,zly,FG2185,56,dobry
FG1144,45,zly,FG1144,58,dobry
FG1154,45,zly,FG1154,45,umiarkowany
FG1164,45,zly,FG1164,52,umiarkowany
FG2104,45,zly,FG2104,50,umiarkowany
FG2114,45,zly,FG2114,51,umiarkowany
FG2124,45,zly,FG2124,45,umiarkowany
FG1123,45,zly,FG1123,46,umiarkowany
FG1133,45,zly,FG1133,46,umiarkowany
FG1143,45,zly,FG1143,58,dobry
FG1153,45,zly,FG1153,52,umiarkowany
FG1163,45,zly,FG1163,46,umiarkowany
FG1183,45,zly,FG1183,52,umiarkowany
FG1193,45,zly,FG1193,45,umiarkowany
FG2103,45,zly,FG2103,50,umiarkowany
FG1122,45,zly,FG1122,46,umiarkowany
FG1132,45,zly,FG1132,46,umiarkowany
FG1142,45,zly,FG1142,45,umiarkowany
FG1152,45,zly,FG1152,51,umiarkowany
FG1172,45,zly,FG1172,52,umiarkowany
FG1182,45,zly,FG1182,46,umiarkowany
FG1192,45,zly,FG1192,45,umiarkowany
FG1121,45,zly,FG1121,53,umiarkowany
FG1131,45,zly,FG1131,48,umiarkowany
FG1141,45,zly,FG1141,58,dobry
FG1151,45,zly,FG1151,45,umiarkowany
FG1161,52,umiarkowany,FG1161,45,umiarkowany
FG1171,45,zly,FG1171,45,umiarkowany
FG1181,45,zly,FG1181,52,umiarkowany
FG1191,45,zly,FG1191,52,umiarkowany
FG2141,45,zly,FG2141,45,umiarkowany
FG1120,45,zly,FG1120,46,umiarkowany
FG1130,45,zly,FG1130,46,umiarkowany
FG1140,50,umiarkowany,FG1140,58,dobry
FG1160,45,zly,FG1160,45,umiarkowany
FG1170,45,zly,FG1170,45,umiarkowany
FG1190,45,zly,FG1190,46,umiarkowany
FG2140,45,zly,FG2140,45,umiarkowany
FG1013,45,zly,FG1013,52,umiarkowany
FG1014,50,umiarkowany,FG1014,47,umiarkowany
FG1023,45,zly,FG1023,53,umiarkowany
FG1024,45,zly,FG1024,54,dobry
FG1033,45,zly,FG1033,45,umiarkowany
FG1034,45,zly,FG1034,46,umiarkowany
FG3003,45,zly,FG3003,51,umiarkowany
FG3004,45,zly,FG3004,51,umiarkowany
FG3014,45,zly,FG3014,50,umiarkowany
FG1029,45,zly,FG1029,46,umiarkowany
FG1039,45,zly,FG1039,45,umiarkowany
FG1049,45,zly,FG1049,53,umiarkowany
FG1069,45,zly,FG1069,47,umiarkowany
FG1079,45,zly,FG1079,53,umiarkowany
FG1089,45,zly,FG1089,52,umiarkowany
FG1099,45,zly,FG1099,46,umiarkowany
FG2039,45,zly,FG2039,53,umiarkowany
FG3039,45,zly,FG3039,46,umiarkowany
FG3049,45,zly,FG3049,46,umiarkowany
FG1028,45,zly,FG1028,46,umiarkowany
FG1038,45,zly,FG1038,45,umiarkowany
FG1048,45,zly,FG1048,46,umiarkowany
FG1068,45,zly,FG1068,48,umiarkowany
FG1078,45,zly,FG1078,53,umiarkowany
FG1088,45,zly,FG1088,53,umiarkowany
FG1098,45,zly,FG1098,51,umiarkowany
FG2028,45,zly,FG2028,45,umiarkowany
FG2038,45,zly,FG2038,51,umiarkowany
FG3038,45,zly,FG3038,60,dobry
FG3048,45,zly,FG3048,47,umiarkowany
FG1027,45,zly,FG1027,45,umiarkowany
FG1037,45,zly,FG1037,45,umiarkowany
FG1047,45,zly,FG1047,47,umiarkowany
FG1057,45,zly,FG1057,46,umiarkowany
FG1067,45,zly,FG1067,46,umiarkowany
FG2037,45,zly,FG2037,53,umiarkowany
FG2047,45,zly,FG2047,51,umiarkowany
FG3027,45,zly,FG3027,46,umiarkowany
FG3037,45,zly,FG3037,52,umiarkowany
FG1026,45,zly,FG1026,48,umiarkowany
FG1036,45,zly,FG1036,46,umiarkowany
FG1046,45,zly,FG1046,47,umiarkowany
FG1056,45,zly,FG1056,53,umiarkowany
FG2026,45,zly,FG2026,53,umiarkowany
FG2036,45,zly,FG2036,51,umiarkowany
FG2046,45,zly,FG2046,51,umiarkowany
FG3016,45,zly,FG3016,55,dobry
FG3026,45,zly,FG3026,46,umiarkowany
FG1015,45,zly,FG1015,48,umiarkowany
FG1025,45,zly,FG1025,54,dobry
FG1035,45,zly,FG1035,46,umiarkowany
FG1045,45,zly,FG1045,47,umiarkowany
FG2015,45,zly,FG2015,52,umiarkowany
FG2025,45,zly,FG2025,51,umiarkowany
FG3015,45,zly,FG3015,47,umiarkowany
FG1002,45,zly,FG1002,45,umiarkowany
FG1012,45,zly,FG1012,52,umiarkowany
FG1022,45,zly,FG1022,53,umiarkowany
FG1032,45,zly,FG1032,46,umiarkowany
FG3022,45,zly,FG3022,45,umiarkowany
FG1001,45,zly,FG1001,56,dobry
FG1011,45,zly,FG1011,48,umiarkowany
FG1000,45,zly,FG1000,55,dobry
GF5060,45,zly,GF5060,47,umiarkowany
GF5050,45,zly,GF5050,47,umiarkowany
GF5061,45,zly,GF5061,47,umiarkowany
GF5051,45,zly,GF5051,47,umiarkowany
GF5040,45,zly,GF5040,45,umiarkowany
GF5041,45,zly,GF5041,45,umiarkowany
GF5042,45,zly,GF5042,45,umiarkowany
GF5043,45,zly,GF5043,45,umiarkowany
GF5044,45,zly,GF5044,45,umiarkowany
GF5045,45,zly,GF5045,45,umiarkowany
GF5046,45,zly,GF5046,45,umiarkowany
GF5047,45,zly,GF5047,45,umiarkowany
GF5048,45,zly,GF5048,45,umiarkowany
GF5049,45,zly,GF5049,45,umiarkowany
GF5070,45,zly,GF5070,45,umiarkowany
GF5071,45,zly,GF5071,47,umiarkowany
GF5031,45,zly,GF5031,52,umiarkowany
GF5032,45,zly,GF5032,52,umiarkowany
GF5033,45,zly,GF5033,53,umiarkowany
GF5034,45,zly,GF5034,52,umiarkowany
GF5035,45,zly,GF5035,48,umiarkowany
GF5036,45,zly,GF5036,48,umiarkowany
GF5037,45,zly,GF5037,45,umiarkowany
GF5038,45,zly,GF5038,45,umiarkowany
GF5039,45,zly,GF5039,45,umiarkowany
GF5021,45,zly,GF5021,57,dobry
GF5024,45,zly,GF5024,47,umiarkowany
GF9090,45,zly,GF9090,45,umiarkowany
GF9091,45,zly,GF9091,46,umiarkowany
GF9080,45,zly,GF9080,45,umiarkowany
GF9081,45,zly,GF9081,47,umiarkowany
GF9082,45,zly,GF9082,48,umiarkowany
GF9070,45,zly,GF9070,45,umiarkowany
GF9071,45,zly,GF9071,45,umiarkowany
GF9072,45,zly,GF9072,45,umiarkowany
GF9060,45,zly,GF9060,46,umiarkowany
GF9061,45,zly,GF9061,48,umiarkowany
GF9062,45,zly,GF9062,55,dobry
GF9063,45,zly,GF9063,47,umiarkowany
GF9050,45,zly,GF9050,47,umiarkowany
GF9051,45,zly,GF9051,48,umiarkowany
GF9053,45,zly,GF9053,47,umiarkowany
GF9041,45,zly,GF9041,47,umiarkowany
GF9042,45,zly,GF9042,47,umiarkowany
GF9043,45,zly,GF9043,45,umiarkowany
GF9031,45,zly,GF9031,48,umiarkowany
GF9032,45,zly,GF9032,49,umiarkowany
GF9033,45,zly,GF9033,49,umiarkowany
GF9020,45,zly,GF9020,45,umiarkowany
GF9010,45,zly,GF9010,45,umiarkowany
GF9000,45,zly,GF9000,45,umiarkowany
GF8050,62,bardzo dobry,GF8050,47,umiarkowany
GF8061,45,zly,GF8061,47,umiarkowany
GF8051,45,zly,GF8051,48,umiarkowany
GF8062,45,zly,GF8062,47,umiarkowany
GF8063,45,zly,GF8063,47,umiarkowany
GF8040,45,zly,GF8040,45,umiarkowany
GF8041,45,zly,GF8041,45,umiarkowany
GF8080,45,zly,GF8080,45,umiarkowany
GF8081,45,zly,GF8081,45,umiarkowany
GF8082,45,zly,GF8082,46,umiarkowany
GF8071,45,zly,GF8071,45,umiarkowany
GF8072,45,zly,GF8072,46,umiarkowany
GF8073,45,zly,GF8073,45,umiarkowany
GF8030,45,zly,GF8030,45,umiarkowany
GF8031,45,zly,GF8031,45,umiarkowany
GF8020,45,zly,GF8020,45,umiarkowany
GF5010,45,zly,GF5010,58,dobry
GF5011,45,zly,GF5011,58,dobry
GF5103,45,zly,GF5103,45,umiarkowany
GF4091,45,zly,GF4091,45,umiarkowany
GF4192,45,zly,GF4192,45,umiarkowany
GF4193,45,zly,GF4193,45,umiarkowany
GF4389,45,zly,GF4389,45,umiarkowany
GF4081,45,zly,GF4081,52,umiarkowany
GF4082,45,zly,GF4082,45,umiarkowany
GF4083,45,zly,GF4083,45,umiarkowany
GF4181,45,zly,GF4181,45,umiarkowany
GF2313,45,zly,GF2313,45,umiarkowany
GF2314,45,zly,GF2314,45,umiarkowany
GF2324,45,zly,GF2324,45,umiarkowany
GF2374,52,umiarkowany,GF2374,45,umiarkowany
GF2384,45,zly,GF2384,47,umiarkowany
GF3314,45,zly,GF3314,47,umiarkowany
GF3353,45,zly,GF3353,45,umiarkowany
GF3363,45,zly,GF3363,47,umiarkowany
GF3364,45,zly,GF3364,58,dobry
GF2392,45,zly,GF2392,45,umiarkowany
GF3352,45,zly,GF3352,45,umiarkowany
GF3362,45,zly,GF3362,47,umiarkowany
GF4312,45,zly,GF4312,54,dobry
GF4322,45,zly,GF4322,45,umiarkowany
GF2436,45,zly,GF2436,46,umiarkowany
GF4426,45,zly,GF4426,45,umiarkowany
GF2435,45,zly,GF2435,47,umiarkowany
GF2445,45,zly,GF2445,48,umiarkowany
GF2465,45,zly,GF2465,47,umiarkowany
GF4405,45,zly,GF4405,45,umiarkowany
GF4415,45,zly,GF4415,52,umiarkowany
GF4425,45,zly,GF4425,46,umiarkowany
GF4445,45,zly,GF4445,45,umiarkowany
GF2424,45,zly,GF2424,45,umiarkowany
GF2434,45,zly,GF2434,47,umiarkowany
GF2444,45,zly,GF2444,48,umiarkowany
GF2454,45,zly,GF2454,48,umiarkowany
GF2464,45,zly,GF2464,46,umiarkowany
GF4404,45,zly,GF4404,45,umiarkowany
GF4414,45,zly,GF4414,59,dobry
GF4424,45,zly,GF4424,46,umiarkowany
GF4434,45,zly,GF4434,45,umiarkowany
GF4444,45,zly,GF4444,48,umiarkowany
GF2413,45,zly,GF2413,45,umiarkowany
GF2423,45,zly,GF2423,45,umiarkowany
GF2433,45,zly,GF2433,46,umiarkowany
GF2443,45,zly,GF2443,47,umiarkowany
GF2453,45,zly,GF2453,53,umiarkowany
GF2463,45,zly,GF2463,53,umiarkowany
GF2473,45,zly,GF2473,49,umiarkowany
GF4413,45,zly,GF4413,47,umiarkowany
GF4423,45,zly,GF4423,50,umiarkowany
GF4433,45,zly,GF4433,45,umiarkowany
GF4443,45,zly,GF4443,49,umiarkowany
GF1472,45,zly,GF1472,45,umiarkowany
GF1482,45,zly,GF1482,45,umiarkowany
GF1492,45,zly,GF1492,45,umiarkowany
GF2432,45,zly,GF2432,47,umiarkowany
GF2442,45,zly,GF2442,46,umiarkowany
GF2452,45,zly,GF2452,47,umiarkowany
GF2462,45,zly,GF2462,53,umiarkowany
GF2472,45,zly,GF2472,49,umiarkowany
GF3402,45,zly,GF3402,45,umiarkowany
GF4412,45,zly,GF4412,46,umiarkowany
GF4422,45,zly,GF4422,45,umiarkowany
GF4472,45,zly,GF4472,45,umiarkowany
GF1481,45,zly,GF1481,49,umiarkowany
GF1491,45,zly,GF1491,45,umiarkowany
GF2441,45,zly,GF2441,46,umiarkowany
GF2451,45,zly,GF2451,47,umiarkowany
GF2481,45,zly,GF2481,50,umiarkowany
GF4411,45,zly,GF4411,45,umiarkowany
GF4421,45,zly,GF4421,45,umiarkowany
GF1470,45,zly,GF1470,45,umiarkowany
GF2440,45,zly,GF2440,46,umiarkowany
GF2450,45,zly,GF2450,48,umiarkowany
GF3400,45,zly,GF3400,45,umiarkowany
GF4420,45,zly,GF4420,45,umiarkowany
GF4430,45,zly,GF4430,46,umiarkowany
GF1379,45,zly,GF1379,45,umiarkowany
GF2319,45,zly,GF2319,51,umiarkowany
GF2329,45,zly,GF2329,46,umiarkowany
GF2349,45,zly,GF2349,45,umiarkowany
GF2379,45,zly,GF2379,50,umiarkowany
GF2389,45,zly,GF2389,49,umiarkowany
GF3309,45,zly,GF3309,46,umiarkowany
GF3319,45,zly,GF3319,46,umiarkowany
GF3369,45,zly,GF3369,49,umiarkowany
GF3379,45,zly,GF3379,45,umiarkowany
GF3399,45,zly,GF3399,46,umiarkowany
GF4329,45,zly,GF4329,46,umiarkowany
GF1378,45,zly,GF1378,45,umiarkowany
GF1388,45,zly,GF1388,45,umiarkowany
GF1398,45,zly,GF1398,51,umiarkowany
GF2308,45,zly,GF2308,46,umiarkowany
GF2318,45,zly,GF2318,49,umiarkowany
GF2328,45,zly,GF2328,46,umiarkowany
GF2338,45,zly,GF2338,55,dobry
GF2348,45,zly,GF2348,52,umiarkowany
GF2358,45,zly,GF2358,45,umiarkowany
GF2368,45,zly,GF2368,49,umiarkowany
GF2378,45,zly,GF2378,47,umiarkowany
GF2388,45,zly,GF2388,48,umiarkowany
GF3308,45,zly,GF3308,46,umiarkowany
GF3318,45,zly,GF3318,46,umiarkowany
GF3368,45,zly,GF3368,58,dobry
GF3378,45,zly,GF3378,46,umiarkowany
GF3388,45,zly,GF3388,52,umiarkowany
GF4308,45,zly,GF4308,52,umiarkowany
GF4338,45,zly,GF4338,53,umiarkowany
GF4348,45,zly,GF4348,45,umiarkowany
GF4388,45,zly,GF4388,45,umiarkowany
GF1387,45,zly,GF1387,45,umiarkowany
GF2307,45,zly,GF2307,45,umiarkowany
GF2317,45,zly,GF2317,45,umiarkowany
GF2327,45,zly,GF2327,47,umiarkowany
GF2337,45,zly,GF2337,59,dobry
GF2347,45,zly,GF2347,56,dobry
GF2357,45,zly,GF2357,45,umiarkowany
GF2367,45,zly,GF2367,49,umiarkowany
GF2377,45,zly,GF2377,49,umiarkowany
GF2387,45,zly,GF2387,53,umiarkowany
GF2397,45,zly,GF2397,45,umiarkowany
GF3307,45,zly,GF3307,45,umiarkowany
GF3317,45,zly,GF3317,47,umiarkowany
GF3327,45,zly,GF3327,55,dobry
GF3367,45,zly,GF3367,53,umiarkowany
GF3377,45,zly,GF3377,47,umiarkowany
GF3387,45,zly,GF3387,46,umiarkowany
GF4307,45,zly,GF4307,46,umiarkowany
GF4317,45,zly,GF4317,58,dobry
GF2306,45,zly,GF2306,45,umiarkowany
GF2316,45,zly,GF2316,45,umiarkowany
GF2326,45,zly,GF2326,53,umiarkowany
GF2336,45,zly,GF2336,45,umiarkowany
GF2346,45,zly,GF2346,54,dobry
GF2396,45,zly,GF2396,45,umiarkowany
GF3306,47,slaby,GF3306,45,umiarkowany
GF3316,45,zly,GF3316,47,umiarkowany
GF3366,45,zly,GF3366,58,dobry
GF3376,45,zly,GF3376,48,umiarkowany
GF3386,45,zly,GF3386,58,dobry
GF3396,45,zly,GF3396,58,dobry
GF4306,45,zly,GF4306,46,umiarkowany
GF4316,45,zly,GF4316,52,umiarkowany
GF4336,45,zly,GF4336,53,umiarkowany
GF2315,45,zly,GF2315,45,umiarkowany
GF2325,45,zly,GF2325,45,umiarkowany
GF2335,45,zly,GF2335,45,umiarkowany
GF2385,45,zly,GF2385,48,umiarkowany
GF2395,45,zly,GF2395,45,umiarkowany
GF3315,45,zly,GF3315,47,umiarkowany
GF3365,45,zly,GF3365,58,dobry
GF3375,45,zly,GF3375,47,umiarkowany
GF4315,45,zly,GF4315,46,umiarkowany
GF4335,45,zly,GF4335,46,umiarkowany
GF4345,45,zly,GF4345,53,umiarkowany
GF4071,45,zly,GF4071,52,umiarkowany
GF4171,45,zly,GF4171,45,umiarkowany
GF4172,45,zly,GF4172,45,umiarkowany
GF2391,45,zly,GF2391,51,umiarkowany
GF3351,45,zly,GF3351,45,umiarkowany
GF3361,45,zly,GF3361,47,umiarkowany
GF3371,45,zly,GF3371,52,umiarkowany
GF4321,45,zly,GF4321,45,umiarkowany
GF4331,45,zly,GF4331,47,umiarkowany
GF3340,46,zly,GF3340,48,umiarkowany
GF3350,45,zly,GF3350,45,umiarkowany
GF3370,45,zly,GF3370,45,umiarkowany
GF3380,45,zly,GF3380,52,umiarkowany
GF4320,45,zly,GF4320,45,umiarkowany
GF4330,45,zly,GF4330,60,dobry
GF3239,45,zly,GF3239,54,dobry
GF3249,45,zly,GF3249,53,umiarkowany
GF3259,45,zly,GF3259,45,umiarkowany
GF4229,45,zly,GF4229,45,umiarkowany
GF4239,45,zly,GF4239,45,umiarkowany
GF2288,45,zly,GF2288,47,umiarkowany
GF3228,45,zly,GF3228,46,umiarkowany
GF3238,45,zly,GF3238,54,dobry
GF3258,45,zly,GF3258,45,umiarkowany
GF3298,45,zly,GF3298,53,umiarkowany
GF4208,45,zly,GF4208,45,umiarkowany
GF4218,45,zly,GF4218,53,umiarkowany
GF4228,45,zly,GF4228,45,umiarkowany
GF2287,45,zly,GF2287,49,umiarkowany
GF3227,45,zly,GF3227,46,umiarkowany
GF3237,45,zly,GF3237,58,dobry
GF3277,45,zly,GF3277,45,umiarkowany
GF3287,45,zly,GF3287,52,umiarkowany
GF3297,45,zly,GF3297,45,umiarkowany
GF4207,45,zly,GF4207,45,umiarkowany
GF4217,45,zly,GF4217,45,umiarkowany
GF4227,45,zly,GF4227,45,umiarkowany
GF3216,45,zly,GF3216,48,umiarkowany
GF3226,45,zly,GF3226,46,umiarkowany
GF3236,45,zly,GF3236,57,dobry
GF3256,45,zly,GF3256,45,umiarkowany
GF3266,45,zly,GF3266,48,umiarkowany
GF3276,45,zly,GF3276,45,umiarkowany
GF3286,45,zly,GF3286,47,umiarkowany
GF3296,45,zly,GF3296,46,umiarkowany
GF4206,45,zly,GF4206,45,umiarkowany
GF4216,45,zly,GF4216,45,umiarkowany
GF4226,45,zly,GF4226,45,umiarkowany
GF3205,45,zly,GF3205,62,dobry
GF3215,45,zly,GF3215,48,umiarkowany
GF3225,45,zly,GF3225,46,umiarkowany
GF3235,45,zly,GF3235,50,umiarkowany
GF3245,45,zly,GF3245,65,dobry
GF3255,45,zly,GF3255,45,umiarkowany
GF3265,45,zly,GF3265,45,umiarkowany
GF3275,45,zly,GF3275,45,umiarkowany
GF3285,45,zly,GF3285,46,umiarkowany
GF3295,45,zly,GF3295,45,umiarkowany
GF4205,45,zly,GF4205,45,umiarkowany
GF4215,45,zly,GF4215,45,umiarkowany
GF4225,45,zly,GF4225,45,umiarkowany
GF3214,45,zly,GF3214,52,umiarkowany
GF3224,45,zly,GF3224,51,umiarkowany
GF3234,45,zly,GF3234,46,umiarkowany
GF3244,45,zly,GF3244,60,dobry
GF3254,45,zly,GF3254,45,umiarkowany
GF3264,45,zly,GF3264,45,umiarkowany
GF3274,45,zly,GF3274,45,umiarkowany
GF3284,45,zly,GF3284,45,umiarkowany
GF3294,45,zly,GF3294,45,umiarkowany
GF4204,45,zly,GF4204,45,umiarkowany
GF4214,45,zly,GF4214,45,umiarkowany
GF4224,45,zly,GF4224,45,umiarkowany
GF2293,45,zly,GF2293,54,dobry
GF3213,45,zly,GF3213,45,umiarkowany
GF3223,45,zly,GF3223,46,umiarkowany
GF3233,45,zly,GF3233,58,dobry
GF3243,45,zly,GF3243,65,dobry
GF3253,45,zly,GF3253,46,umiarkowany
GF3263,45,zly,GF3263,46,umiarkowany
GF3273,45,zly,GF3273,45,umiarkowany
GF3293,45,zly,GF3293,45,umiarkowany
GF4203,45,zly,GF4203,45,umiarkowany
GF2292,45,zly,GF2292,54,dobry
GF3212,45,zly,GF3212,45,umiarkowany
GF3222,45,zly,GF3222,45,umiarkowany
GF3232,45,zly,GF3232,58,dobry
GF3242,45,zly,GF3242,57,dobry
GF3252,45,zly,GF3252,52,umiarkowany
GF3262,45,zly,GF3262,45,umiarkowany
GF2291,45,zly,GF2291,56,dobry
GF3211,45,zly,GF3211,46,umiarkowany
GF3221,45,zly,GF3221,64,dobry
GF3231,45,zly,GF3231,63,dobry
GF3241,45,zly,GF3241,46,umiarkowany
GF3251,45,zly,GF3251,58,dobry
GF3261,45,zly,GF3261,45,umiarkowany
GF2290,45,zly,GF2290,56,dobry
GF3200,45,zly,GF3200,47,umiarkowany
GF3210,45,zly,GF3210,52,umiarkowany
GF3220,45,zly,GF3220,46,umiarkowany
GF3230,45,zly,GF3230,57,dobry
GF3240,45,zly,GF3240,52,umiarkowany
GF3250,45,zly,GF3250,57,dobry
GF2199,45,zly,GF2199,48,umiarkowany
GF3109,45,zly,GF3109,46,umiarkowany
GF3119,45,zly,GF3119,45,umiarkowany
GF3129,45,zly,GF3129,45,umiarkowany
GF3139,45,zly,GF3139,45,umiarkowany
GF3149,45,zly,GF3149,45,umiarkowany
GF3159,45,zly,GF3159,45,umiarkowany
GF2188,45,zly,GF2188,45,umiarkowany
GF2198,45,zly,GF2198,45,umiarkowany
GF3108,45,zly,GF3108,45,umiarkowany
GF3118,45,zly,GF3118,45,umiarkowany
GF3128,45,zly,GF3128,45,umiarkowany
GF3138,45,zly,GF3138,45,umiarkowany
GF3148,45,zly,GF3148,45,umiarkowany
GF3107,45,zly,GF3107,45,umiarkowany
GF3117,45,zly,GF3117,45,umiarkowany
GF3127,45,zly,GF3127,45,umiarkowany
GF3137,45,zly,GF3137,45,umiarkowany
GF3085,45,zly,GF3085,45,umiarkowany
GF3086,45,zly,GF3086,45,umiarkowany
GF4065,45,zly,GF4065,52,umiarkowany
GF4066,45,zly,GF4066,58,dobry
GF3064,45,zly,GF3064,45,umiarkowany
GF3074,45,zly,GF3074,45,umiarkowany
GF3084,45,zly,GF3084,45,umiarkowany
GF4064,45,zly,GF4064,45,umiarkowany
GF3063,45,zly,GF3063,45,umiarkowany
GF3073,45,zly,GF3073,45,umiarkowany
GF3083,45,zly,GF3083,46,umiarkowany
GF4134,45,zly,GF4134,45,umiarkowany
GF4144,45,zly,GF4144,45,umiarkowany
GF4154,45,zly,GF4154,45,umiarkowany
GF4103,45,zly,GF4103,45,umiarkowany
GF4143,45,zly,GF4143,45,umiarkowany
GF4163,45,zly,GF4163,45,umiarkowany
GF4102,45,zly,GF4102,45,umiarkowany
GF4162,45,zly,GF4162,45,umiarkowany
GF4101,45,zly,GF4101,45,umiarkowany
GF4100,45,zly,GF4100,45,umiarkowany
GF4009,45,zly,GF4009,45,umiarkowany
GF3098,45,zly,GF3098,45,umiarkowany
GF3087,45,zly,GF3087,45,umiarkowany
GF3097,45,zly,GF3097,45,umiarkowany
GF3012,45,zly,GF3012,45,umiarkowany
GF4052,45,zly,GF4052,57,dobry
GG0004,45,zly,GG0004,45,umiarkowany
GG0003,45,zly,GG0003,45,umiarkowany
GG0002,45,zly,GG0002,45,umiarkowany
GG0001,45,zly,GG0001,45,umiarkowany
GG0011,45,zly,GG0011,45,umiarkowany
GG0012,45,zly,GG0012,45,umiarkowany
GG0000,45,zly,GG0000,45,umiarkowany
GG0010,45,zly,GG0010,45,umiarkowany
GG0013,45,zly,GG0013,45,umiarkowany
GG0020,45,zly,GG0020,45,umiarkowany
GG0021,45,zly,GG0021,45,umiarkowany
GG5020,45,zly,GG5020,45,umiarkowany
GG5011,45,zly,GG5011,45,umiarkowany
GG5002,45,zly,GG5002,45,umiarkowany
GG4091,45,zly,GG4091,50,umiarkowany
GG4061,45,zly,GG4061,48,umiarkowany
GG4062,45,zly,GG4062,45,umiarkowany
GG0023,45,zly,GG0023,45,umiarkowany
GG0033,45,zly,GG0033,45,umiarkowany
GG0043,45,zly,GG0043,45,umiarkowany
GG0022,45,zly,GG0022,45,umiarkowany
GG0032,45,zly,GG0032,45,umiarkowany
GG0042,45,zly,GG0042,46,umiarkowany
GG0052,45,zly,GG0052,45,umiarkowany
GG0062,45,zly,GG0062,45,umiarkowany
GG3082,45,zly,GG3082,45,umiarkowany
GG4052,45,zly,GG4052,45,umiarkowany
GG0031,45,zly,GG0031,45,umiarkowany
GG0041,45,zly,GG0041,45,umiarkowany
GG0051,45,zly,GG0051,46,umiarkowany
GG0061,45,zly,GG0061,45,umiarkowany
GG0071,45,zly,GG0071,45,umiarkowany
GG4021,45,zly,GG4021,49,umiarkowany
GG4031,45,zly,GG4031,48,umiarkowany
GG4041,45,zly,GG4041,48,umiarkowany
GG4051,45,zly,GG4051,50,umiarkowany
GG0030,45,zly,GG0030,45,umiarkowany
GG0040,45,zly,GG0040,45,umiarkowany
GG0050,45,zly,GG0050,45,umiarkowany
GG0060,45,zly,GG0060,48,umiarkowany
GG0070,45,zly,GG0070,45,umiarkowany
GG3040,45,zly,GG3040,45,umiarkowany
GG3050,45,zly,GG3050,49,umiarkowany
GG3060,45,zly,GG3060,48,umiarkowany
GG4020,45,zly,GG4020,49,umiarkowany
GG4030,45,zly,GG4030,50,umiarkowany
GG4040,45,zly,GG4040,49,umiarkowany
