Name,R3W1_LSw,R3W2_LSw,R3W3_LSw,R3W4_LSw,R3W5_LSw,R3W1_NLw,R3W2_NLw,R3W3_NLw,R3W4_NLw,R3W5_NLw,R2W1_LSw,R2W2_LSw,R2W3_LSw,R2W4_LSw,R2W5_LSw,R2W1_NLw,R2W2_NLw,R2W3_NLw,R2W4_NLw,R2W5_NLw,R1W1_LSw,R1W2_LSw,R1W3_LSw,R1W4 LSw,R1W5_LSw,R1W1_NLw,R1W2_NLw,R1W3_NLw,R1W4_NLw,R1W5_NLw,R3W1_LSr,R3W2_LSr,R3W3_LSr,R3W4_LSr,R3W5_LSr,R3W1_NLr,R3W2_NLr,R3W3_NLr,R3W4_NLr,R3W5_NLr,R2W1_LSr,R2W2_LSr,R2W3_LSr,R2W4_LSr,R2W5_LSr,R2W1_NLr,R2W2_NLr,R2W3_NLr,R2W4_NLr,R2W5_NLr,R1W1_LSr,R1W2_LSr,R1W3_LSr,R1W4_LSr,R1W5_LSr,R1W1_NLr,R1W2_NLr,R1W3_NLr,R1W4_NLr,R1W5_NLr,R3W1_LSs,R3W2_LSs,R3W3_LSs,R3W4_LSs,R3W5_LSs,R3W1_NLs,R3W2_NLs,R3W3_NLs,R3W4_NLs,R3W5_NLs,R2W1_LSs,R2W2_LSs,R2W3_LSs,R2W4_LSs,R2W5_LSs,R2W1_NLs,R2W2_NLs,R2W3_NLs,R2W4_NLs,R2W5_NLs,R1W1_LSs,R1W2_LSs,R1W3_LSs,R1W4_LSs,R1W5_LSs,R1W1_NLs,R1W2_NLs,R1W3_NLs,R1W4_NLs,R1W5_NLs,R3W1_LSp,R3W2_LSp,R3W3_LSp,R3W4_LSp,R3W5_LSp,R3W1_NLp,R3W2_NLp,R3W3_NLp,R3W4_NLp,R3W5_NLp,R2W1_LSp,R2W2_LSp,R2W3_LSp,R2W4_LSp,R2W5_LSp,R2W1_NLp,R2W2_NLp,R2W3_NLp,R2W4_NLp,R2W5_NLp,R1W1_LSp,R1W2_LSp,R1W3_LSp,R1W4_LSp,R1W5_LSp,R1W1_NLp,R1W2_NLp,R1W3_NLp,R1W4_NLp,R1W5_NLp,R3W1_LSb,R3W2_LSb,R3W3_LSb,R3W4_LSb,R3W5_LSb,R3W1_NLb,R3W2_NLb,R3W3_NLb,R3W4_NLb,R3W5_NLb,R2W1_LSb,R2W2_LSb,R2W3_LSb,R2W4_LSb,R2W5_LSb,R2W1_NLb,R2W2_NLb,R2W3_NLb,R2W4_NLb,R2W5_NLb,R1W1_LSb,R1W2_LSb,R1W3_LSb,R1W4_LSb,R1W5_LSb,R1W1_NLb,R1W2_NLb,R1W3_NLb,R1W4_NLb,R1W5_NLb,wynik
FF3794,0,0,0,0,0,3,5,1,5,0,0,0,0,0,0,0,1,2,0,0,0,0,0,0,0,1,5,0,1,4,0.0,0.0,1.0,0.0,1.0,0.0,2.0,1.0,1.0,0.0,0.0,0.0,0.0,3.0,1.0,0.0,1.0,2.0,2.0,2.0,1.0,1.0,1.0,1.0,1.0,0.0,0.0,1.0,3.0,0.0,0.0,0.0,0.0,0.0,1.0,1.0,1.0,2.0,2.0,2.0,0.0,0.0,1.0,0.0,0.0,0.0,1.0,3.0,3.0,3.0,0.0,0.0,1.0,1.0,1.0,2.0,1.0,2.0,3.0,2.0,0.0,0.0,0.0,0.0,0.0,0.0,0.0,2.0,0.0,2.0,0.0,0.0,0.0,0.0,0.0,0.0,0.0,2.0,2.0,1.0,0.0,0.0,0.0,0.0,1.0,0.0,2.0,1.0,1.0,1.0,0.0,0.0,0.0,0.0,0.0,0.0,0.0,0.0,0.0,0.0,0.0,0.0,0.0,0.0,0.0,0.0,0.0,0.0,0.0,0.0,0.0,0.0,0.0,0.0,0.0,0.0,0.0,0.0,0.0,0.0, 'zly'
FF4704,0,0,0,0,0,2,5,1,4,1,0,0,0,0,0,3,2,2,2,2,0,0,0,0,0,1,4,0,2,4,0.0,0.0,1.0,0.0,1.0,0.0,2.0,1.0,1.0,0.0,0.0,0.0,0.0,3.0,1.0,0.0,2.0,2.0,2.0,3.0,1.0,1.0,1.0,1.0,1.0,0.0,0.0,3.0,3.0,0.0,0.0,0.0,0.0,0.0,1.0,1.0,2.0,1.0,2.0,2.0,0.0,0.0,1.0,0.0,0.0,1.0,1.0,1.0,4.0,3.0,0.0,1.0,1.0,0.0,0.0,3.0,2.0,3.0,3.0,3.0,0.0,0.0,0.0,0.0,0.0,0.0,0.0,2.0,0.0,1.0,0.0,0.0,0.0,0.0,0.0,0.0,0.0,1.0,1.0,1.0,0.0,0.0,0.0,0.0,1.0,0.0,1.0,0.0,1.0,1.0,0.0,0.0,0.0,0.0,0.0,0.0,0.0,0.0,0.0,0.0,0.0,0.0,0.0,0.0,0.0,0.0,0.0,0.0,0.0,0.0,0.0,0.0,0.0,0.0,0.0,0.0,0.0,0.0,0.0,0.0, 'zly'
FF4714,0,0,0,0,0,2,5,2,5,0,0,0,0,0,0,0,2,2,0,0,0,0,0,0,0,1,5,0,1,4,0.0,0.0,1.0,0.0,1.0,0.0,2.0,1.0,1.0,0.0,0.0,0.0,0.0,3.0,1.0,0.0,2.0,2.0,2.0,3.0,1.0,1.0,1.0,1.0,1.0,0.0,0.0,3.0,3.0,0.0,0.0,0.0,0.0,0.0,1.0,1.0,2.0,1.0,2.0,2.0,0.0,0.0,1.0,0.0,0.0,1.0,1.0,4.0,4.0,3.0,0.0,0.0,1.0,0.0,0.0,4.0,3.0,4.0,3.0,3.0,0.0,0.0,0.0,0.0,0.0,0.0,0.0,2.0,0.0,2.0,0.0,0.0,0.0,0.0,0.0,0.0,0.0,2.0,2.0,1.0,0.0,0.0,0.0,0.0,1.0,0.0,2.0,1.0,1.0,1.0,0.0,0.0,0.0,0.0,0.0,0.0,0.0,0.0,0.0,0.0,0.0,0.0,0.0,0.0,0.0,0.0,0.0,0.0,0.0,0.0,0.0,0.0,0.0,0.0,0.0,0.0,0.0,0.0,0.0,0.0, 'zly'
FF3783,0,0,0,0,0,3,2,1,3,0,0,0,0,0,0,0,1,2,0,0,0,0,0,0,0,1,4,0,2,4,0.0,0.0,1.0,0.0,1.0,0.0,2.0,1.0,1.0,0.0,0.0,0.0,0.0,1.0,1.0,0.0,1.0,2.0,2.0,2.0,1.0,1.0,1.0,1.0,1.0,0.0,0.0,1.0,3.0,0.0,0.0,0.0,0.0,0.0,0.0,1.0,0.0,1.0,2.0,2.0,0.0,0.0,1.0,0.0,0.0,0.0,1.0,3.0,2.0,3.0,0.0,1.0,0.0,1.0,1.0,1.0,1.0,0.0,4.0,2.0,0.0,0.0,0.0,0.0,0.0,0.0,0.0,2.0,0.0,1.0,0.0,0.0,0.0,0.0,0.0,0.0,0.0,1.0,2.0,1.0,0.0,0.0,0.0,0.0,1.0,0.0,2.0,0.0,1.0,1.0,0.0,0.0,0.0,0.0,0.0,0.0,0.0,0.0,0.0,0.0,0.0,0.0,0.0,0.0,0.0,0.0,0.0,0.0,0.0,0.0,0.0,0.0,0.0,0.0,0.0,0.0,0.0,0.0,0.0,0.0, 'zly'
FF3793,0,0,0,0,0,0,0,1,3,0,0,0,0,0,0,0,1,1,0,0,0,0,0,0,0,1,3,0,1,4,0.0,0.0,1.0,0.0,1.0,0.0,2.0,1.0,1.0,0.0,0.0,0.0,0.0,1.0,1.0,0.0,1.0,2.0,2.0,2.0,1.0,1.0,1.0,1.0,1.0,0.0,0.0,1.0,3.0,0.0,0.0,0.0,0.0,0.0,1.0,1.0,0.0,1.0,2.0,2.0,0.0,0.0,1.0,0.0,0.0,0.0,0.0,4.0,3.0,3.0,0.0,0.0,1.0,1.0,1.0,1.0,1.0,0.0,4.0,2.0,0.0,0.0,0.0,0.0,0.0,0.0,0.0,2.0,0.0,1.0,0.0,0.0,0.0,0.0,0.0,0.0,0.0,1.0,2.0,1.0,0.0,0.0,0.0,0.0,0.0,0.0,2.0,0.0,1.0,1.0,0.0,0.0,0.0,0.0,0.0,0.0,0.0,0.0,0.0,0.0,0.0,0.0,0.0,0.0,0.0,0.0,0.0,0.0,0.0,0.0,0.0,0.0,0.0,0.0,0.0,0.0,0.0,0.0,0.0,0.0, 'zly'
FF4703,0,0,0,0,0,2,5,2,4,1,0,0,0,0,0,2,2,2,3,3,0,0,0,0,0,1,5,0,2,4,0.0,0.0,1.0,0.0,1.0,0.0,2.0,1.0,1.0,0.0,0.0,0.0,0.0,3.0,1.0,0.0,2.0,2.0,2.0,3.0,1.0,1.0,1.0,1.0,1.0,0.0,0.0,3.0,3.0,0.0,0.0,0.0,0.0,0.0,1.0,1.0,2.0,1.0,2.0,2.0,0.0,0.0,1.0,0.0,0.0,1.0,1.0,3.0,3.0,3.0,0.0,1.0,1.0,1.0,1.0,3.0,3.0,3.0,3.0,3.0,0.0,0.0,0.0,0.0,1.0,0.0,0.0,2.0,0.0,1.0,0.0,0.0,0.0,0.0,0.0,0.0,0.0,1.0,2.0,1.0,0.0,0.0,0.0,0.0,1.0,0.0,2.0,0.0,1.0,1.0,0.0,0.0,0.0,0.0,0.0,0.0,0.0,0.0,0.0,0.0,0.0,0.0,0.0,0.0,0.0,0.0,0.0,0.0,0.0,0.0,0.0,0.0,0.0,0.0,0.0,0.0,0.0,0.0,0.0,0.0, 'slaby'
FF4713,0,0,0,0,0,2,5,2,3,1,0,0,0,0,0,1,1,2,3,3,0,0,0,0,0,1,5,0,1,4,0.0,0.0,1.0,0.0,3.0,0.0,2.0,1.0,1.0,0.0,0.0,0.0,0.0,3.0,1.0,0.0,2.0,2.0,2.0,3.0,1.0,1.0,1.0,1.0,1.0,0.0,0.0,3.0,3.0,0.0,0.0,0.0,0.0,0.0,0.0,1.0,2.0,2.0,1.0,1.0,1.0,0.0,0.0,0.0,0.0,1.0,1.0,3.0,3.0,4.0,0.0,0.0,0.0,1.0,1.0,3.0,3.0,3.0,4.0,2.0,0.0,0.0,0.0,0.0,1.0,0.0,0.0,2.0,0.0,2.0,0.0,0.0,0.0,0.0,0.0,0.0,0.0,2.0,2.0,1.0,0.0,0.0,0.0,0.0,1.0,0.0,2.0,0.0,1.0,1.0,0.0,0.0,0.0,0.0,0.0,0.0,0.0,0.0,0.0,0.0,0.0,0.0,0.0,0.0,0.0,0.0,0.0,0.0,0.0,0.0,0.0,0.0,0.0,0.0,0.0,0.0,0.0,0.0,0.0,0.0, 'slaby'
FF4723,0,0,0,0,0,0,0,1,3,0,0,0,0,0,0,0,4,1,0,0,0,0,0,0,0,1,4,0,2,4,0.0,0.0,1.0,0.0,1.0,0.0,2.0,1.0,1.0,0.0,0.0,0.0,0.0,0.0,1.0,0.0,1.0,2.0,2.0,2.0,1.0,1.0,1.0,1.0,1.0,0.0,0.0,1.0,3.0,0.0,0.0,0.0,0.0,0.0,1.0,1.0,0.0,1.0,3.0,3.0,0.0,0.0,1.0,0.0,0.0,0.0,0.0,3.0,5.0,4.0,0.0,0.0,2.0,1.0,1.0,1.0,1.0,0.0,4.0,4.0,0.0,0.0,0.0,0.0,0.0,0.0,0.0,2.0,0.0,1.0,0.0,0.0,0.0,0.0,0.0,0.0,0.0,1.0,1.0,1.0,0.0,0.0,0.0,0.0,0.0,0.0,1.0,0.0,1.0,1.0,0.0,0.0,0.0,0.0,0.0,0.0,0.0,0.0,0.0,0.0,0.0,0.0,0.0,0.0,0.0,0.0,0.0,0.0,0.0,0.0,0.0,0.0,0.0,0.0,0.0,0.0,0.0,0.0,0.0,0.0, 'zly'
FF4733,0,0,0,0,0,0,0,2,2,0,0,0,0,0,0,0,5,1,0,0,0,0,0,0,0,1,5,0,1,4,0.0,0.0,1.0,0.0,1.0,0.0,2.0,1.0,1.0,0.0,0.0,0.0,0.0,0.0,1.0,0.0,1.0,2.0,2.0,2.0,1.0,1.0,1.0,1.0,1.0,0.0,0.0,1.0,3.0,0.0,0.0,0.0,0.0,0.0,1.0,2.0,1.0,0.0,2.0,2.0,0.0,0.0,1.0,0.0,0.0,0.0,0.0,2.0,4.0,3.0,0.0,1.0,2.0,0.0,0.0,1.0,2.0,1.0,2.0,4.0,0.0,0.0,0.0,0.0,1.0,0.0,0.0,2.0,0.0,1.0,0.0,0.0,0.0,0.0,0.0,0.0,0.0,1.0,1.0,1.0,0.0,0.0,0.0,0.0,0.0,0.0,1.0,0.0,1.0,1.0,0.0,0.0,0.0,0.0,0.0,0.0,0.0,0.0,0.0,0.0,0.0,0.0,0.0,0.0,0.0,0.0,0.0,0.0,0.0,0.0,0.0,0.0,0.0,0.0,0.0,0.0,0.0,0.0,0.0,0.0, 'zly'
FF3762,4,3,2,5,0,0,0,0,0,0,0,2,2,0,0,0,0,0,0,0,3,5,1,1,4,0,0,0,0,0,0.0,0.0,2.0,0.0,3.0,0.0,2.0,1.0,1.0,0.0,0.0,0.0,0.0,1.0,2.0,0.0,1.0,2.0,2.0,2.0,3.0,2.0,3.0,2.0,2.0,0.0,0.0,1.0,3.0,0.0,1.0,1.0,1.0,1.0,1.0,1.0,2.0,1.0,2.0,2.0,1.0,1.0,1.0,1.0,1.0,1.0,1.0,2.0,1.0,1.0,1.0,1.0,1.0,2.0,2.0,2.0,2.0,2.0,2.0,1.0,1.0,2.0,1.0,1.0,1.0,0.0,0.0,1.0,0.0,1.0,1.0,1.0,2.0,1.0,1.0,0.0,0.0,1.0,1.0,1.0,1.0,1.0,1.0,1.0,2.0,0.0,1.0,1.0,0.0,1.0,1.0,1.0,1.0,1.0,1.0,0.0,0.0,0.0,0.0,0.0,1.0,1.0,1.0,1.0,1.0,0.0,0.0,0.0,0.0,0.0,1.0,1.0,1.0,1.0,1.0,0.0,0.0,0.0,0.0,0.0, 'zly'
FF3772,0,0,0,0,0,2,1,3,5,1,0,0,0,0,0,2,1,2,3,4,0,0,0,0,0,2,5,0,1,4,0.0,0.0,2.0,0.0,3.0,0.0,2.0,1.0,1.0,0.0,0.0,0.0,0.0,2.0,2.0,0.0,2.0,2.0,2.0,3.0,2.0,2.0,3.0,2.0,2.0,0.0,0.0,3.0,3.0,0.0,0.0,0.0,0.0,0.0,0.0,1.0,2.0,1.0,2.0,2.0,1.0,0.0,1.0,0.0,0.0,1.0,1.0,3.0,2.0,3.0,1.0,1.0,0.0,1.0,1.0,3.0,3.0,3.0,4.0,2.0,0.0,0.0,1.0,0.0,1.0,0.0,0.0,2.0,0.0,2.0,1.0,0.0,2.0,1.0,1.0,0.0,0.0,2.0,2.0,1.0,0.0,0.0,0.0,0.0,1.0,0.0,2.0,1.0,1.0,1.0,1.0,1.0,1.0,1.0,1.0,0.0,0.0,0.0,0.0,0.0,1.0,1.0,1.0,1.0,1.0,0.0,0.0,0.0,0.0,0.0,1.0,1.0,1.0,1.0,1.0,0.0,0.0,0.0,0.0,0.0, 'umiarkowany'
FF3782,0,0,0,0,0,2,2,1,4,0,0,0,0,0,0,0,2,2,0,0,0,0,0,0,0,3,4,0,2,4,0.0,0.0,2.0,0.0,2.0,0.0,2.0,1.0,1.0,0.0,0.0,0.0,0.0,2.0,2.0,0.0,1.0,2.0,2.0,2.0,2.0,2.0,2.0,2.0,3.0,0.0,0.0,1.0,3.0,0.0,1.0,1.0,1.0,1.0,1.0,1.0,1.0,1.0,2.0,2.0,1.0,1.0,1.0,1.0,1.0,0.0,1.0,4.0,2.0,2.0,1.0,1.0,1.0,2.0,2.0,2.0,1.0,2.0,3.0,2.0,0.0,0.0,1.0,0.0,0.0,0.0,0.0,2.0,0.0,1.0,1.0,0.0,0.0,1.0,1.0,0.0,0.0,1.0,2.0,1.0,0.0,0.0,0.0,0.0,1.0,0.0,2.0,0.0,1.0,1.0,1.0,1.0,1.0,1.0,1.0,0.0,0.0,0.0,0.0,0.0,1.0,1.0,1.0,1.0,1.0,0.0,0.0,0.0,0.0,0.0,1.0,1.0,1.0,1.0,1.0,0.0,0.0,0.0,0.0,0.0, 'slaby'
FF3792,0,0,0,0,0,0,0,2,3,0,0,0,0,0,0,0,4,1,0,0,0,0,0,0,0,1,5,0,3,4,0.0,0.0,1.0,0.0,1.0,0.0,2.0,1.0,1.0,0.0,0.0,0.0,0.0,1.0,1.0,0.0,1.0,2.0,2.0,2.0,1.0,1.0,1.0,1.0,1.0,0.0,0.0,1.0,3.0,0.0,1.0,1.0,0.0,1.0,1.0,1.0,1.0,1.0,3.0,2.0,1.0,0.0,1.0,0.0,0.0,0.0,0.0,3.0,4.0,3.0,1.0,1.0,2.0,1.0,1.0,1.0,2.0,1.0,3.0,4.0,0.0,0.0,0.0,0.0,1.0,0.0,0.0,2.0,0.0,1.0,0.0,0.0,0.0,0.0,0.0,0.0,0.0,1.0,1.0,1.0,0.0,0.0,0.0,0.0,0.0,0.0,1.0,0.0,1.0,1.0,0.0,0.0,0.0,0.0,0.0,0.0,0.0,0.0,0.0,0.0,0.0,0.0,0.0,0.0,0.0,0.0,0.0,0.0,0.0,0.0,0.0,0.0,0.0,0.0,0.0,0.0,0.0,0.0,0.0,0.0, 'zly'
FF4702,0,0,0,0,0,4,5,1,5,1,0,0,0,0,0,2,5,2,3,3,0,0,0,0,0,3,5,0,3,4,0.0,0.0,2.0,0.0,3.0,0.0,2.0,1.0,1.0,4.0,0.0,0.0,0.0,3.0,2.0,0.0,2.0,2.0,2.0,3.0,2.0,2.0,2.0,2.0,2.0,0.0,0.0,3.0,3.0,0.0,1.0,1.0,1.0,1.0,1.0,1.0,2.0,0.0,2.0,2.0,1.0,1.0,1.0,1.0,1.0,2.0,2.0,3.0,3.0,2.0,1.0,3.0,3.0,3.0,3.0,3.0,3.0,3.0,1.0,3.0,1.0,2.0,1.0,1.0,1.0,0.0,0.0,2.0,0.0,1.0,1.0,1.0,0.0,1.0,1.0,0.0,0.0,1.0,1.0,4.0,1.0,1.0,1.0,1.0,2.0,0.0,1.0,1.0,1.0,1.0,1.0,1.0,1.0,1.0,1.0,0.0,0.0,0.0,0.0,0.0,1.0,1.0,1.0,1.0,1.0,0.0,0.0,0.0,0.0,0.0,1.0,1.0,1.0,1.0,1.0,0.0,0.0,0.0,0.0,0.0, 'dobry'
FF4712,2,4,2,4,1,0,0,0,0,0,2,2,2,2,3,0,0,0,0,0,3,5,1,2,4,0,0,0,0,0,0.0,0.0,2.0,0.0,3.0,0.0,2.0,1.0,1.0,0.0,0.0,0.0,0.0,3.0,2.0,0.0,2.0,2.0,2.0,3.0,2.0,2.0,3.0,2.0,2.0,0.0,0.0,3.0,3.0,0.0,1.0,1.0,1.0,1.0,1.0,1.0,1.0,1.0,2.0,2.0,1.0,1.0,1.0,1.0,1.0,1.0,1.0,1.0,1.0,2.0,1.0,2.0,1.0,3.0,3.0,1.0,1.0,1.0,3.0,1.0,1.0,2.0,1.0,1.0,0.0,0.0,0.0,1.0,0.0,1.0,1.0,1.0,0.0,1.0,1.0,0.0,0.0,1.0,1.0,1.0,1.0,1.0,1.0,1.0,2.0,0.0,1.0,0.0,1.0,1.0,1.0,1.0,1.0,1.0,1.0,0.0,0.0,0.0,0.0,0.0,1.0,1.0,1.0,1.0,1.0,0.0,0.0,0.0,0.0,0.0,1.0,1.0,1.0,1.0,1.0,0.0,0.0,0.0,0.0,0.0, 'zly'
FF4722,0,0,0,0,0,2,3,3,5,1,0,0,0,0,0,3,1,2,2,2,0,0,0,0,0,1,5,0,3,4,0.0,0.0,1.0,0.0,3.0,0.0,2.0,1.0,1.0,0.0,0.0,0.0,0.0,3.0,2.0,0.0,2.0,2.0,2.0,3.0,2.0,2.0,3.0,2.0,2.0,0.0,0.0,3.0,3.0,0.0,0.0,0.0,0.0,0.0,1.0,1.0,2.0,1.0,3.0,2.0,1.0,0.0,1.0,0.0,0.0,2.0,2.0,2.0,3.0,3.0,0.0,1.0,1.0,1.0,2.0,3.0,2.0,3.0,3.0,2.0,0.0,0.0,0.0,0.0,0.0,0.0,0.0,2.0,0.0,2.0,0.0,0.0,0.0,0.0,0.0,0.0,0.0,2.0,2.0,1.0,0.0,0.0,0.0,0.0,1.0,0.0,2.0,1.0,1.0,1.0,1.0,1.0,1.0,1.0,1.0,0.0,0.0,0.0,0.0,0.0,1.0,1.0,1.0,1.0,1.0,0.0,0.0,0.0,0.0,0.0,1.0,1.0,1.0,1.0,1.0,0.0,0.0,0.0,0.0,0.0, 'umiarkowany'
FF4732,0,0,0,0,0,0,0,2,3,0,0,0,0,0,0,0,4,1,0,0,0,0,0,0,0,1,5,0,2,4,0.0,0.0,1.0,0.0,3.0,0.0,2.0,1.0,1.0,0.0,0.0,0.0,0.0,1.0,1.0,0.0,1.0,2.0,2.0,2.0,1.0,1.0,1.0,1.0,1.0,0.0,0.0,1.0,3.0,0.0,0.0,0.0,0.0,0.0,1.0,2.0,1.0,0.0,3.0,3.0,1.0,0.0,1.0,0.0,0.0,0.0,0.0,2.0,4.0,3.0,0.0,1.0,2.0,1.0,1.0,2.0,2.0,2.0,2.0,4.0,0.0,0.0,0.0,0.0,1.0,0.0,0.0,2.0,0.0,1.0,0.0,0.0,0.0,0.0,0.0,0.0,0.0,1.0,1.0,1.0,0.0,0.0,0.0,0.0,0.0,0.0,1.0,0.0,1.0,1.0,1.0,1.0,1.0,1.0,1.0,0.0,0.0,0.0,0.0,0.0,1.0,1.0,1.0,1.0,1.0,0.0,0.0,0.0,0.0,0.0,1.0,1.0,1.0,1.0,1.0,0.0,0.0,0.0,0.0,0.0, 'zly'
FF4742,0,0,0,0,0,0,0,1,2,0,0,0,0,0,0,0,5,1,0,0,0,0,0,0,0,1,4,0,2,4,0.0,0.0,1.0,0.0,1.0,0.0,2.0,1.0,1.0,0.0,0.0,0.0,0.0,1.0,1.0,0.0,1.0,2.0,2.0,2.0,1.0,1.0,1.0,1.0,1.0,0.0,0.0,1.0,3.0,0.0,0.0,0.0,0.0,0.0,1.0,2.0,0.0,0.0,3.0,3.0,0.0,0.0,1.0,0.0,0.0,0.0,0.0,2.0,4.0,4.0,0.0,0.0,2.0,0.0,0.0,1.0,1.0,0.0,3.0,4.0,0.0,0.0,0.0,0.0,0.0,0.0,0.0,2.0,0.0,0.0,0.0,0.0,0.0,0.0,0.0,0.0,0.0,0.0,0.0,1.0,0.0,0.0,0.0,0.0,0.0,0.0,1.0,0.0,0.0,1.0,0.0,0.0,0.0,0.0,0.0,0.0,0.0,0.0,0.0,0.0,0.0,0.0,0.0,0.0,0.0,0.0,0.0,0.0,0.0,0.0,0.0,0.0,0.0,0.0,0.0,0.0,0.0,0.0,0.0,0.0, 'zly'
FF3761,4,4,1,3,0,0,0,0,0,0,0,4,2,0,0,0,0,0,0,0,5,3,4,3,4,0,0,0,0,0,0.0,0.0,2.0,0.0,3.0,0.0,1.0,1.0,1.0,0.0,0.0,0.0,0.0,2.0,2.0,0.0,1.0,1.0,2.0,2.0,3.0,2.0,4.0,2.0,2.0,0.0,0.0,1.0,3.0,0.0,2.0,1.0,1.0,2.0,1.0,0.0,1.0,0.0,1.0,1.0,1.0,1.0,1.0,1.0,1.0,1.0,1.0,1.0,1.0,1.0,2.0,3.0,2.0,4.0,4.0,1.0,1.0,1.0,1.0,1.0,1.0,2.0,1.0,4.0,0.0,0.0,0.0,1.0,0.0,0.0,1.0,4.0,1.0,1.0,1.0,0.0,0.0,0.0,0.0,1.0,1.0,1.0,1.0,1.0,2.0,0.0,1.0,0.0,0.0,1.0,1.0,1.0,1.0,1.0,1.0,0.0,0.0,0.0,0.0,0.0,1.0,1.0,1.0,1.0,1.0,0.0,0.0,0.0,0.0,0.0,1.0,1.0,1.0,1.0,1.0,0.0,0.0,0.0,0.0,0.0, 'zly'
FF3771,3,3,2,5,1,0,0,0,0,0,1,3,2,2,4,0,0,0,0,0,5,5,1,2,4,0,0,0,0,0,0.0,0.0,2.0,0.0,3.0,0.0,2.0,1.0,1.0,0.0,0.0,0.0,0.0,2.0,2.0,0.0,2.0,2.0,2.0,3.0,3.0,3.0,3.0,2.0,3.0,0.0,0.0,3.0,3.0,0.0,1.0,1.0,1.0,1.0,1.0,0.0,2.0,1.0,1.0,1.0,1.0,1.0,1.0,1.0,2.0,1.0,1.0,1.0,1.0,1.0,2.0,3.0,2.0,3.0,4.0,2.0,2.0,2.0,2.0,1.0,1.0,2.0,1.0,1.0,0.0,0.0,0.0,1.0,1.0,1.0,1.0,1.0,1.0,1.0,1.0,1.0,0.0,1.0,1.0,1.0,1.0,1.0,1.0,1.0,2.0,0.0,1.0,1.0,0.0,1.0,1.0,1.0,1.0,1.0,1.0,0.0,0.0,0.0,0.0,0.0,1.0,1.0,1.0,1.0,1.0,0.0,0.0,0.0,0.0,0.0,1.0,1.0,1.0,1.0,1.0,0.0,0.0,0.0,0.0,0.0, 'slaby'
FF3781,4,4,3,5,1,0,0,0,0,0,5,4,2,4,4,0,0,0,0,0,5,5,1,3,4,0,0,0,0,0,0.0,0.0,2.0,0.0,3.0,0.0,3.0,1.0,3.0,0.0,0.0,0.0,0.0,4.0,2.0,0.0,2.0,3.0,2.0,3.0,3.0,3.0,4.0,2.0,3.0,0.0,0.0,3.0,3.0,0.0,2.0,2.0,1.0,1.0,1.0,0.0,5.0,1.0,1.0,1.0,2.0,1.0,1.0,1.0,1.0,5.0,4.0,2.0,1.0,1.0,2.0,4.0,2.0,4.0,4.0,4.0,4.0,4.0,2.0,1.0,1.0,2.0,1.0,1.0,1.0,0.0,0.0,1.0,1.0,1.0,1.0,1.0,2.0,1.0,1.0,1.0,0.0,1.0,1.0,2.0,1.0,1.0,1.0,1.0,2.0,0.0,1.0,1.0,0.0,1.0,1.0,1.0,1.0,1.0,1.0,0.0,0.0,0.0,0.0,0.0,1.0,1.0,1.0,1.0,1.0,0.0,0.0,0.0,0.0,0.0,1.0,2.0,1.0,1.0,1.0,0.0,0.0,0.0,0.0,0.0, 'dobry'
FF3791,0,0,2,3,0,0,0,0,0,0,0,4,1,0,0,0,0,0,0,0,3,5,0,1,4,0,0,0,0,0,0.0,0.0,2.0,0.0,3.0,0.0,2.0,1.0,1.0,0.0,0.0,0.0,0.0,2.0,2.0,0.0,1.0,2.0,2.0,2.0,3.0,3.0,2.0,2.0,2.0,0.0,0.0,1.0,3.0,0.0,1.0,1.0,1.0,2.0,1.0,1.0,1.0,1.0,2.0,2.0,1.0,1.0,1.0,1.0,1.0,0.0,0.0,1.0,1.0,1.0,2.0,3.0,3.0,3.0,3.0,1.0,2.0,1.0,1.0,2.0,1.0,2.0,1.0,1.0,1.0,0.0,0.0,2.0,0.0,1.0,1.0,1.0,2.0,1.0,1.0,0.0,0.0,1.0,1.0,3.0,1.0,1.0,1.0,1.0,0.0,0.0,1.0,0.0,0.0,1.0,1.0,1.0,1.0,1.0,1.0,0.0,0.0,0.0,0.0,0.0,1.0,1.0,1.0,1.0,1.0,0.0,0.0,0.0,0.0,0.0,1.0,1.0,1.0,1.0,1.0,0.0,0.0,0.0,0.0,0.0, 'zly'
FF4701,4,5,2,3,1,0,0,0,0,0,3,5,2,1,1,0,0,0,0,0,5,5,1,2,4,0,0,0,0,0,0.0,0.0,2.0,0.0,3.0,0.0,1.0,1.0,1.0,0.0,0.0,0.0,0.0,3.0,2.0,0.0,2.0,1.0,1.0,1.0,2.0,2.0,2.0,2.0,2.0,0.0,0.0,3.0,1.0,0.0,2.0,2.0,2.0,2.0,2.0,0.0,1.0,0.0,1.0,1.0,2.0,1.0,1.0,1.0,1.0,2.0,1.0,1.0,1.0,1.0,2.0,4.0,2.0,4.0,5.0,1.0,2.0,1.0,1.0,1.0,1.0,2.0,1.0,1.0,1.0,0.0,0.0,0.0,0.0,0.0,1.0,2.0,0.0,1.0,1.0,0.0,0.0,0.0,0.0,0.0,1.0,1.0,1.0,1.0,2.0,0.0,0.0,0.0,0.0,0.0,1.0,1.0,1.0,1.0,1.0,0.0,0.0,0.0,0.0,0.0,1.0,1.0,1.0,1.0,1.0,0.0,0.0,0.0,0.0,0.0,1.0,1.0,1.0,1.0,1.0,0.0,0.0,0.0,0.0,0.0, 'zly'
FF4711,4,3,3,5,1,0,0,0,0,0,3,3,2,1,1,0,0,0,0,0,4,5,1,4,4,0,0,0,0,0,0.0,0.0,2.0,0.0,3.0,0.0,2.0,1.0,1.0,0.0,0.0,0.0,0.0,3.0,2.0,0.0,2.0,2.0,2.0,3.0,2.0,2.0,2.0,2.0,2.0,0.0,0.0,3.0,3.0,0.0,2.0,1.0,1.0,1.0,1.0,0.0,1.0,1.0,1.0,1.0,1.0,1.0,1.0,1.0,1.0,1.0,1.0,1.0,1.0,2.0,2.0,3.0,2.0,4.0,4.0,2.0,2.0,2.0,2.0,1.0,1.0,2.0,1.0,1.0,1.0,0.0,0.0,1.0,0.0,1.0,1.0,1.0,2.0,1.0,1.0,0.0,0.0,1.0,1.0,2.0,1.0,1.0,1.0,1.0,2.0,0.0,1.0,1.0,1.0,1.0,1.0,1.0,1.0,1.0,1.0,0.0,0.0,0.0,0.0,0.0,1.0,1.0,1.0,1.0,1.0,0.0,0.0,0.0,0.0,0.0,1.0,1.0,1.0,1.0,1.0,0.0,0.0,0.0,0.0,0.0, 'slaby'
FF4721,0,0,0,0,0,3,1,2,5,1,0,0,0,0,0,3,1,2,2,2,0,0,0,0,0,3,5,0,2,4,0.0,0.0,1.0,0.0,3.0,0.0,2.0,1.0,4.0,0.0,0.0,0.0,0.0,3.0,2.0,0.0,2.0,2.0,2.0,3.0,2.0,2.0,2.0,2.0,2.0,0.0,0.0,3.0,3.0,0.0,1.0,1.0,0.0,1.0,1.0,1.0,4.0,1.0,2.0,3.0,1.0,1.0,1.0,1.0,1.0,3.0,3.0,4.0,4.0,3.0,1.0,1.0,1.0,1.0,1.0,5.0,4.0,5.0,3.0,3.0,0.0,0.0,0.0,0.0,3.0,0.0,0.0,2.0,0.0,3.0,0.0,0.0,0.0,0.0,0.0,0.0,0.0,3.0,3.0,1.0,0.0,3.0,0.0,0.0,1.0,0.0,3.0,1.0,2.0,3.0,0.0,0.0,0.0,0.0,0.0,1.0,1.0,1.0,2.0,1.0,0.0,0.0,0.0,0.0,0.0,1.0,1.0,1.0,1.0,1.0,0.0,0.0,0.0,0.0,0.0,1.0,1.0,1.0,1.0,3.0, 'dobry'
FF4731,0,0,0,0,0,2,2,2,5,1,0,0,0,0,0,3,2,2,2,2,0,0,0,0,0,1,5,0,1,4,0.0,0.0,1.0,0.0,3.0,0.0,2.0,1.0,1.0,0.0,0.0,0.0,0.0,3.0,2.0,0.0,2.0,2.0,2.0,3.0,2.0,2.0,3.0,2.0,2.0,0.0,0.0,3.0,3.0,0.0,1.0,1.0,0.0,0.0,1.0,1.0,2.0,1.0,2.0,3.0,1.0,1.0,1.0,1.0,1.0,2.0,1.0,3.0,3.0,3.0,1.0,1.0,1.0,1.0,1.0,3.0,3.0,3.0,3.0,3.0,0.0,0.0,0.0,0.0,1.0,0.0,0.0,2.0,0.0,2.0,0.0,0.0,0.0,0.0,0.0,0.0,0.0,2.0,2.0,1.0,0.0,0.0,0.0,0.0,1.0,0.0,2.0,1.0,1.0,1.0,0.0,0.0,0.0,0.0,0.0,0.0,0.0,0.0,0.0,0.0,0.0,0.0,0.0,0.0,0.0,0.0,0.0,0.0,0.0,0.0,0.0,0.0,0.0,0.0,0.0,0.0,0.0,0.0,0.0,0.0, 'slaby'
FF4741,0,0,0,0,0,4,4,1,3,0,0,0,0,0,0,0,4,2,0,0,0,0,0,0,0,1,4,0,2,4,0.0,0.0,1.0,0.0,1.0,0.0,2.0,1.0,1.0,0.0,0.0,0.0,0.0,1.0,1.0,0.0,1.0,2.0,2.0,2.0,1.0,1.0,1.0,1.0,1.0,0.0,0.0,1.0,3.0,0.0,0.0,0.0,0.0,0.0,1.0,2.0,1.0,1.0,3.0,3.0,0.0,0.0,1.0,0.0,0.0,1.0,1.0,2.0,5.0,3.0,0.0,0.0,2.0,0.0,0.0,1.0,1.0,1.0,3.0,4.0,0.0,0.0,0.0,0.0,0.0,0.0,0.0,2.0,0.0,1.0,0.0,0.0,0.0,0.0,0.0,0.0,0.0,1.0,1.0,1.0,0.0,0.0,0.0,0.0,1.0,0.0,1.0,0.0,0.0,1.0,0.0,0.0,0.0,0.0,0.0,0.0,0.0,0.0,0.0,0.0,0.0,0.0,0.0,0.0,0.0,0.0,0.0,0.0,0.0,0.0,0.0,0.0,0.0,0.0,0.0,0.0,0.0,0.0,0.0,0.0, 'zly'
FF4751,0,0,0,0,0,3,5,1,4,1,0,0,0,0,0,3,4,2,1,1,0,0,0,0,0,1,4,0,1,4,0.0,0.0,1.0,0.0,1.0,0.0,2.0,1.0,1.0,0.0,0.0,0.0,0.0,3.0,1.0,0.0,1.0,2.0,2.0,2.0,1.0,1.0,1.0,1.0,1.0,0.0,0.0,1.0,3.0,0.0,0.0,0.0,0.0,0.0,1.0,2.0,2.0,1.0,3.0,3.0,0.0,0.0,1.0,0.0,0.0,2.0,2.0,2.0,4.0,4.0,0.0,0.0,2.0,1.0,1.0,2.0,2.0,2.0,4.0,4.0,0.0,0.0,0.0,0.0,0.0,0.0,0.0,2.0,0.0,1.0,0.0,0.0,0.0,0.0,0.0,0.0,0.0,1.0,1.0,1.0,0.0,0.0,0.0,0.0,1.0,0.0,1.0,0.0,0.0,1.0,0.0,0.0,0.0,0.0,0.0,0.0,0.0,0.0,0.0,0.0,0.0,0.0,0.0,0.0,0.0,0.0,0.0,0.0,0.0,0.0,0.0,0.0,0.0,0.0,0.0,0.0,0.0,0.0,0.0,0.0, 'slaby'
FF3760,4,4,1,2,0,0,0,0,0,0,0,4,2,0,0,0,0,0,0,0,2,2,1,4,4,0,0,0,0,0,0.0,0.0,2.0,0.0,2.0,0.0,2.0,1.0,1.0,0.0,0.0,0.0,0.0,2.0,2.0,0.0,1.0,2.0,2.0,2.0,2.0,2.0,3.0,2.0,2.0,0.0,0.0,1.0,3.0,0.0,1.0,1.0,1.0,2.0,1.0,1.0,1.0,1.0,3.0,2.0,1.0,1.0,1.0,1.0,3.0,1.0,1.0,3.0,3.0,2.0,1.0,3.0,3.0,2.0,3.0,1.0,1.0,1.0,2.0,2.0,1.0,2.0,1.0,1.0,0.0,0.0,0.0,2.0,0.0,1.0,1.0,1.0,2.0,1.0,1.0,0.0,0.0,1.0,1.0,3.0,1.0,1.0,1.0,1.0,2.0,0.0,1.0,0.0,1.0,1.0,1.0,1.0,1.0,1.0,1.0,0.0,0.0,0.0,0.0,0.0,1.0,1.0,1.0,1.0,1.0,0.0,0.0,0.0,0.0,0.0,1.0,1.0,1.0,1.0,1.0,0.0,0.0,0.0,0.0,0.0, 'zly'
FF3770,4,5,1,4,0,0,0,0,0,0,0,4,2,0,0,0,0,0,0,0,5,4,4,4,4,0,0,0,0,0,0.0,0.0,2.0,0.0,2.0,0.0,2.0,1.0,1.0,0.0,0.0,0.0,0.0,2.0,2.0,0.0,1.0,2.0,2.0,2.0,3.0,3.0,3.0,2.0,2.0,0.0,0.0,1.0,3.0,0.0,1.0,1.0,1.0,2.0,1.0,1.0,1.0,0.0,2.0,2.0,1.0,1.0,1.0,1.0,3.0,1.0,1.0,2.0,1.0,1.0,2.0,4.0,2.0,4.0,4.0,1.0,1.0,1.0,1.0,1.0,1.0,4.0,4.0,4.0,0.0,0.0,0.0,1.0,0.0,1.0,1.0,4.0,2.0,1.0,1.0,0.0,0.0,1.0,1.0,1.0,1.0,1.0,1.0,1.0,2.0,0.0,1.0,0.0,0.0,1.0,1.0,1.0,1.0,1.0,1.0,0.0,0.0,0.0,0.0,0.0,1.0,1.0,1.0,1.0,1.0,0.0,0.0,0.0,0.0,0.0,1.0,2.0,1.0,1.0,1.0,0.0,0.0,0.0,0.0,0.0, 'slaby'
FF3780,4,5,3,5,1,0,0,0,0,0,5,4,2,4,4,0,0,0,0,0,5,5,4,3,4,0,0,0,0,0,0.0,0.0,2.0,0.0,2.0,0.0,1.0,1.0,3.0,0.0,0.0,0.0,0.0,4.0,2.0,0.0,2.0,1.0,2.0,3.0,3.0,3.0,4.0,2.0,3.0,0.0,0.0,3.0,3.0,0.0,1.0,1.0,1.0,1.0,1.0,0.0,5.0,0.0,1.0,1.0,2.0,1.0,1.0,1.0,2.0,5.0,4.0,1.0,1.0,1.0,3.0,5.0,2.0,4.0,4.0,4.0,4.0,4.0,1.0,1.0,1.0,2.0,1.0,4.0,1.0,0.0,0.0,1.0,1.0,1.0,1.0,4.0,1.0,1.0,1.0,1.0,0.0,1.0,1.0,1.0,1.0,1.0,1.0,1.0,2.0,0.0,1.0,1.0,0.0,1.0,1.0,1.0,1.0,1.0,1.0,0.0,0.0,0.0,0.0,0.0,1.0,1.0,1.0,1.0,1.0,0.0,0.0,0.0,0.0,0.0,1.0,3.0,3.0,1.0,1.0,0.0,0.0,0.0,0.0,2.0, 'dobry'
FF3790,4,5,1,4,0,0,0,0,0,0,0,4,2,0,0,0,0,0,0,0,5,5,3,2,4,0,0,0,0,0,0.0,0.0,2.0,0.0,3.0,0.0,1.0,1.0,1.0,0.0,0.0,0.0,0.0,4.0,2.0,0.0,2.0,1.0,2.0,3.0,3.0,3.0,2.0,2.0,3.0,0.0,0.0,3.0,3.0,0.0,2.0,1.0,1.0,2.0,1.0,0.0,1.0,0.0,1.0,1.0,1.0,1.0,1.0,1.0,1.0,2.0,1.0,1.0,1.0,1.0,2.0,4.0,2.0,4.0,5.0,1.0,2.0,1.0,1.0,1.0,1.0,2.0,1.0,3.0,1.0,0.0,0.0,1.0,0.0,0.0,1.0,4.0,1.0,1.0,1.0,0.0,0.0,0.0,0.0,1.0,1.0,1.0,1.0,1.0,2.0,0.0,1.0,0.0,0.0,1.0,1.0,1.0,1.0,1.0,1.0,0.0,0.0,0.0,0.0,0.0,1.0,1.0,1.0,1.0,1.0,0.0,0.0,0.0,0.0,0.0,1.0,1.0,1.0,1.0,1.0,0.0,0.0,0.0,0.0,0.0, 'slaby'
FF4700,4,5,2,3,0,0,0,0,0,0,0,4,2,0,0,0,0,0,0,0,5,5,2,3,4,0,0,0,0,0,0.0,0.0,2.0,0.0,3.0,0.0,1.0,1.0,1.0,0.0,0.0,0.0,0.0,2.0,2.0,0.0,1.0,1.0,2.0,2.0,2.0,2.0,2.0,2.0,2.0,0.0,0.0,1.0,3.0,0.0,2.0,2.0,2.0,2.0,2.0,0.0,1.0,0.0,1.0,1.0,1.0,1.0,1.0,1.0,1.0,1.0,1.0,1.0,1.0,1.0,2.0,4.0,2.0,4.0,5.0,1.0,2.0,1.0,1.0,1.0,1.0,2.0,1.0,2.0,1.0,0.0,0.0,1.0,0.0,0.0,1.0,2.0,2.0,1.0,1.0,0.0,0.0,0.0,0.0,1.0,1.0,1.0,1.0,1.0,2.0,0.0,1.0,0.0,0.0,1.0,1.0,1.0,1.0,1.0,1.0,0.0,0.0,0.0,0.0,0.0,1.0,1.0,1.0,1.0,1.0,0.0,0.0,0.0,0.0,0.0,1.0,1.0,1.0,1.0,1.0,0.0,0.0,0.0,0.0,0.0, 'zly'
FF4710,4,3,2,3,0,0,0,0,0,0,0,4,2,0,0,0,0,0,0,0,5,5,3,3,4,0,0,0,0,0,0.0,0.0,2.0,0.0,3.0,0.0,1.0,4.0,3.0,0.0,0.0,0.0,0.0,2.0,2.0,0.0,2.0,1.0,2.0,3.0,2.0,2.0,2.0,2.0,2.0,0.0,0.0,3.0,3.0,0.0,1.0,1.0,1.0,1.0,1.0,0.0,1.0,0.0,1.0,1.0,1.0,1.0,2.0,1.0,1.0,2.0,1.0,2.0,2.0,2.0,2.0,3.0,2.0,4.0,4.0,1.0,2.0,1.0,2.0,1.0,1.0,2.0,1.0,3.0,1.0,0.0,0.0,1.0,0.0,1.0,1.0,4.0,2.0,1.0,1.0,0.0,0.0,1.0,1.0,1.0,1.0,1.0,1.0,1.0,2.0,0.0,1.0,0.0,0.0,1.0,1.0,1.0,1.0,1.0,1.0,0.0,0.0,0.0,0.0,0.0,1.0,1.0,1.0,1.0,1.0,0.0,0.0,0.0,0.0,0.0,1.0,1.0,1.0,1.0,1.0,0.0,0.0,0.0,0.0,0.0, 'slaby'
FF4720,3,2,2,3,1,0,0,0,0,0,4,4,2,3,3,0,0,0,0,0,4,5,1,2,4,0,0,0,0,0,0.0,0.0,2.0,0.0,3.0,0.0,2.0,1.0,1.0,0.0,0.0,0.0,0.0,3.0,2.0,0.0,1.0,2.0,2.0,2.0,2.0,2.0,2.0,2.0,2.0,0.0,0.0,1.0,3.0,0.0,2.0,1.0,1.0,2.0,1.0,0.0,2.0,1.0,2.0,2.0,1.0,1.0,1.0,1.0,1.0,2.0,2.0,1.0,2.0,2.0,2.0,2.0,3.0,3.0,3.0,2.0,3.0,2.0,2.0,1.0,1.0,2.0,1.0,1.0,1.0,0.0,0.0,1.0,0.0,1.0,1.0,1.0,2.0,1.0,1.0,0.0,0.0,1.0,1.0,2.0,1.0,1.0,1.0,1.0,2.0,0.0,1.0,0.0,1.0,1.0,1.0,1.0,1.0,1.0,1.0,0.0,0.0,0.0,0.0,0.0,1.0,1.0,1.0,1.0,1.0,0.0,0.0,0.0,0.0,0.0,1.0,1.0,1.0,1.0,1.0,0.0,0.0,0.0,0.0,2.0, 'slaby'
FF4730,3,3,2,5,1,0,0,0,0,0,2,3,2,2,2,0,0,0,0,0,4,5,1,2,4,0,0,0,0,0,0.0,0.0,2.0,0.0,3.0,0.0,2.0,1.0,1.0,0.0,0.0,0.0,0.0,3.0,2.0,0.0,2.0,2.0,2.0,3.0,2.0,2.0,2.0,2.0,2.0,0.0,0.0,3.0,3.0,0.0,2.0,1.0,1.0,1.0,1.0,1.0,3.0,1.0,2.0,2.0,1.0,1.0,1.0,1.0,1.0,1.0,1.0,2.0,1.0,2.0,2.0,3.0,2.0,3.0,3.0,3.0,3.0,2.0,2.0,2.0,1.0,2.0,1.0,1.0,1.0,0.0,0.0,1.0,0.0,1.0,1.0,1.0,2.0,1.0,1.0,0.0,0.0,1.0,1.0,2.0,1.0,1.0,1.0,1.0,2.0,0.0,1.0,1.0,1.0,1.0,1.0,1.0,1.0,1.0,1.0,0.0,0.0,0.0,0.0,0.0,1.0,1.0,1.0,1.0,1.0,0.0,0.0,0.0,0.0,0.0,1.0,1.0,1.0,1.0,1.0,0.0,0.0,0.0,0.0,0.0, 'slaby'
FF4740,0,0,0,0,0,2,4,2,5,1,0,0,0,0,0,2,2,2,3,3,0,0,0,0,0,1,5,0,2,4,0.0,0.0,1.0,0.0,2.0,0.0,2.0,1.0,1.0,0.0,0.0,0.0,0.0,3.0,2.0,0.0,2.0,2.0,2.0,3.0,2.0,2.0,3.0,2.0,2.0,0.0,0.0,3.0,3.0,0.0,1.0,1.0,1.0,1.0,1.0,1.0,3.0,1.0,2.0,3.0,1.0,1.0,1.0,1.0,1.0,2.0,1.0,4.0,3.0,4.0,1.0,1.0,1.0,2.0,1.0,4.0,3.0,4.0,4.0,3.0,0.0,0.0,0.0,0.0,1.0,0.0,0.0,2.0,0.0,2.0,0.0,0.0,0.0,0.0,0.0,0.0,0.0,2.0,2.0,1.0,0.0,0.0,0.0,0.0,1.0,0.0,2.0,1.0,1.0,1.0,1.0,1.0,1.0,1.0,1.0,0.0,0.0,0.0,0.0,0.0,1.0,1.0,1.0,1.0,1.0,0.0,0.0,0.0,0.0,0.0,1.0,1.0,1.0,1.0,1.0,0.0,0.0,0.0,0.0,0.0, 'umiarkowany'
FF4750,0,0,0,0,0,4,5,2,4,1,0,0,0,0,0,3,4,2,3,3,0,0,0,0,0,1,5,0,1,4,0.0,0.0,1.0,0.0,1.0,0.0,2.0,1.0,1.0,0.0,0.0,0.0,0.0,3.0,1.0,0.0,2.0,2.0,2.0,3.0,1.0,1.0,1.0,1.0,1.0,0.0,0.0,3.0,3.0,0.0,0.0,0.0,0.0,0.0,1.0,2.0,2.0,1.0,3.0,3.0,1.0,0.0,1.0,0.0,0.0,1.0,1.0,4.0,5.0,4.0,1.0,0.0,2.0,1.0,1.0,2.0,2.0,2.0,4.0,4.0,0.0,0.0,0.0,0.0,1.0,0.0,0.0,2.0,0.0,1.0,0.0,0.0,0.0,0.0,0.0,0.0,0.0,1.0,1.0,1.0,0.0,0.0,0.0,0.0,1.0,0.0,1.0,0.0,1.0,1.0,0.0,0.0,0.0,0.0,0.0,0.0,0.0,0.0,0.0,0.0,0.0,0.0,0.0,0.0,0.0,0.0,0.0,0.0,0.0,0.0,0.0,0.0,0.0,0.0,0.0,0.0,0.0,0.0,0.0,0.0, 'slaby'
FF4760,0,0,0,0,0,2,5,2,5,1,0,0,0,0,0,0,2,2,0,0,0,0,0,0,0,1,5,0,2,4,0.0,0.0,1.0,0.0,1.0,0.0,2.0,1.0,1.0,0.0,0.0,0.0,0.0,1.0,1.0,0.0,1.0,2.0,2.0,2.0,1.0,1.0,1.0,1.0,1.0,0.0,0.0,1.0,3.0,0.0,0.0,0.0,0.0,0.0,1.0,2.0,2.0,1.0,3.0,3.0,1.0,0.0,1.0,0.0,0.0,1.0,1.0,2.0,4.0,3.0,0.0,0.0,2.0,1.0,1.0,3.0,3.0,3.0,3.0,3.0,0.0,0.0,0.0,0.0,1.0,0.0,0.0,2.0,0.0,1.0,0.0,0.0,0.0,0.0,0.0,0.0,0.0,1.0,1.0,1.0,0.0,0.0,0.0,0.0,1.0,0.0,1.0,1.0,0.0,1.0,0.0,0.0,0.0,0.0,0.0,0.0,0.0,0.0,0.0,0.0,0.0,0.0,0.0,0.0,0.0,0.0,0.0,0.0,0.0,0.0,0.0,0.0,0.0,0.0,0.0,0.0,0.0,0.0,0.0,0.0, 'zly'
FF3679,0,0,0,0,0,3,4,1,5,1,0,0,0,0,0,3,3,2,1,1,0,0,0,0,0,1,5,0,4,4,0.0,0.0,1.0,0.0,2.0,0.0,2.0,1.0,1.0,0.0,0.0,0.0,0.0,3.0,2.0,0.0,1.0,2.0,2.0,2.0,2.0,2.0,3.0,2.0,2.0,0.0,0.0,1.0,3.0,0.0,1.0,1.0,1.0,1.0,1.0,1.0,2.0,1.0,3.0,3.0,1.0,1.0,2.0,1.0,1.0,4.0,1.0,3.0,3.0,3.0,1.0,1.0,2.0,2.0,1.0,2.0,2.0,2.0,3.0,4.0,0.0,0.0,0.0,0.0,0.0,0.0,0.0,2.0,0.0,1.0,0.0,0.0,0.0,0.0,0.0,0.0,0.0,1.0,2.0,3.0,0.0,0.0,0.0,0.0,1.0,0.0,2.0,1.0,1.0,1.0,0.0,0.0,0.0,0.0,0.0,0.0,0.0,0.0,0.0,0.0,0.0,0.0,0.0,0.0,0.0,0.0,0.0,0.0,0.0,0.0,0.0,0.0,0.0,0.0,0.0,0.0,0.0,0.0,0.0,0.0, 'slaby'
FF3689,2,5,1,4,0,0,0,0,0,0,0,4,2,0,0,0,0,0,0,0,5,4,1,5,4,0,0,0,0,0,0.0,0.0,2.0,0.0,3.0,0.0,2.0,1.0,1.0,0.0,0.0,0.0,0.0,2.0,2.0,0.0,1.0,2.0,2.0,2.0,2.0,2.0,3.0,2.0,2.0,0.0,0.0,1.0,3.0,0.0,2.0,1.0,1.0,1.0,1.0,0.0,1.0,1.0,1.0,1.0,1.0,1.0,1.0,1.0,2.0,1.0,1.0,1.0,1.0,1.0,2.0,4.0,2.0,4.0,5.0,1.0,1.0,1.0,2.0,1.0,1.0,2.0,1.0,1.0,0.0,0.0,0.0,1.0,0.0,1.0,1.0,1.0,1.0,1.0,1.0,0.0,0.0,1.0,1.0,1.0,1.0,1.0,1.0,1.0,2.0,0.0,1.0,0.0,0.0,1.0,1.0,1.0,1.0,1.0,1.0,0.0,0.0,0.0,0.0,0.0,1.0,1.0,1.0,1.0,1.0,0.0,0.0,0.0,0.0,0.0,1.0,1.0,1.0,1.0,1.0,0.0,0.0,0.0,0.0,0.0, 'zly'
FF3699,4,5,2,5,0,0,0,0,0,0,0,4,2,0,0,0,0,0,0,0,5,5,4,4,4,0,0,0,0,0,0.0,0.0,2.0,0.0,3.0,0.0,1.0,1.0,1.0,0.0,0.0,0.0,0.0,2.0,2.0,0.0,2.0,1.0,1.0,1.0,2.0,2.0,3.0,2.0,2.0,0.0,0.0,3.0,1.0,0.0,2.0,2.0,2.0,2.0,2.0,0.0,2.0,0.0,1.0,1.0,1.0,1.0,1.0,1.0,1.0,2.0,1.0,1.0,1.0,1.0,2.0,4.0,2.0,4.0,5.0,3.0,3.0,3.0,1.0,1.0,1.0,2.0,1.0,4.0,1.0,0.0,0.0,1.0,0.0,0.0,1.0,4.0,2.0,1.0,1.0,0.0,0.0,0.0,0.0,1.0,1.0,1.0,1.0,1.0,2.0,0.0,1.0,1.0,0.0,0.0,1.0,1.0,1.0,1.0,1.0,0.0,0.0,0.0,0.0,0.0,1.0,1.0,1.0,1.0,1.0,0.0,0.0,0.0,0.0,0.0,1.0,1.0,1.0,1.0,1.0,0.0,0.0,0.0,0.0,0.0, 'slaby'
FF4609,4,5,1,4,0,0,0,0,0,0,0,4,2,0,0,0,0,0,0,0,5,4,2,4,4,0,0,0,0,0,0.0,0.0,2.0,0.0,3.0,0.0,1.0,1.0,1.0,0.0,0.0,0.0,0.0,2.0,2.0,0.0,1.0,1.0,2.0,2.0,2.0,2.0,2.0,2.0,2.0,0.0,0.0,1.0,3.0,0.0,1.0,1.0,1.0,1.0,2.0,0.0,1.0,0.0,1.0,1.0,1.0,1.0,1.0,1.0,1.0,2.0,1.0,1.0,1.0,1.0,2.0,4.0,2.0,4.0,5.0,1.0,1.0,1.0,1.0,1.0,1.0,2.0,1.0,2.0,0.0,0.0,0.0,1.0,0.0,0.0,1.0,2.0,1.0,1.0,1.0,0.0,0.0,0.0,0.0,1.0,1.0,1.0,1.0,1.0,2.0,0.0,1.0,0.0,0.0,1.0,1.0,1.0,1.0,1.0,1.0,0.0,0.0,0.0,0.0,0.0,1.0,1.0,1.0,1.0,1.0,0.0,0.0,0.0,0.0,0.0,1.0,1.0,1.0,1.0,1.0,0.0,0.0,0.0,0.0,0.0, 'zly'
FF4619,4,5,2,2,0,0,0,0,0,0,0,4,2,0,0,0,0,0,0,0,5,5,3,2,4,0,0,0,0,0,0.0,0.0,5.0,0.0,3.0,0.0,1.0,5.0,3.0,0.0,0.0,0.0,0.0,2.0,2.0,0.0,1.0,1.0,2.0,2.0,2.0,2.0,3.0,2.0,2.0,0.0,0.0,1.0,3.0,0.0,2.0,1.0,1.0,1.0,1.0,0.0,3.0,0.0,1.0,1.0,1.0,1.0,1.0,1.0,1.0,2.0,1.0,1.0,1.0,1.0,2.0,4.0,2.0,4.0,5.0,1.0,4.0,1.0,1.0,1.0,1.0,2.0,1.0,3.0,3.0,0.0,0.0,1.0,0.0,1.0,1.0,4.0,1.0,1.0,1.0,0.0,0.0,1.0,1.0,1.0,1.0,1.0,1.0,1.0,2.0,0.0,1.0,0.0,0.0,1.0,1.0,1.0,1.0,1.0,1.0,0.0,0.0,0.0,0.0,0.0,1.0,1.0,1.0,1.0,1.0,0.0,0.0,0.0,0.0,0.0,1.0,1.0,1.0,1.0,1.0,0.0,0.0,0.0,0.0,0.0, 'slaby'
FF4629,4,4,2,2,1,0,0,0,0,0,2,3,2,2,3,0,0,0,0,0,5,5,1,1,4,0,0,0,0,0,0.0,0.0,2.0,0.0,3.0,0.0,2.0,1.0,1.0,0.0,0.0,0.0,0.0,2.0,2.0,0.0,1.0,2.0,2.0,2.0,2.0,2.0,2.0,2.0,3.0,0.0,0.0,1.0,3.0,0.0,2.0,1.0,1.0,1.0,1.0,0.0,3.0,1.0,1.0,1.0,1.0,1.0,1.0,1.0,1.0,2.0,3.0,1.0,1.0,1.0,2.0,3.0,2.0,3.0,5.0,2.0,3.0,2.0,1.0,1.0,1.0,2.0,1.0,1.0,1.0,0.0,0.0,1.0,0.0,1.0,1.0,1.0,2.0,1.0,1.0,0.0,0.0,1.0,1.0,1.0,1.0,1.0,1.0,1.0,2.0,0.0,1.0,0.0,0.0,1.0,1.0,1.0,1.0,1.0,1.0,0.0,0.0,0.0,0.0,0.0,1.0,1.0,1.0,1.0,1.0,0.0,0.0,0.0,0.0,0.0,1.0,1.0,1.0,1.0,1.0,0.0,0.0,0.0,0.0,0.0, 'slaby'
FF4639,4,5,2,3,1,0,0,0,0,0,1,4,2,1,1,0,0,0,0,0,5,5,3,2,4,0,0,0,0,0,0.0,0.0,2.0,0.0,3.0,0.0,1.0,1.0,1.0,0.0,0.0,0.0,0.0,2.0,2.0,0.0,1.0,1.0,2.0,2.0,2.0,2.0,2.0,2.0,3.0,0.0,0.0,1.0,3.0,0.0,2.0,2.0,2.0,2.0,2.0,0.0,2.0,0.0,1.0,1.0,1.0,1.0,1.0,1.0,1.0,1.0,1.0,1.0,1.0,1.0,2.0,4.0,2.0,4.0,5.0,1.0,3.0,1.0,1.0,1.0,1.0,2.0,1.0,3.0,1.0,0.0,0.0,1.0,0.0,1.0,1.0,4.0,1.0,1.0,1.0,0.0,0.0,1.0,1.0,1.0,1.0,1.0,1.0,1.0,2.0,0.0,1.0,0.0,0.0,1.0,1.0,1.0,1.0,1.0,1.0,0.0,0.0,0.0,0.0,0.0,1.0,1.0,1.0,1.0,1.0,0.0,0.0,0.0,0.0,0.0,1.0,1.0,1.0,1.0,1.0,0.0,0.0,0.0,0.0,0.0, 'slaby'
FF4649,4,5,2,5,1,0,0,0,0,0,2,4,2,1,1,0,0,0,0,0,5,5,1,3,4,0,0,0,0,0,0.0,0.0,2.0,0.0,3.0,0.0,2.0,1.0,1.0,0.0,0.0,0.0,0.0,3.0,2.0,0.0,1.0,2.0,2.0,2.0,2.0,2.0,3.0,2.0,2.0,0.0,0.0,1.0,3.0,0.0,2.0,1.0,1.0,2.0,2.0,0.0,2.0,1.0,2.0,2.0,1.0,1.0,1.0,1.0,1.0,1.0,2.0,2.0,2.0,2.0,2.0,4.0,2.0,4.0,5.0,3.0,3.0,2.0,2.0,2.0,1.0,2.0,1.0,1.0,1.0,0.0,0.0,1.0,0.0,1.0,1.0,1.0,2.0,1.0,1.0,0.0,0.0,1.0,1.0,1.0,1.0,1.0,1.0,1.0,2.0,0.0,1.0,1.0,0.0,1.0,1.0,1.0,1.0,1.0,1.0,0.0,0.0,0.0,0.0,0.0,1.0,1.0,1.0,1.0,1.0,0.0,0.0,0.0,0.0,0.0,1.0,1.0,1.0,1.0,1.0,0.0,0.0,0.0,0.0,0.0, 'umiarkowany'
FF4659,0,0,0,0,0,3,5,2,5,1,0,0,0,0,0,4,2,2,3,3,0,0,0,0,0,3,5,0,1,4,0.0,0.0,1.0,0.0,2.0,0.0,2.0,1.0,1.0,0.0,0.0,0.0,0.0,3.0,2.0,0.0,2.0,2.0,2.0,3.0,2.0,2.0,3.0,2.0,2.0,0.0,0.0,3.0,3.0,0.0,1.0,1.0,1.0,1.0,1.0,1.0,4.0,2.0,3.0,4.0,1.0,0.0,1.0,0.0,0.0,3.0,2.0,5.0,3.0,4.0,1.0,1.0,2.0,2.0,1.0,4.0,3.0,4.0,4.0,3.0,0.0,0.0,0.0,0.0,1.0,0.0,0.0,2.0,0.0,2.0,0.0,0.0,0.0,0.0,0.0,0.0,0.0,2.0,2.0,1.0,0.0,0.0,0.0,0.0,1.0,0.0,2.0,1.0,1.0,1.0,0.0,0.0,0.0,0.0,0.0,0.0,0.0,0.0,0.0,0.0,0.0,0.0,0.0,0.0,0.0,0.0,0.0,0.0,0.0,0.0,0.0,0.0,0.0,0.0,0.0,0.0,0.0,0.0,0.0,0.0, 'umiarkowany'
FF4669,0,0,0,0,0,4,5,1,5,0,0,0,0,0,0,0,4,2,0,0,0,0,0,0,0,1,5,0,2,4,0.0,0.0,1.0,0.0,1.0,0.0,2.0,1.0,1.0,0.0,0.0,0.0,0.0,1.0,1.0,0.0,1.0,2.0,2.0,2.0,1.0,1.0,1.0,1.0,1.0,0.0,0.0,1.0,3.0,0.0,0.0,0.0,0.0,1.0,1.0,2.0,2.0,1.0,4.0,4.0,1.0,0.0,1.0,0.0,0.0,1.0,1.0,3.0,4.0,4.0,1.0,1.0,2.0,1.0,1.0,2.0,2.0,2.0,4.0,4.0,0.0,0.0,0.0,0.0,0.0,0.0,0.0,4.0,0.0,1.0,0.0,0.0,0.0,0.0,0.0,0.0,0.0,1.0,1.0,1.0,0.0,0.0,0.0,0.0,1.0,0.0,1.0,1.0,1.0,1.0,0.0,0.0,0.0,0.0,0.0,0.0,0.0,0.0,0.0,0.0,0.0,0.0,0.0,0.0,0.0,0.0,0.0,0.0,0.0,0.0,0.0,0.0,0.0,0.0,0.0,0.0,0.0,0.0,0.0,0.0, 'slaby'
FF4679,3,5,2,5,1,0,0,0,0,0,4,3,2,2,2,0,0,0,0,0,2,5,1,2,4,0,0,0,0,0,0.0,0.0,2.0,0.0,2.0,0.0,2.0,1.0,1.0,0.0,0.0,0.0,0.0,5.0,3.0,0.0,2.0,2.0,2.0,3.0,2.0,2.0,5.0,2.0,2.0,0.0,0.0,2.0,3.0,0.0,2.0,1.0,1.0,1.0,1.0,1.0,2.0,1.0,3.0,3.0,1.0,1.0,2.0,1.0,2.0,3.0,3.0,3.0,2.0,3.0,1.0,2.0,3.0,3.0,2.0,2.0,3.0,2.0,3.0,2.0,1.0,2.0,1.0,1.0,1.0,0.0,0.0,2.0,0.0,1.0,1.0,1.0,2.0,1.0,1.0,0.0,0.0,1.0,1.0,3.0,1.0,1.0,1.0,1.0,2.0,0.0,1.0,1.0,0.0,1.0,1.0,1.0,1.0,1.0,1.0,0.0,0.0,0.0,0.0,0.0,1.0,1.0,1.0,1.0,1.0,0.0,0.0,0.0,0.0,0.0,1.0,1.0,1.0,1.0,1.0,0.0,0.0,0.0,0.0,0.0, 'umiarkowany'
FF3678,0,0,0,0,0,3,5,3,5,1,0,0,0,0,0,3,2,2,3,2,0,0,0,0,0,3,5,0,2,4,0.0,0.0,2.0,0.0,3.0,0.0,2.0,1.0,1.0,0.0,0.0,0.0,0.0,3.0,2.0,0.0,2.0,2.0,2.0,3.0,2.0,2.0,3.0,2.0,2.0,0.0,0.0,3.0,3.0,0.0,1.0,1.0,1.0,1.0,1.0,1.0,3.0,2.0,2.0,2.0,1.0,1.0,1.0,1.0,1.0,4.0,1.0,3.0,3.0,3.0,1.0,1.0,2.0,2.0,2.0,4.0,3.0,4.0,3.0,3.0,0.0,0.0,1.0,0.0,0.0,0.0,0.0,2.0,0.0,1.0,1.0,0.0,0.0,1.0,1.0,0.0,0.0,1.0,2.0,1.0,0.0,0.0,0.0,0.0,1.0,0.0,2.0,1.0,1.0,1.0,1.0,1.0,1.0,1.0,1.0,0.0,0.0,0.0,0.0,0.0,1.0,1.0,1.0,1.0,1.0,0.0,0.0,0.0,0.0,0.0,1.0,1.0,1.0,1.0,1.0,0.0,0.0,0.0,0.0,0.0, 'dobry'
FF3688,2,5,2,3,0,0,0,0,0,0,0,3,2,0,0,0,0,0,0,0,5,5,1,4,4,0,0,0,0,0,0.0,0.0,2.0,0.0,3.0,0.0,2.0,1.0,1.0,0.0,0.0,0.0,0.0,2.0,2.0,0.0,2.0,2.0,2.0,3.0,2.0,2.0,3.0,2.0,2.0,0.0,0.0,3.0,3.0,0.0,2.0,1.0,1.0,1.0,1.0,0.0,1.0,1.0,1.0,1.0,1.0,1.0,1.0,1.0,2.0,1.0,1.0,2.0,1.0,1.0,2.0,4.0,3.0,4.0,4.0,2.0,2.0,2.0,2.0,1.0,1.0,2.0,1.0,1.0,1.0,0.0,0.0,1.0,0.0,1.0,1.0,1.0,2.0,1.0,1.0,0.0,0.0,1.0,1.0,1.0,1.0,1.0,1.0,1.0,2.0,0.0,1.0,0.0,0.0,1.0,1.0,1.0,1.0,1.0,1.0,0.0,0.0,0.0,0.0,0.0,1.0,1.0,1.0,1.0,1.0,0.0,0.0,0.0,0.0,0.0,1.0,1.0,1.0,1.0,1.0,0.0,0.0,0.0,0.0,0.0, 'zly'
FF3698,4,5,1,4,0,0,0,0,0,0,0,4,2,0,0,0,0,0,0,0,5,4,3,5,4,0,0,0,0,0,0.0,0.0,2.0,0.0,3.0,0.0,1.0,1.0,1.0,0.0,0.0,0.0,0.0,2.0,2.0,0.0,1.0,1.0,2.0,2.0,2.0,2.0,3.0,2.0,2.0,0.0,0.0,1.0,3.0,0.0,2.0,2.0,2.0,2.0,2.0,0.0,1.0,0.0,1.0,1.0,1.0,1.0,1.0,1.0,1.0,1.0,1.0,1.0,1.0,1.0,2.0,5.0,3.0,4.0,5.0,1.0,2.0,1.0,1.0,1.0,1.0,2.0,1.0,3.0,0.0,0.0,0.0,1.0,0.0,1.0,1.0,4.0,2.0,1.0,1.0,0.0,0.0,1.0,1.0,1.0,1.0,1.0,1.0,1.0,2.0,0.0,1.0,0.0,0.0,1.0,1.0,1.0,1.0,1.0,1.0,0.0,0.0,0.0,0.0,0.0,1.0,1.0,1.0,1.0,1.0,0.0,0.0,0.0,0.0,0.0,1.0,1.0,1.0,1.0,1.0,0.0,0.0,0.0,0.0,0.0, 'slaby'
FF4608,0,0,0,0,0,3,3,2,5,1,4,0,0,1,3,0,3,2,0,0,0,0,0,0,0,4,5,0,5,4,0.0,0.0,2.0,0.0,2.0,0.0,2.0,1.0,1.0,0.0,0.0,0.0,0.0,1.0,2.0,0.0,1.0,2.0,2.0,2.0,3.0,3.0,3.0,2.0,3.0,0.0,0.0,1.0,3.0,0.0,1.0,1.0,1.0,1.0,1.0,1.0,2.0,1.0,3.0,3.0,1.0,1.0,2.0,1.0,1.0,4.0,2.0,3.0,2.0,3.0,2.0,1.0,2.0,2.0,2.0,3.0,3.0,3.0,3.0,2.0,0.0,0.0,1.0,0.0,0.0,0.0,0.0,2.0,0.0,1.0,1.0,0.0,2.0,1.0,1.0,0.0,0.0,1.0,2.0,3.0,0.0,0.0,0.0,0.0,1.0,0.0,2.0,1.0,1.0,1.0,1.0,1.0,1.0,1.0,1.0,0.0,0.0,0.0,0.0,0.0,1.0,1.0,1.0,1.0,1.0,0.0,0.0,0.0,0.0,0.0,1.0,4.0,1.0,1.0,1.0,5.0,0.0,0.0,4.0,0.0, 'dobry'
FF4618,0,0,0,0,0,4,3,2,3,0,0,0,0,0,0,0,4,2,0,0,0,0,0,0,0,5,5,0,3,4,0.0,0.0,1.0,0.0,3.0,0.0,2.0,1.0,1.0,0.0,0.0,0.0,0.0,1.0,1.0,0.0,1.0,2.0,2.0,2.0,1.0,1.0,1.0,1.0,1.0,0.0,0.0,1.0,3.0,0.0,1.0,1.0,0.0,1.0,1.0,1.0,2.0,0.0,3.0,3.0,1.0,1.0,2.0,1.0,1.0,2.0,2.0,5.0,4.0,3.0,1.0,1.0,3.0,1.0,1.0,3.0,3.0,3.0,3.0,4.0,0.0,0.0,0.0,0.0,0.0,0.0,0.0,2.0,0.0,1.0,0.0,0.0,0.0,0.0,0.0,0.0,0.0,1.0,2.0,1.0,0.0,0.0,0.0,0.0,1.0,0.0,4.0,0.0,1.0,3.0,0.0,0.0,0.0,0.0,0.0,0.0,0.0,0.0,0.0,0.0,0.0,0.0,0.0,0.0,0.0,0.0,0.0,0.0,0.0,0.0,0.0,3.0,0.0,0.0,0.0,5.0,0.0,0.0,4.0,0.0, 'slaby'
FF4628,4,4,2,4,1,0,0,0,0,0,3,4,2,2,2,0,0,0,0,0,3,5,1,2,4,0,0,0,0,0,0.0,0.0,2.0,0.0,3.0,0.0,2.0,1.0,1.0,0.0,0.0,0.0,0.0,2.0,2.0,0.0,1.0,2.0,2.0,2.0,2.0,2.0,3.0,2.0,3.0,0.0,0.0,1.0,3.0,0.0,2.0,2.0,1.0,2.0,1.0,1.0,2.0,0.0,2.0,2.0,1.0,1.0,2.0,1.0,1.0,3.0,3.0,2.0,2.0,2.0,2.0,3.0,3.0,3.0,4.0,2.0,3.0,2.0,1.0,2.0,1.0,3.0,2.0,1.0,0.0,0.0,0.0,2.0,0.0,1.0,1.0,1.0,1.0,1.0,1.0,0.0,0.0,1.0,2.0,4.0,1.0,1.0,1.0,1.0,2.0,0.0,2.0,0.0,1.0,1.0,1.0,1.0,1.0,1.0,1.0,0.0,0.0,0.0,0.0,0.0,1.0,1.0,1.0,1.0,1.0,0.0,0.0,0.0,0.0,0.0,1.0,3.0,1.0,1.0,1.0,3.0,0.0,0.0,3.0,0.0, 'umiarkowany'
FF4638,4,5,1,3,1,0,0,0,0,0,2,4,2,1,1,0,0,0,0,0,5,4,2,3,4,0,0,0,0,0,0.0,0.0,2.0,0.0,3.0,0.0,1.0,1.0,1.0,0.0,0.0,0.0,0.0,3.0,2.0,0.0,1.0,1.0,1.0,1.0,2.0,2.0,3.0,2.0,2.0,0.0,0.0,1.0,1.0,0.0,2.0,2.0,2.0,2.0,2.0,0.0,2.0,0.0,1.0,1.0,1.0,1.0,1.0,1.0,1.0,2.0,2.0,1.0,1.0,1.0,2.0,4.0,2.0,4.0,5.0,1.0,1.0,1.0,1.0,1.0,1.0,2.0,1.0,2.0,0.0,0.0,0.0,1.0,0.0,0.0,1.0,2.0,1.0,1.0,1.0,0.0,0.0,0.0,0.0,1.0,1.0,1.0,1.0,1.0,2.0,0.0,1.0,0.0,0.0,1.0,1.0,1.0,1.0,1.0,1.0,0.0,0.0,0.0,0.0,0.0,1.0,1.0,1.0,1.0,1.0,0.0,0.0,0.0,0.0,0.0,1.0,1.0,1.0,1.0,1.0,0.0,0.0,0.0,0.0,0.0, 'zly'
FF4648,4,5,2,5,1,0,0,0,0,0,1,4,2,1,1,0,0,0,0,0,5,5,1,4,4,0,0,0,0,0,0.0,0.0,2.0,0.0,3.0,0.0,2.0,1.0,1.0,0.0,0.0,0.0,0.0,3.0,2.0,0.0,1.0,2.0,2.0,2.0,2.0,2.0,3.0,2.0,2.0,0.0,0.0,1.0,3.0,0.0,2.0,1.0,1.0,1.0,2.0,0.0,1.0,1.0,2.0,2.0,1.0,1.0,1.0,1.0,1.0,1.0,1.0,1.0,1.0,1.0,2.0,3.0,2.0,4.0,4.0,2.0,2.0,1.0,2.0,1.0,1.0,2.0,1.0,1.0,4.0,0.0,0.0,1.0,0.0,1.0,1.0,1.0,2.0,1.0,1.0,0.0,0.0,1.0,1.0,1.0,1.0,1.0,1.0,1.0,2.0,0.0,1.0,1.0,0.0,1.0,1.0,1.0,1.0,1.0,1.0,0.0,0.0,0.0,0.0,0.0,1.0,1.0,1.0,1.0,1.0,0.0,0.0,0.0,0.0,0.0,1.0,1.0,1.0,1.0,1.0,0.0,0.0,0.0,0.0,0.0, 'slaby'
FF4658,0,0,0,0,0,3,5,2,5,1,0,0,0,0,0,4,3,2,3,3,0,0,0,0,0,3,5,0,3,4,0.0,0.0,1.0,0.0,3.0,0.0,2.0,1.0,1.0,0.0,0.0,0.0,0.0,3.0,2.0,0.0,2.0,2.0,2.0,3.0,2.0,2.0,3.0,2.0,2.0,0.0,0.0,3.0,3.0,0.0,1.0,1.0,1.0,1.0,1.0,1.0,3.0,1.0,3.0,4.0,1.0,1.0,1.0,1.0,1.0,2.0,2.0,4.0,3.0,3.0,1.0,1.0,3.0,2.0,2.0,3.0,3.0,3.0,4.0,3.0,0.0,0.0,1.0,0.0,1.0,0.0,0.0,2.0,0.0,2.0,1.0,0.0,0.0,1.0,1.0,0.0,0.0,2.0,2.0,3.0,0.0,0.0,0.0,0.0,1.0,0.0,2.0,1.0,1.0,1.0,0.0,0.0,0.0,0.0,0.0,0.0,0.0,0.0,0.0,0.0,0.0,0.0,0.0,0.0,0.0,0.0,0.0,0.0,0.0,0.0,0.0,3.0,0.0,0.0,0.0,0.0,0.0,0.0,0.0,0.0, 'dobry'
FF4668,0,0,0,0,0,3,5,2,5,1,0,0,0,0,0,3,3,2,3,3,0,0,0,0,0,1,5,0,3,4,0.0,0.0,1.0,0.0,2.0,0.0,2.0,1.0,1.0,0.0,0.0,0.0,0.0,3.0,2.0,0.0,2.0,2.0,2.0,3.0,2.0,2.0,3.0,2.0,2.0,0.0,0.0,3.0,3.0,0.0,1.0,1.0,1.0,1.0,1.0,1.0,2.0,1.0,3.0,4.0,1.0,0.0,1.0,0.0,0.0,2.0,2.0,4.0,3.0,4.0,1.0,1.0,3.0,2.0,1.0,3.0,2.0,3.0,4.0,3.0,0.0,0.0,0.0,0.0,1.0,0.0,0.0,4.0,0.0,1.0,0.0,0.0,0.0,0.0,0.0,0.0,0.0,1.0,1.0,3.0,0.0,0.0,0.0,0.0,1.0,0.0,1.0,1.0,1.0,1.0,0.0,0.0,0.0,0.0,0.0,0.0,0.0,0.0,0.0,0.0,0.0,0.0,0.0,0.0,0.0,0.0,0.0,0.0,0.0,0.0,0.0,0.0,0.0,0.0,0.0,0.0,0.0,0.0,0.0,0.0, 'umiarkowany'
FF4678,0,0,0,0,0,4,5,2,5,1,0,0,0,0,0,1,3,2,1,1,0,0,0,0,0,1,5,0,1,4,0.0,0.0,1.0,0.0,1.0,0.0,2.0,1.0,1.0,0.0,0.0,0.0,0.0,2.0,1.0,0.0,2.0,2.0,2.0,3.0,1.0,1.0,1.0,1.0,1.0,0.0,0.0,3.0,3.0,0.0,0.0,0.0,0.0,0.0,1.0,2.0,2.0,1.0,4.0,4.0,1.0,0.0,1.0,0.0,0.0,1.0,1.0,2.0,4.0,3.0,0.0,1.0,2.0,1.0,1.0,2.0,2.0,2.0,3.0,4.0,0.0,0.0,0.0,0.0,0.0,0.0,0.0,2.0,0.0,1.0,0.0,0.0,0.0,0.0,0.0,0.0,0.0,1.0,1.0,1.0,0.0,0.0,0.0,0.0,1.0,0.0,1.0,1.0,1.0,1.0,0.0,0.0,0.0,0.0,0.0,0.0,0.0,0.0,0.0,0.0,0.0,0.0,0.0,0.0,0.0,0.0,0.0,0.0,0.0,0.0,0.0,0.0,0.0,0.0,0.0,0.0,0.0,0.0,0.0,0.0, 'slaby'
FF3565,0,0,0,0,0,4,5,2,5,0,0,0,0,0,0,0,4,2,0,0,0,0,0,0,0,1,5,0,3,5,0.0,0.0,1.0,0.0,2.0,0.0,2.0,1.0,1.0,0.0,0.0,0.0,0.0,5.0,2.0,0.0,1.0,2.0,2.0,2.0,2.0,2.0,3.0,2.0,2.0,0.0,0.0,1.0,3.0,0.0,1.0,1.0,1.0,2.0,2.0,1.0,1.0,0.0,3.0,2.0,1.0,1.0,2.0,1.0,1.0,1.0,1.0,3.0,3.0,2.0,1.0,1.0,3.0,2.0,3.0,2.0,2.0,1.0,2.0,3.0,0.0,3.0,2.0,0.0,0.0,0.0,0.0,2.0,0.0,1.0,1.0,0.0,2.0,1.0,1.0,0.0,0.0,1.0,1.0,4.0,0.0,0.0,0.0,0.0,1.0,0.0,1.0,1.0,1.0,1.0,0.0,0.0,0.0,0.0,0.0,0.0,0.0,0.0,0.0,0.0,0.0,0.0,0.0,0.0,0.0,0.0,0.0,0.0,0.0,0.0,0.0,0.0,0.0,0.0,0.0,0.0,0.0,0.0,0.0,0.0, 'umiarkowany'
FF3575,2,5,1,5,1,0,0,0,0,0,2,3,2,1,1,0,0,0,0,0,2,5,1,2,5,0,0,0,0,0,0.0,0.0,2.0,0.0,2.0,0.0,3.0,1.0,1.0,0.0,0.0,0.0,0.0,3.0,2.0,0.0,1.0,5.0,2.0,2.0,2.0,2.0,3.0,2.0,2.0,0.0,0.0,1.0,3.0,0.0,1.0,1.0,1.0,1.0,1.0,1.0,1.0,1.0,3.0,3.0,1.0,1.0,1.0,1.0,1.0,1.0,1.0,2.0,1.0,2.0,1.0,2.0,2.0,3.0,4.0,2.0,2.0,2.0,2.0,2.0,1.0,2.0,1.0,1.0,0.0,0.0,0.0,4.0,0.0,1.0,1.0,1.0,2.0,1.0,1.0,0.0,0.0,1.0,1.0,3.0,1.0,1.0,1.0,1.0,2.0,0.0,1.0,1.0,0.0,1.0,1.0,1.0,1.0,1.0,1.0,0.0,0.0,0.0,0.0,0.0,1.0,1.0,1.0,1.0,1.0,0.0,0.0,0.0,0.0,0.0,1.0,3.0,1.0,1.0,1.0,4.0,0.0,0.0,0.0,0.0, 'slaby'
FF3576,4,3,1,4,0,0,0,0,0,0,1,4,2,0,0,0,0,0,0,0,5,4,1,3,5,0,0,0,0,0,0.0,0.0,2.0,0.0,2.0,0.0,3.0,1.0,1.0,0.0,0.0,0.0,0.0,2.0,2.0,0.0,1.0,3.0,2.0,2.0,2.0,2.0,3.0,2.0,2.0,0.0,0.0,1.0,5.0,0.0,2.0,1.0,1.0,2.0,1.0,1.0,1.0,1.0,2.0,2.0,1.0,1.0,1.0,1.0,1.0,1.0,1.0,1.0,1.0,2.0,1.0,3.0,2.0,4.0,4.0,1.0,2.0,1.0,2.0,1.0,1.0,2.0,1.0,1.0,0.0,0.0,0.0,1.0,0.0,1.0,1.0,1.0,1.0,1.0,1.0,0.0,0.0,1.0,1.0,2.0,1.0,1.0,1.0,1.0,2.0,0.0,1.0,0.0,0.0,1.0,1.0,1.0,1.0,1.0,1.0,0.0,0.0,0.0,0.0,0.0,1.0,1.0,1.0,1.0,1.0,0.0,0.0,0.0,0.0,0.0,1.0,3.0,1.0,1.0,1.0,0.0,0.0,0.0,0.0,0.0, 'zly'
FF3585,0,0,0,0,0,2,4,2,5,1,0,0,0,0,0,2,2,2,3,4,0,0,0,0,0,1,5,0,2,5,0.0,0.0,1.0,0.0,1.0,0.0,3.0,1.0,1.0,0.0,0.0,0.0,0.0,3.0,1.0,0.0,2.0,5.0,2.0,5.0,1.0,1.0,1.0,1.0,1.0,0.0,0.0,3.0,3.0,0.0,0.0,0.0,0.0,1.0,1.0,1.0,4.0,1.0,4.0,5.0,1.0,1.0,1.0,1.0,1.0,3.0,2.0,3.0,3.0,3.0,1.0,1.0,2.0,1.0,2.0,4.0,4.0,4.0,3.0,3.0,0.0,0.0,0.0,0.0,1.0,0.0,0.0,2.0,0.0,1.0,0.0,0.0,0.0,0.0,0.0,0.0,0.0,1.0,2.0,1.0,0.0,0.0,0.0,0.0,1.0,0.0,2.0,1.0,1.0,1.0,0.0,0.0,0.0,0.0,0.0,0.0,0.0,0.0,0.0,0.0,0.0,0.0,0.0,0.0,0.0,0.0,0.0,0.0,0.0,0.0,0.0,0.0,0.0,0.0,0.0,4.0,0.0,0.0,3.0,0.0, 'umiarkowany'
FF3586,0,0,0,0,0,3,2,2,5,1,0,0,0,0,0,3,3,2,1,3,0,0,0,0,0,2,5,0,4,5,0.0,0.0,2.0,0.0,2.0,0.0,3.0,1.0,1.0,0.0,0.0,0.0,0.0,3.0,2.0,0.0,2.0,3.0,2.0,3.0,2.0,2.0,3.0,2.0,2.0,0.0,0.0,3.0,3.0,0.0,1.0,1.0,1.0,1.0,1.0,1.0,2.0,1.0,3.0,3.0,1.0,1.0,1.0,1.0,1.0,2.0,2.0,2.0,2.0,2.0,1.0,2.0,2.0,2.0,3.0,2.0,3.0,2.0,2.0,2.0,0.0,0.0,0.0,0.0,1.0,0.0,0.0,2.0,0.0,1.0,0.0,0.0,0.0,0.0,0.0,0.0,0.0,1.0,1.0,3.0,0.0,0.0,0.0,0.0,1.0,0.0,1.0,1.0,1.0,1.0,1.0,1.0,1.0,1.0,1.0,0.0,0.0,0.0,0.0,0.0,1.0,1.0,1.0,1.0,1.0,0.0,0.0,0.0,0.0,0.0,1.0,1.0,1.0,1.0,1.0,3.0,0.0,0.0,0.0,0.0, 'umiarkowany'
FF3595,0,0,0,0,0,3,4,2,5,1,0,0,0,0,0,4,2,2,4,4,0,0,0,0,0,2,5,5,4,4,0.0,0.0,1.0,0.0,1.0,0.0,2.0,1.0,1.0,0.0,0.0,0.0,0.0,3.0,1.0,0.0,2.0,2.0,2.0,5.0,1.0,1.0,1.0,1.0,1.0,0.0,0.0,3.0,3.0,0.0,0.0,0.0,0.0,1.0,1.0,1.0,4.0,2.0,4.0,5.0,1.0,1.0,1.0,1.0,1.0,2.0,2.0,4.0,3.0,3.0,0.0,1.0,1.0,1.0,2.0,5.0,4.0,5.0,3.0,4.0,0.0,0.0,0.0,0.0,3.0,0.0,0.0,2.0,0.0,1.0,0.0,0.0,0.0,0.0,0.0,0.0,0.0,1.0,2.0,1.0,0.0,0.0,0.0,0.0,1.0,0.0,2.0,1.0,1.0,1.0,0.0,0.0,0.0,0.0,0.0,0.0,0.0,0.0,0.0,0.0,0.0,0.0,0.0,0.0,0.0,0.0,0.0,0.0,0.0,0.0,0.0,0.0,0.0,0.0,0.0,4.0,0.0,0.0,2.0,0.0, 'umiarkowany'
FF3596,0,0,0,0,0,4,3,1,4,0,0,0,0,0,0,0,4,2,0,0,0,0,0,0,0,1,4,0,5,5,0.0,0.0,1.0,0.0,1.0,0.0,2.0,1.0,1.0,0.0,0.0,0.0,0.0,3.0,1.0,0.0,1.0,2.0,2.0,2.0,1.0,1.0,1.0,1.0,1.0,0.0,0.0,1.0,3.0,0.0,0.0,0.0,0.0,0.0,1.0,1.0,2.0,0.0,2.0,2.0,0.0,0.0,1.0,0.0,0.0,1.0,1.0,1.0,4.0,3.0,0.0,1.0,2.0,1.0,3.0,2.0,3.0,2.0,2.0,4.0,0.0,0.0,0.0,0.0,0.0,0.0,0.0,2.0,0.0,1.0,0.0,0.0,0.0,0.0,0.0,0.0,0.0,1.0,1.0,1.0,0.0,0.0,0.0,0.0,1.0,0.0,1.0,0.0,0.0,1.0,0.0,0.0,0.0,0.0,0.0,0.0,0.0,0.0,0.0,0.0,0.0,0.0,0.0,0.0,0.0,0.0,0.0,0.0,0.0,0.0,0.0,0.0,0.0,0.0,0.0,4.0,0.0,0.0,0.0,0.0, 'zly'
FF4505,0,0,0,0,0,3,3,2,5,1,0,0,0,0,0,1,3,2,3,2,0,0,0,0,0,1,5,0,4,5,0.0,0.0,1.0,0.0,1.0,0.0,2.0,1.0,1.0,0.0,0.0,0.0,0.0,3.0,1.0,0.0,2.0,2.0,2.0,3.0,1.0,1.0,1.0,1.0,1.0,0.0,0.0,3.0,3.0,0.0,0.0,0.0,0.0,0.0,1.0,1.0,3.0,1.0,4.0,3.0,0.0,0.0,1.0,0.0,0.0,2.0,2.0,4.0,4.0,3.0,0.0,0.0,2.0,0.0,0.0,4.0,4.0,4.0,3.0,4.0,0.0,0.0,0.0,0.0,1.0,0.0,0.0,2.0,0.0,1.0,0.0,0.0,0.0,0.0,0.0,0.0,0.0,1.0,2.0,1.0,0.0,0.0,0.0,0.0,1.0,0.0,2.0,1.0,1.0,1.0,0.0,0.0,0.0,0.0,0.0,0.0,0.0,0.0,0.0,0.0,0.0,0.0,0.0,0.0,0.0,0.0,0.0,0.0,0.0,0.0,0.0,0.0,0.0,0.0,0.0,3.0,0.0,0.0,0.0,0.0, 'slaby'
FF4506,0,0,0,0,0,3,1,1,5,5,0,0,0,0,0,2,3,2,3,3,0,0,0,0,0,1,5,1,5,5,0.0,0.0,1.0,0.0,1.0,0.0,2.0,1.0,1.0,0.0,0.0,0.0,0.0,3.0,1.0,0.0,2.0,2.0,2.0,3.0,1.0,1.0,1.0,1.0,1.0,0.0,0.0,3.0,3.0,0.0,0.0,0.0,0.0,0.0,1.0,1.0,4.0,1.0,3.0,5.0,0.0,0.0,1.0,0.0,0.0,2.0,3.0,3.0,4.0,3.0,0.0,0.0,2.0,0.0,0.0,5.0,4.0,5.0,3.0,3.0,0.0,0.0,0.0,0.0,0.0,1.0,1.0,2.0,1.0,1.0,0.0,0.0,0.0,0.0,0.0,1.0,1.0,1.0,2.0,1.0,0.0,3.0,0.0,0.0,1.0,1.0,3.0,2.0,1.0,3.0,0.0,0.0,0.0,0.0,0.0,0.0,0.0,0.0,0.0,0.0,0.0,0.0,0.0,0.0,0.0,0.0,0.0,0.0,0.0,0.0,0.0,0.0,0.0,0.0,0.0,3.0,0.0,0.0,0.0,0.0, 'umiarkowany'
FF4516,0,0,0,0,0,3,2,2,5,1,0,0,0,0,0,3,3,2,4,3,0,0,0,0,0,1,5,0,5,5,0.0,0.0,1.0,0.0,2.0,0.0,2.0,1.0,1.0,0.0,0.0,0.0,0.0,3.0,2.0,0.0,2.0,2.0,2.0,3.0,2.0,2.0,2.0,2.0,2.0,0.0,0.0,3.0,3.0,0.0,1.0,1.0,0.0,0.0,1.0,1.0,2.0,1.0,4.0,5.0,1.0,0.0,2.0,0.0,0.0,1.0,2.0,4.0,4.0,3.0,1.0,1.0,2.0,1.0,1.0,4.0,4.0,4.0,3.0,4.0,0.0,0.0,0.0,0.0,1.0,0.0,0.0,2.0,0.0,2.0,0.0,0.0,0.0,0.0,0.0,0.0,0.0,2.0,2.0,3.0,0.0,0.0,0.0,0.0,1.0,0.0,2.0,1.0,1.0,1.0,0.0,0.0,0.0,0.0,0.0,0.0,0.0,0.0,0.0,0.0,0.0,0.0,0.0,0.0,0.0,0.0,0.0,0.0,0.0,0.0,0.0,0.0,0.0,0.0,0.0,4.0,0.0,0.0,3.0,0.0, 'umiarkowany'
FF4526,0,0,0,0,0,3,1,1,3,1,0,0,0,0,0,1,3,3,2,2,0,0,0,0,0,3,3,0,5,5,0.0,0.0,1.0,0.0,1.0,0.0,2.0,1.0,1.0,0.0,0.0,0.0,0.0,3.0,1.0,0.0,2.0,2.0,2.0,3.0,1.0,1.0,1.0,1.0,1.0,0.0,0.0,3.0,5.0,0.0,0.0,0.0,0.0,0.0,1.0,1.0,3.0,1.0,4.0,5.0,0.0,0.0,1.0,0.0,0.0,3.0,2.0,4.0,4.0,4.0,0.0,0.0,2.0,0.0,0.0,4.0,3.0,4.0,3.0,3.0,0.0,0.0,0.0,0.0,0.0,0.0,0.0,2.0,0.0,4.0,0.0,0.0,0.0,0.0,0.0,0.0,0.0,4.0,4.0,1.0,0.0,0.0,0.0,0.0,1.0,0.0,4.0,0.0,3.0,3.0,0.0,0.0,0.0,0.0,0.0,0.0,0.0,0.0,2.0,0.0,0.0,0.0,0.0,0.0,0.0,0.0,0.0,0.0,0.0,0.0,0.0,0.0,0.0,0.0,0.0,4.0,0.0,0.0,3.0,0.0, 'umiarkowany'
FF4536,0,0,0,0,0,4,2,1,5,1,0,0,0,0,0,1,4,2,1,1,0,0,0,0,0,1,5,0,5,5,0.0,0.0,1.0,0.0,1.0,0.0,2.0,1.0,1.0,0.0,0.0,0.0,0.0,3.0,1.0,0.0,1.0,2.0,2.0,2.0,1.0,1.0,1.0,1.0,1.0,0.0,0.0,1.0,3.0,0.0,0.0,0.0,0.0,0.0,1.0,1.0,3.0,1.0,4.0,4.0,0.0,0.0,1.0,0.0,0.0,2.0,2.0,3.0,4.0,4.0,0.0,0.0,2.0,0.0,0.0,3.0,3.0,3.0,4.0,4.0,0.0,0.0,0.0,0.0,0.0,0.0,0.0,2.0,0.0,1.0,0.0,0.0,0.0,0.0,0.0,0.0,0.0,1.0,1.0,1.0,0.0,0.0,0.0,0.0,1.0,0.0,1.0,1.0,1.0,1.0,0.0,0.0,0.0,0.0,0.0,0.0,0.0,0.0,0.0,0.0,0.0,0.0,0.0,0.0,0.0,0.0,0.0,0.0,0.0,0.0,0.0,0.0,0.0,0.0,0.0,4.0,0.0,0.0,2.0,0.0, 'slaby'
FF4546,0,0,0,0,0,4,4,2,5,1,0,0,0,0,0,1,4,2,1,1,0,0,0,0,0,4,5,0,5,4,0.0,0.0,1.0,0.0,2.0,0.0,2.0,1.0,1.0,0.0,0.0,0.0,0.0,1.0,2.0,0.0,1.0,2.0,2.0,2.0,2.0,2.0,3.0,2.0,2.0,0.0,0.0,1.0,3.0,0.0,1.0,1.0,1.0,1.0,1.0,1.0,2.0,0.0,3.0,3.0,1.0,1.0,2.0,1.0,1.0,3.0,3.0,4.0,4.0,3.0,1.0,1.0,4.0,2.0,1.0,4.0,3.0,3.0,2.0,4.0,0.0,0.0,1.0,0.0,0.0,0.0,0.0,2.0,0.0,2.0,1.0,0.0,0.0,1.0,1.0,0.0,0.0,2.0,2.0,4.0,0.0,0.0,0.0,0.0,1.0,0.0,2.0,1.0,1.0,1.0,1.0,1.0,1.0,1.0,1.0,0.0,0.0,0.0,0.0,0.0,0.0,0.0,0.0,0.0,0.0,0.0,3.0,0.0,0.0,0.0,0.0,0.0,0.0,0.0,0.0,4.0,0.0,0.0,3.0,0.0, 'dobry'
FF4556,0,0,0,0,0,4,4,2,4,1,0,0,0,0,0,1,4,2,1,1,0,0,0,0,0,3,4,0,4,4,0.0,0.0,2.0,0.0,2.0,0.0,2.0,1.0,1.0,0.0,0.0,0.0,0.0,1.0,2.0,0.0,1.0,2.0,2.0,2.0,2.0,2.0,3.0,2.0,2.0,0.0,0.0,1.0,3.0,0.0,1.0,1.0,1.0,1.0,1.0,1.0,1.0,1.0,3.0,3.0,1.0,1.0,1.0,1.0,1.0,2.0,1.0,3.0,4.0,2.0,1.0,1.0,4.0,3.0,3.0,2.0,2.0,2.0,2.0,3.0,0.0,2.0,1.0,0.0,0.0,0.0,0.0,2.0,0.0,1.0,1.0,0.0,0.0,1.0,1.0,0.0,0.0,1.0,2.0,4.0,0.0,0.0,0.0,0.0,1.0,0.0,2.0,0.0,1.0,1.0,1.0,1.0,1.0,1.0,1.0,0.0,0.0,0.0,0.0,0.0,1.0,1.0,1.0,1.0,1.0,0.0,0.0,0.0,0.0,0.0,1.0,1.0,1.0,1.0,1.0,5.0,0.0,0.0,3.0,0.0, 'dobry'
FF3677,4,5,1,3,0,0,0,0,0,0,0,4,2,0,0,0,0,0,0,0,5,4,3,2,4,0,0,0,0,0,0.0,0.0,2.0,0.0,3.0,0.0,2.0,1.0,1.0,0.0,0.0,0.0,0.0,2.0,2.0,0.0,1.0,2.0,2.0,2.0,2.0,2.0,5.0,2.0,2.0,0.0,0.0,1.0,3.0,0.0,2.0,1.0,1.0,1.0,1.0,0.0,1.0,0.0,1.0,1.0,1.0,1.0,1.0,1.0,3.0,1.0,1.0,2.0,2.0,1.0,2.0,4.0,2.0,4.0,4.0,1.0,1.0,1.0,1.0,2.0,1.0,4.0,3.0,3.0,0.0,0.0,0.0,1.0,0.0,1.0,1.0,4.0,2.0,1.0,1.0,0.0,0.0,1.0,1.0,1.0,1.0,1.0,1.0,1.0,2.0,0.0,1.0,0.0,0.0,1.0,1.0,1.0,1.0,1.0,1.0,0.0,0.0,0.0,0.0,0.0,1.0,1.0,1.0,1.0,1.0,0.0,0.0,0.0,0.0,0.0,1.0,1.0,1.0,1.0,1.0,0.0,0.0,0.0,0.0,0.0, 'slaby'
FF3687,0,0,0,0,0,4,5,1,3,0,0,0,0,0,0,0,4,2,0,0,0,0,0,0,0,4,3,0,4,4,0.0,0.0,2.0,0.0,3.0,0.0,3.0,1.0,1.0,0.0,0.0,0.0,0.0,2.0,2.0,0.0,1.0,3.0,2.0,2.0,2.0,2.0,3.0,2.0,2.0,0.0,0.0,1.0,3.0,0.0,1.0,1.0,1.0,1.0,1.0,1.0,2.0,1.0,2.0,2.0,1.0,1.0,1.0,1.0,1.0,1.0,1.0,3.0,3.0,2.0,2.0,3.0,4.0,2.0,3.0,2.0,2.0,2.0,1.0,3.0,0.0,0.0,1.0,0.0,0.0,0.0,0.0,4.0,0.0,1.0,1.0,0.0,0.0,1.0,1.0,0.0,0.0,1.0,2.0,3.0,0.0,0.0,0.0,0.0,1.0,0.0,2.0,0.0,1.0,1.0,1.0,1.0,1.0,1.0,1.0,0.0,0.0,0.0,0.0,0.0,1.0,1.0,1.0,1.0,1.0,0.0,0.0,0.0,0.0,0.0,1.0,4.0,1.0,1.0,1.0,5.0,0.0,0.0,3.0,0.0, 'umiarkowany'
FF3697,0,0,0,0,0,4,4,1,5,1,0,0,0,0,0,4,4,2,2,3,0,0,0,0,0,5,5,0,4,5,0.0,0.0,1.0,0.0,3.0,0.0,2.0,1.0,1.0,0.0,0.0,0.0,0.0,3.0,2.0,0.0,1.0,2.0,2.0,2.0,2.0,2.0,3.0,2.0,2.0,0.0,0.0,1.0,3.0,0.0,1.0,1.0,1.0,2.0,1.0,1.0,2.0,1.0,2.0,2.0,1.0,1.0,1.0,1.0,1.0,3.0,3.0,3.0,4.0,3.0,2.0,2.0,4.0,2.0,2.0,4.0,3.0,4.0,2.0,3.0,0.0,0.0,1.0,0.0,0.0,0.0,0.0,4.0,0.0,1.0,1.0,0.0,0.0,1.0,1.0,0.0,0.0,1.0,2.0,3.0,0.0,3.0,0.0,0.0,1.0,0.0,3.0,1.0,1.0,3.0,1.0,1.0,1.0,1.0,1.0,0.0,0.0,0.0,0.0,0.0,1.0,1.0,1.0,1.0,1.0,0.0,0.0,0.0,0.0,0.0,1.0,4.0,1.0,1.0,1.0,5.0,0.0,0.0,3.0,0.0, 'dobry'
FF4607,0,0,0,0,0,2,2,2,5,1,0,0,0,0,0,4,2,3,4,4,0,0,0,0,0,3,5,1,5,5,0.0,0.0,1.0,0.0,3.0,0.0,2.0,1.0,1.0,0.0,0.0,0.0,0.0,3.0,2.0,0.0,2.0,2.0,2.0,3.0,2.0,2.0,2.0,2.0,3.0,0.0,0.0,3.0,3.0,0.0,1.0,1.0,1.0,0.0,1.0,1.0,3.0,0.0,4.0,4.0,1.0,0.0,1.0,0.0,0.0,4.0,2.0,4.0,3.0,4.0,1.0,1.0,1.0,1.0,1.0,4.0,3.0,4.0,4.0,3.0,0.0,0.0,0.0,0.0,0.0,1.0,1.0,2.0,0.0,1.0,0.0,0.0,0.0,0.0,0.0,0.0,1.0,1.0,2.0,1.0,0.0,3.0,0.0,0.0,1.0,1.0,3.0,1.0,1.0,3.0,1.0,1.0,1.0,1.0,1.0,0.0,0.0,0.0,0.0,0.0,1.0,1.0,1.0,1.0,1.0,0.0,0.0,0.0,0.0,0.0,1.0,4.0,1.0,1.0,1.0,4.0,0.0,0.0,3.0,0.0, 'dobry'
FF4617,0,0,0,0,0,2,2,2,5,1,0,0,0,0,0,3,2,2,4,4,0,0,0,0,0,3,5,1,5,5,0.0,0.0,1.0,0.0,1.0,0.0,2.0,1.0,1.0,0.0,0.0,0.0,0.0,1.0,1.0,0.0,2.0,2.0,2.0,3.0,1.0,1.0,1.0,1.0,1.0,0.0,0.0,3.0,3.0,0.0,1.0,1.0,0.0,0.0,1.0,1.0,3.0,0.0,3.0,3.0,0.0,0.0,1.0,0.0,0.0,2.0,2.0,4.0,4.0,4.0,0.0,1.0,2.0,0.0,0.0,4.0,3.0,4.0,4.0,3.0,0.0,0.0,0.0,0.0,0.0,1.0,1.0,4.0,1.0,1.0,0.0,0.0,0.0,0.0,0.0,1.0,1.0,1.0,2.0,1.0,0.0,0.0,0.0,0.0,1.0,1.0,4.0,2.0,1.0,3.0,0.0,0.0,0.0,0.0,0.0,0.0,0.0,0.0,0.0,0.0,0.0,0.0,0.0,0.0,0.0,0.0,0.0,0.0,0.0,0.0,0.0,3.0,0.0,0.0,0.0,4.0,0.0,0.0,3.0,0.0, 'umiarkowany'
FF4627,0,0,0,0,0,2,3,3,5,1,0,0,0,0,0,2,2,2,3,3,0,0,0,0,0,3,5,0,4,5,0.0,0.0,1.0,0.0,1.0,0.0,2.0,1.0,1.0,0.0,0.0,0.0,0.0,1.0,1.0,0.0,2.0,2.0,2.0,3.0,1.0,1.0,1.0,1.0,1.0,0.0,0.0,3.0,3.0,0.0,1.0,1.0,0.0,0.0,1.0,1.0,3.0,0.0,4.0,4.0,0.0,0.0,1.0,0.0,0.0,2.0,2.0,4.0,4.0,4.0,1.0,1.0,2.0,1.0,1.0,4.0,3.0,4.0,4.0,3.0,0.0,0.0,0.0,0.0,0.0,0.0,0.0,2.0,0.0,1.0,0.0,0.0,0.0,0.0,0.0,0.0,0.0,1.0,2.0,1.0,0.0,0.0,0.0,0.0,1.0,0.0,4.0,1.0,1.0,3.0,0.0,0.0,0.0,0.0,0.0,0.0,0.0,0.0,0.0,0.0,0.0,0.0,0.0,0.0,0.0,0.0,0.0,0.0,0.0,0.0,0.0,0.0,0.0,0.0,0.0,0.0,0.0,0.0,0.0,0.0, 'slaby'
FF4637,3,5,2,3,1,0,0,0,0,0,3,3,2,2,2,0,0,0,0,0,2,5,1,5,4,0,0,0,0,0,0.0,0.0,2.0,0.0,2.0,0.0,2.0,1.0,1.0,0.0,0.0,0.0,0.0,3.0,2.0,0.0,2.0,2.0,2.0,3.0,2.0,2.0,3.0,3.0,2.0,0.0,0.0,3.0,3.0,0.0,1.0,1.0,1.0,1.0,1.0,1.0,3.0,0.0,2.0,2.0,2.0,1.0,1.0,1.0,1.0,4.0,3.0,2.0,2.0,3.0,2.0,3.0,3.0,3.0,3.0,3.0,4.0,3.0,3.0,2.0,1.0,2.0,1.0,1.0,3.0,0.0,0.0,2.0,0.0,1.0,1.0,1.0,1.0,1.0,1.0,0.0,0.0,1.0,2.0,3.0,1.0,1.0,1.0,1.0,2.0,0.0,2.0,0.0,1.0,1.0,1.0,1.0,1.0,1.0,1.0,0.0,0.0,0.0,0.0,0.0,1.0,1.0,1.0,1.0,1.0,0.0,0.0,0.0,0.0,0.0,1.0,1.0,1.0,1.0,1.0,0.0,0.0,0.0,0.0,0.0, 'umiarkowany'
FF4647,4,5,3,4,1,0,0,0,0,0,2,4,2,1,1,0,0,0,0,0,4,5,1,5,4,0,0,0,0,0,0.0,0.0,2.0,0.0,3.0,0.0,2.0,1.0,1.0,0.0,0.0,0.0,0.0,3.0,2.0,0.0,2.0,2.0,2.0,3.0,2.0,2.0,3.0,2.0,2.0,0.0,0.0,3.0,3.0,0.0,2.0,1.0,1.0,1.0,1.0,0.0,2.0,1.0,2.0,2.0,2.0,1.0,1.0,1.0,1.0,1.0,1.0,2.0,2.0,2.0,2.0,3.0,2.0,4.0,4.0,2.0,2.0,2.0,2.0,2.0,1.0,2.0,1.0,1.0,4.0,0.0,0.0,1.0,0.0,1.0,1.0,1.0,2.0,1.0,1.0,0.0,0.0,1.0,1.0,2.0,1.0,1.0,1.0,1.0,2.0,0.0,1.0,0.0,0.0,1.0,1.0,1.0,1.0,1.0,1.0,0.0,0.0,0.0,0.0,0.0,1.0,1.0,1.0,1.0,1.0,0.0,0.0,0.0,0.0,0.0,1.0,1.0,1.0,1.0,1.0,0.0,0.0,0.0,0.0,0.0, 'umiarkowany'
FF4657,0,0,0,0,0,4,5,2,5,1,0,0,0,0,0,0,4,2,0,0,0,0,0,0,0,3,5,0,5,4,0.0,0.0,2.0,0.0,3.0,0.0,2.0,1.0,1.0,0.0,0.0,0.0,0.0,2.0,2.0,0.0,1.0,2.0,2.0,2.0,2.0,2.0,3.0,2.0,2.0,0.0,0.0,1.0,3.0,0.0,1.0,1.0,1.0,1.0,1.0,1.0,2.0,1.0,3.0,3.0,1.0,1.0,1.0,1.0,1.0,1.0,1.0,4.0,3.0,3.0,1.0,2.0,4.0,2.0,1.0,3.0,2.0,3.0,4.0,3.0,0.0,0.0,1.0,0.0,1.0,0.0,0.0,2.0,0.0,1.0,1.0,0.0,0.0,1.0,1.0,0.0,0.0,1.0,2.0,3.0,0.0,0.0,0.0,0.0,1.0,0.0,2.0,1.0,1.0,1.0,1.0,1.0,1.0,1.0,1.0,0.0,0.0,0.0,0.0,0.0,1.0,1.0,1.0,1.0,1.0,0.0,0.0,0.0,0.0,0.0,1.0,4.0,1.0,1.0,1.0,4.0,0.0,0.0,3.0,0.0, 'dobry'
FF4667,0,0,0,0,0,2,5,2,5,1,0,0,0,0,0,2,2,2,3,3,0,0,0,0,0,1,5,0,4,4,0.0,0.0,1.0,0.0,1.0,0.0,2.0,1.0,1.0,0.0,0.0,0.0,0.0,2.0,1.0,0.0,2.0,2.0,2.0,3.0,1.0,1.0,1.0,1.0,1.0,0.0,0.0,3.0,3.0,0.0,1.0,1.0,0.0,1.0,1.0,1.0,3.0,1.0,2.0,3.0,1.0,0.0,1.0,0.0,0.0,2.0,1.0,3.0,3.0,4.0,1.0,1.0,2.0,1.0,1.0,4.0,3.0,4.0,4.0,3.0,0.0,0.0,0.0,0.0,1.0,0.0,0.0,2.0,0.0,2.0,0.0,0.0,0.0,0.0,0.0,0.0,0.0,2.0,2.0,1.0,0.0,0.0,0.0,0.0,1.0,0.0,2.0,1.0,1.0,1.0,0.0,0.0,0.0,0.0,0.0,0.0,0.0,0.0,0.0,0.0,0.0,0.0,0.0,0.0,0.0,0.0,0.0,0.0,0.0,0.0,0.0,0.0,0.0,0.0,0.0,0.0,0.0,0.0,0.0,0.0, 'slaby'
FF4677,0,0,0,0,0,2,5,2,5,1,0,0,0,0,0,2,3,2,2,2,0,0,0,0,0,1,5,0,3,4,0.0,0.0,1.0,0.0,1.0,0.0,2.0,1.0,1.0,0.0,0.0,0.0,0.0,2.0,1.0,0.0,2.0,2.0,2.0,3.0,1.0,1.0,1.0,1.0,1.0,0.0,0.0,3.0,3.0,0.0,0.0,0.0,0.0,0.0,1.0,2.0,3.0,1.0,4.0,4.0,1.0,0.0,1.0,0.0,0.0,1.0,1.0,3.0,4.0,3.0,0.0,1.0,2.0,0.0,0.0,4.0,3.0,4.0,3.0,4.0,0.0,0.0,0.0,0.0,0.0,0.0,0.0,2.0,0.0,1.0,0.0,0.0,0.0,0.0,0.0,0.0,0.0,1.0,1.0,1.0,0.0,0.0,0.0,0.0,1.0,0.0,1.0,1.0,1.0,1.0,0.0,0.0,0.0,0.0,0.0,0.0,0.0,0.0,0.0,0.0,0.0,0.0,0.0,0.0,0.0,0.0,0.0,0.0,0.0,0.0,0.0,0.0,0.0,0.0,0.0,0.0,0.0,0.0,0.0,0.0, 'slaby'
FF3676,0,0,0,0,0,4,5,1,4,0,0,0,0,0,0,3,4,2,0,0,0,0,0,0,0,4,4,0,3,4,0.0,0.0,2.0,0.0,2.0,0.0,2.0,1.0,1.0,0.0,0.0,0.0,0.0,2.0,2.0,0.0,1.0,2.0,2.0,2.0,2.0,2.0,5.0,2.0,2.0,0.0,0.0,1.0,3.0,0.0,2.0,1.0,1.0,2.0,1.0,1.0,1.0,0.0,2.0,2.0,1.0,2.0,1.0,3.0,3.0,1.0,1.0,2.0,3.0,2.0,2.0,3.0,4.0,3.0,2.0,2.0,2.0,2.0,1.0,3.0,1.0,3.0,2.0,1.0,0.0,0.0,0.0,2.0,0.0,1.0,1.0,1.0,2.0,1.0,1.0,0.0,0.0,1.0,2.0,4.0,1.0,1.0,1.0,1.0,2.0,0.0,2.0,0.0,1.0,1.0,1.0,1.0,1.0,1.0,1.0,0.0,0.0,0.0,0.0,0.0,1.0,1.0,1.0,1.0,1.0,0.0,0.0,0.0,0.0,0.0,1.0,1.0,1.0,1.0,1.0,4.0,0.0,0.0,3.0,0.0, 'dobry'
FF3686,0,0,0,0,0,4,5,1,5,1,0,0,0,0,0,1,4,2,2,2,0,0,0,0,0,1,5,0,2,5,0.0,0.0,1.0,0.0,1.0,0.0,3.0,1.0,1.0,0.0,0.0,0.0,0.0,1.0,1.0,0.0,1.0,3.0,2.0,2.0,1.0,1.0,1.0,1.0,1.0,0.0,0.0,1.0,3.0,0.0,1.0,1.0,0.0,0.0,1.0,1.0,2.0,0.0,2.0,2.0,0.0,0.0,1.0,0.0,0.0,2.0,2.0,3.0,5.0,3.0,1.0,1.0,3.0,1.0,1.0,4.0,3.0,4.0,2.0,4.0,0.0,0.0,0.0,0.0,0.0,0.0,0.0,2.0,0.0,1.0,0.0,0.0,0.0,0.0,0.0,0.0,0.0,1.0,2.0,1.0,0.0,3.0,0.0,0.0,1.0,0.0,3.0,1.0,1.0,3.0,0.0,0.0,0.0,0.0,0.0,0.0,0.0,0.0,0.0,0.0,0.0,0.0,0.0,0.0,0.0,0.0,0.0,0.0,0.0,0.0,0.0,0.0,0.0,0.0,0.0,4.0,0.0,0.0,3.0,0.0, 'slaby'
FF3696,0,0,0,0,0,2,4,2,5,1,0,0,0,0,0,4,1,2,3,4,0,0,0,0,0,2,5,1,2,5,0.0,0.0,1.0,0.0,1.0,0.0,2.0,1.0,1.0,0.0,0.0,0.0,0.0,1.0,1.0,0.0,2.0,2.0,2.0,3.0,1.0,1.0,1.0,1.0,1.0,0.0,0.0,3.0,3.0,0.0,1.0,1.0,0.0,0.0,1.0,1.0,2.0,1.0,3.0,3.0,0.0,0.0,1.0,0.0,0.0,2.0,2.0,4.0,5.0,3.0,1.0,1.0,2.0,0.0,0.0,4.0,3.0,4.0,3.0,3.0,0.0,0.0,0.0,0.0,0.0,1.0,1.0,4.0,0.0,1.0,0.0,0.0,0.0,0.0,0.0,0.0,1.0,1.0,2.0,1.0,0.0,3.0,0.0,0.0,1.0,1.0,3.0,1.0,1.0,3.0,0.0,0.0,0.0,0.0,0.0,0.0,0.0,0.0,0.0,0.0,0.0,0.0,0.0,0.0,0.0,0.0,0.0,0.0,0.0,0.0,0.0,0.0,0.0,0.0,0.0,0.0,0.0,0.0,0.0,0.0, 'umiarkowany'
FF4606,0,0,0,0,0,2,2,2,5,1,0,0,0,0,0,2,2,2,3,4,0,0,0,0,0,3,5,1,4,5,0.0,0.0,2.0,0.0,3.0,0.0,2.0,1.0,1.0,0.0,0.0,0.0,0.0,3.0,2.0,0.0,2.0,2.0,2.0,3.0,2.0,2.0,3.0,2.0,2.0,0.0,0.0,3.0,3.0,0.0,1.0,1.0,1.0,1.0,1.0,1.0,2.0,2.0,3.0,3.0,1.0,1.0,1.0,1.0,1.0,2.0,1.0,3.0,2.0,3.0,1.0,1.0,3.0,2.0,3.0,3.0,3.0,3.0,3.0,2.0,0.0,0.0,1.0,0.0,1.0,1.0,1.0,2.0,0.0,1.0,1.0,0.0,2.0,1.0,1.0,0.0,1.0,1.0,2.0,1.0,0.0,0.0,0.0,0.0,1.0,1.0,2.0,1.0,1.0,1.0,1.0,1.0,1.0,1.0,1.0,0.0,0.0,0.0,0.0,0.0,1.0,1.0,1.0,1.0,1.0,0.0,0.0,0.0,0.0,0.0,1.0,1.0,1.0,1.0,1.0,0.0,0.0,0.0,0.0,0.0, 'dobry'
FF4616,4,2,1,5,1,0,0,0,0,0,4,4,2,4,4,0,0,0,0,0,2,5,1,5,5,0,0,0,0,0,0.0,0.0,2.0,0.0,3.0,0.0,2.0,1.0,1.0,0.0,0.0,0.0,0.0,3.0,2.0,0.0,2.0,2.0,2.0,3.0,2.0,2.0,3.0,2.0,2.0,0.0,0.0,3.0,3.0,0.0,2.0,1.0,2.0,2.0,2.0,1.0,4.0,1.0,3.0,3.0,2.0,1.0,2.0,1.0,1.0,5.0,4.0,3.0,3.0,3.0,2.0,4.0,4.0,3.0,3.0,4.0,4.0,4.0,3.0,2.0,1.0,2.0,1.0,1.0,0.0,0.0,0.0,2.0,1.0,1.0,1.0,1.0,2.0,1.0,1.0,1.0,0.0,1.0,2.0,3.0,1.0,1.0,1.0,1.0,2.0,0.0,2.0,1.0,1.0,1.0,1.0,1.0,1.0,1.0,1.0,0.0,0.0,0.0,0.0,2.0,1.0,1.0,1.0,1.0,1.0,0.0,0.0,0.0,0.0,0.0,1.0,3.0,1.0,1.0,1.0,3.0,0.0,0.0,0.0,0.0, 'bardzo dobry'
FF4626,0,0,0,0,0,4,4,2,4,0,0,0,0,0,0,0,4,2,0,0,0,0,0,0,0,5,5,0,5,5,0.0,0.0,2.0,0.0,3.0,0.0,2.0,1.0,1.0,0.0,0.0,0.0,0.0,3.0,2.0,0.0,1.0,2.0,2.0,2.0,2.0,2.0,3.0,2.0,2.0,0.0,0.0,1.0,3.0,0.0,2.0,1.0,1.0,2.0,2.0,1.0,3.0,1.0,2.0,2.0,1.0,1.0,2.0,1.0,1.0,2.0,1.0,4.0,3.0,2.0,2.0,2.0,4.0,2.0,3.0,4.0,4.0,4.0,2.0,3.0,0.0,0.0,1.0,0.0,1.0,0.0,0.0,2.0,0.0,1.0,1.0,0.0,2.0,1.0,1.0,0.0,0.0,1.0,2.0,3.0,0.0,3.0,0.0,0.0,1.0,0.0,3.0,0.0,1.0,3.0,1.0,1.0,1.0,1.0,1.0,0.0,0.0,0.0,0.0,0.0,1.0,1.0,1.0,1.0,1.0,0.0,0.0,0.0,0.0,0.0,1.0,4.0,1.0,1.0,1.0,4.0,0.0,0.0,3.0,0.0, 'dobry'
FF4636,4,4,2,5,1,0,0,0,0,0,1,4,2,2,2,0,0,0,0,0,4,5,4,5,5,0,0,0,0,0,0.0,0.0,2.0,0.0,3.0,0.0,2.0,1.0,1.0,0.0,0.0,0.0,0.0,4.0,2.0,0.0,1.0,2.0,2.0,2.0,3.0,3.0,3.0,3.0,2.0,0.0,0.0,1.0,3.0,0.0,2.0,2.0,1.0,2.0,2.0,0.0,2.0,0.0,2.0,2.0,1.0,1.0,1.0,1.0,1.0,3.0,3.0,1.0,2.0,1.0,2.0,4.0,3.0,4.0,4.0,3.0,2.0,3.0,1.0,2.0,1.0,4.0,4.0,4.0,0.0,0.0,0.0,1.0,0.0,1.0,2.0,4.0,1.0,1.0,2.0,0.0,0.0,1.0,1.0,1.0,2.0,2.0,2.0,2.0,2.0,0.0,1.0,1.0,1.0,1.0,1.0,1.0,1.0,1.0,1.0,0.0,0.0,0.0,0.0,0.0,1.0,1.0,1.0,1.0,1.0,0.0,0.0,0.0,0.0,0.0,1.0,1.0,1.0,1.0,1.0,3.0,0.0,0.0,0.0,0.0, 'dobry'
FF4646,3,3,1,5,0,0,0,0,0,0,0,3,2,0,0,0,0,0,0,0,2,5,1,3,5,0,0,0,0,0,0.0,0.0,2.0,0.0,2.0,0.0,2.0,1.0,1.0,0.0,0.0,0.0,0.0,3.0,2.0,0.0,1.0,2.0,2.0,2.0,2.0,2.0,5.0,2.0,2.0,0.0,0.0,1.0,3.0,0.0,1.0,1.0,1.0,1.0,1.0,1.0,1.0,1.0,3.0,3.0,1.0,1.0,1.0,1.0,1.0,2.0,1.0,3.0,3.0,3.0,1.0,2.0,3.0,3.0,3.0,2.0,1.0,2.0,3.0,3.0,1.0,2.0,1.0,1.0,0.0,0.0,0.0,2.0,0.0,1.0,1.0,1.0,1.0,1.0,1.0,0.0,0.0,1.0,1.0,3.0,1.0,2.0,1.0,1.0,2.0,0.0,1.0,1.0,1.0,1.0,1.0,1.0,1.0,1.0,1.0,0.0,0.0,0.0,0.0,0.0,1.0,1.0,1.0,1.0,1.0,0.0,0.0,0.0,0.0,0.0,1.0,1.0,1.0,1.0,1.0,3.0,0.0,0.0,3.0,0.0, 'slaby'
FF4656,0,0,0,0,0,4,3,2,5,1,0,0,0,0,0,2,4,2,1,1,0,0,0,0,0,4,5,0,3,4,0.0,0.0,1.0,0.0,2.0,0.0,2.0,1.0,1.0,0.0,0.0,0.0,0.0,2.0,2.0,0.0,1.0,2.0,2.0,2.0,2.0,2.0,3.0,2.0,2.0,0.0,0.0,1.0,3.0,0.0,1.0,1.0,1.0,1.0,1.0,1.0,2.0,1.0,3.0,3.0,1.0,1.0,1.0,1.0,1.0,2.0,1.0,5.0,4.0,4.0,1.0,1.0,4.0,2.0,2.0,3.0,2.0,3.0,4.0,3.0,0.0,0.0,0.0,0.0,1.0,0.0,0.0,2.0,0.0,1.0,0.0,0.0,0.0,0.0,0.0,0.0,0.0,1.0,2.0,3.0,0.0,3.0,0.0,0.0,1.0,0.0,3.0,1.0,1.0,3.0,1.0,1.0,1.0,1.0,1.0,0.0,0.0,0.0,0.0,0.0,1.0,1.0,1.0,1.0,1.0,0.0,0.0,0.0,0.0,0.0,1.0,1.0,1.0,1.0,1.0,3.0,0.0,0.0,3.0,0.0, 'dobry'
FF4666,0,0,0,0,0,4,4,1,4,1,0,0,0,0,0,1,4,2,1,1,0,0,0,0,0,2,4,0,2,4,0.0,0.0,2.0,0.0,2.0,0.0,2.0,1.0,1.0,0.0,0.0,0.0,0.0,2.0,2.0,0.0,1.0,2.0,2.0,2.0,2.0,2.0,3.0,2.0,2.0,0.0,0.0,1.0,3.0,0.0,1.0,1.0,1.0,1.0,1.0,1.0,2.0,1.0,2.0,2.0,1.0,1.0,1.0,1.0,1.0,1.0,1.0,1.0,3.0,2.0,1.0,2.0,4.0,2.0,2.0,2.0,2.0,2.0,2.0,3.0,0.0,0.0,1.0,0.0,0.0,0.0,0.0,2.0,0.0,1.0,1.0,0.0,0.0,1.0,1.0,0.0,0.0,1.0,1.0,3.0,0.0,0.0,0.0,0.0,1.0,0.0,1.0,0.0,1.0,1.0,1.0,1.0,1.0,1.0,1.0,0.0,0.0,0.0,0.0,0.0,1.0,1.0,1.0,1.0,1.0,0.0,0.0,0.0,0.0,0.0,1.0,1.0,1.0,1.0,1.0,4.0,0.0,0.0,3.0,0.0, 'umiarkowany'
FF4676,0,0,0,0,0,2,4,2,5,1,0,0,0,0,0,2,2,2,1,1,0,0,0,0,0,1,5,0,3,4,0.0,0.0,1.0,0.0,1.0,0.0,2.0,1.0,1.0,0.0,0.0,0.0,0.0,3.0,1.0,0.0,2.0,2.0,2.0,3.0,1.0,1.0,1.0,1.0,1.0,0.0,0.0,3.0,3.0,0.0,1.0,1.0,0.0,1.0,1.0,1.0,3.0,1.0,3.0,4.0,1.0,1.0,1.0,1.0,1.0,1.0,1.0,3.0,3.0,3.0,1.0,1.0,3.0,1.0,1.0,3.0,3.0,3.0,3.0,3.0,0.0,0.0,0.0,0.0,1.0,0.0,0.0,2.0,0.0,2.0,0.0,0.0,0.0,0.0,0.0,0.0,0.0,2.0,2.0,1.0,0.0,0.0,0.0,0.0,1.0,0.0,2.0,1.0,1.0,1.0,0.0,0.0,0.0,0.0,0.0,0.0,0.0,0.0,0.0,0.0,0.0,0.0,0.0,0.0,0.0,0.0,0.0,0.0,0.0,0.0,0.0,0.0,0.0,0.0,0.0,0.0,0.0,0.0,0.0,0.0, 'slaby'
FF3655,0,0,0,0,0,3,5,2,5,1,0,0,0,0,0,3,4,3,4,4,0,0,0,0,0,5,5,1,2,5,0.0,0.0,1.0,0.0,3.0,0.0,2.0,1.0,1.0,0.0,0.0,0.0,0.0,3.0,1.0,0.0,2.0,2.0,2.0,3.0,1.0,1.0,1.0,1.0,1.0,0.0,0.0,3.0,3.0,0.0,1.0,1.0,0.0,1.0,1.0,1.0,3.0,1.0,3.0,4.0,1.0,1.0,1.0,1.0,1.0,4.0,3.0,4.0,4.0,3.0,1.0,2.0,4.0,2.0,2.0,4.0,3.0,4.0,2.0,3.0,0.0,0.0,0.0,0.0,0.0,1.0,1.0,2.0,0.0,4.0,0.0,0.0,0.0,0.0,0.0,0.0,1.0,4.0,4.0,1.0,0.0,0.0,0.0,0.0,1.0,1.0,4.0,1.0,3.0,4.0,0.0,0.0,0.0,0.0,0.0,0.0,0.0,0.0,0.0,0.0,0.0,0.0,0.0,0.0,0.0,0.0,0.0,0.0,0.0,0.0,0.0,0.0,0.0,0.0,0.0,4.0,0.0,0.0,4.0,0.0, 'dobry'
FF3665,0,0,0,0,0,2,5,2,5,1,0,0,0,0,0,3,2,2,2,2,0,0,0,0,0,2,5,0,1,4,0.0,0.0,1.0,0.0,1.0,0.0,2.0,1.0,1.0,0.0,0.0,0.0,0.0,1.0,1.0,0.0,1.0,2.0,2.0,2.0,1.0,1.0,1.0,1.0,1.0,0.0,0.0,1.0,3.0,0.0,1.0,1.0,0.0,1.0,1.0,1.0,2.0,2.0,2.0,3.0,1.0,0.0,1.0,0.0,0.0,2.0,2.0,5.0,3.0,3.0,1.0,1.0,2.0,1.0,1.0,4.0,3.0,4.0,4.0,3.0,0.0,0.0,0.0,0.0,0.0,0.0,0.0,2.0,0.0,1.0,0.0,0.0,0.0,0.0,0.0,0.0,0.0,1.0,2.0,1.0,0.0,3.0,0.0,0.0,1.0,0.0,3.0,1.0,1.0,3.0,0.0,0.0,0.0,0.0,0.0,0.0,0.0,0.0,0.0,0.0,0.0,0.0,0.0,0.0,0.0,0.0,0.0,0.0,0.0,0.0,0.0,0.0,0.0,0.0,0.0,4.0,0.0,0.0,0.0,0.0, 'slaby'
FF3675,0,0,0,0,0,3,5,2,5,1,0,0,0,0,0,2,3,2,1,2,0,0,0,0,0,3,5,0,3,5,0.0,0.0,1.0,0.0,1.0,0.0,2.0,1.0,1.0,0.0,0.0,0.0,0.0,1.0,1.0,0.0,1.0,2.0,2.0,2.0,1.0,1.0,1.0,1.0,3.0,0.0,0.0,1.0,3.0,0.0,1.0,1.0,0.0,1.0,1.0,1.0,2.0,1.0,4.0,4.0,1.0,0.0,1.0,0.0,0.0,2.0,1.0,4.0,4.0,3.0,1.0,1.0,2.0,1.0,1.0,3.0,2.0,3.0,2.0,3.0,0.0,0.0,0.0,0.0,1.0,0.0,0.0,4.0,0.0,1.0,0.0,0.0,0.0,0.0,0.0,0.0,0.0,1.0,2.0,3.0,0.0,3.0,0.0,0.0,1.0,0.0,3.0,1.0,1.0,3.0,0.0,0.0,0.0,0.0,0.0,0.0,0.0,0.0,0.0,0.0,0.0,0.0,0.0,0.0,0.0,0.0,0.0,0.0,0.0,0.0,0.0,0.0,0.0,0.0,0.0,4.0,0.0,0.0,3.0,0.0, 'umiarkowany'
FF3685,0,0,0,0,0,3,5,1,5,1,0,0,0,0,0,4,2,2,3,4,0,0,0,0,0,3,5,1,1,5,0.0,0.0,1.0,0.0,1.0,0.0,2.0,1.0,1.0,0.0,0.0,0.0,0.0,3.0,1.0,0.0,2.0,2.0,2.0,3.0,1.0,1.0,1.0,1.0,1.0,0.0,0.0,3.0,3.0,0.0,1.0,1.0,0.0,0.0,1.0,1.0,2.0,1.0,3.0,3.0,0.0,0.0,1.0,0.0,0.0,3.0,2.0,4.0,4.0,4.0,1.0,1.0,2.0,1.0,1.0,4.0,3.0,4.0,4.0,3.0,0.0,0.0,0.0,0.0,0.0,1.0,1.0,2.0,0.0,1.0,0.0,0.0,0.0,0.0,0.0,0.0,1.0,1.0,2.0,1.0,0.0,3.0,0.0,0.0,1.0,1.0,3.0,1.0,1.0,3.0,0.0,0.0,0.0,0.0,0.0,0.0,0.0,0.0,0.0,0.0,0.0,0.0,0.0,0.0,0.0,0.0,0.0,0.0,0.0,0.0,0.0,0.0,0.0,0.0,0.0,3.0,0.0,0.0,0.0,0.0, 'umiarkowany'
FF3695,0,0,0,0,0,2,5,1,5,1,0,0,0,0,0,4,1,2,4,4,0,0,0,0,0,1,5,1,1,5,0.0,0.0,1.0,0.0,1.0,0.0,2.0,1.0,1.0,0.0,0.0,0.0,0.0,3.0,1.0,0.0,2.0,2.0,2.0,3.0,1.0,1.0,1.0,1.0,1.0,0.0,0.0,3.0,3.0,0.0,0.0,0.0,0.0,0.0,1.0,1.0,3.0,1.0,3.0,3.0,0.0,0.0,1.0,0.0,0.0,2.0,2.0,4.0,4.0,4.0,0.0,1.0,1.0,0.0,0.0,4.0,3.0,4.0,4.0,4.0,0.0,0.0,0.0,0.0,0.0,1.0,1.0,2.0,0.0,1.0,0.0,0.0,0.0,0.0,0.0,0.0,1.0,1.0,2.0,1.0,0.0,3.0,0.0,0.0,1.0,1.0,3.0,1.0,1.0,3.0,0.0,0.0,0.0,0.0,0.0,0.0,0.0,0.0,0.0,0.0,0.0,0.0,0.0,0.0,0.0,0.0,0.0,0.0,0.0,0.0,0.0,0.0,0.0,0.0,0.0,3.0,0.0,0.0,0.0,0.0, 'slaby'
FF4605,0,0,0,0,0,4,4,1,5,0,0,0,0,0,0,0,4,2,0,0,0,0,0,0,0,3,5,0,3,5,0.0,0.0,1.0,0.0,1.0,0.0,2.0,1.0,1.0,0.0,0.0,0.0,0.0,1.0,1.0,0.0,1.0,2.0,2.0,2.0,1.0,1.0,1.0,1.0,1.0,0.0,0.0,1.0,3.0,0.0,1.0,1.0,0.0,1.0,1.0,1.0,2.0,1.0,3.0,3.0,1.0,1.0,1.0,1.0,1.0,1.0,1.0,4.0,4.0,3.0,1.0,1.0,3.0,1.0,1.0,3.0,3.0,3.0,2.0,3.0,0.0,0.0,0.0,0.0,0.0,0.0,0.0,2.0,0.0,1.0,0.0,0.0,0.0,0.0,0.0,0.0,0.0,1.0,2.0,1.0,0.0,0.0,0.0,0.0,1.0,0.0,4.0,1.0,1.0,3.0,0.0,0.0,0.0,0.0,0.0,0.0,0.0,0.0,0.0,0.0,0.0,0.0,0.0,0.0,0.0,0.0,0.0,0.0,0.0,0.0,0.0,0.0,0.0,0.0,0.0,5.0,0.0,0.0,3.0,0.0, 'slaby'
FF4615,4,4,2,3,0,0,0,0,0,0,0,4,2,0,0,0,0,0,0,0,5,4,3,5,5,0,0,0,0,0,0.0,0.0,2.0,0.0,3.0,0.0,1.0,1.0,1.0,0.0,0.0,0.0,0.0,3.0,2.0,0.0,2.0,1.0,2.0,3.0,2.0,2.0,3.0,2.0,2.0,0.0,0.0,1.0,3.0,0.0,2.0,2.0,2.0,2.0,3.0,0.0,1.0,0.0,1.0,1.0,1.0,1.0,1.0,1.0,1.0,2.0,1.0,1.0,1.0,1.0,2.0,4.0,2.0,4.0,5.0,1.0,3.0,1.0,1.0,1.0,1.0,2.0,1.0,3.0,0.0,0.0,0.0,1.0,0.0,1.0,1.0,4.0,1.0,1.0,1.0,0.0,0.0,1.0,1.0,1.0,1.0,1.0,1.0,1.0,2.0,0.0,1.0,0.0,0.0,1.0,1.0,1.0,1.0,1.0,1.0,0.0,0.0,0.0,0.0,0.0,1.0,1.0,1.0,1.0,1.0,0.0,0.0,0.0,0.0,0.0,1.0,4.0,1.0,1.0,1.0,0.0,0.0,0.0,0.0,0.0, 'slaby'
FF4625,4,5,3,3,1,0,0,0,0,0,4,4,2,5,5,0,0,0,0,0,5,5,4,5,5,0,0,0,0,0,0.0,0.0,3.0,0.0,3.0,0.0,2.0,1.0,1.0,0.0,0.0,0.0,0.0,5.0,2.0,0.0,2.0,2.0,2.0,3.0,2.0,2.0,4.0,3.0,3.0,0.0,0.0,3.0,3.0,0.0,2.0,2.0,2.0,2.0,3.0,0.0,3.0,0.0,2.0,2.0,2.0,1.0,1.0,1.0,1.0,5.0,5.0,3.0,2.0,1.0,3.0,5.0,3.0,5.0,5.0,3.0,4.0,3.0,1.0,2.0,1.0,4.0,4.0,4.0,1.0,0.0,0.0,1.0,0.0,1.0,1.0,4.0,1.0,1.0,1.0,0.0,0.0,1.0,1.0,1.0,1.0,1.0,1.0,1.0,2.0,0.0,1.0,0.0,1.0,1.0,1.0,1.0,1.0,1.0,1.0,0.0,0.0,0.0,0.0,2.0,1.0,1.0,1.0,1.0,1.0,0.0,0.0,0.0,0.0,0.0,1.0,3.0,2.0,1.0,1.0,0.0,0.0,0.0,0.0,0.0, 'bardzo dobry'
FF4635,4,3,3,5,1,0,0,0,0,0,5,4,2,3,3,0,0,0,0,0,5,5,3,3,5,0,0,0,0,0,0.0,0.0,3.0,0.0,3.0,0.0,1.0,1.0,1.0,0.0,0.0,0.0,0.0,5.0,2.0,0.0,2.0,1.0,2.0,3.0,2.0,2.0,4.0,3.0,3.0,0.0,0.0,3.0,3.0,0.0,2.0,2.0,2.0,2.0,3.0,0.0,4.0,0.0,2.0,2.0,2.0,1.0,1.0,1.0,1.0,4.0,4.0,1.0,2.0,1.0,3.0,5.0,3.0,5.0,4.0,4.0,5.0,4.0,1.0,1.0,1.0,2.0,1.0,3.0,4.0,0.0,0.0,1.0,0.0,1.0,1.0,4.0,1.0,1.0,1.0,0.0,0.0,1.0,1.0,1.0,1.0,1.0,1.0,1.0,2.0,0.0,1.0,1.0,0.0,1.0,1.0,1.0,1.0,1.0,1.0,0.0,0.0,0.0,0.0,2.0,1.0,1.0,1.0,1.0,1.0,0.0,0.0,0.0,0.0,0.0,1.0,3.0,2.0,1.0,1.0,0.0,0.0,0.0,0.0,0.0, 'bardzo dobry'
FF4645,0,0,0,0,0,3,1,1,5,1,0,0,0,0,0,4,3,2,3,3,0,0,0,0,0,4,5,0,2,5,0.0,0.0,2.0,0.0,2.0,0.0,2.0,1.0,1.0,0.0,0.0,0.0,0.0,3.0,2.0,0.0,2.0,2.0,2.0,3.0,2.0,2.0,3.0,3.0,2.0,0.0,0.0,3.0,3.0,0.0,1.0,1.0,1.0,1.0,1.0,1.0,4.0,1.0,4.0,4.0,1.0,1.0,2.0,1.0,1.0,3.0,3.0,3.0,3.0,3.0,1.0,2.0,2.0,2.0,2.0,4.0,4.0,4.0,3.0,3.0,0.0,0.0,1.0,0.0,0.0,0.0,0.0,2.0,1.0,1.0,1.0,0.0,2.0,1.0,1.0,1.0,0.0,1.0,2.0,3.0,0.0,0.0,0.0,0.0,1.0,0.0,2.0,2.0,1.0,1.0,1.0,1.0,1.0,1.0,1.0,0.0,0.0,0.0,0.0,0.0,1.0,1.0,1.0,1.0,1.0,0.0,0.0,0.0,0.0,0.0,1.0,1.0,1.0,1.0,1.0,3.0,0.0,0.0,3.0,0.0, 'dobry'
FF4655,0,0,0,0,0,2,1,1,5,1,0,0,0,0,0,3,3,2,3,3,0,0,0,0,0,4,5,0,2,4,0.0,0.0,1.0,0.0,2.0,0.0,2.0,1.0,1.0,0.0,0.0,0.0,0.0,3.0,2.0,0.0,2.0,2.0,2.0,3.0,2.0,2.0,3.0,2.0,2.0,0.0,0.0,3.0,3.0,0.0,1.0,1.0,1.0,1.0,1.0,1.0,3.0,1.0,4.0,4.0,1.0,1.0,1.0,1.0,1.0,3.0,2.0,5.0,3.0,4.0,1.0,1.0,3.0,2.0,2.0,4.0,2.0,4.0,4.0,3.0,0.0,0.0,0.0,0.0,0.0,0.0,0.0,2.0,1.0,1.0,0.0,0.0,0.0,0.0,0.0,1.0,0.0,1.0,2.0,3.0,0.0,3.0,0.0,0.0,1.0,0.0,3.0,2.0,1.0,3.0,0.0,0.0,0.0,0.0,0.0,0.0,0.0,0.0,0.0,0.0,0.0,0.0,0.0,0.0,0.0,0.0,0.0,0.0,0.0,0.0,0.0,0.0,0.0,0.0,0.0,4.0,0.0,0.0,2.0,0.0, 'umiarkowany'
FF4665,0,0,0,0,0,4,3,1,5,1,0,0,0,0,0,2,5,2,1,1,0,0,0,0,0,4,5,0,1,4,0.0,0.0,2.0,0.0,2.0,0.0,2.0,1.0,1.0,0.0,0.0,0.0,0.0,2.0,2.0,0.0,1.0,2.0,2.0,2.0,2.0,2.0,3.0,2.0,2.0,0.0,0.0,1.0,3.0,0.0,2.0,1.0,1.0,1.0,1.0,1.0,2.0,0.0,2.0,2.0,1.0,1.0,1.0,1.0,1.0,1.0,1.0,4.0,3.0,2.0,2.0,2.0,4.0,1.0,2.0,3.0,3.0,3.0,1.0,3.0,0.0,0.0,1.0,0.0,0.0,0.0,0.0,2.0,0.0,1.0,1.0,0.0,0.0,1.0,1.0,0.0,0.0,1.0,2.0,4.0,0.0,0.0,0.0,0.0,1.0,0.0,2.0,1.0,1.0,1.0,1.0,1.0,1.0,1.0,1.0,0.0,0.0,0.0,0.0,0.0,1.0,1.0,1.0,1.0,1.0,0.0,0.0,0.0,0.0,0.0,1.0,1.0,1.0,1.0,1.0,3.0,0.0,0.0,0.0,0.0, 'umiarkowany'
FF3654,4,5,2,5,1,0,0,0,0,0,4,5,2,3,3,0,0,0,0,0,2,5,1,2,5,0,0,0,0,0,0.0,0.0,2.0,0.0,3.0,0.0,2.0,1.0,1.0,0.0,0.0,0.0,0.0,3.0,2.0,0.0,2.0,2.0,2.0,3.0,2.0,2.0,2.0,2.0,2.0,0.0,0.0,3.0,3.0,0.0,1.0,1.0,1.0,2.0,1.0,1.0,3.0,0.0,3.0,4.0,2.0,1.0,2.0,1.0,1.0,3.0,3.0,4.0,2.0,2.0,2.0,3.0,3.0,3.0,3.0,4.0,5.0,4.0,1.0,3.0,1.0,2.0,1.0,1.0,1.0,1.0,1.0,2.0,0.0,2.0,1.0,1.0,0.0,1.0,1.0,0.0,1.0,2.0,2.0,4.0,1.0,1.0,1.0,1.0,2.0,1.0,2.0,1.0,1.0,1.0,1.0,1.0,1.0,1.0,1.0,0.0,0.0,0.0,0.0,0.0,1.0,1.0,1.0,1.0,1.0,0.0,0.0,0.0,0.0,0.0,1.0,3.0,1.0,1.0,1.0,3.0,0.0,0.0,0.0,0.0, 'dobry'
FF3664,0,0,0,0,0,4,5,2,5,1,0,0,0,0,0,2,2,3,2,2,0,0,0,0,0,4,5,1,2,5,0.0,0.0,1.0,0.0,1.0,0.0,2.0,1.0,1.0,0.0,0.0,0.0,0.0,3.0,1.0,0.0,2.0,2.0,2.0,3.0,1.0,1.0,1.0,1.0,1.0,0.0,0.0,3.0,3.0,0.0,0.0,1.0,0.0,1.0,1.0,1.0,4.0,1.0,3.0,4.0,0.0,0.0,1.0,0.0,0.0,2.0,3.0,4.0,4.0,4.0,0.0,1.0,2.0,1.0,1.0,5.0,5.0,5.0,4.0,3.0,0.0,0.0,0.0,0.0,3.0,1.0,1.0,2.0,0.0,3.0,0.0,0.0,0.0,0.0,0.0,0.0,1.0,3.0,3.0,1.0,0.0,3.0,0.0,0.0,1.0,1.0,3.0,1.0,2.0,3.0,0.0,0.0,0.0,0.0,0.0,0.0,0.0,0.0,0.0,0.0,0.0,0.0,0.0,0.0,0.0,0.0,0.0,0.0,0.0,0.0,0.0,0.0,0.0,0.0,0.0,4.0,0.0,0.0,0.0,0.0, 'dobry'
FF3674,0,0,0,0,0,3,5,2,4,1,0,0,0,0,0,3,2,2,3,4,0,0,0,0,0,4,4,1,3,5,0.0,0.0,1.0,0.0,2.0,0.0,2.0,1.0,1.0,0.0,0.0,0.0,0.0,4.0,2.0,0.0,2.0,2.0,2.0,3.0,2.0,2.0,3.0,2.0,2.0,0.0,0.0,2.0,3.0,0.0,1.0,1.0,1.0,1.0,1.0,1.0,2.0,1.0,3.0,3.0,1.0,1.0,1.0,1.0,1.0,3.0,3.0,3.0,3.0,4.0,1.0,1.0,2.0,2.0,1.0,4.0,3.0,4.0,4.0,3.0,0.0,0.0,0.0,0.0,0.0,1.0,1.0,2.0,0.0,3.0,0.0,0.0,0.0,0.0,0.0,0.0,1.0,3.0,3.0,1.0,0.0,3.0,0.0,0.0,1.0,1.0,3.0,0.0,2.0,3.0,0.0,0.0,0.0,0.0,0.0,0.0,0.0,0.0,0.0,0.0,0.0,0.0,0.0,0.0,0.0,0.0,0.0,0.0,0.0,0.0,0.0,0.0,0.0,0.0,0.0,4.0,0.0,0.0,2.0,0.0, 'dobry'
FF3684,4,5,2,5,1,0,0,0,0,0,3,4,2,3,4,0,0,0,0,0,4,5,1,3,5,0,0,0,0,0,0.0,0.0,2.0,0.0,2.0,0.0,2.0,1.0,1.0,0.0,0.0,0.0,0.0,4.0,3.0,0.0,2.0,2.0,2.0,3.0,5.0,5.0,5.0,2.0,1.0,0.0,0.0,2.0,3.0,0.0,2.0,2.0,2.0,2.0,1.0,0.0,2.0,1.0,1.0,1.0,1.0,1.0,1.0,3.0,3.0,4.0,2.0,1.0,2.0,2.0,3.0,4.0,4.0,4.0,4.0,3.0,3.0,3.0,2.0,2.0,1.0,2.0,1.0,1.0,0.0,1.0,1.0,1.0,0.0,1.0,1.0,1.0,1.0,1.0,1.0,0.0,1.0,1.0,1.0,2.0,1.0,2.0,1.0,1.0,2.0,1.0,1.0,1.0,1.0,1.0,1.0,1.0,1.0,1.0,1.0,0.0,0.0,0.0,0.0,0.0,1.0,1.0,1.0,1.0,1.0,0.0,0.0,0.0,0.0,0.0,1.0,1.0,1.0,1.0,1.0,0.0,0.0,0.0,0.0,0.0, 'dobry'
FF3694,3,5,2,5,1,0,0,0,0,0,1,3,2,3,2,0,0,0,0,0,2,5,1,2,5,0,0,0,0,0,0.0,0.0,2.0,0.0,2.0,0.0,2.0,1.0,1.0,0.0,0.0,0.0,0.0,4.0,2.0,0.0,2.0,2.0,2.0,3.0,5.0,5.0,5.0,2.0,2.0,0.0,0.0,3.0,3.0,0.0,1.0,1.0,1.0,1.0,1.0,1.0,2.0,1.0,2.0,2.0,1.0,1.0,1.0,3.0,3.0,2.0,1.0,2.0,2.0,3.0,1.0,2.0,3.0,3.0,3.0,3.0,3.0,3.0,3.0,2.0,1.0,2.0,1.0,1.0,0.0,0.0,0.0,2.0,0.0,1.0,1.0,1.0,2.0,1.0,1.0,0.0,0.0,1.0,2.0,2.0,1.0,2.0,2.0,1.0,2.0,0.0,2.0,1.0,1.0,1.0,1.0,1.0,1.0,1.0,1.0,0.0,0.0,0.0,0.0,0.0,1.0,1.0,1.0,1.0,1.0,0.0,0.0,0.0,0.0,0.0,1.0,1.0,1.0,1.0,1.0,4.0,0.0,0.0,0.0,0.0, 'umiarkowany'
FF4604,4,5,3,5,1,0,0,0,0,0,4,4,2,3,4,0,0,0,0,0,5,5,1,3,5,0,0,0,0,0,0.0,0.0,2.0,0.0,2.0,0.0,1.0,1.0,1.0,0.0,0.0,0.0,0.0,5.0,2.0,0.0,2.0,1.0,2.0,3.0,4.0,3.0,3.0,2.0,2.0,0.0,0.0,2.0,3.0,0.0,2.0,2.0,2.0,2.0,2.0,0.0,4.0,1.0,1.0,1.0,1.0,1.0,1.0,1.0,3.0,4.0,4.0,1.0,1.0,1.0,3.0,5.0,3.0,4.0,4.0,3.0,4.0,3.0,1.0,1.0,1.0,2.0,1.0,1.0,1.0,0.0,0.0,1.0,0.0,1.0,1.0,1.0,2.0,1.0,2.0,0.0,0.0,1.0,1.0,1.0,2.0,2.0,2.0,2.0,2.0,0.0,1.0,1.0,0.0,1.0,1.0,1.0,1.0,1.0,1.0,0.0,0.0,0.0,0.0,0.0,1.0,1.0,1.0,1.0,1.0,0.0,0.0,0.0,0.0,0.0,1.0,3.0,3.0,1.0,1.0,4.0,0.0,0.0,0.0,0.0, 'dobry'
FF4614,4,5,2,5,0,0,0,0,0,0,0,4,2,0,0,0,0,0,0,0,5,5,4,5,5,0,0,0,0,0,0.0,0.0,2.0,0.0,2.0,0.0,1.0,1.0,1.0,0.0,0.0,0.0,0.0,3.0,2.0,0.0,1.0,1.0,1.0,1.0,4.0,5.0,5.0,2.0,2.0,0.0,0.0,1.0,1.0,0.0,2.0,2.0,2.0,2.0,3.0,0.0,2.0,0.0,1.0,1.0,1.0,1.0,1.0,4.0,4.0,2.0,1.0,1.0,1.0,1.0,2.0,4.0,2.0,4.0,5.0,2.0,2.0,2.0,1.0,1.0,1.0,2.0,1.0,4.0,0.0,0.0,0.0,0.0,0.0,0.0,1.0,4.0,1.0,1.0,1.0,0.0,0.0,0.0,0.0,0.0,1.0,2.0,2.0,1.0,2.0,0.0,0.0,1.0,0.0,0.0,1.0,1.0,1.0,1.0,1.0,0.0,0.0,0.0,0.0,0.0,1.0,1.0,1.0,1.0,1.0,0.0,0.0,0.0,0.0,0.0,1.0,3.0,3.0,1.0,1.0,4.0,0.0,0.0,0.0,0.0, 'slaby'
FF4624,4,5,2,3,1,0,0,0,0,0,3,4,2,2,3,0,0,0,0,0,5,5,3,5,5,0,0,0,0,0,0.0,0.0,2.0,0.0,2.0,0.0,1.0,1.0,3.0,0.0,0.0,0.0,0.0,5.0,2.0,0.0,1.0,1.0,2.0,2.0,3.0,5.0,4.0,3.0,3.0,0.0,0.0,1.0,3.0,0.0,2.0,2.0,2.0,2.0,3.0,0.0,2.0,0.0,1.0,1.0,2.0,1.0,1.0,1.0,4.0,5.0,3.0,1.0,1.0,1.0,3.0,4.0,2.0,4.0,5.0,2.0,3.0,2.0,1.0,1.0,1.0,2.0,1.0,3.0,3.0,0.0,0.0,1.0,0.0,1.0,1.0,4.0,1.0,1.0,2.0,0.0,0.0,1.0,1.0,1.0,2.0,2.0,2.0,2.0,2.0,0.0,1.0,0.0,0.0,1.0,1.0,1.0,1.0,1.0,1.0,0.0,0.0,0.0,0.0,0.0,1.0,1.0,1.0,1.0,1.0,0.0,0.0,0.0,0.0,0.0,1.0,1.0,1.0,1.0,1.0,0.0,0.0,0.0,0.0,0.0, 'dobry'
FF4634,4,4,2,3,1,0,0,0,0,0,2,4,2,1,1,0,0,0,0,0,5,5,4,4,5,0,0,0,0,0,0.0,0.0,3.0,0.0,2.0,0.0,1.0,1.0,1.0,0.0,0.0,0.0,0.0,5.0,2.0,0.0,1.0,1.0,1.0,1.0,2.0,2.0,4.0,3.0,2.0,0.0,0.0,1.0,1.0,0.0,2.0,2.0,2.0,2.0,2.0,0.0,2.0,0.0,1.0,1.0,1.0,1.0,1.0,1.0,1.0,2.0,2.0,1.0,1.0,1.0,2.0,4.0,2.0,4.0,5.0,1.0,2.0,1.0,1.0,1.0,1.0,2.0,1.0,4.0,3.0,0.0,0.0,1.0,0.0,0.0,1.0,4.0,1.0,1.0,1.0,0.0,0.0,0.0,0.0,1.0,1.0,1.0,1.0,1.0,2.0,0.0,1.0,0.0,0.0,1.0,1.0,1.0,1.0,1.0,1.0,0.0,0.0,0.0,0.0,0.0,1.0,1.0,1.0,1.0,1.0,0.0,0.0,0.0,0.0,0.0,1.0,3.0,1.0,1.0,1.0,0.0,0.0,0.0,0.0,0.0, 'slaby'
FF4644,4,2,2,5,0,0,0,0,0,0,0,4,2,0,0,0,0,0,0,0,5,5,1,2,5,0,0,0,0,0,0.0,0.0,2.0,0.0,3.0,0.0,1.0,1.0,1.0,0.0,0.0,0.0,0.0,2.0,2.0,0.0,1.0,1.0,2.0,2.0,2.0,2.0,3.0,2.0,2.0,0.0,0.0,1.0,3.0,0.0,2.0,2.0,2.0,2.0,2.0,0.0,2.0,1.0,1.0,1.0,1.0,1.0,1.0,1.0,1.0,2.0,1.0,2.0,1.0,1.0,2.0,4.0,2.0,4.0,5.0,2.0,4.0,2.0,1.0,1.0,1.0,2.0,1.0,1.0,3.0,0.0,0.0,1.0,0.0,1.0,1.0,1.0,1.0,1.0,1.0,0.0,0.0,1.0,1.0,1.0,1.0,1.0,1.0,1.0,2.0,0.0,1.0,1.0,0.0,1.0,1.0,1.0,1.0,1.0,1.0,0.0,0.0,0.0,0.0,0.0,1.0,1.0,1.0,1.0,1.0,0.0,0.0,0.0,0.0,0.0,1.0,1.0,1.0,1.0,1.0,0.0,0.0,0.0,0.0,0.0, 'slaby'
FF4654,0,0,0,0,0,2,1,1,5,1,0,0,0,0,0,1,2,2,3,3,0,0,0,0,0,3,5,0,1,5,0.0,0.0,1.0,0.0,3.0,0.0,2.0,1.0,1.0,0.0,0.0,0.0,0.0,3.0,2.0,0.0,2.0,2.0,2.0,3.0,2.0,2.0,3.0,2.0,2.0,0.0,0.0,3.0,3.0,0.0,1.0,1.0,0.0,1.0,1.0,1.0,3.0,1.0,4.0,4.0,1.0,1.0,1.0,1.0,1.0,2.0,2.0,4.0,4.0,4.0,1.0,1.0,2.0,2.0,1.0,4.0,3.0,4.0,4.0,3.0,0.0,0.0,0.0,0.0,0.0,0.0,0.0,2.0,0.0,1.0,0.0,0.0,0.0,0.0,0.0,0.0,0.0,1.0,2.0,1.0,0.0,3.0,0.0,0.0,1.0,0.0,3.0,1.0,1.0,3.0,0.0,0.0,0.0,0.0,0.0,0.0,0.0,0.0,0.0,0.0,0.0,0.0,0.0,0.0,0.0,0.0,0.0,0.0,0.0,0.0,0.0,0.0,0.0,0.0,0.0,4.0,0.0,0.0,3.0,0.0, 'umiarkowany'
FF4664,0,0,0,0,0,4,2,1,4,1,0,0,0,0,0,3,4,2,1,1,0,0,0,0,0,4,4,0,2,5,0.0,0.0,1.0,0.0,1.0,0.0,2.0,1.0,1.0,0.0,0.0,0.0,0.0,3.0,1.0,0.0,1.0,2.0,2.0,2.0,1.0,1.0,1.0,1.0,1.0,0.0,0.0,1.0,3.0,0.0,1.0,1.0,0.0,1.0,1.0,1.0,2.0,1.0,3.0,3.0,1.0,0.0,1.0,0.0,0.0,1.0,1.0,5.0,4.0,2.0,2.0,1.0,3.0,1.0,1.0,3.0,3.0,3.0,2.0,4.0,0.0,0.0,0.0,0.0,0.0,0.0,0.0,4.0,0.0,1.0,0.0,0.0,0.0,0.0,0.0,0.0,0.0,1.0,2.0,1.0,0.0,0.0,0.0,0.0,1.0,0.0,4.0,0.0,1.0,3.0,0.0,0.0,0.0,0.0,0.0,0.0,0.0,0.0,0.0,0.0,0.0,0.0,0.0,0.0,0.0,0.0,0.0,0.0,0.0,0.0,0.0,0.0,0.0,0.0,0.0,4.0,0.0,0.0,3.0,0.0, 'slaby'
FF3653,0,0,0,0,0,4,5,1,5,1,3,0,0,0,0,0,3,2,1,1,0,0,0,0,0,5,5,0,1,5,0.0,0.0,2.0,0.0,3.0,0.0,2.0,1.0,1.0,0.0,0.0,0.0,0.0,2.0,2.0,0.0,1.0,2.0,2.0,2.0,2.0,2.0,2.0,2.0,2.0,0.0,0.0,1.0,3.0,0.0,1.0,1.0,1.0,2.0,1.0,1.0,2.0,1.0,2.0,3.0,1.0,1.0,1.0,1.0,1.0,3.0,2.0,3.0,3.0,2.0,1.0,2.0,4.0,2.0,3.0,3.0,3.0,3.0,1.0,3.0,1.0,2.0,1.0,1.0,0.0,0.0,0.0,2.0,0.0,1.0,1.0,1.0,0.0,1.0,1.0,0.0,0.0,1.0,2.0,3.0,1.0,1.0,1.0,1.0,2.0,0.0,2.0,1.0,1.0,1.0,1.0,1.0,1.0,1.0,1.0,0.0,0.0,0.0,0.0,0.0,1.0,1.0,1.0,1.0,1.0,0.0,0.0,0.0,0.0,0.0,1.0,3.0,1.0,1.0,1.0,3.0,0.0,0.0,0.0,0.0, 'dobry'
FF3663,0,0,0,0,0,1,5,1,4,1,0,0,0,0,0,2,2,2,2,2,0,0,0,0,0,1,4,1,3,5,0.0,0.0,1.0,0.0,1.0,0.0,2.0,1.0,1.0,0.0,0.0,0.0,0.0,1.0,1.0,0.0,2.0,2.0,2.0,3.0,1.0,1.0,1.0,1.0,1.0,0.0,0.0,3.0,3.0,0.0,1.0,1.0,0.0,0.0,1.0,1.0,2.0,1.0,3.0,3.0,0.0,0.0,1.0,0.0,0.0,1.0,1.0,3.0,4.0,3.0,1.0,1.0,2.0,0.0,1.0,3.0,2.0,3.0,3.0,4.0,0.0,0.0,0.0,0.0,0.0,1.0,1.0,4.0,0.0,3.0,0.0,0.0,0.0,0.0,0.0,0.0,1.0,3.0,3.0,1.0,0.0,3.0,0.0,0.0,1.0,1.0,3.0,0.0,2.0,3.0,0.0,0.0,0.0,0.0,0.0,0.0,0.0,0.0,0.0,0.0,0.0,0.0,0.0,0.0,0.0,0.0,0.0,0.0,0.0,0.0,0.0,0.0,0.0,0.0,0.0,4.0,0.0,0.0,0.0,0.0, 'slaby'
FF3673,0,0,0,0,0,2,5,2,5,1,0,0,0,0,0,3,2,3,4,5,0,0,0,0,0,3,5,1,5,5,0.0,0.0,1.0,0.0,2.0,0.0,4.0,1.0,1.0,0.0,0.0,0.0,0.0,3.0,2.0,0.0,2.0,2.0,2.0,3.0,4.0,5.0,3.0,2.0,2.0,0.0,0.0,3.0,3.0,0.0,1.0,1.0,0.0,1.0,1.0,1.0,4.0,1.0,2.0,3.0,1.0,1.0,1.0,1.0,2.0,3.0,2.0,4.0,4.0,3.0,1.0,1.0,2.0,2.0,2.0,5.0,5.0,5.0,3.0,3.0,0.0,0.0,0.0,0.0,1.0,1.0,1.0,2.0,0.0,3.0,0.0,0.0,0.0,0.0,0.0,0.0,1.0,3.0,3.0,1.0,0.0,3.0,0.0,0.0,1.0,1.0,3.0,1.0,2.0,3.0,1.0,1.0,1.0,1.0,1.0,0.0,0.0,0.0,2.0,0.0,1.0,1.0,1.0,1.0,1.0,0.0,0.0,0.0,0.0,0.0,1.0,1.0,1.0,1.0,1.0,4.0,0.0,0.0,0.0,0.0, 'bardzo dobry'
FF3683,4,5,1,4,0,0,0,0,0,0,0,5,2,0,0,0,0,0,0,0,5,4,2,5,5,0,0,0,0,0,0.0,0.0,2.0,0.0,2.0,0.0,1.0,1.0,1.0,0.0,0.0,0.0,0.0,2.0,2.0,0.0,1.0,1.0,2.0,2.0,4.0,5.0,5.0,3.0,2.0,0.0,0.0,1.0,3.0,0.0,2.0,2.0,2.0,2.0,2.0,0.0,1.0,0.0,1.0,1.0,1.0,3.0,1.0,3.0,3.0,3.0,2.0,1.0,1.0,1.0,3.0,4.0,2.0,5.0,5.0,1.0,2.0,1.0,1.0,1.0,1.0,2.0,1.0,2.0,0.0,0.0,0.0,1.0,0.0,0.0,1.0,2.0,2.0,1.0,1.0,0.0,0.0,0.0,0.0,1.0,3.0,1.0,2.0,3.0,2.0,0.0,1.0,0.0,0.0,1.0,1.0,1.0,1.0,1.0,1.0,0.0,0.0,0.0,0.0,0.0,1.0,1.0,1.0,1.0,1.0,0.0,0.0,0.0,0.0,0.0,1.0,1.0,1.0,1.0,1.0,0.0,0.0,0.0,0.0,0.0, 'slaby'
FF3693,4,5,1,3,0,0,0,0,0,0,0,4,2,0,0,0,0,0,0,0,5,3,4,4,5,0,0,0,0,0,0.0,0.0,2.0,0.0,2.0,0.0,1.0,1.0,1.0,0.0,0.0,0.0,0.0,2.0,2.0,0.0,1.0,1.0,1.0,1.0,5.0,5.0,5.0,2.0,2.0,0.0,0.0,1.0,1.0,0.0,2.0,1.0,1.0,1.0,1.0,0.0,1.0,0.0,1.0,1.0,1.0,3.0,1.0,3.0,3.0,2.0,1.0,1.0,1.0,1.0,2.0,5.0,3.0,5.0,5.0,1.0,1.0,1.0,1.0,1.0,1.0,2.0,1.0,4.0,0.0,0.0,0.0,1.0,0.0,0.0,1.0,4.0,2.0,1.0,1.0,0.0,0.0,0.0,0.0,1.0,4.0,3.0,3.0,4.0,2.0,0.0,1.0,0.0,0.0,0.0,1.0,1.0,1.0,1.0,1.0,0.0,0.0,0.0,0.0,0.0,1.0,1.0,1.0,1.0,1.0,0.0,0.0,0.0,0.0,0.0,1.0,1.0,1.0,1.0,1.0,0.0,0.0,0.0,0.0,0.0, 'slaby'
FF4603,4,5,2,3,1,0,0,0,0,0,3,4,2,1,1,0,0,0,0,0,5,3,4,5,5,0,0,0,0,0,0.0,0.0,2.0,0.0,2.0,0.0,1.0,1.0,1.0,0.0,0.0,0.0,0.0,4.0,2.0,0.0,2.0,1.0,1.0,1.0,5.0,3.0,4.0,2.0,2.0,0.0,0.0,2.0,1.0,0.0,2.0,2.0,2.0,2.0,3.0,0.0,1.0,0.0,1.0,1.0,1.0,1.0,1.0,1.0,4.0,1.0,1.0,1.0,1.0,1.0,3.0,4.0,2.0,4.0,4.0,1.0,1.0,1.0,1.0,1.0,1.0,2.0,1.0,4.0,0.0,0.0,0.0,0.0,0.0,0.0,2.0,4.0,1.0,1.0,1.0,0.0,0.0,0.0,0.0,0.0,1.0,1.0,1.0,1.0,2.0,0.0,0.0,0.0,0.0,0.0,1.0,1.0,1.0,1.0,1.0,0.0,0.0,0.0,0.0,0.0,1.0,1.0,1.0,1.0,1.0,0.0,0.0,0.0,0.0,0.0,1.0,1.0,1.0,1.0,1.0,0.0,0.0,0.0,0.0,0.0, 'slaby'
FF4613,4,5,1,3,1,0,0,0,0,0,4,4,2,1,1,0,0,0,0,0,5,4,4,5,5,0,0,0,0,0,0.0,0.0,2.0,0.0,2.0,0.0,1.0,1.0,1.0,0.0,0.0,0.0,0.0,2.0,2.0,0.0,2.0,1.0,1.0,1.0,4.0,5.0,5.0,2.0,2.0,0.0,0.0,2.0,1.0,0.0,2.0,2.0,2.0,2.0,3.0,0.0,1.0,0.0,1.0,1.0,1.0,1.0,1.0,1.0,3.0,3.0,2.0,1.0,1.0,1.0,3.0,4.0,2.0,5.0,4.0,1.0,1.0,1.0,1.0,1.0,1.0,2.0,1.0,4.0,0.0,0.0,0.0,0.0,0.0,0.0,1.0,4.0,1.0,1.0,1.0,0.0,0.0,0.0,0.0,0.0,1.0,2.0,1.0,1.0,2.0,0.0,0.0,0.0,0.0,0.0,1.0,1.0,1.0,1.0,1.0,0.0,0.0,0.0,0.0,0.0,1.0,1.0,1.0,1.0,1.0,0.0,0.0,0.0,0.0,0.0,1.0,3.0,1.0,1.0,1.0,0.0,0.0,0.0,0.0,0.0, 'slaby'
FF4623,4,5,2,3,1,0,0,0,0,0,2,4,2,2,2,0,0,0,0,0,5,4,1,5,5,0,0,0,0,0,0.0,0.0,2.0,0.0,2.0,0.0,1.0,1.0,1.0,0.0,0.0,0.0,0.0,4.0,2.0,0.0,1.0,1.0,1.0,1.0,3.0,5.0,4.0,3.0,2.0,0.0,0.0,1.0,1.0,0.0,2.0,2.0,2.0,2.0,2.0,0.0,1.0,1.0,1.0,1.0,1.0,1.0,1.0,3.0,3.0,2.0,2.0,1.0,1.0,1.0,2.0,4.0,2.0,4.0,4.0,1.0,1.0,1.0,1.0,1.0,1.0,2.0,1.0,1.0,0.0,0.0,0.0,1.0,0.0,0.0,2.0,1.0,1.0,1.0,2.0,0.0,0.0,0.0,0.0,1.0,2.0,2.0,2.0,2.0,2.0,0.0,1.0,0.0,0.0,0.0,1.0,1.0,1.0,1.0,1.0,0.0,0.0,0.0,0.0,0.0,1.0,1.0,1.0,1.0,1.0,0.0,0.0,0.0,0.0,0.0,1.0,3.0,1.0,1.0,1.0,0.0,0.0,0.0,0.0,0.0, 'slaby'
FF4633,0,0,1,4,0,0,0,0,0,0,0,4,1,0,0,0,0,0,0,0,3,4,0,4,5,0,0,0,0,0,0.0,0.0,2.0,0.0,2.0,0.0,2.0,1.0,1.0,0.0,0.0,0.0,0.0,3.0,2.0,0.0,1.0,2.0,2.0,2.0,3.0,3.0,4.0,2.0,2.0,0.0,0.0,1.0,3.0,0.0,2.0,1.0,1.0,1.0,1.0,1.0,0.0,1.0,2.0,2.0,1.0,1.0,1.0,1.0,3.0,0.0,0.0,3.0,2.0,3.0,1.0,2.0,3.0,3.0,3.0,1.0,1.0,0.0,3.0,2.0,1.0,2.0,1.0,1.0,0.0,0.0,0.0,4.0,0.0,1.0,1.0,1.0,1.0,1.0,1.0,0.0,0.0,1.0,1.0,3.0,1.0,1.0,1.0,1.0,0.0,0.0,1.0,0.0,1.0,1.0,1.0,1.0,1.0,1.0,1.0,0.0,0.0,0.0,0.0,0.0,1.0,1.0,1.0,1.0,1.0,0.0,0.0,0.0,0.0,0.0,1.0,1.0,1.0,1.0,1.0,0.0,0.0,0.0,0.0,0.0, 'zly'
FF4643,0,0,1,5,0,0,0,0,0,0,0,3,1,0,0,0,0,0,0,0,2,5,1,2,5,0,0,0,0,0,0.0,0.0,2.0,0.0,3.0,0.0,2.0,1.0,1.0,0.0,0.0,0.0,0.0,3.0,2.0,0.0,1.0,2.0,2.0,2.0,2.0,2.0,3.0,2.0,2.0,0.0,0.0,1.0,3.0,0.0,1.0,1.0,1.0,1.0,1.0,1.0,0.0,1.0,2.0,2.0,1.0,1.0,1.0,1.0,1.0,1.0,1.0,2.0,2.0,2.0,2.0,3.0,3.0,3.0,4.0,1.0,2.0,0.0,2.0,2.0,1.0,2.0,1.0,1.0,0.0,0.0,0.0,2.0,0.0,1.0,1.0,1.0,2.0,1.0,1.0,0.0,0.0,1.0,1.0,3.0,1.0,1.0,1.0,1.0,0.0,0.0,1.0,1.0,1.0,1.0,1.0,1.0,1.0,1.0,1.0,0.0,0.0,0.0,0.0,0.0,1.0,1.0,1.0,1.0,1.0,0.0,0.0,0.0,0.0,0.0,1.0,1.0,1.0,1.0,1.0,0.0,0.0,0.0,0.0,0.0, 'zly'
FF4653,3,3,2,5,1,0,0,0,0,0,1,3,2,3,3,0,0,0,0,0,2,5,1,3,5,0,0,0,0,0,0.0,0.0,2.0,0.0,3.0,0.0,2.0,1.0,1.0,0.0,0.0,0.0,0.0,3.0,2.0,0.0,4.0,2.0,2.0,3.0,2.0,2.0,3.0,2.0,2.0,0.0,0.0,3.0,3.0,0.0,2.0,1.0,1.0,1.0,1.0,1.0,2.0,2.0,3.0,3.0,1.0,1.0,1.0,1.0,1.0,2.0,1.0,1.0,2.0,2.0,2.0,3.0,1.0,3.0,1.0,3.0,3.0,3.0,2.0,2.0,1.0,2.0,1.0,1.0,0.0,0.0,0.0,2.0,0.0,1.0,1.0,1.0,2.0,1.0,1.0,0.0,0.0,1.0,2.0,2.0,1.0,1.0,1.0,1.0,2.0,0.0,2.0,1.0,1.0,1.0,1.0,1.0,1.0,1.0,1.0,0.0,0.0,0.0,0.0,0.0,1.0,1.0,1.0,1.0,1.0,0.0,0.0,0.0,0.0,0.0,1.0,1.0,1.0,1.0,1.0,3.0,0.0,0.0,0.0,0.0, 'umiarkowany'
FF4663,0,0,0,0,0,3,3,1,5,1,0,0,0,0,0,1,3,2,2,2,0,0,0,0,0,3,5,0,3,5,0.0,0.0,1.0,0.0,1.0,0.0,2.0,1.0,1.0,0.0,0.0,0.0,0.0,3.0,1.0,0.0,2.0,2.0,2.0,3.0,1.0,1.0,1.0,1.0,1.0,0.0,0.0,3.0,3.0,0.0,1.0,1.0,0.0,1.0,1.0,1.0,3.0,1.0,4.0,4.0,1.0,0.0,1.0,0.0,0.0,1.0,1.0,4.0,4.0,4.0,1.0,1.0,3.0,1.0,1.0,4.0,3.0,4.0,4.0,3.0,0.0,0.0,0.0,0.0,0.0,0.0,0.0,2.0,0.0,1.0,0.0,0.0,0.0,0.0,0.0,0.0,0.0,1.0,2.0,3.0,0.0,3.0,0.0,0.0,1.0,0.0,3.0,1.0,1.0,3.0,0.0,0.0,0.0,0.0,0.0,0.0,0.0,0.0,0.0,0.0,0.0,0.0,0.0,0.0,0.0,0.0,0.0,0.0,0.0,0.0,0.0,0.0,0.0,0.0,0.0,4.0,0.0,0.0,4.0,0.0, 'umiarkowany'
FF4673,0,0,0,0,0,0,0,1,3,0,0,0,0,0,0,0,5,1,0,0,0,0,0,0,0,3,3,0,4,5,0.0,0.0,2.0,0.0,2.0,0.0,2.0,1.0,1.0,0.0,0.0,0.0,0.0,2.0,2.0,0.0,1.0,2.0,2.0,2.0,2.0,2.0,3.0,2.0,2.0,0.0,0.0,1.0,3.0,0.0,1.0,1.0,1.0,1.0,1.0,1.0,0.0,0.0,2.0,2.0,1.0,1.0,2.0,1.0,2.0,0.0,0.0,4.0,4.0,3.0,2.0,2.0,4.0,2.0,2.0,2.0,1.0,0.0,3.0,4.0,0.0,3.0,2.0,0.0,0.0,0.0,0.0,2.0,0.0,1.0,1.0,0.0,2.0,1.0,1.0,0.0,0.0,1.0,2.0,4.0,0.0,0.0,0.0,0.0,0.0,0.0,2.0,0.0,1.0,1.0,1.0,1.0,1.0,1.0,1.0,0.0,0.0,0.0,0.0,0.0,1.0,1.0,1.0,1.0,1.0,0.0,0.0,0.0,0.0,0.0,1.0,1.0,1.0,1.0,1.0,4.0,0.0,0.0,2.0,0.0, 'umiarkowany'
FF3652,0,0,0,0,0,0,0,1,4,0,0,0,0,0,0,0,3,1,0,0,0,0,0,0,0,4,4,0,2,5,0.0,0.0,2.0,0.0,3.0,0.0,2.0,1.0,1.0,0.0,0.0,0.0,0.0,3.0,2.0,0.0,1.0,2.0,2.0,2.0,2.0,2.0,2.0,2.0,2.0,0.0,0.0,1.0,3.0,0.0,1.0,1.0,1.0,1.0,1.0,1.0,0.0,1.0,2.0,2.0,1.0,1.0,1.0,1.0,1.0,0.0,0.0,1.0,2.0,3.0,1.0,2.0,3.0,3.0,3.0,1.0,1.0,0.0,3.0,2.0,1.0,2.0,1.0,1.0,0.0,0.0,0.0,4.0,0.0,1.0,1.0,1.0,2.0,1.0,1.0,0.0,0.0,1.0,2.0,3.0,1.0,1.0,1.0,1.0,0.0,0.0,2.0,0.0,1.0,1.0,1.0,1.0,1.0,1.0,1.0,0.0,0.0,0.0,0.0,0.0,1.0,1.0,1.0,1.0,1.0,0.0,0.0,0.0,0.0,0.0,1.0,1.0,1.0,1.0,1.0,3.0,0.0,0.0,0.0,0.0, 'slaby'
FF3662,0,0,0,0,0,1,5,2,5,1,0,0,0,0,0,2,1,2,2,2,0,0,0,0,0,1,5,0,2,5,0.0,0.0,1.0,0.0,1.0,0.0,2.0,1.0,1.0,0.0,0.0,0.0,0.0,1.0,1.0,0.0,2.0,2.0,2.0,3.0,1.0,1.0,1.0,1.0,1.0,0.0,0.0,3.0,3.0,0.0,0.0,0.0,0.0,0.0,1.0,1.0,2.0,1.0,2.0,2.0,0.0,0.0,1.0,0.0,0.0,1.0,1.0,4.0,3.0,3.0,0.0,0.0,1.0,0.0,0.0,3.0,2.0,3.0,3.0,3.0,0.0,0.0,0.0,0.0,0.0,0.0,0.0,2.0,0.0,1.0,0.0,0.0,0.0,0.0,0.0,0.0,0.0,1.0,2.0,1.0,0.0,3.0,0.0,0.0,1.0,0.0,3.0,1.0,1.0,3.0,0.0,0.0,0.0,0.0,0.0,0.0,0.0,0.0,0.0,0.0,0.0,0.0,0.0,0.0,0.0,0.0,0.0,0.0,0.0,0.0,0.0,0.0,0.0,0.0,0.0,4.0,0.0,0.0,3.0,0.0, 'slaby'
FF3672,0,0,0,0,0,4,5,1,5,1,0,0,0,0,0,3,3,2,4,5,0,0,0,0,0,2,5,1,3,5,0.0,0.0,1.0,0.0,1.0,0.0,2.0,1.0,1.0,0.0,0.0,0.0,0.0,1.0,1.0,0.0,5.0,2.0,2.0,3.0,4.0,5.0,1.0,1.0,1.0,0.0,0.0,3.0,5.0,0.0,1.0,1.0,0.0,0.0,1.0,1.0,3.0,1.0,2.0,4.0,0.0,0.0,1.0,0.0,1.0,2.0,2.0,3.0,5.0,3.0,1.0,1.0,3.0,0.0,0.0,4.0,4.0,4.0,3.0,3.0,0.0,0.0,0.0,0.0,0.0,1.0,1.0,2.0,0.0,3.0,0.0,0.0,0.0,0.0,0.0,0.0,1.0,3.0,3.0,1.0,0.0,3.0,0.0,0.0,1.0,1.0,3.0,1.0,2.0,3.0,0.0,0.0,0.0,0.0,0.0,0.0,0.0,0.0,0.0,1.0,0.0,0.0,0.0,0.0,0.0,0.0,0.0,0.0,0.0,0.0,0.0,0.0,0.0,0.0,0.0,5.0,0.0,0.0,2.0,0.0, 'dobry'
FF3682,4,5,3,4,0,0,0,0,0,0,0,3,2,0,0,0,0,0,0,0,3,4,1,5,5,0,0,0,0,0,0.0,0.0,2.0,0.0,2.0,0.0,2.0,1.0,1.0,0.0,0.0,0.0,0.0,3.0,3.0,0.0,5.0,2.0,2.0,3.0,5.0,5.0,5.0,3.0,2.0,0.0,0.0,3.0,5.0,0.0,2.0,1.0,1.0,1.0,1.0,1.0,2.0,1.0,2.0,2.0,2.0,2.0,1.0,2.0,3.0,3.0,3.0,1.0,2.0,2.0,3.0,3.0,3.0,4.0,4.0,3.0,3.0,3.0,2.0,1.0,1.0,2.0,1.0,1.0,0.0,1.0,1.0,1.0,0.0,1.0,1.0,1.0,2.0,1.0,2.0,0.0,1.0,1.0,1.0,2.0,2.0,2.0,2.0,2.0,2.0,1.0,1.0,0.0,1.0,1.0,1.0,1.0,1.0,1.0,1.0,0.0,0.0,0.0,0.0,0.0,1.0,1.0,1.0,1.0,1.0,0.0,0.0,0.0,0.0,0.0,1.0,1.0,1.0,1.0,1.0,0.0,0.0,0.0,0.0,0.0, 'dobry'
FF3692,4,5,1,3,0,0,0,0,0,0,0,4,2,0,0,0,0,0,0,0,5,3,4,4,5,0,0,0,0,0,0.0,0.0,2.0,0.0,2.0,0.0,1.0,1.0,1.0,0.0,0.0,0.0,0.0,3.0,3.0,0.0,1.0,1.0,1.0,1.0,5.0,4.0,5.0,2.0,2.0,0.0,0.0,1.0,1.0,0.0,2.0,2.0,1.0,2.0,2.0,0.0,1.0,0.0,1.0,1.0,2.0,1.0,1.0,3.0,4.0,3.0,2.0,1.0,1.0,1.0,3.0,5.0,3.0,4.0,5.0,1.0,1.0,1.0,1.0,1.0,1.0,2.0,1.0,4.0,0.0,0.0,0.0,0.0,0.0,0.0,1.0,4.0,2.0,1.0,1.0,0.0,0.0,0.0,0.0,0.0,1.0,1.0,1.0,1.0,2.0,0.0,0.0,0.0,0.0,0.0,1.0,1.0,1.0,1.0,1.0,0.0,0.0,0.0,0.0,0.0,1.0,1.0,1.0,1.0,1.0,0.0,0.0,0.0,0.0,0.0,1.0,4.0,3.0,1.0,1.0,4.0,0.0,0.0,3.0,0.0, 'slaby'
FF4602,4,5,2,2,1,0,0,0,0,0,4,4,2,1,1,0,0,0,0,0,5,2,4,4,5,0,0,0,0,0,0.0,0.0,3.0,0.0,2.0,0.0,1.0,1.0,1.0,0.0,0.0,0.0,0.0,5.0,3.0,0.0,1.0,1.0,1.0,1.0,5.0,4.0,5.0,2.0,2.0,0.0,0.0,1.0,1.0,0.0,2.0,2.0,2.0,2.0,3.0,0.0,1.0,0.0,1.0,1.0,1.0,4.0,1.0,4.0,4.0,2.0,2.0,1.0,1.0,1.0,3.0,5.0,3.0,5.0,4.0,1.0,1.0,1.0,1.0,1.0,1.0,2.0,1.0,4.0,0.0,0.0,0.0,0.0,0.0,0.0,1.0,4.0,2.0,1.0,2.0,0.0,0.0,0.0,0.0,0.0,2.0,2.0,2.0,2.0,2.0,0.0,0.0,0.0,0.0,0.0,1.0,1.0,1.0,1.0,1.0,0.0,0.0,0.0,0.0,0.0,1.0,1.0,1.0,1.0,1.0,0.0,0.0,0.0,0.0,0.0,1.0,4.0,3.0,1.0,1.0,4.0,0.0,0.0,3.0,0.0, 'umiarkowany'
FF4612,4,4,2,3,1,0,0,0,0,0,4,4,2,1,1,0,0,0,0,0,5,3,4,5,5,0,0,0,0,0,0.0,0.0,3.0,0.0,2.0,0.0,1.0,1.0,3.0,0.0,0.0,0.0,0.0,3.0,2.0,0.0,2.0,1.0,1.0,1.0,5.0,4.0,5.0,2.0,2.0,0.0,0.0,2.0,1.0,0.0,3.0,2.0,2.0,2.0,3.0,0.0,1.0,0.0,1.0,1.0,1.0,1.0,1.0,1.0,4.0,3.0,2.0,1.0,1.0,1.0,3.0,5.0,3.0,5.0,5.0,1.0,1.0,1.0,1.0,1.0,1.0,2.0,1.0,4.0,0.0,0.0,0.0,0.0,0.0,0.0,1.0,4.0,2.0,1.0,2.0,0.0,0.0,0.0,0.0,0.0,2.0,2.0,2.0,2.0,2.0,0.0,0.0,0.0,0.0,0.0,1.0,1.0,1.0,1.0,1.0,0.0,0.0,0.0,0.0,0.0,1.0,1.0,1.0,1.0,1.0,0.0,0.0,0.0,0.0,0.0,1.0,4.0,3.0,1.0,1.0,4.0,0.0,0.0,3.0,0.0, 'umiarkowany'
FF4622,4,4,2,4,1,0,0,0,0,0,4,4,2,2,2,0,0,0,0,0,5,4,1,5,5,0,0,0,0,0,0.0,0.0,2.0,0.0,2.0,0.0,1.0,1.0,1.0,0.0,0.0,0.0,0.0,3.0,2.0,0.0,1.0,1.0,2.0,2.0,3.0,3.0,5.0,2.0,2.0,0.0,0.0,1.0,3.0,0.0,2.0,2.0,2.0,2.0,2.0,0.0,1.0,1.0,1.0,1.0,1.0,1.0,1.0,1.0,3.0,3.0,3.0,1.0,1.0,1.0,2.0,4.0,2.0,4.0,5.0,1.0,1.0,1.0,1.0,1.0,1.0,2.0,1.0,1.0,0.0,0.0,0.0,1.0,0.0,1.0,1.0,1.0,1.0,1.0,1.0,0.0,0.0,1.0,1.0,1.0,1.0,1.0,1.0,1.0,2.0,0.0,1.0,0.0,0.0,1.0,1.0,1.0,1.0,1.0,1.0,0.0,0.0,0.0,0.0,0.0,1.0,1.0,1.0,1.0,1.0,0.0,0.0,0.0,0.0,0.0,1.0,3.0,1.0,1.0,1.0,0.0,0.0,0.0,0.0,0.0, 'slaby'
FF4632,0,0,0,0,0,4,5,2,5,1,0,0,0,0,0,2,3,2,2,2,0,0,0,0,0,3,5,0,3,5,0.0,0.0,2.0,0.0,2.0,0.0,2.0,1.0,1.0,0.0,0.0,0.0,0.0,3.0,2.0,0.0,1.0,2.0,2.0,2.0,3.0,3.0,5.0,3.0,3.0,0.0,0.0,1.0,3.0,0.0,1.0,1.0,1.0,1.0,1.0,1.0,2.0,1.0,3.0,3.0,1.0,1.0,1.0,1.0,3.0,3.0,2.0,1.0,3.0,3.0,1.0,1.0,1.0,2.0,2.0,3.0,1.0,3.0,3.0,2.0,0.0,0.0,1.0,0.0,0.0,0.0,0.0,4.0,0.0,1.0,1.0,0.0,2.0,1.0,1.0,0.0,0.0,1.0,2.0,3.0,0.0,0.0,0.0,0.0,1.0,0.0,2.0,1.0,1.0,1.0,1.0,1.0,1.0,1.0,1.0,0.0,0.0,0.0,0.0,0.0,1.0,1.0,1.0,1.0,1.0,0.0,0.0,0.0,0.0,0.0,1.0,1.0,1.0,1.0,1.0,3.0,0.0,0.0,0.0,0.0, 'dobry'
FF4642,0,0,0,0,0,3,5,1,5,1,0,0,0,0,0,3,2,2,2,2,0,0,0,0,0,4,5,0,1,5,0.0,0.0,1.0,0.0,2.0,0.0,2.0,1.0,1.0,0.0,0.0,0.0,0.0,3.0,2.0,0.0,1.0,2.0,2.0,2.0,2.0,2.0,3.0,2.0,2.0,0.0,0.0,1.0,3.0,0.0,1.0,1.0,1.0,1.0,1.0,1.0,3.0,1.0,3.0,4.0,1.0,1.0,1.0,1.0,1.0,3.0,2.0,2.0,4.0,3.0,1.0,1.0,1.0,1.0,2.0,4.0,2.0,4.0,3.0,3.0,0.0,0.0,0.0,0.0,0.0,0.0,0.0,2.0,0.0,1.0,0.0,0.0,0.0,0.0,0.0,0.0,0.0,1.0,2.0,1.0,0.0,3.0,0.0,0.0,1.0,0.0,3.0,1.0,1.0,3.0,0.0,0.0,0.0,0.0,0.0,0.0,0.0,0.0,0.0,0.0,0.0,0.0,0.0,0.0,0.0,0.0,0.0,0.0,0.0,0.0,0.0,0.0,0.0,0.0,0.0,5.0,0.0,0.0,3.0,0.0, 'umiarkowany'
FF4652,4,5,2,5,1,0,0,0,0,0,4,4,2,1,1,0,0,0,0,0,2,5,1,1,5,0,0,0,0,0,0.0,0.0,2.0,0.0,3.0,0.0,2.0,1.0,1.0,0.0,0.0,0.0,0.0,2.0,2.0,0.0,1.0,2.0,2.0,2.0,2.0,2.0,3.0,2.0,2.0,0.0,0.0,1.0,3.0,0.0,2.0,1.0,1.0,1.0,1.0,1.0,2.0,1.0,3.0,2.0,1.0,1.0,1.0,1.0,1.0,3.0,2.0,3.0,3.0,2.0,2.0,3.0,4.0,3.0,2.0,2.0,2.0,2.0,2.0,3.0,1.0,2.0,1.0,1.0,0.0,0.0,0.0,2.0,0.0,1.0,1.0,1.0,2.0,1.0,1.0,0.0,0.0,1.0,2.0,3.0,1.0,1.0,1.0,1.0,2.0,0.0,2.0,1.0,1.0,1.0,1.0,1.0,1.0,1.0,1.0,0.0,0.0,0.0,0.0,0.0,1.0,1.0,1.0,1.0,1.0,0.0,0.0,0.0,0.0,0.0,1.0,3.0,1.0,1.0,1.0,4.0,0.0,0.0,0.0,0.0, 'umiarkowany'
FF4662,0,0,0,0,0,3,5,1,5,1,0,0,0,0,0,1,2,2,2,2,0,0,0,0,0,2,5,0,1,5,0.0,0.0,1.0,0.0,3.0,0.0,2.0,1.0,1.0,0.0,0.0,0.0,0.0,3.0,2.0,0.0,2.0,2.0,2.0,3.0,2.0,2.0,3.0,2.0,2.0,0.0,0.0,3.0,3.0,0.0,1.0,1.0,1.0,1.0,1.0,1.0,3.0,1.0,3.0,3.0,1.0,1.0,1.0,1.0,1.0,2.0,1.0,2.0,3.0,3.0,1.0,1.0,2.0,2.0,2.0,4.0,3.0,4.0,3.0,3.0,0.0,0.0,0.0,0.0,0.0,0.0,0.0,2.0,1.0,1.0,0.0,0.0,0.0,0.0,0.0,1.0,0.0,1.0,2.0,1.0,0.0,0.0,0.0,0.0,1.0,0.0,2.0,1.0,1.0,1.0,0.0,0.0,0.0,0.0,0.0,0.0,0.0,0.0,0.0,0.0,0.0,0.0,0.0,0.0,0.0,0.0,0.0,0.0,0.0,0.0,0.0,0.0,0.0,0.0,0.0,4.0,0.0,0.0,0.0,0.0, 'umiarkowany'
FF4672,0,0,0,0,0,0,0,1,5,0,0,0,0,0,0,0,4,1,0,0,0,0,0,0,0,3,5,0,3,5,0.0,0.0,2.0,0.0,2.0,0.0,2.0,1.0,1.0,0.0,0.0,0.0,0.0,2.0,2.0,0.0,1.0,2.0,2.0,2.0,2.0,2.0,2.0,2.0,2.0,0.0,0.0,1.0,3.0,0.0,1.0,1.0,1.0,1.0,1.0,1.0,1.0,1.0,3.0,3.0,1.0,1.0,2.0,1.0,1.0,0.0,1.0,4.0,4.0,3.0,2.0,2.0,4.0,2.0,2.0,2.0,1.0,2.0,3.0,4.0,0.0,0.0,0.0,0.0,0.0,0.0,0.0,2.0,0.0,1.0,0.0,0.0,0.0,0.0,0.0,0.0,0.0,1.0,2.0,3.0,0.0,3.0,0.0,0.0,0.0,0.0,3.0,1.0,1.0,1.0,1.0,1.0,1.0,1.0,1.0,0.0,0.0,0.0,0.0,0.0,1.0,1.0,1.0,1.0,1.0,0.0,0.0,0.0,0.0,0.0,1.0,1.0,1.0,1.0,1.0,4.0,0.0,0.0,3.0,0.0, 'umiarkowany'
FF4682,0,0,0,0,0,0,0,1,5,1,0,0,0,0,0,0,4,1,0,0,0,0,0,0,0,4,5,0,4,5,0.0,0.0,2.0,0.0,2.0,0.0,2.0,1.0,1.0,0.0,0.0,0.0,0.0,2.0,2.0,0.0,1.0,2.0,2.0,2.0,2.0,2.0,3.0,2.0,2.0,0.0,0.0,1.0,3.0,0.0,1.0,1.0,1.0,2.0,2.0,1.0,0.0,0.0,3.0,2.0,1.0,1.0,2.0,1.0,1.0,0.0,1.0,4.0,3.0,2.0,1.0,2.0,4.0,2.0,2.0,2.0,1.0,0.0,1.0,3.0,0.0,0.0,0.0,0.0,0.0,0.0,0.0,2.0,0.0,1.0,1.0,0.0,0.0,0.0,0.0,0.0,0.0,1.0,2.0,4.0,0.0,0.0,0.0,0.0,0.0,0.0,2.0,1.0,1.0,1.0,1.0,1.0,1.0,1.0,1.0,0.0,0.0,0.0,0.0,0.0,1.0,1.0,1.0,1.0,1.0,0.0,0.0,0.0,0.0,0.0,1.0,3.0,1.0,1.0,1.0,4.0,0.0,0.0,3.0,0.0, 'slaby'
FF4692,4,3,1,4,1,0,0,0,0,0,2,4,2,1,1,0,0,0,0,0,3,4,1,4,5,0,0,0,0,0,0.0,0.0,2.0,0.0,2.0,0.0,2.0,1.0,1.0,0.0,0.0,0.0,0.0,3.0,2.0,0.0,1.0,2.0,2.0,2.0,2.0,2.0,4.0,2.0,2.0,0.0,0.0,1.0,3.0,0.0,2.0,1.0,1.0,2.0,2.0,1.0,2.0,0.0,2.0,2.0,1.0,1.0,2.0,1.0,1.0,2.0,2.0,3.0,2.0,2.0,2.0,3.0,4.0,3.0,2.0,2.0,3.0,2.0,1.0,2.0,1.0,3.0,2.0,1.0,0.0,0.0,0.0,2.0,0.0,1.0,1.0,1.0,2.0,1.0,1.0,0.0,0.0,1.0,1.0,4.0,1.0,1.0,1.0,1.0,2.0,0.0,1.0,0.0,1.0,1.0,1.0,1.0,1.0,1.0,1.0,0.0,0.0,0.0,0.0,0.0,1.0,1.0,1.0,1.0,1.0,0.0,0.0,0.0,0.0,0.0,1.0,3.0,1.0,1.0,1.0,3.0,0.0,0.0,0.0,0.0, 'umiarkowany'
FF3661,0,0,0,0,0,2,5,1,5,1,0,0,0,0,0,3,2,2,2,2,0,0,0,0,0,2,5,0,2,5,0.0,0.0,1.0,0.0,1.0,0.0,2.0,1.0,1.0,0.0,0.0,0.0,0.0,1.0,1.0,0.0,2.0,2.0,2.0,3.0,1.0,1.0,1.0,1.0,1.0,0.0,0.0,3.0,3.0,0.0,1.0,1.0,0.0,0.0,1.0,1.0,2.0,1.0,2.0,2.0,0.0,0.0,1.0,0.0,0.0,2.0,1.0,4.0,5.0,4.0,1.0,1.0,2.0,1.0,1.0,3.0,2.0,3.0,4.0,4.0,0.0,0.0,0.0,0.0,0.0,0.0,0.0,2.0,0.0,1.0,0.0,0.0,0.0,0.0,0.0,0.0,0.0,1.0,2.0,1.0,0.0,3.0,0.0,0.0,1.0,0.0,3.0,1.0,1.0,3.0,0.0,0.0,0.0,0.0,0.0,0.0,0.0,0.0,0.0,0.0,0.0,0.0,0.0,0.0,0.0,0.0,0.0,0.0,0.0,0.0,0.0,0.0,0.0,0.0,0.0,4.0,0.0,0.0,3.0,0.0, 'slaby'
FF3671,0,0,0,0,0,4,5,1,4,0,0,0,0,0,0,3,4,2,0,0,0,0,0,0,0,5,4,1,3,5,0.0,0.0,1.0,0.0,1.0,0.0,2.0,1.0,1.0,0.0,0.0,0.0,0.0,1.0,1.0,0.0,5.0,2.0,2.0,2.0,1.0,1.0,1.0,1.0,1.0,0.0,0.0,1.0,5.0,0.0,1.0,1.0,0.0,0.0,1.0,1.0,2.0,0.0,2.0,2.0,1.0,0.0,2.0,0.0,0.0,1.0,2.0,5.0,5.0,4.0,1.0,1.0,4.0,0.0,0.0,3.0,3.0,3.0,3.0,4.0,0.0,0.0,0.0,0.0,0.0,1.0,1.0,4.0,0.0,4.0,0.0,0.0,0.0,0.0,0.0,0.0,1.0,4.0,4.0,1.0,0.0,0.0,0.0,0.0,1.0,1.0,4.0,0.0,4.0,3.0,0.0,0.0,0.0,0.0,0.0,0.0,0.0,0.0,0.0,0.0,0.0,0.0,0.0,0.0,0.0,0.0,0.0,0.0,0.0,0.0,0.0,0.0,0.0,0.0,0.0,4.0,0.0,0.0,3.0,0.0, 'umiarkowany'
FF3681,0,0,0,0,0,4,5,3,5,1,0,0,0,0,0,5,4,3,4,5,0,0,0,0,0,5,5,1,4,5,0.0,0.0,2.0,0.0,2.0,0.0,2.0,1.0,1.0,0.0,0.0,0.0,0.0,3.0,3.0,0.0,5.0,2.0,2.0,3.0,5.0,3.0,5.0,2.0,2.0,0.0,0.0,3.0,5.0,0.0,3.0,1.0,1.0,2.0,2.0,1.0,4.0,1.0,2.0,3.0,2.0,1.0,1.0,1.0,2.0,4.0,4.0,3.0,3.0,3.0,3.0,4.0,4.0,4.0,3.0,4.0,4.0,4.0,3.0,2.0,1.0,2.0,1.0,1.0,1.0,1.0,1.0,2.0,0.0,2.0,1.0,1.0,2.0,1.0,1.0,0.0,1.0,2.0,2.0,3.0,1.0,1.0,1.0,1.0,2.0,1.0,2.0,1.0,1.0,1.0,1.0,1.0,1.0,1.0,1.0,0.0,0.0,2.0,2.0,3.0,1.0,1.0,1.0,1.0,1.0,0.0,2.0,0.0,0.0,0.0,1.0,3.0,2.0,1.0,1.0,4.0,0.0,0.0,2.0,0.0, 'bardzo dobry'
FF3691,4,3,3,4,1,0,0,0,0,0,5,4,3,4,5,0,0,0,0,0,4,4,3,2,5,0,0,0,0,0,0.0,0.0,2.0,0.0,2.0,0.0,2.0,1.0,1.0,0.0,0.0,0.0,0.0,5.0,3.0,0.0,2.0,2.0,2.0,3.0,5.0,4.0,5.0,2.0,2.0,0.0,0.0,3.0,3.0,0.0,3.0,2.0,1.0,2.0,2.0,0.0,3.0,0.0,2.0,3.0,2.0,1.0,1.0,1.0,3.0,4.0,4.0,1.0,2.0,1.0,3.0,5.0,4.0,5.0,4.0,3.0,3.0,3.0,1.0,1.0,1.0,4.0,3.0,3.0,0.0,1.0,1.0,1.0,0.0,1.0,1.0,4.0,2.0,1.0,1.0,0.0,1.0,1.0,1.0,1.0,1.0,1.0,1.0,1.0,2.0,1.0,1.0,0.0,1.0,1.0,1.0,1.0,1.0,1.0,1.0,0.0,0.0,2.0,2.0,3.0,1.0,1.0,1.0,1.0,1.0,0.0,2.0,0.0,0.0,0.0,1.0,3.0,2.0,1.0,1.0,4.0,0.0,0.0,2.0,0.0, 'bardzo dobry'
FF4601,4,3,2,4,1,0,0,0,0,0,2,4,2,1,1,0,0,0,0,0,5,4,3,3,5,0,0,0,0,0,0.0,0.0,2.0,0.0,2.0,0.0,1.0,1.0,1.0,0.0,0.0,0.0,0.0,5.0,2.0,0.0,1.0,1.0,2.0,2.0,3.0,3.0,5.0,2.0,2.0,0.0,0.0,1.0,3.0,0.0,3.0,2.0,2.0,2.0,3.0,0.0,1.0,0.0,1.0,1.0,2.0,1.0,1.0,1.0,4.0,2.0,2.0,1.0,1.0,1.0,2.0,4.0,2.0,5.0,5.0,1.0,1.0,1.0,1.0,1.0,1.0,2.0,1.0,3.0,0.0,0.0,0.0,1.0,0.0,0.0,1.0,4.0,1.0,1.0,1.0,0.0,0.0,0.0,0.0,1.0,1.0,2.0,1.0,1.0,2.0,0.0,1.0,0.0,0.0,1.0,1.0,1.0,1.0,1.0,1.0,0.0,0.0,0.0,0.0,0.0,1.0,1.0,1.0,1.0,1.0,0.0,0.0,0.0,0.0,0.0,1.0,4.0,1.0,1.0,1.0,0.0,0.0,0.0,0.0,0.0, 'slaby'
FF4611,4,2,3,5,1,0,0,0,0,0,3,4,2,2,1,0,0,0,0,0,5,5,3,4,5,0,0,0,0,0,0.0,0.0,2.0,0.0,2.0,0.0,1.0,1.0,1.0,0.0,0.0,0.0,0.0,4.0,2.0,0.0,1.0,1.0,1.0,1.0,3.0,3.0,5.0,2.0,2.0,0.0,0.0,1.0,1.0,0.0,2.0,2.0,2.0,2.0,3.0,0.0,1.0,0.0,1.0,1.0,1.0,1.0,1.0,3.0,4.0,2.0,2.0,1.0,1.0,1.0,2.0,4.0,3.0,5.0,5.0,1.0,1.0,1.0,1.0,1.0,1.0,2.0,1.0,3.0,0.0,0.0,0.0,0.0,0.0,0.0,1.0,4.0,2.0,1.0,2.0,0.0,0.0,0.0,0.0,0.0,2.0,2.0,2.0,2.0,2.0,0.0,0.0,1.0,0.0,0.0,1.0,1.0,1.0,1.0,1.0,0.0,0.0,0.0,0.0,0.0,1.0,1.0,1.0,1.0,1.0,0.0,0.0,0.0,0.0,0.0,1.0,4.0,1.0,1.0,1.0,0.0,0.0,0.0,0.0,0.0, 'slaby'
FF4621,4,3,4,3,1,0,0,0,0,0,2,4,2,2,2,0,0,0,0,0,5,4,3,5,5,0,0,0,0,0,0.0,0.0,2.0,0.0,2.0,0.0,1.0,1.0,1.0,0.0,0.0,0.0,0.0,4.0,3.0,0.0,2.0,1.0,2.0,3.0,3.0,3.0,5.0,3.0,2.0,0.0,0.0,3.0,3.0,0.0,3.0,2.0,2.0,2.0,3.0,0.0,2.0,0.0,1.0,1.0,2.0,1.0,1.0,3.0,3.0,3.0,3.0,1.0,1.0,1.0,3.0,4.0,3.0,4.0,4.0,1.0,1.0,1.0,1.0,1.0,1.0,2.0,1.0,3.0,0.0,0.0,0.0,1.0,0.0,0.0,1.0,4.0,2.0,1.0,2.0,0.0,0.0,0.0,0.0,1.0,2.0,2.0,2.0,2.0,2.0,0.0,1.0,0.0,0.0,0.0,1.0,1.0,1.0,1.0,1.0,0.0,0.0,0.0,0.0,0.0,1.0,1.0,1.0,1.0,1.0,0.0,0.0,0.0,0.0,0.0,1.0,4.0,1.0,1.0,1.0,0.0,0.0,0.0,0.0,0.0, 'umiarkowany'
FF4631,3,4,2,5,1,0,0,0,0,0,4,3,2,3,3,0,0,0,0,0,4,5,1,4,5,0,0,0,0,0,0.0,0.0,2.0,0.0,2.0,0.0,2.0,1.0,1.0,0.0,0.0,0.0,0.0,5.0,2.0,0.0,2.0,2.0,2.0,3.0,3.0,3.0,5.0,3.0,2.0,0.0,0.0,3.0,3.0,0.0,1.0,1.0,1.0,1.0,1.0,1.0,2.0,1.0,2.0,2.0,2.0,1.0,1.0,1.0,3.0,5.0,4.0,1.0,2.0,2.0,1.0,2.0,2.0,4.0,4.0,4.0,3.0,4.0,2.0,1.0,1.0,2.0,1.0,1.0,0.0,0.0,0.0,2.0,1.0,1.0,1.0,1.0,1.0,1.0,1.0,1.0,0.0,1.0,1.0,2.0,1.0,2.0,1.0,1.0,2.0,0.0,1.0,1.0,1.0,1.0,1.0,1.0,1.0,1.0,1.0,0.0,0.0,0.0,0.0,0.0,1.0,1.0,1.0,1.0,1.0,0.0,0.0,0.0,0.0,0.0,1.0,4.0,1.0,1.0,1.0,4.0,0.0,0.0,0.0,0.0, 'dobry'
FF4641,0,0,0,0,0,3,5,2,5,1,0,0,0,0,0,4,3,2,3,3,0,0,0,0,0,4,5,0,3,5,0.0,0.0,2.0,0.0,2.0,0.0,2.0,1.0,1.0,0.0,0.0,0.0,0.0,5.0,2.0,0.0,2.0,2.0,2.0,3.0,2.0,2.0,3.0,3.0,2.0,0.0,0.0,3.0,3.0,0.0,1.0,1.0,1.0,1.0,1.0,1.0,3.0,1.0,2.0,3.0,1.0,1.0,1.0,1.0,1.0,4.0,3.0,2.0,2.0,3.0,1.0,1.0,2.0,2.0,2.0,4.0,3.0,4.0,3.0,2.0,0.0,0.0,1.0,0.0,0.0,0.0,0.0,2.0,0.0,1.0,1.0,0.0,2.0,1.0,1.0,0.0,0.0,1.0,2.0,3.0,0.0,0.0,0.0,0.0,1.0,0.0,2.0,1.0,1.0,1.0,1.0,1.0,1.0,1.0,1.0,0.0,0.0,0.0,0.0,0.0,1.0,1.0,1.0,1.0,1.0,0.0,0.0,0.0,0.0,0.0,1.0,1.0,1.0,1.0,1.0,4.0,0.0,0.0,0.0,0.0, 'dobry'
FF4651,0,0,0,0,0,3,5,2,5,1,0,0,0,0,0,3,3,2,2,3,0,0,0,0,0,4,5,0,3,5,0.0,0.0,2.0,0.0,3.0,0.0,2.0,1.0,1.0,0.0,0.0,0.0,0.0,4.0,2.0,0.0,2.0,2.0,2.0,3.0,2.0,2.0,3.0,2.0,2.0,0.0,0.0,3.0,3.0,0.0,1.0,1.0,1.0,1.0,1.0,1.0,3.0,1.0,3.0,3.0,1.0,1.0,1.0,1.0,1.0,4.0,2.0,3.0,2.0,3.0,1.0,2.0,3.0,3.0,4.0,3.0,3.0,3.0,3.0,2.0,0.0,0.0,1.0,0.0,0.0,0.0,0.0,2.0,1.0,1.0,1.0,0.0,2.0,1.0,1.0,2.0,0.0,1.0,2.0,3.0,0.0,0.0,0.0,0.0,1.0,0.0,2.0,1.0,1.0,1.0,1.0,1.0,1.0,1.0,1.0,0.0,0.0,0.0,0.0,0.0,1.0,1.0,1.0,1.0,1.0,0.0,0.0,0.0,0.0,0.0,1.0,2.0,1.0,1.0,1.0,4.0,0.0,0.0,2.0,0.0, 'dobry'
FF4661,3,4,1,5,1,0,0,0,0,0,2,4,2,2,2,0,0,0,0,0,3,5,1,2,5,0,0,0,0,0,0.0,0.0,2.0,0.0,3.0,0.0,3.0,1.0,1.0,0.0,0.0,0.0,0.0,3.0,2.0,0.0,2.0,3.0,2.0,3.0,2.0,2.0,3.0,2.0,2.0,0.0,0.0,1.0,3.0,0.0,2.0,1.0,1.0,2.0,1.0,1.0,2.0,1.0,2.0,2.0,1.0,1.0,1.0,1.0,1.0,1.0,1.0,1.0,1.0,2.0,2.0,3.0,4.0,3.0,4.0,2.0,2.0,2.0,2.0,1.0,1.0,2.0,1.0,1.0,0.0,0.0,0.0,2.0,0.0,1.0,1.0,1.0,2.0,1.0,1.0,0.0,0.0,1.0,1.0,2.0,1.0,1.0,1.0,1.0,2.0,0.0,1.0,1.0,1.0,1.0,1.0,1.0,1.0,1.0,1.0,0.0,0.0,0.0,0.0,0.0,1.0,1.0,1.0,1.0,1.0,0.0,0.0,0.0,0.0,0.0,1.0,3.0,1.0,1.0,1.0,4.0,0.0,0.0,0.0,0.0, 'umiarkowany'
FF4671,0,0,0,0,0,3,2,1,5,0,0,0,0,0,0,0,4,2,0,0,0,0,0,0,0,2,5,0,3,5,0.0,0.0,2.0,0.0,3.0,0.0,3.0,1.0,1.0,0.0,0.0,0.0,0.0,3.0,2.0,0.0,2.0,3.0,2.0,3.0,2.0,2.0,3.0,2.0,2.0,0.0,0.0,1.0,3.0,0.0,1.0,1.0,1.0,1.0,1.0,1.0,1.0,1.0,3.0,3.0,1.0,1.0,1.0,1.0,1.0,1.0,1.0,4.0,3.0,4.0,2.0,2.0,4.0,2.0,2.0,2.0,1.0,2.0,4.0,3.0,0.0,0.0,1.0,0.0,0.0,0.0,0.0,2.0,0.0,1.0,1.0,0.0,2.0,1.0,1.0,0.0,0.0,1.0,2.0,3.0,0.0,0.0,0.0,0.0,1.0,0.0,2.0,1.0,1.0,1.0,1.0,1.0,1.0,1.0,1.0,0.0,0.0,0.0,0.0,0.0,1.0,1.0,1.0,1.0,1.0,0.0,0.0,0.0,0.0,0.0,1.0,3.0,1.0,1.0,1.0,4.0,0.0,0.0,0.0,0.0, 'umiarkowany'
FF4681,0,0,0,0,0,2,1,1,5,1,0,0,0,0,0,1,2,2,2,2,0,0,0,0,0,1,5,0,2,5,0.0,0.0,1.0,0.0,1.0,0.0,2.0,1.0,1.0,0.0,0.0,0.0,0.0,3.0,1.0,0.0,2.0,2.0,2.0,3.0,1.0,1.0,1.0,1.0,1.0,0.0,0.0,3.0,3.0,0.0,0.0,1.0,0.0,0.0,1.0,1.0,2.0,1.0,3.0,4.0,0.0,0.0,1.0,0.0,1.0,1.0,2.0,3.0,4.0,4.0,0.0,1.0,2.0,1.0,1.0,3.0,2.0,3.0,4.0,3.0,0.0,0.0,0.0,0.0,0.0,0.0,0.0,2.0,1.0,1.0,0.0,0.0,0.0,0.0,0.0,1.0,0.0,1.0,1.0,1.0,0.0,0.0,0.0,0.0,1.0,0.0,1.0,1.0,1.0,1.0,0.0,0.0,0.0,0.0,0.0,0.0,0.0,0.0,0.0,0.0,0.0,0.0,0.0,0.0,0.0,0.0,0.0,0.0,0.0,0.0,0.0,0.0,0.0,0.0,0.0,4.0,0.0,0.0,3.0,0.0, 'slaby'
FF4691,0,0,0,0,0,3,2,1,5,1,0,0,0,0,0,2,2,2,1,1,0,0,0,0,0,1,5,0,2,5,0.0,0.0,1.0,0.0,1.0,0.0,2.0,1.0,1.0,0.0,0.0,0.0,0.0,1.0,1.0,0.0,1.0,2.0,2.0,2.0,1.0,1.0,1.0,1.0,1.0,0.0,0.0,1.0,3.0,0.0,1.0,1.0,0.0,0.0,1.0,1.0,2.0,1.0,3.0,3.0,1.0,0.0,1.0,0.0,0.0,1.0,1.0,4.0,4.0,3.0,1.0,1.0,2.0,1.0,1.0,4.0,3.0,4.0,3.0,4.0,0.0,0.0,0.0,0.0,0.0,0.0,0.0,2.0,0.0,1.0,0.0,0.0,0.0,0.0,0.0,0.0,0.0,1.0,2.0,1.0,0.0,0.0,0.0,0.0,1.0,0.0,2.0,1.0,1.0,1.0,0.0,0.0,0.0,0.0,0.0,0.0,0.0,0.0,0.0,0.0,0.0,0.0,0.0,0.0,0.0,0.0,0.0,0.0,0.0,0.0,0.0,0.0,0.0,0.0,0.0,5.0,0.0,0.0,3.0,0.0, 'slaby'
FF3660,0,0,0,0,0,4,5,1,3,0,0,0,0,0,0,0,4,2,0,0,0,0,0,0,0,1,4,0,3,5,0.0,0.0,1.0,0.0,1.0,0.0,2.0,1.0,1.0,0.0,0.0,0.0,0.0,1.0,1.0,0.0,1.0,2.0,2.0,2.0,1.0,1.0,1.0,1.0,1.0,0.0,0.0,1.0,3.0,0.0,1.0,1.0,0.0,0.0,1.0,1.0,1.0,0.0,2.0,2.0,0.0,0.0,1.0,0.0,0.0,1.0,1.0,3.0,5.0,3.0,1.0,1.0,3.0,0.0,0.0,2.0,3.0,2.0,3.0,4.0,0.0,0.0,0.0,0.0,0.0,0.0,0.0,2.0,0.0,1.0,0.0,0.0,0.0,0.0,0.0,0.0,0.0,1.0,2.0,1.0,0.0,0.0,0.0,0.0,1.0,0.0,2.0,0.0,1.0,1.0,0.0,0.0,0.0,0.0,0.0,0.0,0.0,0.0,0.0,0.0,0.0,0.0,0.0,0.0,0.0,0.0,0.0,0.0,0.0,0.0,0.0,0.0,0.0,0.0,0.0,4.0,0.0,0.0,0.0,0.0, 'zly'
FF3670,0,0,0,0,0,4,5,2,3,0,0,0,0,0,0,0,4,2,0,0,0,0,0,0,0,2,3,0,4,5,0.0,0.0,1.0,0.0,2.0,0.0,2.0,1.0,1.0,0.0,0.0,0.0,0.0,2.0,2.0,0.0,1.0,2.0,2.0,2.0,3.0,4.0,4.0,2.0,2.0,0.0,0.0,1.0,3.0,0.0,1.0,1.0,1.0,1.0,1.0,1.0,2.0,0.0,2.0,2.0,1.0,1.0,2.0,1.0,3.0,1.0,1.0,4.0,4.0,2.0,1.0,2.0,4.0,2.0,2.0,2.0,3.0,2.0,2.0,4.0,0.0,0.0,0.0,0.0,0.0,0.0,0.0,2.0,0.0,1.0,0.0,0.0,0.0,0.0,0.0,0.0,0.0,1.0,2.0,4.0,0.0,3.0,0.0,0.0,1.0,0.0,3.0,0.0,1.0,3.0,0.0,0.0,0.0,0.0,0.0,0.0,0.0,0.0,0.0,0.0,0.0,0.0,0.0,0.0,0.0,0.0,0.0,0.0,0.0,0.0,0.0,0.0,0.0,0.0,0.0,4.0,0.0,0.0,0.0,0.0, 'slaby'
FF3680,4,4,3,3,1,0,0,0,0,0,1,4,2,3,4,0,0,0,0,0,5,5,4,3,5,0,0,0,0,0,0.0,0.0,2.0,0.0,2.0,0.0,2.0,1.0,1.0,0.0,0.0,0.0,0.0,3.0,3.0,0.0,2.0,2.0,2.0,3.0,5.0,3.0,5.0,2.0,2.0,0.0,0.0,3.0,3.0,0.0,3.0,2.0,2.0,2.0,2.0,0.0,3.0,0.0,2.0,2.0,2.0,1.0,1.0,3.0,4.0,3.0,3.0,2.0,2.0,1.0,3.0,5.0,3.0,5.0,4.0,2.0,4.0,2.0,1.0,1.0,1.0,2.0,1.0,4.0,3.0,0.0,0.0,1.0,0.0,1.0,1.0,4.0,1.0,1.0,1.0,0.0,0.0,1.0,1.0,1.0,1.0,2.0,2.0,1.0,2.0,0.0,1.0,0.0,0.0,1.0,1.0,1.0,1.0,1.0,1.0,0.0,0.0,0.0,0.0,0.0,1.0,1.0,1.0,1.0,1.0,0.0,0.0,0.0,0.0,0.0,1.0,3.0,1.0,1.0,1.0,3.0,0.0,0.0,0.0,0.0, 'dobry'
FF3690,0,0,0,0,0,4,2,1,5,1,0,0,0,0,0,3,4,2,4,4,0,0,0,0,0,5,5,1,1,5,0.0,0.0,2.0,0.0,2.0,0.0,3.0,1.0,1.0,0.0,0.0,0.0,0.0,3.0,2.0,0.0,2.0,3.0,2.0,3.0,2.0,2.0,3.0,2.0,2.0,0.0,0.0,3.0,3.0,0.0,1.0,1.0,1.0,1.0,1.0,1.0,2.0,1.0,2.0,2.0,1.0,1.0,1.0,1.0,1.0,2.0,2.0,2.0,2.0,2.0,2.0,3.0,4.0,4.0,4.0,3.0,2.0,3.0,2.0,2.0,1.0,2.0,1.0,1.0,0.0,1.0,1.0,2.0,1.0,2.0,1.0,1.0,2.0,1.0,1.0,1.0,1.0,2.0,2.0,3.0,1.0,1.0,1.0,1.0,2.0,1.0,2.0,1.0,1.0,1.0,1.0,1.0,1.0,1.0,1.0,0.0,0.0,0.0,2.0,2.0,1.0,1.0,1.0,1.0,1.0,0.0,0.0,0.0,0.0,0.0,1.0,3.0,1.0,1.0,1.0,3.0,0.0,0.0,0.0,0.0, 'bardzo dobry'
FF4600,0,0,0,0,0,2,1,1,5,1,0,0,0,0,0,2,2,3,3,2,0,0,0,0,0,4,5,1,2,5,0.0,0.0,2.0,0.0,2.0,0.0,2.0,1.0,1.0,0.0,0.0,0.0,0.0,3.0,3.0,0.0,2.0,2.0,5.0,3.0,2.0,2.0,5.0,2.0,2.0,0.0,0.0,3.0,5.0,0.0,3.0,1.0,1.0,1.0,2.0,1.0,4.0,1.0,3.0,4.0,1.0,1.0,1.0,1.0,3.0,4.0,3.0,2.0,3.0,3.0,1.0,3.0,4.0,5.0,3.0,4.0,4.0,4.0,3.0,2.0,0.0,0.0,1.0,0.0,0.0,1.0,1.0,2.0,1.0,3.0,1.0,0.0,2.0,1.0,1.0,1.0,1.0,3.0,3.0,1.0,0.0,3.0,0.0,0.0,1.0,1.0,3.0,2.0,2.0,3.0,1.0,1.0,1.0,1.0,1.0,0.0,0.0,0.0,2.0,2.0,1.0,1.0,1.0,1.0,1.0,0.0,0.0,0.0,0.0,0.0,1.0,1.0,1.0,1.0,1.0,4.0,0.0,0.0,0.0,0.0, 'bardzo dobry'
FF4610,4,1,4,4,1,0,0,0,0,0,2,4,2,1,1,0,0,0,0,0,4,4,3,3,5,0,0,0,0,0,0.0,0.0,2.0,0.0,2.0,0.0,2.0,1.0,1.0,0.0,0.0,0.0,0.0,4.0,4.0,0.0,2.0,2.0,5.0,3.0,3.0,3.0,5.0,3.0,2.0,0.0,0.0,3.0,5.0,0.0,3.0,2.0,2.0,2.0,3.0,0.0,3.0,0.0,2.0,2.0,2.0,1.0,1.0,3.0,3.0,4.0,3.0,1.0,2.0,1.0,3.0,5.0,4.0,5.0,4.0,3.0,3.0,3.0,1.0,1.0,1.0,4.0,3.0,3.0,0.0,0.0,0.0,1.0,0.0,1.0,1.0,4.0,1.0,1.0,1.0,0.0,0.0,1.0,1.0,1.0,1.0,2.0,2.0,1.0,2.0,0.0,1.0,0.0,1.0,1.0,1.0,1.0,1.0,1.0,1.0,0.0,0.0,0.0,0.0,0.0,1.0,1.0,1.0,1.0,1.0,0.0,0.0,0.0,0.0,0.0,1.0,4.0,3.0,1.0,1.0,4.0,0.0,0.0,0.0,0.0, 'bardzo dobry'
FF4620,4,2,3,3,1,0,0,0,0,0,4,4,2,4,4,0,0,0,0,0,5,3,4,5,5,0,0,0,0,0,0.0,0.0,2.0,0.0,2.0,0.0,1.0,1.0,1.0,0.0,0.0,0.0,0.0,4.0,3.0,0.0,2.0,1.0,2.0,3.0,3.0,3.0,5.0,3.0,2.0,0.0,0.0,3.0,3.0,0.0,3.0,2.0,2.0,2.0,3.0,0.0,2.0,0.0,1.0,1.0,2.0,1.0,1.0,4.0,3.0,5.0,5.0,1.0,1.0,1.0,3.0,4.0,3.0,4.0,5.0,2.0,2.0,2.0,1.0,1.0,1.0,2.0,1.0,4.0,0.0,0.0,0.0,0.0,0.0,0.0,1.0,4.0,1.0,1.0,2.0,0.0,0.0,0.0,0.0,0.0,2.0,2.0,2.0,2.0,2.0,0.0,0.0,0.0,0.0,0.0,1.0,1.0,1.0,1.0,1.0,0.0,0.0,0.0,0.0,0.0,1.0,1.0,1.0,1.0,1.0,0.0,2.0,2.0,0.0,0.0,1.0,3.0,1.0,1.0,1.0,0.0,0.0,0.0,0.0,0.0, 'dobry'
FF4630,4,4,1,3,1,0,0,0,0,0,2,4,2,1,1,0,0,0,0,0,5,4,3,5,5,0,0,0,0,0,0.0,0.0,2.0,0.0,2.0,0.0,1.0,1.0,1.0,0.0,0.0,0.0,0.0,4.0,2.0,0.0,1.0,1.0,1.0,1.0,5.0,4.0,5.0,3.0,2.0,0.0,0.0,1.0,1.0,0.0,2.0,2.0,2.0,2.0,3.0,0.0,1.0,0.0,1.0,1.0,1.0,2.0,1.0,2.0,3.0,1.0,1.0,1.0,1.0,1.0,3.0,4.0,2.0,4.0,4.0,1.0,1.0,1.0,1.0,1.0,1.0,2.0,1.0,3.0,0.0,0.0,0.0,0.0,0.0,0.0,1.0,4.0,1.0,1.0,2.0,0.0,0.0,0.0,0.0,0.0,2.0,2.0,2.0,2.0,2.0,0.0,0.0,0.0,0.0,0.0,1.0,1.0,1.0,1.0,1.0,0.0,0.0,0.0,0.0,0.0,1.0,1.0,1.0,1.0,1.0,0.0,2.0,2.0,0.0,0.0,1.0,3.0,1.0,1.0,1.0,0.0,0.0,0.0,0.0,0.0, 'slaby'
FF4640,3,5,2,5,1,0,0,0,0,0,3,3,2,2,2,0,0,0,0,0,4,5,1,5,5,0,0,0,0,0,0.0,0.0,2.0,0.0,2.0,0.0,2.0,1.0,1.0,0.0,0.0,0.0,0.0,5.0,2.0,0.0,2.0,2.0,2.0,3.0,2.0,4.0,4.0,3.0,2.0,0.0,0.0,3.0,3.0,0.0,1.0,1.0,1.0,1.0,1.0,1.0,2.0,1.0,2.0,2.0,1.0,1.0,1.0,1.0,1.0,3.0,3.0,1.0,2.0,2.0,2.0,3.0,2.0,3.0,4.0,3.0,3.0,3.0,2.0,1.0,1.0,2.0,1.0,1.0,1.0,0.0,0.0,2.0,0.0,1.0,1.0,1.0,1.0,1.0,1.0,0.0,0.0,1.0,1.0,2.0,1.0,1.0,1.0,1.0,2.0,0.0,1.0,1.0,1.0,1.0,1.0,1.0,1.0,1.0,1.0,0.0,0.0,0.0,0.0,0.0,1.0,1.0,1.0,1.0,1.0,0.0,2.0,2.0,0.0,0.0,1.0,3.0,1.0,1.0,1.0,0.0,0.0,0.0,0.0,0.0, 'umiarkowany'
FF4650,0,0,0,0,0,3,5,2,5,1,0,0,0,0,0,3,4,2,2,2,0,0,0,0,0,2,5,0,4,5,0.0,0.0,2.0,0.0,2.0,0.0,2.0,1.0,1.0,0.0,0.0,0.0,0.0,3.0,2.0,0.0,2.0,2.0,2.0,3.0,2.0,2.0,3.0,2.0,2.0,0.0,0.0,3.0,3.0,0.0,1.0,1.0,1.0,1.0,1.0,1.0,2.0,1.0,4.0,4.0,1.0,1.0,1.0,1.0,1.0,3.0,2.0,3.0,3.0,3.0,1.0,2.0,3.0,2.0,2.0,3.0,2.0,3.0,2.0,3.0,0.0,0.0,1.0,0.0,0.0,0.0,0.0,4.0,0.0,1.0,1.0,0.0,0.0,1.0,1.0,0.0,0.0,1.0,2.0,3.0,0.0,0.0,0.0,0.0,1.0,0.0,2.0,1.0,1.0,1.0,1.0,1.0,1.0,1.0,1.0,0.0,0.0,0.0,0.0,0.0,1.0,1.0,1.0,1.0,1.0,0.0,0.0,0.0,0.0,0.0,1.0,1.0,1.0,1.0,1.0,4.0,0.0,0.0,3.0,0.0, 'dobry'
FF4660,0,0,0,0,0,3,4,1,5,1,0,0,0,0,0,2,2,2,2,2,0,0,0,0,0,1,5,0,3,5,0.0,0.0,1.0,0.0,2.0,0.0,2.0,1.0,1.0,0.0,0.0,0.0,0.0,3.0,2.0,0.0,2.0,2.0,2.0,3.0,2.0,2.0,3.0,2.0,2.0,0.0,0.0,3.0,3.0,0.0,1.0,1.0,1.0,1.0,1.0,1.0,2.0,1.0,3.0,4.0,1.0,1.0,1.0,1.0,1.0,2.0,1.0,2.0,3.0,3.0,1.0,1.0,2.0,2.0,2.0,3.0,2.0,3.0,3.0,3.0,0.0,0.0,1.0,0.0,0.0,0.0,0.0,2.0,0.0,1.0,1.0,0.0,2.0,1.0,1.0,0.0,0.0,1.0,2.0,1.0,0.0,0.0,0.0,0.0,1.0,0.0,2.0,1.0,1.0,1.0,0.0,0.0,0.0,0.0,0.0,0.0,0.0,0.0,0.0,0.0,0.0,0.0,0.0,0.0,0.0,0.0,0.0,0.0,0.0,0.0,0.0,0.0,0.0,0.0,0.0,4.0,0.0,0.0,2.0,0.0, 'umiarkowany'
FF4670,0,0,0,0,0,2,2,1,5,1,0,0,0,0,0,1,2,2,2,2,0,0,0,0,0,2,5,0,4,5,0.0,0.0,2.0,0.0,3.0,0.0,3.0,1.0,1.0,0.0,0.0,0.0,0.0,3.0,2.0,0.0,2.0,3.0,2.0,3.0,2.0,2.0,2.0,2.0,2.0,0.0,0.0,3.0,3.0,0.0,1.0,1.0,1.0,1.0,1.0,1.0,1.0,2.0,3.0,3.0,1.0,1.0,1.0,1.0,1.0,2.0,2.0,1.0,2.0,3.0,1.0,1.0,2.0,2.0,2.0,2.0,1.0,2.0,3.0,2.0,0.0,0.0,1.0,0.0,0.0,0.0,0.0,2.0,0.0,1.0,1.0,0.0,2.0,1.0,1.0,0.0,0.0,1.0,1.0,1.0,0.0,0.0,0.0,0.0,1.0,0.0,1.0,1.0,1.0,1.0,1.0,1.0,1.0,1.0,1.0,0.0,0.0,0.0,0.0,0.0,1.0,1.0,1.0,1.0,1.0,0.0,2.0,0.0,0.0,0.0,1.0,1.0,1.0,1.0,1.0,4.0,0.0,0.0,2.0,0.0, 'umiarkowany'
FF4680,0,0,0,0,0,2,2,1,5,1,0,0,0,0,0,1,3,2,2,2,0,0,0,0,0,1,5,0,2,5,0.0,0.0,1.0,0.0,3.0,0.0,2.0,1.0,1.0,0.0,0.0,0.0,0.0,3.0,2.0,0.0,2.0,2.0,2.0,3.0,2.0,2.0,2.0,2.0,2.0,0.0,0.0,3.0,3.0,0.0,1.0,1.0,1.0,1.0,1.0,1.0,1.0,1.0,5.0,5.0,1.0,1.0,1.0,1.0,1.0,1.0,1.0,2.0,3.0,3.0,1.0,2.0,3.0,1.0,2.0,2.0,3.0,2.0,3.0,4.0,0.0,0.0,0.0,0.0,0.0,0.0,0.0,2.0,0.0,1.0,0.0,0.0,0.0,0.0,0.0,0.0,0.0,1.0,1.0,3.0,0.0,0.0,0.0,0.0,1.0,0.0,1.0,1.0,0.0,1.0,0.0,0.0,0.0,0.0,0.0,0.0,0.0,0.0,0.0,0.0,0.0,0.0,0.0,0.0,0.0,0.0,0.0,0.0,0.0,0.0,0.0,0.0,0.0,0.0,0.0,4.0,0.0,0.0,3.0,0.0, 'slaby'
FF4690,0,0,0,0,0,2,1,1,5,1,0,0,0,0,0,2,2,2,2,2,0,0,0,0,0,2,5,0,2,5,0.0,0.0,1.0,0.0,1.0,0.0,2.0,1.0,1.0,0.0,0.0,0.0,0.0,3.0,1.0,0.0,2.0,2.0,2.0,3.0,1.0,1.0,2.0,1.0,1.0,0.0,0.0,3.0,3.0,0.0,1.0,1.0,0.0,1.0,1.0,1.0,3.0,1.0,3.0,4.0,1.0,0.0,1.0,0.0,0.0,2.0,2.0,4.0,4.0,3.0,1.0,1.0,2.0,1.0,1.0,4.0,3.0,4.0,3.0,4.0,0.0,0.0,0.0,0.0,0.0,0.0,0.0,2.0,0.0,1.0,0.0,0.0,0.0,0.0,0.0,0.0,0.0,1.0,2.0,1.0,0.0,3.0,0.0,0.0,1.0,0.0,3.0,1.0,1.0,3.0,0.0,0.0,0.0,0.0,0.0,0.0,0.0,0.0,0.0,0.0,0.0,0.0,0.0,0.0,0.0,0.0,0.0,0.0,0.0,0.0,0.0,0.0,0.0,0.0,0.0,4.0,0.0,0.0,3.0,0.0, 'slaby'
FF3569,0,0,0,0,0,4,4,3,2,0,0,0,0,0,0,3,4,2,1,1,0,0,0,0,0,1,2,0,5,5,0.0,0.0,1.0,0.0,3.0,0.0,2.0,1.0,1.0,0.0,0.0,0.0,0.0,3.0,2.0,0.0,1.0,2.0,2.0,2.0,2.0,2.0,3.0,2.0,3.0,0.0,0.0,1.0,3.0,0.0,1.0,1.0,1.0,1.0,1.0,1.0,1.0,0.0,3.0,3.0,1.0,1.0,2.0,1.0,1.0,1.0,1.0,3.0,4.0,2.0,1.0,2.0,3.0,1.0,2.0,1.0,1.0,1.0,2.0,4.0,0.0,0.0,0.0,0.0,0.0,0.0,0.0,2.0,0.0,1.0,0.0,0.0,0.0,0.0,0.0,0.0,0.0,1.0,1.0,4.0,0.0,0.0,0.0,0.0,1.0,0.0,1.0,0.0,1.0,1.0,0.0,0.0,0.0,0.0,0.0,0.0,0.0,0.0,0.0,0.0,0.0,0.0,0.0,0.0,0.0,0.0,0.0,0.0,0.0,0.0,0.0,0.0,0.0,0.0,0.0,4.0,0.0,0.0,0.0,0.0, 'slaby'
FF3579,0,0,0,0,0,4,5,1,3,0,0,0,0,0,0,0,4,2,0,0,0,0,0,0,0,1,3,0,5,5,0.0,0.0,2.0,0.0,2.0,0.0,2.0,1.0,1.0,0.0,0.0,0.0,0.0,3.0,3.0,0.0,1.0,2.0,2.0,2.0,4.0,5.0,4.0,3.0,2.0,0.0,0.0,1.0,3.0,0.0,1.0,1.0,1.0,1.0,1.0,1.0,1.0,1.0,3.0,3.0,1.0,1.0,1.0,3.0,3.0,1.0,1.0,1.0,3.0,3.0,2.0,3.0,3.0,3.0,2.0,1.0,1.0,1.0,2.0,3.0,0.0,0.0,1.0,0.0,0.0,0.0,0.0,2.0,0.0,1.0,1.0,0.0,2.0,1.0,1.0,0.0,0.0,1.0,1.0,3.0,0.0,0.0,0.0,0.0,1.0,0.0,1.0,0.0,1.0,1.0,0.0,0.0,0.0,0.0,0.0,0.0,0.0,0.0,0.0,0.0,0.0,0.0,0.0,0.0,0.0,0.0,0.0,0.0,0.0,0.0,0.0,0.0,0.0,0.0,0.0,3.0,0.0,0.0,0.0,0.0, 'umiarkowany'
FF3589,4,4,4,5,1,0,0,0,0,0,1,4,3,3,4,0,0,0,0,0,5,5,4,4,5,0,0,0,0,0,0.0,0.0,2.0,0.0,2.0,0.0,1.0,1.0,1.0,0.0,0.0,0.0,0.0,5.0,3.0,0.0,2.0,1.0,2.0,3.0,4.0,5.0,5.0,3.0,2.0,0.0,0.0,3.0,3.0,0.0,2.0,2.0,2.0,2.0,2.0,0.0,2.0,0.0,2.0,2.0,2.0,1.0,1.0,1.0,4.0,5.0,3.0,1.0,1.0,1.0,3.0,4.0,3.0,5.0,4.0,2.0,3.0,2.0,1.0,1.0,1.0,2.0,1.0,4.0,0.0,0.0,0.0,1.0,0.0,1.0,2.0,4.0,1.0,1.0,1.0,0.0,0.0,1.0,1.0,1.0,1.0,1.0,1.0,1.0,2.0,0.0,1.0,1.0,0.0,1.0,1.0,1.0,1.0,1.0,1.0,0.0,0.0,0.0,0.0,0.0,1.0,1.0,1.0,1.0,1.0,0.0,0.0,0.0,0.0,0.0,1.0,3.0,1.0,1.0,1.0,0.0,0.0,0.0,0.0,0.0, 'dobry'
FF3599,0,0,0,0,0,4,3,1,5,0,0,0,0,0,0,0,4,2,0,0,0,0,0,0,0,2,5,0,3,5,0.0,0.0,1.0,0.0,2.0,0.0,2.0,1.0,1.0,0.0,0.0,0.0,0.0,4.0,2.0,0.0,1.0,2.0,2.0,2.0,2.0,2.0,3.0,2.0,2.0,0.0,0.0,1.0,3.0,0.0,1.0,1.0,1.0,1.0,1.0,1.0,2.0,1.0,3.0,3.0,1.0,1.0,1.0,1.0,1.0,1.0,1.0,3.0,3.0,4.0,1.0,2.0,3.0,2.0,4.0,2.0,2.0,2.0,4.0,3.0,0.0,0.0,1.0,0.0,0.0,0.0,0.0,2.0,0.0,1.0,1.0,0.0,2.0,1.0,1.0,0.0,0.0,1.0,1.0,3.0,0.0,0.0,0.0,0.0,1.0,0.0,1.0,1.0,1.0,1.0,0.0,0.0,0.0,0.0,0.0,0.0,0.0,0.0,0.0,0.0,0.0,0.0,0.0,0.0,0.0,0.0,0.0,0.0,0.0,0.0,0.0,0.0,0.0,0.0,0.0,4.0,0.0,0.0,3.0,0.0, 'umiarkowany'
FF4509,0,0,0,0,0,3,1,1,4,1,0,0,0,0,0,3,2,2,3,3,0,0,0,0,0,3,4,1,3,5,0.0,0.0,1.0,0.0,1.0,0.0,2.0,1.0,1.0,0.0,0.0,0.0,0.0,3.0,1.0,0.0,2.0,2.0,5.0,3.0,1.0,1.0,2.0,1.0,1.0,0.0,0.0,3.0,5.0,0.0,1.0,1.0,0.0,1.0,1.0,1.0,2.0,1.0,5.0,5.0,0.0,0.0,2.0,0.0,0.0,2.0,2.0,3.0,4.0,3.0,1.0,1.0,2.0,1.0,1.0,3.0,3.0,3.0,3.0,3.0,0.0,0.0,0.0,0.0,0.0,1.0,1.0,2.0,0.0,3.0,0.0,0.0,0.0,0.0,0.0,0.0,1.0,3.0,3.0,1.0,0.0,3.0,0.0,0.0,1.0,1.0,3.0,0.0,2.0,3.0,0.0,0.0,0.0,0.0,0.0,0.0,0.0,0.0,0.0,0.0,0.0,0.0,0.0,0.0,0.0,0.0,0.0,0.0,0.0,0.0,0.0,0.0,0.0,0.0,0.0,3.0,0.0,0.0,3.0,0.0, 'umiarkowany'
FF4519,0,0,0,0,0,4,1,1,5,1,0,0,0,0,0,3,3,2,3,4,0,0,0,0,0,4,5,0,4,5,0.0,0.0,1.0,0.0,2.0,0.0,2.0,1.0,1.0,0.0,0.0,0.0,0.0,4.0,3.0,0.0,2.0,2.0,5.0,3.0,2.0,2.0,5.0,3.0,2.0,0.0,0.0,3.0,5.0,0.0,1.0,1.0,0.0,1.0,1.0,1.0,3.0,1.0,3.0,4.0,1.0,1.0,1.0,1.0,3.0,3.0,2.0,3.0,3.0,3.0,1.0,1.0,3.0,2.0,2.0,4.0,3.0,4.0,3.0,3.0,0.0,0.0,0.0,0.0,0.0,0.0,0.0,2.0,0.0,4.0,0.0,0.0,0.0,0.0,0.0,0.0,0.0,4.0,4.0,1.0,0.0,0.0,0.0,0.0,1.0,0.0,4.0,1.0,3.0,3.0,1.0,1.0,1.0,1.0,1.0,0.0,0.0,0.0,2.0,2.0,1.0,1.0,1.0,1.0,1.0,0.0,0.0,0.0,0.0,0.0,1.0,1.0,1.0,1.0,1.0,4.0,0.0,0.0,0.0,0.0, 'dobry'
FF4529,4,2,1,3,1,0,0,0,0,0,1,4,2,2,2,0,0,0,0,0,5,4,4,5,5,0,0,0,0,0,0.0,0.0,2.0,0.0,2.0,0.0,1.0,1.0,1.0,0.0,0.0,0.0,0.0,4.0,3.0,0.0,1.0,1.0,2.0,2.0,4.0,4.0,5.0,2.0,2.0,0.0,0.0,1.0,3.0,0.0,3.0,2.0,2.0,2.0,2.0,0.0,1.0,0.0,1.0,1.0,1.0,1.0,1.0,1.0,3.0,2.0,2.0,1.0,1.0,1.0,2.0,5.0,3.0,4.0,4.0,1.0,3.0,1.0,1.0,1.0,1.0,2.0,1.0,4.0,0.0,0.0,0.0,1.0,0.0,1.0,1.0,4.0,2.0,1.0,2.0,0.0,0.0,1.0,1.0,1.0,2.0,2.0,2.0,2.0,2.0,0.0,1.0,0.0,0.0,1.0,1.0,1.0,1.0,1.0,1.0,0.0,0.0,0.0,0.0,0.0,1.0,1.0,1.0,1.0,1.0,0.0,0.0,0.0,0.0,0.0,1.0,3.0,1.0,1.0,1.0,0.0,0.0,0.0,0.0,0.0, 'umiarkowany'
FF4539,4,4,2,2,1,0,0,0,0,0,4,4,2,1,1,0,0,0,0,0,5,3,4,5,5,0,0,0,0,0,0.0,0.0,2.0,0.0,2.0,0.0,1.0,1.0,1.0,0.0,0.0,0.0,0.0,5.0,2.0,0.0,1.0,1.0,1.0,1.0,5.0,5.0,5.0,2.0,2.0,0.0,0.0,1.0,1.0,0.0,2.0,2.0,2.0,2.0,3.0,0.0,1.0,0.0,1.0,1.0,1.0,1.0,1.0,1.0,4.0,1.0,1.0,1.0,1.0,1.0,3.0,5.0,3.0,4.0,5.0,1.0,1.0,1.0,1.0,1.0,1.0,2.0,1.0,4.0,0.0,0.0,0.0,0.0,0.0,0.0,1.0,4.0,2.0,1.0,2.0,0.0,0.0,0.0,0.0,0.0,2.0,2.0,2.0,2.0,2.0,0.0,0.0,0.0,0.0,0.0,1.0,1.0,1.0,1.0,1.0,0.0,0.0,0.0,0.0,0.0,1.0,1.0,1.0,1.0,1.0,0.0,0.0,0.0,0.0,0.0,1.0,3.0,1.0,1.0,1.0,0.0,0.0,0.0,0.0,0.0, 'slaby'
FF4549,4,5,2,4,0,0,0,0,0,0,0,4,2,0,0,0,0,0,0,0,5,5,1,5,5,0,0,0,0,0,0.0,0.0,2.0,0.0,2.0,0.0,1.0,1.0,1.0,0.0,0.0,0.0,0.0,5.0,2.0,0.0,1.0,1.0,2.0,2.0,5.0,4.0,5.0,3.0,2.0,0.0,0.0,1.0,3.0,0.0,2.0,2.0,2.0,2.0,2.0,0.0,2.0,1.0,1.0,1.0,1.0,1.0,1.0,1.0,3.0,1.0,1.0,1.0,1.0,1.0,3.0,4.0,2.0,4.0,5.0,1.0,2.0,1.0,2.0,1.0,1.0,2.0,1.0,1.0,3.0,0.0,0.0,1.0,0.0,0.0,1.0,1.0,1.0,1.0,1.0,0.0,0.0,0.0,0.0,1.0,1.0,2.0,1.0,1.0,2.0,0.0,1.0,0.0,0.0,1.0,1.0,1.0,1.0,1.0,1.0,0.0,0.0,0.0,0.0,0.0,1.0,1.0,1.0,1.0,1.0,0.0,0.0,0.0,0.0,0.0,1.0,3.0,1.0,1.0,1.0,0.0,0.0,0.0,0.0,0.0, 'slaby'
FF4559,3,5,2,5,1,0,0,0,0,0,3,3,2,2,2,0,0,0,0,0,2,5,1,3,5,0,0,0,0,0,0.0,0.0,2.0,0.0,2.0,0.0,2.0,1.0,1.0,0.0,0.0,0.0,0.0,3.0,2.0,0.0,2.0,2.0,2.0,3.0,5.0,3.0,4.0,2.0,2.0,0.0,0.0,3.0,3.0,0.0,1.0,1.0,1.0,1.0,1.0,1.0,2.0,1.0,3.0,3.0,1.0,1.0,1.0,1.0,3.0,3.0,3.0,1.0,2.0,2.0,2.0,3.0,2.0,3.0,3.0,3.0,2.0,3.0,2.0,2.0,1.0,2.0,1.0,1.0,0.0,0.0,0.0,2.0,0.0,1.0,1.0,1.0,2.0,1.0,1.0,0.0,0.0,1.0,1.0,3.0,1.0,1.0,1.0,1.0,2.0,0.0,1.0,1.0,1.0,1.0,1.0,1.0,1.0,1.0,1.0,0.0,0.0,0.0,0.0,0.0,1.0,1.0,1.0,1.0,1.0,0.0,0.0,0.0,0.0,0.0,1.0,1.0,1.0,1.0,1.0,3.0,0.0,0.0,3.0,0.0, 'umiarkowany'
FF4569,4,5,2,5,1,0,0,0,0,0,2,4,2,1,1,0,0,0,0,0,2,5,0,1,5,0,0,0,0,0,0.0,0.0,2.0,0.0,2.0,0.0,2.0,1.0,1.0,0.0,0.0,0.0,0.0,3.0,2.0,0.0,1.0,2.0,2.0,2.0,2.0,2.0,3.0,2.0,2.0,0.0,0.0,1.0,3.0,0.0,1.0,1.0,1.0,1.0,1.0,1.0,2.0,1.0,3.0,3.0,1.0,1.0,1.0,1.0,1.0,1.0,2.0,3.0,2.0,3.0,1.0,2.0,4.0,3.0,4.0,2.0,1.0,2.0,3.0,2.0,0.0,1.0,0.0,0.0,0.0,0.0,0.0,2.0,1.0,1.0,1.0,0.0,0.0,0.0,0.0,1.0,0.0,1.0,1.0,3.0,0.0,0.0,0.0,0.0,2.0,0.0,1.0,1.0,1.0,1.0,1.0,1.0,1.0,1.0,1.0,0.0,0.0,0.0,0.0,0.0,1.0,1.0,1.0,1.0,1.0,0.0,0.0,0.0,0.0,0.0,1.0,1.0,1.0,1.0,1.0,4.0,0.0,0.0,2.0,0.0, 'slaby'
FF4579,0,0,2,3,0,0,0,0,0,0,0,4,1,0,0,0,0,0,0,0,3,3,0,2,5,0,0,0,0,0,0.0,0.0,2.0,0.0,3.0,0.0,2.0,1.0,1.0,0.0,0.0,0.0,0.0,2.0,2.0,0.0,1.0,2.0,2.0,2.0,2.0,2.0,3.0,2.0,2.0,0.0,0.0,1.0,3.0,0.0,2.0,1.0,1.0,2.0,1.0,1.0,0.0,0.0,2.0,2.0,1.0,1.0,1.0,1.0,1.0,0.0,0.0,2.0,2.0,2.0,2.0,3.0,3.0,3.0,4.0,1.0,1.0,0.0,1.0,2.0,1.0,3.0,2.0,1.0,0.0,0.0,0.0,2.0,0.0,1.0,1.0,1.0,2.0,1.0,1.0,0.0,0.0,1.0,1.0,4.0,1.0,1.0,1.0,1.0,0.0,0.0,1.0,0.0,0.0,1.0,1.0,1.0,1.0,1.0,1.0,0.0,0.0,0.0,0.0,0.0,1.0,1.0,1.0,1.0,1.0,0.0,0.0,0.0,0.0,0.0,1.0,1.0,1.0,1.0,1.0,4.0,0.0,0.0,2.0,0.0, 'zly'
FF4589,0,0,1,3,0,0,0,0,0,0,0,5,1,0,0,0,0,0,0,0,5,3,0,2,4,0,0,0,0,0,0.0,0.0,2.0,0.0,3.0,0.0,2.0,1.0,1.0,0.0,0.0,0.0,0.0,3.0,2.0,0.0,1.0,2.0,2.0,2.0,2.0,2.0,3.0,2.0,2.0,0.0,0.0,1.0,3.0,0.0,2.0,1.0,1.0,2.0,2.0,0.0,0.0,0.0,1.0,1.0,1.0,1.0,1.0,1.0,1.0,0.0,0.0,1.0,2.0,1.0,2.0,3.0,3.0,4.0,5.0,1.0,1.0,0.0,1.0,1.0,1.0,2.0,1.0,1.0,0.0,0.0,0.0,1.0,0.0,1.0,1.0,2.0,2.0,1.0,1.0,0.0,0.0,1.0,1.0,1.0,1.0,1.0,1.0,1.0,0.0,0.0,1.0,0.0,0.0,1.0,1.0,1.0,1.0,1.0,1.0,0.0,0.0,0.0,0.0,0.0,1.0,1.0,1.0,1.0,1.0,0.0,0.0,0.0,0.0,0.0,1.0,3.0,1.0,1.0,1.0,0.0,0.0,0.0,0.0,0.0, 'zly'
FF3568,0,0,1,2,0,0,0,0,0,0,0,4,1,0,0,0,0,0,0,0,5,3,0,5,5,0,0,0,0,0,0.0,0.0,2.0,0.0,3.0,0.0,2.0,1.0,1.0,0.0,0.0,0.0,0.0,2.0,2.0,0.0,1.0,2.0,2.0,2.0,2.0,2.0,3.0,2.0,2.0,0.0,0.0,1.0,3.0,0.0,1.0,1.0,1.0,1.0,2.0,1.0,0.0,1.0,2.0,1.0,1.0,1.0,1.0,1.0,1.0,0.0,0.0,2.0,2.0,2.0,1.0,3.0,2.0,3.0,4.0,1.0,1.0,0.0,2.0,2.0,1.0,2.0,1.0,1.0,0.0,0.0,0.0,1.0,0.0,1.0,1.0,1.0,0.0,1.0,1.0,0.0,0.0,1.0,1.0,2.0,1.0,1.0,1.0,1.0,0.0,0.0,1.0,0.0,0.0,1.0,1.0,1.0,1.0,1.0,1.0,0.0,0.0,0.0,0.0,0.0,1.0,1.0,1.0,1.0,1.0,0.0,0.0,0.0,0.0,0.0,1.0,1.0,1.0,1.0,1.0,0.0,0.0,0.0,0.0,0.0, 'zly'
FF3578,3,3,3,2,1,0,0,0,0,0,2,3,2,1,1,0,0,0,0,0,4,5,1,5,5,0,0,0,0,0,0.0,0.0,2.0,0.0,2.0,0.0,2.0,1.0,1.0,0.0,0.0,0.0,0.0,5.0,3.0,0.0,2.0,2.0,2.0,3.0,3.0,3.0,3.0,3.0,2.0,0.0,0.0,3.0,3.0,0.0,2.0,1.0,1.0,2.0,1.0,1.0,1.0,1.0,3.0,3.0,2.0,1.0,1.0,1.0,1.0,2.0,3.0,1.0,1.0,2.0,2.0,3.0,2.0,4.0,4.0,2.0,1.0,2.0,2.0,1.0,1.0,2.0,1.0,1.0,0.0,0.0,0.0,1.0,0.0,1.0,2.0,1.0,1.0,1.0,2.0,0.0,0.0,1.0,1.0,2.0,2.0,2.0,2.0,2.0,2.0,0.0,1.0,0.0,1.0,1.0,1.0,1.0,1.0,1.0,1.0,0.0,0.0,0.0,0.0,0.0,1.0,1.0,1.0,1.0,1.0,0.0,0.0,0.0,0.0,0.0,1.0,1.0,1.0,1.0,1.0,0.0,0.0,0.0,0.0,0.0, 'umiarkowany'
FF3588,4,2,3,3,1,0,0,0,0,0,2,4,3,3,1,0,0,0,0,0,5,4,3,5,5,0,0,0,0,0,0.0,0.0,2.0,0.0,2.0,0.0,1.0,1.0,1.0,0.0,0.0,0.0,0.0,4.0,2.0,0.0,2.0,1.0,2.0,3.0,3.0,3.0,3.0,3.0,2.0,0.0,0.0,3.0,3.0,0.0,2.0,2.0,2.0,2.0,2.0,0.0,2.0,0.0,2.0,2.0,2.0,1.0,1.0,1.0,4.0,4.0,3.0,1.0,1.0,1.0,3.0,4.0,3.0,5.0,4.0,3.0,3.0,3.0,1.0,1.0,1.0,4.0,3.0,3.0,0.0,0.0,0.0,1.0,0.0,1.0,1.0,4.0,1.0,1.0,1.0,0.0,0.0,1.0,1.0,1.0,1.0,1.0,1.0,1.0,2.0,0.0,1.0,0.0,1.0,1.0,1.0,1.0,1.0,1.0,1.0,0.0,0.0,0.0,0.0,0.0,1.0,1.0,1.0,1.0,1.0,0.0,0.0,0.0,0.0,0.0,1.0,3.0,1.0,1.0,1.0,0.0,0.0,0.0,0.0,0.0, 'dobry'
FF3598,0,0,0,0,0,4,4,2,3,0,0,0,0,0,0,0,5,2,0,0,0,0,0,0,0,1,4,0,5,5,0.0,0.0,2.0,0.0,2.0,0.0,2.0,1.0,1.0,0.0,0.0,0.0,0.0,4.0,2.0,0.0,1.0,2.0,2.0,2.0,2.0,2.0,3.0,2.0,2.0,0.0,0.0,1.0,3.0,0.0,1.0,1.0,1.0,1.0,1.0,1.0,1.0,0.0,3.0,2.0,1.0,1.0,2.0,1.0,1.0,1.0,1.0,3.0,3.0,3.0,1.0,2.0,3.0,3.0,4.0,1.0,2.0,1.0,3.0,3.0,0.0,4.0,3.0,0.0,0.0,0.0,0.0,2.0,0.0,1.0,1.0,0.0,2.0,1.0,1.0,0.0,0.0,1.0,1.0,4.0,0.0,0.0,0.0,0.0,1.0,0.0,1.0,0.0,1.0,1.0,1.0,1.0,1.0,1.0,1.0,0.0,0.0,0.0,0.0,0.0,1.0,1.0,1.0,1.0,1.0,0.0,0.0,0.0,0.0,0.0,1.0,1.0,1.0,1.0,1.0,4.0,0.0,0.0,3.0,0.0, 'dobry'
FF4508,0,0,0,0,0,4,3,1,3,1,0,0,0,0,0,2,4,2,1,1,0,0,0,0,0,1,4,0,5,5,0.0,0.0,1.0,0.0,1.0,0.0,2.0,1.0,1.0,0.0,0.0,0.0,0.0,1.0,1.0,0.0,1.0,2.0,2.0,2.0,1.0,1.0,2.0,1.0,1.0,0.0,0.0,1.0,3.0,0.0,1.0,1.0,0.0,1.0,1.0,1.0,2.0,1.0,3.0,3.0,0.0,0.0,2.0,0.0,0.0,2.0,3.0,4.0,4.0,3.0,1.0,1.0,3.0,1.0,1.0,3.0,3.0,3.0,3.0,4.0,0.0,0.0,0.0,0.0,0.0,0.0,0.0,2.0,0.0,1.0,0.0,0.0,0.0,0.0,0.0,0.0,0.0,1.0,2.0,1.0,0.0,0.0,0.0,0.0,1.0,0.0,2.0,0.0,1.0,1.0,0.0,0.0,0.0,0.0,0.0,0.0,0.0,0.0,0.0,0.0,0.0,0.0,0.0,0.0,0.0,0.0,0.0,0.0,0.0,0.0,0.0,0.0,0.0,0.0,0.0,4.0,0.0,0.0,3.0,0.0, 'slaby'
FF4518,0,0,0,0,0,3,1,1,5,1,0,0,0,0,0,1,2,3,3,2,0,0,0,0,0,3,5,0,5,5,0.0,0.0,1.0,0.0,1.0,0.0,2.0,1.0,1.0,0.0,0.0,0.0,0.0,3.0,1.0,0.0,2.0,2.0,2.0,3.0,1.0,1.0,5.0,1.0,1.0,0.0,0.0,3.0,5.0,0.0,1.0,1.0,0.0,0.0,1.0,1.0,3.0,1.0,3.0,4.0,1.0,0.0,1.0,0.0,0.0,3.0,2.0,3.0,4.0,3.0,1.0,1.0,2.0,1.0,1.0,4.0,3.0,4.0,3.0,3.0,0.0,0.0,0.0,0.0,0.0,0.0,0.0,2.0,0.0,4.0,0.0,0.0,0.0,0.0,0.0,0.0,0.0,4.0,4.0,1.0,0.0,0.0,0.0,0.0,1.0,0.0,4.0,1.0,3.0,3.0,0.0,0.0,0.0,0.0,0.0,0.0,0.0,0.0,2.0,2.0,0.0,0.0,0.0,0.0,0.0,0.0,0.0,0.0,0.0,0.0,0.0,0.0,0.0,0.0,0.0,3.0,0.0,0.0,0.0,0.0, 'umiarkowany'
FF4528,4,2,1,3,1,0,0,0,0,0,2,4,2,2,2,0,0,0,0,0,5,4,1,5,5,0,0,0,0,0,0.0,0.0,2.0,0.0,2.0,0.0,1.0,1.0,1.0,0.0,0.0,0.0,0.0,3.0,4.0,0.0,2.0,1.0,2.0,3.0,3.0,3.0,5.0,2.0,2.0,0.0,0.0,3.0,5.0,0.0,3.0,2.0,1.0,2.0,2.0,0.0,1.0,1.0,2.0,2.0,1.0,1.0,1.0,1.0,3.0,3.0,2.0,1.0,2.0,1.0,3.0,5.0,3.0,4.0,4.0,2.0,3.0,2.0,1.0,1.0,1.0,2.0,1.0,1.0,0.0,0.0,0.0,1.0,0.0,1.0,1.0,1.0,2.0,1.0,1.0,0.0,0.0,1.0,1.0,1.0,1.0,1.0,1.0,1.0,2.0,0.0,1.0,0.0,0.0,1.0,1.0,1.0,1.0,1.0,1.0,0.0,0.0,0.0,0.0,0.0,1.0,1.0,1.0,1.0,1.0,0.0,0.0,0.0,0.0,0.0,1.0,3.0,1.0,1.0,1.0,0.0,0.0,0.0,0.0,0.0, 'umiarkowany'
FF4538,4,4,2,2,1,0,0,0,0,0,3,4,2,1,1,0,0,0,0,0,5,5,1,5,5,0,0,0,0,0,0.0,0.0,2.0,0.0,2.0,0.0,1.0,1.0,1.0,0.0,0.0,0.0,0.0,4.0,3.0,0.0,1.0,1.0,2.0,2.0,4.0,5.0,5.0,2.0,2.0,0.0,0.0,1.0,3.0,0.0,2.0,2.0,1.0,2.0,2.0,0.0,2.0,1.0,1.0,1.0,1.0,2.0,1.0,3.0,4.0,2.0,2.0,2.0,1.0,1.0,3.0,5.0,3.0,5.0,4.0,2.0,3.0,2.0,2.0,1.0,1.0,2.0,1.0,1.0,3.0,0.0,0.0,1.0,0.0,1.0,1.0,1.0,2.0,1.0,1.0,0.0,0.0,1.0,1.0,1.0,4.0,3.0,3.0,2.0,2.0,0.0,1.0,0.0,0.0,1.0,1.0,1.0,1.0,1.0,1.0,0.0,0.0,0.0,0.0,0.0,1.0,1.0,1.0,1.0,1.0,0.0,0.0,0.0,0.0,0.0,1.0,1.0,1.0,1.0,1.0,0.0,0.0,0.0,0.0,0.0, 'umiarkowany'
FF4548,4,5,2,3,1,0,0,0,0,0,4,4,2,2,2,0,0,0,0,0,5,4,3,5,5,0,0,0,0,0,0.0,0.0,2.0,0.0,2.0,0.0,1.0,1.0,1.0,0.0,0.0,0.0,0.0,3.0,3.0,0.0,1.0,1.0,2.0,2.0,5.0,5.0,5.0,2.0,2.0,0.0,0.0,1.0,3.0,0.0,2.0,2.0,1.0,2.0,2.0,0.0,1.0,0.0,1.0,1.0,2.0,2.0,1.0,3.0,4.0,3.0,3.0,1.0,1.0,1.0,3.0,5.0,3.0,5.0,4.0,1.0,2.0,1.0,1.0,1.0,1.0,2.0,1.0,3.0,0.0,0.0,0.0,1.0,0.0,1.0,1.0,4.0,2.0,1.0,2.0,0.0,0.0,1.0,1.0,1.0,2.0,2.0,2.0,2.0,2.0,0.0,1.0,0.0,0.0,1.0,1.0,1.0,1.0,1.0,1.0,0.0,0.0,0.0,0.0,0.0,1.0,1.0,1.0,1.0,1.0,0.0,0.0,0.0,0.0,0.0,1.0,1.0,1.0,1.0,1.0,0.0,0.0,0.0,0.0,0.0, 'umiarkowany'
FF4558,3,5,1,5,1,0,0,0,0,0,3,4,2,2,2,0,0,0,0,0,3,5,1,3,4,0,0,0,0,0,0.0,0.0,2.0,0.0,2.0,0.0,2.0,1.0,1.0,0.0,0.0,0.0,0.0,3.0,3.0,0.0,2.0,2.0,2.0,3.0,5.0,5.0,5.0,2.0,2.0,0.0,0.0,3.0,3.0,0.0,2.0,2.0,1.0,1.0,1.0,1.0,2.0,1.0,2.0,2.0,1.0,2.0,1.0,3.0,3.0,2.0,3.0,2.0,2.0,2.0,2.0,4.0,3.0,4.0,3.0,3.0,3.0,3.0,2.0,2.0,1.0,2.0,1.0,1.0,0.0,0.0,0.0,2.0,0.0,1.0,1.0,1.0,2.0,1.0,1.0,0.0,0.0,1.0,2.0,2.0,1.0,2.0,2.0,1.0,2.0,0.0,2.0,1.0,1.0,1.0,1.0,1.0,1.0,1.0,1.0,0.0,0.0,0.0,0.0,0.0,1.0,1.0,1.0,1.0,1.0,0.0,0.0,0.0,0.0,0.0,1.0,3.0,1.0,1.0,1.0,4.0,0.0,0.0,0.0,0.0, 'dobry'
FF4568,0,0,0,0,0,4,5,2,5,1,0,0,0,0,0,3,3,2,2,2,0,0,0,0,0,3,5,0,2,4,0.0,0.0,2.0,0.0,2.0,0.0,2.0,1.0,1.0,0.0,0.0,0.0,0.0,3.0,2.0,0.0,2.0,2.0,2.0,3.0,2.0,2.0,3.0,2.0,2.0,0.0,0.0,3.0,3.0,0.0,1.0,1.0,1.0,1.0,1.0,1.0,2.0,1.0,3.0,3.0,1.0,1.0,1.0,1.0,1.0,3.0,3.0,2.0,2.0,3.0,1.0,2.0,3.0,3.0,4.0,3.0,2.0,3.0,4.0,2.0,0.0,0.0,1.0,0.0,0.0,0.0,0.0,2.0,0.0,1.0,1.0,0.0,2.0,1.0,1.0,0.0,0.0,1.0,1.0,3.0,0.0,0.0,0.0,0.0,1.0,0.0,1.0,1.0,1.0,1.0,1.0,1.0,1.0,1.0,1.0,0.0,0.0,0.0,0.0,0.0,1.0,1.0,1.0,1.0,1.0,0.0,0.0,0.0,0.0,0.0,1.0,1.0,1.0,1.0,1.0,3.0,0.0,0.0,0.0,0.0, 'dobry'
FF4578,4,5,2,5,1,0,0,0,0,0,3,4,2,2,2,0,0,0,0,0,3,5,1,2,4,0,0,0,0,0,0.0,0.0,2.0,0.0,3.0,0.0,2.0,1.0,1.0,0.0,0.0,0.0,0.0,3.0,2.0,0.0,2.0,2.0,2.0,3.0,2.0,2.0,3.0,2.0,2.0,0.0,0.0,3.0,3.0,0.0,1.0,1.0,1.0,1.0,1.0,1.0,2.0,1.0,2.0,2.0,2.0,1.0,1.0,1.0,1.0,3.0,3.0,1.0,1.0,2.0,1.0,2.0,2.0,3.0,4.0,2.0,2.0,2.0,2.0,2.0,1.0,2.0,1.0,1.0,0.0,0.0,0.0,2.0,0.0,1.0,1.0,1.0,2.0,1.0,1.0,0.0,0.0,1.0,1.0,2.0,1.0,1.0,1.0,1.0,2.0,0.0,1.0,1.0,1.0,1.0,1.0,1.0,1.0,1.0,1.0,0.0,0.0,0.0,0.0,0.0,1.0,1.0,1.0,1.0,1.0,0.0,0.0,0.0,0.0,0.0,1.0,1.0,1.0,1.0,1.0,3.0,0.0,0.0,0.0,0.0, 'umiarkowany'
FF3567,4,3,2,2,0,0,0,0,0,0,0,4,2,0,0,0,0,0,0,0,5,5,1,5,5,0,0,0,0,0,0.0,0.0,2.0,0.0,2.0,0.0,2.0,1.0,1.0,0.0,0.0,0.0,0.0,2.0,2.0,0.0,1.0,2.0,2.0,2.0,2.0,2.0,3.0,2.0,5.0,0.0,0.0,1.0,3.0,0.0,1.0,1.0,1.0,2.0,2.0,0.0,1.0,0.0,1.0,1.0,1.0,1.0,1.0,1.0,1.0,1.0,1.0,2.0,2.0,1.0,1.0,4.0,3.0,4.0,4.0,1.0,1.0,1.0,1.0,2.0,1.0,2.0,1.0,1.0,0.0,0.0,0.0,1.0,0.0,1.0,1.0,2.0,0.0,1.0,1.0,0.0,0.0,1.0,1.0,1.0,1.0,1.0,1.0,1.0,2.0,0.0,1.0,0.0,0.0,1.0,1.0,1.0,1.0,1.0,1.0,0.0,0.0,0.0,0.0,0.0,1.0,1.0,1.0,1.0,1.0,0.0,0.0,0.0,0.0,0.0,1.0,1.0,1.0,1.0,1.0,0.0,0.0,0.0,0.0,0.0, 'zly'
FF3577,0,0,0,0,0,3,2,3,3,0,0,0,0,0,0,2,3,2,0,0,0,0,0,0,0,1,5,0,5,5,0.0,0.0,1.0,0.0,2.0,0.0,2.0,1.0,1.0,0.0,0.0,0.0,0.0,5.0,2.0,0.0,1.0,2.0,2.0,2.0,2.0,2.0,3.0,2.0,2.0,0.0,0.0,1.0,3.0,0.0,1.0,1.0,1.0,1.0,1.0,1.0,2.0,1.0,3.0,3.0,1.0,1.0,2.0,1.0,1.0,2.0,2.0,4.0,3.0,4.0,1.0,1.0,2.0,2.0,2.0,3.0,2.0,3.0,4.0,4.0,0.0,0.0,0.0,0.0,0.0,0.0,0.0,2.0,0.0,1.0,0.0,0.0,0.0,0.0,0.0,0.0,0.0,1.0,2.0,3.0,0.0,0.0,0.0,0.0,1.0,0.0,2.0,0.0,1.0,1.0,0.0,0.0,0.0,0.0,0.0,0.0,0.0,0.0,0.0,0.0,0.0,0.0,0.0,0.0,0.0,0.0,0.0,0.0,0.0,0.0,0.0,0.0,0.0,0.0,0.0,3.0,0.0,0.0,2.0,0.0, 'slaby'
FF3587,3,1,2,4,1,0,0,0,0,0,2,3,2,1,2,0,0,0,0,0,1,4,1,5,5,0,0,0,0,0,0.0,0.0,2.0,0.0,2.0,0.0,2.0,1.0,1.0,0.0,0.0,0.0,0.0,4.0,2.0,0.0,2.0,2.0,2.0,3.0,3.0,3.0,3.0,3.0,2.0,0.0,0.0,3.0,3.0,0.0,1.0,1.0,1.0,1.0,1.0,1.0,2.0,1.0,3.0,3.0,1.0,1.0,1.0,4.0,4.0,3.0,2.0,1.0,2.0,3.0,2.0,2.0,2.0,4.0,3.0,2.0,2.0,2.0,3.0,2.0,1.0,2.0,1.0,1.0,0.0,0.0,0.0,2.0,0.0,1.0,1.0,1.0,2.0,1.0,1.0,0.0,0.0,1.0,1.0,3.0,1.0,1.0,1.0,1.0,2.0,0.0,1.0,0.0,1.0,1.0,1.0,1.0,1.0,1.0,1.0,0.0,0.0,0.0,0.0,0.0,1.0,1.0,1.0,1.0,1.0,0.0,0.0,0.0,0.0,0.0,1.0,1.0,1.0,1.0,1.0,3.0,0.0,0.0,0.0,0.0, 'umiarkowany'
FF3597,4,3,1,5,0,0,0,0,0,0,0,3,2,0,0,0,0,0,0,0,2,5,1,5,5,0,0,0,0,0,0.0,0.0,2.0,0.0,2.0,0.0,2.0,1.0,1.0,0.0,0.0,0.0,0.0,2.0,2.0,0.0,1.0,2.0,2.0,2.0,3.0,3.0,3.0,3.0,2.0,0.0,0.0,1.0,3.0,0.0,1.0,1.0,1.0,1.0,1.0,1.0,1.0,1.0,2.0,2.0,1.0,2.0,1.0,3.0,4.0,1.0,1.0,2.0,2.0,2.0,2.0,3.0,2.0,4.0,3.0,1.0,2.0,1.0,2.0,2.0,1.0,2.0,1.0,1.0,0.0,0.0,0.0,2.0,0.0,1.0,1.0,1.0,2.0,1.0,1.0,0.0,0.0,1.0,1.0,3.0,1.0,1.0,1.0,1.0,2.0,0.0,1.0,1.0,0.0,1.0,1.0,1.0,1.0,1.0,1.0,0.0,0.0,0.0,0.0,0.0,1.0,1.0,1.0,1.0,1.0,0.0,0.0,0.0,0.0,0.0,1.0,1.0,1.0,1.0,1.0,0.0,0.0,0.0,0.0,0.0, 'slaby'
FF4507,0,0,0,0,0,3,2,2,5,1,0,0,0,0,0,2,2,2,1,1,0,0,0,0,0,1,5,0,5,5,0.0,0.0,1.0,0.0,1.0,0.0,2.0,1.0,1.0,0.0,0.0,0.0,0.0,3.0,1.0,0.0,1.0,2.0,2.0,2.0,3.0,3.0,2.0,1.0,1.0,0.0,0.0,1.0,3.0,0.0,1.0,1.0,0.0,0.0,1.0,1.0,3.0,1.0,3.0,4.0,1.0,0.0,1.0,0.0,0.0,3.0,2.0,2.0,4.0,4.0,1.0,1.0,3.0,1.0,2.0,3.0,3.0,3.0,4.0,3.0,0.0,0.0,0.0,0.0,0.0,0.0,0.0,2.0,0.0,1.0,0.0,0.0,0.0,0.0,0.0,0.0,0.0,1.0,2.0,1.0,0.0,0.0,0.0,0.0,1.0,0.0,2.0,1.0,1.0,1.0,0.0,0.0,0.0,0.0,0.0,0.0,0.0,0.0,0.0,0.0,0.0,0.0,0.0,0.0,0.0,0.0,0.0,0.0,0.0,0.0,0.0,0.0,0.0,0.0,0.0,4.0,0.0,0.0,0.0,0.0, 'slaby'
FF4517,0,0,0,0,0,2,2,1,5,1,0,0,0,0,0,3,1,2,4,4,0,0,0,0,0,1,5,0,5,5,0.0,0.0,1.0,0.0,1.0,0.0,2.0,1.0,1.0,0.0,0.0,0.0,0.0,3.0,1.0,0.0,2.0,2.0,2.0,3.0,1.0,1.0,2.0,1.0,1.0,0.0,0.0,3.0,5.0,0.0,1.0,1.0,0.0,0.0,1.0,1.0,3.0,2.0,3.0,4.0,1.0,0.0,2.0,0.0,0.0,1.0,2.0,4.0,4.0,3.0,1.0,1.0,1.0,1.0,1.0,4.0,3.0,4.0,3.0,4.0,0.0,0.0,0.0,0.0,0.0,0.0,0.0,2.0,0.0,2.0,0.0,0.0,0.0,0.0,0.0,0.0,0.0,2.0,2.0,1.0,0.0,0.0,0.0,0.0,1.0,0.0,2.0,1.0,1.0,1.0,0.0,0.0,0.0,0.0,0.0,0.0,0.0,0.0,0.0,0.0,0.0,0.0,0.0,0.0,0.0,0.0,0.0,0.0,0.0,0.0,0.0,0.0,0.0,0.0,0.0,3.0,0.0,0.0,0.0,0.0, 'slaby'
FF4527,0,0,0,0,1,3,2,1,3,0,1,0,0,2,2,0,3,3,0,0,0,0,0,0,0,4,3,0,5,5,0.0,0.0,2.0,0.0,2.0,0.0,2.0,1.0,1.0,0.0,0.0,0.0,0.0,3.0,3.0,0.0,2.0,2.0,2.0,3.0,2.0,2.0,5.0,2.0,2.0,0.0,0.0,3.0,5.0,0.0,1.0,1.0,1.0,1.0,1.0,1.0,2.0,1.0,2.0,3.0,1.0,1.0,1.0,1.0,3.0,2.0,2.0,2.0,3.0,3.0,1.0,2.0,4.0,3.0,2.0,3.0,3.0,3.0,3.0,2.0,0.0,0.0,1.0,0.0,0.0,0.0,0.0,2.0,0.0,3.0,1.0,0.0,2.0,1.0,1.0,0.0,0.0,3.0,3.0,3.0,0.0,3.0,0.0,0.0,1.0,0.0,3.0,0.0,2.0,3.0,1.0,1.0,1.0,1.0,1.0,0.0,0.0,0.0,0.0,0.0,1.0,1.0,1.0,1.0,1.0,0.0,0.0,0.0,0.0,0.0,1.0,1.0,1.0,1.0,1.0,4.0,0.0,0.0,2.0,0.0, 'dobry'
FF4537,0,0,0,0,0,3,3,1,3,1,0,0,0,0,0,1,4,2,1,1,0,0,0,0,0,1,4,0,5,5,0.0,0.0,1.0,0.0,1.0,0.0,2.0,1.0,1.0,0.0,0.0,0.0,0.0,3.0,1.0,0.0,2.0,2.0,2.0,3.0,2.0,3.0,5.0,1.0,1.0,0.0,0.0,3.0,3.0,0.0,1.0,1.0,0.0,1.0,1.0,1.0,2.0,1.0,2.0,3.0,1.0,1.0,1.0,1.0,3.0,3.0,3.0,2.0,4.0,3.0,1.0,1.0,3.0,1.0,1.0,3.0,3.0,3.0,3.0,4.0,0.0,0.0,0.0,0.0,0.0,0.0,0.0,2.0,0.0,1.0,0.0,0.0,0.0,0.0,0.0,0.0,0.0,1.0,1.0,1.0,0.0,0.0,0.0,0.0,1.0,0.0,1.0,0.0,1.0,1.0,0.0,0.0,0.0,0.0,0.0,0.0,0.0,0.0,0.0,0.0,0.0,0.0,0.0,0.0,0.0,0.0,0.0,0.0,0.0,0.0,0.0,0.0,0.0,0.0,0.0,4.0,0.0,0.0,3.0,0.0, 'slaby'
FF4547,0,0,0,0,0,3,5,2,4,1,0,0,0,0,0,3,3,2,2,2,0,0,0,0,0,2,4,0,5,4,0.0,0.0,1.0,0.0,1.0,0.0,2.0,1.0,1.0,0.0,0.0,0.0,0.0,3.0,1.0,0.0,2.0,2.0,2.0,3.0,2.0,1.0,2.0,1.0,1.0,0.0,0.0,3.0,3.0,0.0,1.0,1.0,0.0,1.0,1.0,1.0,2.0,1.0,4.0,4.0,1.0,1.0,1.0,1.0,1.0,3.0,2.0,4.0,4.0,3.0,1.0,1.0,4.0,1.0,1.0,3.0,3.0,3.0,2.0,4.0,0.0,0.0,0.0,0.0,0.0,0.0,0.0,2.0,0.0,1.0,0.0,0.0,0.0,0.0,0.0,0.0,0.0,1.0,2.0,1.0,0.0,3.0,0.0,0.0,1.0,0.0,3.0,0.0,1.0,3.0,0.0,0.0,0.0,0.0,0.0,0.0,0.0,0.0,0.0,0.0,0.0,0.0,0.0,0.0,0.0,0.0,2.0,0.0,0.0,0.0,0.0,0.0,0.0,0.0,0.0,4.0,0.0,0.0,3.0,0.0, 'umiarkowany'
FF4557,0,0,0,0,0,3,5,2,5,1,0,0,0,0,0,3,3,2,3,3,0,0,0,0,0,3,5,0,5,4,0.0,0.0,2.0,0.0,2.0,0.0,2.0,1.0,1.0,0.0,0.0,0.0,0.0,3.0,2.0,0.0,2.0,2.0,2.0,3.0,2.0,3.0,3.0,2.0,2.0,0.0,0.0,3.0,3.0,0.0,1.0,1.0,1.0,1.0,1.0,1.0,3.0,1.0,3.0,3.0,1.0,1.0,1.0,1.0,2.0,2.0,2.0,3.0,3.0,3.0,1.0,1.0,2.0,3.0,3.0,4.0,3.0,4.0,3.0,3.0,0.0,0.0,1.0,0.0,0.0,0.0,0.0,2.0,0.0,1.0,1.0,0.0,0.0,1.0,1.0,0.0,0.0,1.0,2.0,3.0,0.0,0.0,0.0,0.0,1.0,0.0,2.0,1.0,1.0,1.0,1.0,1.0,1.0,1.0,1.0,0.0,0.0,0.0,0.0,0.0,1.0,1.0,1.0,1.0,1.0,0.0,0.0,0.0,0.0,0.0,1.0,1.0,1.0,1.0,1.0,3.0,0.0,0.0,2.0,0.0, 'dobry'
FF4567,0,0,0,0,0,3,5,2,5,1,0,0,0,0,0,2,3,2,1,1,0,0,0,0,0,3,5,0,4,4,0.0,0.0,2.0,0.0,2.0,0.0,2.0,1.0,1.0,0.0,0.0,0.0,0.0,3.0,2.0,0.0,1.0,2.0,2.0,2.0,2.0,2.0,3.0,2.0,2.0,0.0,0.0,1.0,3.0,0.0,1.0,1.0,1.0,1.0,1.0,1.0,2.0,2.0,3.0,3.0,1.0,1.0,1.0,1.0,1.0,3.0,2.0,1.0,2.0,3.0,1.0,2.0,2.0,3.0,4.0,3.0,2.0,3.0,3.0,2.0,1.0,2.0,1.0,0.0,0.0,0.0,0.0,2.0,0.0,1.0,0.0,0.0,0.0,0.0,0.0,0.0,0.0,1.0,1.0,3.0,0.0,0.0,0.0,0.0,2.0,0.0,1.0,1.0,1.0,1.0,1.0,1.0,1.0,1.0,1.0,0.0,0.0,0.0,0.0,0.0,1.0,1.0,1.0,1.0,1.0,0.0,0.0,0.0,0.0,0.0,1.0,1.0,1.0,1.0,1.0,3.0,0.0,0.0,0.0,0.0, 'dobry'
FF4577,0,0,0,0,0,3,5,2,5,1,0,0,0,0,0,3,2,2,1,1,0,0,0,0,0,2,5,0,4,4,0.0,0.0,2.0,0.0,2.0,0.0,2.0,1.0,1.0,0.0,0.0,0.0,0.0,2.0,2.0,0.0,1.0,2.0,2.0,2.0,2.0,2.0,3.0,2.0,2.0,0.0,0.0,1.0,3.0,0.0,1.0,1.0,1.0,1.0,1.0,1.0,2.0,1.0,3.0,3.0,1.0,1.0,1.0,1.0,1.0,2.0,2.0,1.0,2.0,3.0,1.0,1.0,2.0,3.0,3.0,2.0,2.0,2.0,3.0,2.0,0.0,0.0,1.0,0.0,0.0,0.0,0.0,4.0,0.0,1.0,1.0,0.0,0.0,1.0,1.0,0.0,0.0,1.0,2.0,1.0,0.0,0.0,0.0,0.0,1.0,0.0,2.0,1.0,1.0,1.0,1.0,1.0,1.0,1.0,1.0,0.0,0.0,0.0,0.0,0.0,1.0,1.0,1.0,1.0,1.0,0.0,0.0,0.0,0.0,0.0,1.0,1.0,1.0,1.0,1.0,3.0,0.0,0.0,0.0,0.0, 'umiarkowany'
