0,1,2,3,4,5
EG1909,129,slaby,EG1909,107,zly
EG1919,170,dobry,EG1919,46,zly
EG1929,158,dobry,EG1929,38,zly
EG1939,167,dobry,EG1939,38,zly
FF9692,174,bardzo dobry,FF9692,86,zly
FF9693,191,bardzo dobry,FF9693,38,zly
FF9694,183,bardzo dobry,FF9694,38,zly
FF9695,179,bardzo dobry,FF9695,38,zly
FF9696,186,bardzo dobry,FF9696,38,zly
FF9697,193,bardzo dobry,FF9697,48,zly
FF9698,186,bardzo dobry,FF9698,43,zly
FF9699,131,slaby,FF9699,96,zly
FF9791,178,bardzo dobry,FF9791,45,zly
FF9792,169,dobry,FF9792,45,zly
FF9793,175,bardzo dobry,FF9793,38,zly
FF9799,170,dobry,FF9799,38,zly
FF9890,135,umiarkowany,FF9890,118,slaby
FF9891,161,dobry,FF9891,80,zly
FF9892,162,dobry,FF9892,49,zly
FF9997,194,bardzo dobry,FF9997,38,zly
FF9998,130,slaby,FF9998,101,zly
FF9987,184,bardzo dobry,FF9987,38,zly
FF9988,151,umiarkowany,FF9988,46,zly
FF5179,85,zly,FF5179,85,zly
FF5273,97,zly,FF5273,99,zly
FF5274,92,zly,FF5274,45,zly
FF5287,129,slaby,FF5287,62,zly
FF5277,107,zly,FF5277,62,zly
FF5288,131,slaby,FF5288,41,zly
FF5278,102,zly,FF5278,79,zly
FF5289,139,umiarkowany,FF5289,44,zly
FF5279,108,zly,FF5279,46,zly
FF5380,130,slaby,FF5380,41,zly
FF5370,132,slaby,FF5370,41,zly
FF5381,117,slaby,FF5381,47,zly
FF5371,138,umiarkowany,FF5371,41,zly
FF5163,106,zly,FF5163,74,zly
FF5166,105,zly,FF5166,103,zly
FF5169,117,slaby,FF5169,88,zly
FF5262,70,zly,FF5262,103,zly
FF5269,95,zly,FF5269,73,zly
FF5360,101,zly,FF5360,58,zly
FF5361,99,zly,FF5361,89,zly
FF5154,106,zly,FF5154,66,zly
FF5155,105,zly,FF5155,54,zly
FF5156,101,zly,FF5156,89,zly
FF5157,93,zly,FF5157,124,slaby
FF5159,90,zly,FF5159,80,zly
FF5250,125,slaby,FF5250,67,zly
FF5252,105,zly,FF5252,69,zly
FF5253,89,zly,FF5253,74,zly
FF5254,80,zly,FF5254,74,zly
FF5255,89,zly,FF5255,68,zly
FF5350,92,zly,FF5350,70,zly
FF5955,142,umiarkowany,FF5955,39,zly
FF5956,160,dobry,FF5956,47,zly
FF5957,125,slaby,FF5957,31,zly
FF5958,157,dobry,FF5958,35,zly
FF5959,151,umiarkowany,FF5959,41,zly
FF5149,92,zly,FF5149,125,slaby
FF5240,104,zly,FF5240,110,zly
FF5243,103,zly,FF5243,64,zly
FF5246,106,zly,FF5246,70,zly
FF5248,102,zly,FF5248,40,zly
FF5249,131,slaby,FF5249,37,zly
FF5340,122,slaby,FF5340,41,zly
FF5341,155,dobry,FF5341,67,zly
FF5342,130,slaby,FF5342,90,zly
FF5343,115,zly,FF5343,41,zly
FF5344,103,zly,FF5344,46,zly
FF5345,134,slaby,FF5345,38,zly
FF5346,113,zly,FF5346,81,zly
FF5945,110,zly,FF5945,42,zly
FF5946,164,dobry,FF5946,41,zly
FF5947,155,dobry,FF5947,49,zly
FF5948,126,slaby,FF5948,41,zly
FF5949,137,umiarkowany,FF5949,42,zly
FF6264,147,umiarkowany,FF6264,62,zly
FF6265,127,slaby,FF6265,60,zly
FF5298,100,zly,FF5298,80,zly
FF5390,99,zly,FF5390,70,zly
FF5133,110,zly,FF5133,95,zly
FF5134,107,zly,FF5134,34,zly
FF5135,107,zly,FF5135,37,zly
FF5136,101,zly,FF5136,77,zly
FF5138,105,zly,FF5138,119,slaby
FF5139,107,zly,FF5139,88,zly
FF5230,96,zly,FF5230,92,zly
FF5232,108,zly,FF5232,52,zly
FF5233,95,zly,FF5233,110,zly
FF5234,86,zly,FF5234,78,zly
FF5235,138,umiarkowany,FF5235,57,zly
FF5236,111,zly,FF5236,52,zly
FF5237,105,zly,FF5237,52,zly
FF5238,127,slaby,FF5238,52,zly
FF5239,139,umiarkowany,FF5239,43,zly
FF5330,119,slaby,FF5330,38,zly
FF5331,119,slaby,FF5331,46,zly
FF5332,121,slaby,FF5332,48,zly
FF5333,104,zly,FF5333,41,zly
FF5334,133,slaby,FF5334,47,zly
FF5335,141,umiarkowany,FF5335,92,zly
FF5730,119,slaby,FF5730,97,zly
FF5731,117,slaby,FF5731,111,zly
FF5732,118,slaby,FF5732,74,zly
FF5733,105,zly,FF5733,92,zly
FF5832,99,zly,FF5832,74,zly
FF5833,128,slaby,FF5833,40,zly
FF5836,67,zly,FF5836,59,zly
FF5934,131,slaby,FF5934,70,zly
FF5935,123,slaby,FF5935,53,zly
FF5936,119,slaby,FF5936,46,zly
FF5937,134,slaby,FF5937,45,zly
FF5938,122,slaby,FF5938,41,zly
FF5939,122,slaby,FF5939,41,zly
FF5123,88,zly,FF5123,59,zly
FF5124,129,slaby,FF5124,32,zly
FF5125,110,zly,FF5125,32,zly
FF5126,122,slaby,FF5126,62,zly
FF5128,128,slaby,FF5128,62,zly
FF5129,140,umiarkowany,FF5129,62,zly
FF5220,96,zly,FF5220,110,zly
FF5222,106,zly,FF5222,78,zly
FF5223,104,zly,FF5223,51,zly
FF5225,112,zly,FF5225,76,zly
FF5226,130,slaby,FF5226,73,zly
FF5227,101,zly,FF5227,49,zly
FF5228,137,umiarkowany,FF5228,76,zly
FF5229,134,slaby,FF5229,106,zly
FF5320,156,dobry,FF5320,104,zly
FF5321,122,slaby,FF5321,99,zly
FF5322,125,slaby,FF5322,77,zly
FF5323,103,zly,FF5323,46,zly
FF5324,140,umiarkowany,FF5324,78,zly
FF5326,122,slaby,FF5326,35,zly
FF5327,110,zly,FF5327,105,zly
FF5629,112,zly,FF5629,48,zly
FF5720,117,slaby,FF5720,29,zly
FF5721,145,umiarkowany,FF5721,41,zly
FF5722,119,slaby,FF5722,29,zly
FF5723,110,zly,FF5723,29,zly
FF5724,118,slaby,FF5724,50,zly
FF5725,131,slaby,FF5725,63,zly
FF5726,109,zly,FF5726,41,zly
FF5727,95,zly,FF5727,78,zly
FF5823,115,zly,FF5823,29,zly
FF5824,85,zly,FF5824,66,zly
FF5924,129,slaby,FF5924,43,zly
FF5925,159,dobry,FF5925,46,zly
FF5926,123,slaby,FF5926,41,zly
FF5927,107,zly,FF5927,53,zly
FF5928,122,slaby,FF5928,55,zly
FF5929,111,zly,FF5929,34,zly
FF3919,121,slaby,FF3919,62,zly
FF3929,125,slaby,FF3929,57,zly
FF3939,122,slaby,FF3939,39,zly
FF3949,112,zly,FF3949,60,zly
FF3959,94,zly,FF3959,77,zly
FF3989,103,zly,FF3989,57,zly
FF3999,110,zly,FF3999,47,zly
FF4909,117,slaby,FF4909,35,zly
FF4919,147,umiarkowany,FF4919,41,zly
FF4929,172,bardzo dobry,FF4929,41,zly
FF4939,150,umiarkowany,FF4939,60,zly
FF4949,152,dobry,FF4949,78,zly
FF4959,166,dobry,FF4959,74,zly
FF4969,125,slaby,FF4969,35,zly
FF4979,129,slaby,FF4979,35,zly
FF4989,140,umiarkowany,FF4989,47,zly
FF4999,118,slaby,FF4999,53,zly
FF5909,79,zly,FF5909,76,zly
FF3928,130,slaby,FF3928,43,zly
FF3938,102,zly,FF3938,57,zly
FF3968,78,zly,FF3968,63,zly
FF3988,100,zly,FF3988,50,zly
FF3998,136,umiarkowany,FF3998,42,zly
FF4908,119,slaby,FF4908,95,zly
FF4918,110,zly,FF4918,71,zly
FF4928,151,umiarkowany,FF4928,69,zly
FF4938,166,dobry,FF4938,46,zly
FF4948,140,umiarkowany,FF4948,41,zly
FF4958,152,dobry,FF4958,35,zly
FF4968,122,slaby,FF4968,35,zly
FF4978,128,slaby,FF4978,41,zly
FF4988,150,umiarkowany,FF4988,41,zly
FF4998,122,slaby,FF4998,41,zly
FF5112,106,zly,FF5112,62,zly
FF5113,112,zly,FF5113,50,zly
FF5114,102,zly,FF5114,40,zly
FF5115,98,zly,FF5115,29,zly
FF5116,112,zly,FF5116,29,zly
FF5117,107,zly,FF5117,73,zly
FF5118,135,umiarkowany,FF5118,59,zly
FF5119,122,slaby,FF5119,46,zly
FF5212,85,zly,FF5212,94,zly
FF5215,125,slaby,FF5215,69,zly
FF5216,136,umiarkowany,FF5216,64,zly
FF5217,104,zly,FF5217,41,zly
FF5218,117,slaby,FF5218,46,zly
FF5219,152,dobry,FF5219,92,zly
FF5310,151,umiarkowany,FF5310,59,zly
FF5311,124,slaby,FF5311,84,zly
FF5312,124,slaby,FF5312,79,zly
FF5313,127,slaby,FF5313,48,zly
FF5314,144,umiarkowany,FF5314,93,zly
FF5315,155,dobry,FF5315,69,zly
FF5316,129,slaby,FF5316,38,zly
FF5317,92,zly,FF5317,84,zly
FF5319,86,zly,FF5319,106,zly
FF5616,98,zly,FF5616,55,zly
FF5710,113,zly,FF5710,29,zly
FF5711,117,slaby,FF5711,29,zly
FF5712,124,slaby,FF5712,29,zly
FF5713,119,slaby,FF5713,60,zly
FF5714,104,zly,FF5714,71,zly
FF5715,128,slaby,FF5715,32,zly
FF5716,110,zly,FF5716,59,zly
FF5717,111,zly,FF5717,117,slaby
FF5719,97,zly,FF5719,84,zly
FF5813,92,zly,FF5813,59,zly
FF5911,105,zly,FF5911,60,zly
FF5913,97,zly,FF5913,102,zly
FF5914,122,slaby,FF5914,40,zly
FF5915,147,umiarkowany,FF5915,35,zly
FF5916,137,umiarkowany,FF5916,29,zly
FF5917,103,zly,FF5917,61,zly
FF3927,119,slaby,FF3927,66,zly
FF3947,80,zly,FF3947,87,zly
FF3967,72,zly,FF3967,51,zly
FF3997,131,slaby,FF3997,55,zly
FF4907,124,slaby,FF4907,105,zly
FF4927,121,slaby,FF4927,70,zly
FF4937,158,dobry,FF4937,41,zly
FF4947,134,slaby,FF4947,41,zly
FF4957,122,slaby,FF4957,35,zly
FF4967,119,slaby,FF4967,41,zly
FF4977,149,umiarkowany,FF4977,47,zly
FF4987,149,umiarkowany,FF4987,60,zly
FF4997,128,slaby,FF4997,46,zly
FF5907,104,zly,FF5907,98,zly
FF9294,118,slaby,FF9294,97,zly
FF9399,116,zly,FF9399,69,zly
FF9490,161,dobry,FF9490,65,zly
FF9592,177,bardzo dobry,FF9592,62,zly
FF9593,174,bardzo dobry,FF9593,39,zly
FF9597,152,dobry,FF9597,57,zly
FF9598,145,umiarkowany,FF9598,66,zly
FF9599,184,bardzo dobry,FF9599,61,zly
FF9690,165,dobry,FF9690,80,zly
FF9381,143,umiarkowany,FF9381,70,zly
FF9382,120,slaby,FF9382,70,zly
FF9383,149,umiarkowany,FF9383,67,zly
FF9385,142,umiarkowany,FF9385,58,zly
FF9386,151,umiarkowany,FF9386,46,zly
FF9387,153,dobry,FF9387,52,zly
FF9388,120,slaby,FF9388,92,zly
FF9389,139,umiarkowany,FF9389,66,zly
FF9480,126,slaby,FF9480,83,zly
FF9582,158,dobry,FF9582,102,zly
FF9583,137,umiarkowany,FF9583,87,zly
FF9588,186,bardzo dobry,FF9588,38,zly
FF9589,161,dobry,FF9589,60,zly
FF9680,161,dobry,FF9680,70,zly
FF9683,191,bardzo dobry,FF9683,47,zly
FF9684,190,bardzo dobry,FF9684,38,zly
FF9685,167,dobry,FF9685,38,zly
FF9687,135,umiarkowany,FF9687,96,zly
FF9279,161,dobry,FF9279,77,zly
FF9370,176,bardzo dobry,FF9370,43,zly
FF9373,152,dobry,FF9373,78,zly
FF9374,168,dobry,FF9374,62,zly
FF9375,166,dobry,FF9375,43,zly
FF9376,172,bardzo dobry,FF9376,38,zly
FF9379,165,dobry,FF9379,61,zly
FF9479,174,bardzo dobry,FF9479,71,zly
FF9572,129,slaby,FF9572,83,zly
FF9577,169,dobry,FF9577,96,zly
FF9578,197,bardzo dobry,FF9578,38,zly
FF9579,182,bardzo dobry,FF9579,38,zly
FF9670,191,bardzo dobry,FF9670,46,zly
FF9672,162,dobry,FF9672,67,zly
FF9673,187,bardzo dobry,FF9673,44,zly
FF9674,178,bardzo dobry,FF9674,104,zly
FF9675,137,umiarkowany,FF9675,122,slaby
FF9677,169,dobry,FF9677,41,zly
FF9679,150,umiarkowany,FF9679,109,zly
FF9977,175,bardzo dobry,FF9977,38,zly
FF9978,156,dobry,FF9978,51,zly
FF9267,120,slaby,FF9267,92,zly
FF9268,165,dobry,FF9268,64,zly
FF9269,187,bardzo dobry,FF9269,38,zly
FF9561,161,dobry,FF9561,91,zly
FF9566,164,dobry,FF9566,101,zly
FF9567,184,bardzo dobry,FF9567,55,zly
FF9568,191,bardzo dobry,FF9568,38,zly
FF9569,190,bardzo dobry,FF9569,48,zly
FF9660,164,dobry,FF9660,51,zly
FF9664,158,dobry,FF9664,89,zly
FF9665,171,bardzo dobry,FF9665,47,zly
FF9666,133,slaby,FF9666,92,zly
FF9667,159,dobry,FF9667,81,zly
FF9668,174,bardzo dobry,FF9668,38,zly
FF9669,186,bardzo dobry,FF9669,38,zly
FF9967,188,bardzo dobry,FF9967,40,zly
FF9255,121,slaby,FF9255,87,zly
FF9256,146,umiarkowany,FF9256,71,zly
FF9257,166,dobry,FF9257,62,zly
FF9258,172,bardzo dobry,FF9258,38,zly
FF9555,140,umiarkowany,FF9555,99,zly
FF9557,171,bardzo dobry,FF9557,69,zly
FF9558,149,umiarkowany,FF9558,90,zly
FF9655,178,bardzo dobry,FF9655,48,zly
FF9656,173,bardzo dobry,FF9656,38,zly
FF9657,178,bardzo dobry,FF9657,41,zly
FF9658,191,bardzo dobry,FF9658,38,zly
FF9659,182,bardzo dobry,FF9659,38,zly
FF9957,193,bardzo dobry,FF9957,38,zly
FF9958,199,bardzo dobry,FF9958,51,zly
FF9244,140,umiarkowany,FF9244,70,zly
FF9245,153,dobry,FF9245,43,zly
FF9349,155,dobry,FF9349,57,zly
FF9443,140,umiarkowany,FF9443,66,zly
FF9644,143,umiarkowany,FF9644,59,zly
FF9645,191,bardzo dobry,FF9645,38,zly
FF9646,198,bardzo dobry,FF9646,49,zly
FF9647,128,slaby,FF9647,60,zly
FF9648,156,dobry,FF9648,55,zly
FF9945,176,bardzo dobry,FF9945,86,zly
FF9946,197,bardzo dobry,FF9946,38,zly
FF9947,197,bardzo dobry,FF9947,38,zly
FF9948,191,bardzo dobry,FF9948,38,zly
FF9949,180,bardzo dobry,FF9949,46,zly
FF9234,131,slaby,FF9234,106,zly
FF9339,173,bardzo dobry,FF9339,46,zly
FF9430,153,dobry,FF9430,72,zly
FF9431,160,dobry,FF9431,67,zly
FF9433,150,umiarkowany,FF9433,46,zly
FF9538,112,zly,FF9538,102,zly
FF9633,136,umiarkowany,FF9633,87,zly
FF9634,178,bardzo dobry,FF9634,101,zly
FF9635,172,bardzo dobry,FF9635,88,zly
FF9935,185,bardzo dobry,FF9935,54,zly
FF9936,191,bardzo dobry,FF9936,38,zly
FF9937,191,bardzo dobry,FF9937,38,zly
FF9938,200,bardzo dobry,FF9938,46,zly
FF9939,185,bardzo dobry,FF9939,38,zly
FF9224,146,umiarkowany,FF9224,77,zly
FF9329,152,dobry,FF9329,59,zly
FF9420,163,dobry,FF9420,61,zly
FF9526,161,dobry,FF9526,67,zly
FF9623,119,slaby,FF9623,96,zly
FF9624,202,bardzo dobry,FF9624,55,zly
FF9625,166,dobry,FF9625,66,zly
FF9923,205,bardzo dobry,FF9923,53,zly
FF9924,205,bardzo dobry,FF9924,53,zly
FF9925,175,bardzo dobry,FF9925,75,zly
FF9926,155,dobry,FF9926,63,zly
FF9927,145,umiarkowany,FF9927,102,zly
FF9213,117,slaby,FF9213,105,zly
FF9515,152,dobry,FF9515,80,zly
FF9516,169,dobry,FF9516,44,zly
FF9517,143,umiarkowany,FF9517,54,zly
FF9611,157,dobry,FF9611,103,zly
FF9612,151,umiarkowany,FF9612,86,zly
FF9614,187,bardzo dobry,FF9614,46,zly
FF9914,153,dobry,FF9914,84,zly
FF9916,164,dobry,FF9916,95,zly
FF9203,158,dobry,FF9203,66,zly
FF9402,157,dobry,FF9402,83,zly
FF9404,153,dobry,FF9404,43,zly
FF9405,149,umiarkowany,FF9405,54,zly
FF9406,162,dobry,FF9406,52,zly
FF9407,144,umiarkowany,FF9407,65,zly
FF9408,159,dobry,FF9408,55,zly
FF9504,176,bardzo dobry,FF9504,101,zly
FF9505,170,dobry,FF9505,59,zly
FF9506,162,dobry,FF9506,54,zly
FF9601,138,umiarkowany,FF9601,69,zly
FF9604,169,dobry,FF9604,61,zly
FF9705,180,bardzo dobry,FF9705,51,zly
FF9706,163,dobry,FF9706,56,zly
FF9803,187,bardzo dobry,FF9803,44,zly
FF9809,166,dobry,FF9809,58,zly
FF9903,135,umiarkowany,FF9903,102,zly
FF9904,146,umiarkowany,FF9904,85,zly
FF8291,148,umiarkowany,FF8291,75,zly
FF8399,157,dobry,FF8399,51,zly
FF8490,131,slaby,FF8490,99,zly
FF8491,135,umiarkowany,FF8491,72,zly
FF8492,152,dobry,FF8492,80,zly
FF8493,153,dobry,FF8493,56,zly
FF8494,133,slaby,FF8494,62,zly
FF8593,184,bardzo dobry,FF8593,60,zly
FF8594,192,bardzo dobry,FF8594,66,zly
FF8595,172,bardzo dobry,FF8595,54,zly
FF8596,171,bardzo dobry,FF8596,50,zly
FF8598,105,zly,FF8598,111,zly
FF8690,148,umiarkowany,FF8690,65,zly
FF8794,174,bardzo dobry,FF8794,62,zly
FF8795,154,dobry,FF8795,47,zly
FF8798,168,dobry,FF8798,43,zly
FF8892,204,bardzo dobry,FF8892,46,zly
FF8897,171,bardzo dobry,FF8897,92,zly
FF8898,175,bardzo dobry,FF8898,43,zly
FF8899,190,bardzo dobry,FF8899,38,zly
FF8993,159,dobry,FF8993,62,zly
FF8280,166,dobry,FF8280,60,zly
FF8281,160,dobry,FF8281,43,zly
FF8389,152,dobry,FF8389,71,zly
FF8481,157,dobry,FF8481,51,zly
FF8482,146,umiarkowany,FF8482,57,zly
FF8483,154,dobry,FF8483,72,zly
FF8484,145,umiarkowany,FF8484,67,zly
FF8581,168,dobry,FF8581,62,zly
FF8582,168,dobry,FF8582,80,zly
FF8583,176,bardzo dobry,FF8583,64,zly
FF8584,163,dobry,FF8584,43,zly
FF8585,169,dobry,FF8585,38,zly
FF8586,172,bardzo dobry,FF8586,50,zly
FF8781,172,bardzo dobry,FF8781,75,zly
FF8787,134,slaby,FF8787,91,zly
FF8788,158,dobry,FF8788,58,zly
FF8789,112,zly,FF8789,104,zly
FF8888,180,bardzo dobry,FF8888,43,zly
FF8889,197,bardzo dobry,FF8889,38,zly
FF8981,187,bardzo dobry,FF8981,38,zly
FF8982,143,umiarkowany,FF8982,94,zly
FF7221,123,slaby,FF7221,63,zly
FF7211,148,umiarkowany,FF7211,47,zly
FF7222,154,dobry,FF7222,38,zly
FF7212,192,bardzo dobry,FF7212,43,zly
FF7213,136,umiarkowany,FF7213,77,zly
FF7225,166,dobry,FF7225,73,zly
FF7226,126,slaby,FF7226,80,zly
FF7217,110,zly,FF7217,73,zly
FF7228,176,bardzo dobry,FF7228,49,zly
FF7218,144,umiarkowany,FF7218,56,zly
FF7229,176,bardzo dobry,FF7229,38,zly
FF7219,166,dobry,FF7219,50,zly
FF7320,169,dobry,FF7320,38,zly
FF7310,177,bardzo dobry,FF7310,54,zly
FF7321,172,bardzo dobry,FF7321,62,zly
FF7311,140,umiarkowany,FF7311,62,zly
FF7322,171,bardzo dobry,FF7322,67,zly
FF7323,167,dobry,FF7323,62,zly
FF7324,152,dobry,FF7324,70,zly
FF7325,144,umiarkowany,FF7325,80,zly
FF7419,128,slaby,FF7419,95,zly
FF7523,148,umiarkowany,FF7523,73,zly
FF7524,143,umiarkowany,FF7524,74,zly
FF7621,180,bardzo dobry,FF7621,38,zly
FF7611,177,bardzo dobry,FF7611,53,zly
FF7622,177,bardzo dobry,FF7622,38,zly
FF7612,177,bardzo dobry,FF7612,38,zly
FF7623,183,bardzo dobry,FF7623,44,zly
FF7613,140,umiarkowany,FF7613,62,zly
FF7627,159,dobry,FF7627,98,zly
FF7617,159,dobry,FF7617,70,zly
FF7628,171,bardzo dobry,FF7628,43,zly
FF7618,178,bardzo dobry,FF7618,38,zly
FF7629,158,dobry,FF7629,65,zly
FF7202,168,dobry,FF7202,56,zly
FF7209,165,dobry,FF7209,77,zly
FF7500,131,slaby,FF7500,63,zly
FF7501,136,umiarkowany,FF7501,94,zly
FF7602,153,dobry,FF7602,72,zly
FF7607,158,dobry,FF7607,77,zly
FF7608,139,umiarkowany,FF7608,75,zly
FF8209,169,dobry,FF8209,76,zly
FF7299,148,umiarkowany,FF7299,61,zly
FF8300,167,dobry,FF8300,43,zly
FF8301,164,dobry,FF8301,76,zly
FF8309,129,slaby,FF8309,61,zly
FF7399,147,umiarkowany,FF7399,84,zly
FF7490,98,zly,FF7490,76,zly
FF8406,125,slaby,FF8406,96,zly
FF8407,156,dobry,FF8407,59,zly
FF7497,170,dobry,FF7497,43,zly
FF8504,153,dobry,FF8504,64,zly
FF8505,149,umiarkowany,FF8505,47,zly
FF7595,150,umiarkowany,FF7595,57,zly
FF8506,157,dobry,FF8506,52,zly
FF7596,154,dobry,FF7596,43,zly
FF8507,146,umiarkowany,FF8507,47,zly
FF7597,154,dobry,FF7597,57,zly
FF8508,147,umiarkowany,FF8508,47,zly
FF8509,157,dobry,FF8509,38,zly
FF8600,151,umiarkowany,FF8600,57,zly
FF8608,139,umiarkowany,FF8608,67,zly
FF7698,134,slaby,FF7698,86,zly
FF8609,134,slaby,FF8609,71,zly
FF7699,110,zly,FF7699,79,zly
FF8700,134,slaby,FF8700,73,zly
FF7790,117,slaby,FF7790,83,zly
FF8701,155,dobry,FF8701,73,zly
FF7791,109,zly,FF7791,74,zly
FF8702,137,umiarkowany,FF8702,66,zly
FF7792,171,bardzo dobry,FF7792,57,zly
FF8703,158,dobry,FF8703,56,zly
FF7793,169,dobry,FF7793,39,zly
FF8704,119,slaby,FF8704,87,zly
FF7794,125,slaby,FF7794,81,zly
FF7795,166,dobry,FF7795,62,zly
FF8706,136,umiarkowany,FF8706,75,zly
FF7796,138,umiarkowany,FF7796,71,zly
FF8707,135,umiarkowany,FF8707,69,zly
FF8802,129,slaby,FF8802,82,zly
FF8803,172,bardzo dobry,FF8803,48,zly
FF7893,183,bardzo dobry,FF7893,48,zly
FF8804,183,bardzo dobry,FF8804,38,zly
FF7894,177,bardzo dobry,FF7894,56,zly
FF8807,144,umiarkowany,FF8807,74,zly
FF8809,158,dobry,FF8809,55,zly
FF8900,183,bardzo dobry,FF8900,47,zly
FF7287,148,umiarkowany,FF7287,92,zly
FF7384,147,umiarkowany,FF7384,66,zly
FF7586,161,dobry,FF7586,70,zly
FF7682,177,bardzo dobry,FF7682,48,zly
FF7683,172,bardzo dobry,FF7683,51,zly
FF7685,95,zly,FF7685,98,zly
FF7782,191,bardzo dobry,FF7782,38,zly
FF7783,162,dobry,FF7783,38,zly
FF7784,158,dobry,FF7784,49,zly
FF7271,131,slaby,FF7271,76,zly
FF7272,154,dobry,FF7272,47,zly
FF7373,145,umiarkowany,FF7373,63,zly
FF7374,135,umiarkowany,FF7374,89,zly
FF7378,134,slaby,FF7378,84,zly
FF7672,182,bardzo dobry,FF7672,44,zly
FF7673,177,bardzo dobry,FF7673,38,zly
FF7674,166,dobry,FF7674,97,zly
FF7678,139,umiarkowany,FF7678,64,zly
FF7776,128,slaby,FF7776,55,zly
FF7360,127,slaby,FF7360,101,zly
FF7363,167,dobry,FF7363,81,zly
FF7661,162,dobry,FF7661,65,zly
FF7662,174,bardzo dobry,FF7662,49,zly
FF7663,170,dobry,FF7663,60,zly
FF7664,176,bardzo dobry,FF7664,70,zly
FF7665,124,slaby,FF7665,86,zly
FF7253,136,umiarkowany,FF7253,73,zly
FF7356,132,slaby,FF7356,82,zly
FF7652,165,dobry,FF7652,48,zly
FF7653,165,dobry,FF7653,38,zly
FF7654,171,bardzo dobry,FF7654,66,zly
FF7655,153,dobry,FF7655,97,zly
FF7656,180,bardzo dobry,FF7656,49,zly
FF7657,161,dobry,FF7657,60,zly
FF7242,151,umiarkowany,FF7242,55,zly
FF7243,145,umiarkowany,FF7243,72,zly
FF7340,165,dobry,FF7340,82,zly
FF7345,153,dobry,FF7345,58,zly
FF7346,122,slaby,FF7346,60,zly
FF7347,141,umiarkowany,FF7347,64,zly
FF7545,153,dobry,FF7545,63,zly
FF7546,152,dobry,FF7546,77,zly
FF7548,136,umiarkowany,FF7548,72,zly
FF7549,155,dobry,FF7549,70,zly
FF7640,168,dobry,FF7640,48,zly
FF7641,180,bardzo dobry,FF7641,38,zly
FF7642,179,bardzo dobry,FF7642,78,zly
FF7643,180,bardzo dobry,FF7643,61,zly
FF7646,174,bardzo dobry,FF7646,38,zly
FF7647,160,dobry,FF7647,56,zly
FF7138,140,umiarkowany,FF7138,67,zly
FF7139,130,slaby,FF7139,56,zly
FF7230,108,zly,FF7230,60,zly
FF7231,141,umiarkowany,FF7231,57,zly
FF7232,161,dobry,FF7232,38,zly
FF7233,152,dobry,FF7233,55,zly
FF7235,139,umiarkowany,FF7235,79,zly
FF7236,156,dobry,FF7236,68,zly
FF7239,181,bardzo dobry,FF7239,38,zly
FF7330,181,bardzo dobry,FF7330,58,zly
FF7334,165,dobry,FF7334,60,zly
FF7335,157,dobry,FF7335,38,zly
FF7336,159,dobry,FF7336,44,zly
FF7536,137,umiarkowany,FF7536,72,zly
FF7537,136,umiarkowany,FF7537,59,zly
FF7631,166,dobry,FF7631,99,zly
FF7632,174,bardzo dobry,FF7632,38,zly
FF7633,167,dobry,FF7633,98,zly
FF7636,154,dobry,FF7636,83,zly
FF7637,164,dobry,FF7637,50,zly
FF7638,169,dobry,FF7638,77,zly
FF8473,119,slaby,FF8473,80,zly
FF8474,117,slaby,FF8474,74,zly
FF8478,172,bardzo dobry,FF8478,48,zly
FF8479,153,dobry,FF8479,41,zly
FF8570,156,dobry,FF8570,77,zly
FF8571,153,dobry,FF8571,69,zly
FF8575,152,dobry,FF8575,50,zly
FF8778,139,umiarkowany,FF8778,95,zly
FF8871,123,slaby,FF8871,88,zly
FF8872,139,umiarkowany,FF8872,86,zly
FF8874,166,dobry,FF8874,63,zly
FF8875,186,bardzo dobry,FF8875,59,zly
FF8876,153,dobry,FF8876,71,zly
FF8877,131,slaby,FF8877,100,zly
FF8878,173,bardzo dobry,FF8878,43,zly
FF8879,196,bardzo dobry,FF8879,38,zly
FF8971,196,bardzo dobry,FF8971,41,zly
FF8972,179,bardzo dobry,FF8972,49,zly
FF8975,176,bardzo dobry,FF8975,64,zly
FF8465,103,zly,FF8465,81,zly
FF8466,123,slaby,FF8466,77,zly
FF8467,155,dobry,FF8467,46,zly
FF8468,177,bardzo dobry,FF8468,46,zly
FF8469,152,dobry,FF8469,67,zly
FF8563,152,dobry,FF8563,63,zly
FF8564,165,dobry,FF8564,52,zly
FF8565,145,umiarkowany,FF8565,49,zly
FF8765,148,umiarkowany,FF8765,65,zly
FF8769,106,zly,FF8769,86,zly
FF8860,139,umiarkowany,FF8860,62,zly
FF8863,177,bardzo dobry,FF8863,59,zly
FF8864,175,bardzo dobry,FF8864,38,zly
FF8865,165,dobry,FF8865,38,zly
FF8866,171,bardzo dobry,FF8866,65,zly
FF8868,169,dobry,FF8868,38,zly
FF8869,197,bardzo dobry,FF8869,38,zly
FF8960,196,bardzo dobry,FF8960,38,zly
FF8961,193,bardzo dobry,FF8961,38,zly
FF8962,179,bardzo dobry,FF8962,38,zly
FF8963,169,dobry,FF8963,56,zly
FF8964,182,bardzo dobry,FF8964,38,zly
FF8965,156,dobry,FF8965,86,zly
FF8966,157,dobry,FF8966,102,zly
FF8967,182,bardzo dobry,FF8967,75,zly
FF8968,117,slaby,FF8968,82,zly
FF8969,171,bardzo dobry,FF8969,53,zly
FF8451,161,dobry,FF8451,44,zly
FF8452,159,dobry,FF8452,52,zly
FF8453,113,zly,FF8453,77,zly
FF8454,126,slaby,FF8454,85,zly
FF8455,155,dobry,FF8455,57,zly
FF8456,181,bardzo dobry,FF8456,38,zly
FF8457,158,dobry,FF8457,38,zly
FF8552,143,umiarkowany,FF8552,74,zly
FF8553,166,dobry,FF8553,52,zly
FF8554,133,slaby,FF8554,76,zly
FF8558,141,umiarkowany,FF8558,57,zly
FF8559,150,umiarkowany,FF8559,68,zly
FF8656,160,dobry,FF8656,87,zly
FF8659,158,dobry,FF8659,75,zly
FF8750,164,dobry,FF8750,66,zly
FF8751,132,slaby,FF8751,87,zly
FF8755,165,dobry,FF8755,98,zly
FF8758,162,dobry,FF8758,66,zly
FF8759,130,slaby,FF8759,63,zly
FF8850,150,umiarkowany,FF8850,93,zly
FF8853,171,bardzo dobry,FF8853,51,zly
FF8854,161,dobry,FF8854,38,zly
FF8855,185,bardzo dobry,FF8855,38,zly
FF8857,170,dobry,FF8857,80,zly
FF8858,192,bardzo dobry,FF8858,38,zly
FF8859,190,bardzo dobry,FF8859,38,zly
FF8950,175,bardzo dobry,FF8950,38,zly
FF8951,194,bardzo dobry,FF8951,38,zly
FF8952,191,bardzo dobry,FF8952,41,zly
FF8953,171,bardzo dobry,FF8953,80,zly
FF8955,186,bardzo dobry,FF8955,63,zly
FF8956,175,bardzo dobry,FF8956,69,zly
FF8957,150,umiarkowany,FF8957,67,zly
FF8958,165,dobry,FF8958,55,zly
FF8959,192,bardzo dobry,FF8959,90,zly
FF8443,126,slaby,FF8443,68,zly
FF8444,158,dobry,FF8444,52,zly
FF8445,161,dobry,FF8445,43,zly
FF8446,173,bardzo dobry,FF8446,78,zly
FF8447,158,dobry,FF8447,80,zly
FF8542,160,dobry,FF8542,61,zly
FF8543,141,umiarkowany,FF8543,87,zly
FF8547,154,dobry,FF8547,51,zly
FF8548,159,dobry,FF8548,54,zly
FF8644,174,bardzo dobry,FF8644,38,zly
FF8645,173,bardzo dobry,FF8645,57,zly
FF8649,134,slaby,FF8649,89,zly
FF8740,153,dobry,FF8740,47,zly
FF8742,150,umiarkowany,FF8742,67,zly
FF8743,157,dobry,FF8743,73,zly
FF8744,134,slaby,FF8744,74,zly
FF8747,116,zly,FF8747,86,zly
FF8748,162,dobry,FF8748,71,zly
FF8749,152,dobry,FF8749,43,zly
FF8840,158,dobry,FF8840,44,zly
FF8841,142,umiarkowany,FF8841,52,zly
FF8843,166,dobry,FF8843,63,zly
FF8844,173,bardzo dobry,FF8844,38,zly
FF8845,185,bardzo dobry,FF8845,38,zly
FF8846,157,dobry,FF8846,62,zly
FF8847,188,bardzo dobry,FF8847,51,zly
FF8848,161,dobry,FF8848,38,zly
FF8849,200,bardzo dobry,FF8849,38,zly
FF8940,201,bardzo dobry,FF8940,51,zly
FF8941,195,bardzo dobry,FF8941,38,zly
FF8943,193,bardzo dobry,FF8943,38,zly
FF8944,191,bardzo dobry,FF8944,38,zly
FF8945,171,bardzo dobry,FF8945,88,zly
FF8949,142,umiarkowany,FF8949,84,zly
FF8430,139,umiarkowany,FF8430,61,zly
FF8433,176,bardzo dobry,FF8433,43,zly
FF8434,158,dobry,FF8434,76,zly
FF8531,129,slaby,FF8531,80,zly
FF8634,165,dobry,FF8634,43,zly
FF8639,134,slaby,FF8639,68,zly
FF8730,140,umiarkowany,FF8730,64,zly
FF8732,163,dobry,FF8732,52,zly
FF8733,158,dobry,FF8733,46,zly
FF8734,142,umiarkowany,FF8734,77,zly
FF8737,144,umiarkowany,FF8737,43,zly
FF8738,176,bardzo dobry,FF8738,38,zly
FF8739,151,umiarkowany,FF8739,60,zly
FF8830,161,dobry,FF8830,95,zly
FF8832,130,slaby,FF8832,76,zly
FF8833,158,dobry,FF8833,38,zly
FF8834,164,dobry,FF8834,72,zly
FF8836,163,dobry,FF8836,82,zly
FF8837,181,bardzo dobry,FF8837,38,zly
FF8838,197,bardzo dobry,FF8838,38,zly
FF8839,193,bardzo dobry,FF8839,38,zly
FF8930,193,bardzo dobry,FF8930,38,zly
FF8931,186,bardzo dobry,FF8931,38,zly
FF8934,151,umiarkowany,FF8934,55,zly
FF8229,139,umiarkowany,FF8229,105,zly
FF8320,145,umiarkowany,FF8320,75,zly
FF8420,153,dobry,FF8420,69,zly
FF8421,163,dobry,FF8421,56,zly
FF8422,164,dobry,FF8422,38,zly
FF8423,175,bardzo dobry,FF8423,38,zly
FF8621,161,dobry,FF8621,52,zly
FF8622,163,dobry,FF8622,76,zly
FF8624,156,dobry,FF8624,43,zly
FF8625,184,bardzo dobry,FF8625,56,zly
FF8626,169,dobry,FF8626,71,zly
FF8627,171,bardzo dobry,FF8627,56,zly
FF8628,163,dobry,FF8628,44,zly
FF8629,128,slaby,FF8629,58,zly
FF8720,123,slaby,FF8720,77,zly
FF8723,180,bardzo dobry,FF8723,59,zly
FF8724,172,bardzo dobry,FF8724,46,zly
FF8726,148,umiarkowany,FF8726,73,zly
FF8727,169,dobry,FF8727,38,zly
FF8728,181,bardzo dobry,FF8728,38,zly
FF8729,156,dobry,FF8729,63,zly
FF8823,163,dobry,FF8823,85,zly
FF8824,168,dobry,FF8824,42,zly
FF8827,176,bardzo dobry,FF8827,83,zly
FF8828,190,bardzo dobry,FF8828,39,zly
FF8829,191,bardzo dobry,FF8829,39,zly
FF8920,197,bardzo dobry,FF8920,59,zly
FF8921,170,dobry,FF8921,56,zly
FF8219,163,dobry,FF8219,83,zly
FF8310,168,dobry,FF8310,59,zly
FF8311,182,bardzo dobry,FF8311,101,zly
FF8314,110,zly,FF8314,69,zly
FF8411,163,dobry,FF8411,68,zly
FF8412,162,dobry,FF8412,53,zly
FF8413,160,dobry,FF8413,95,zly
FF8417,123,slaby,FF8417,83,zly
FF8518,139,umiarkowany,FF8518,81,zly
FF8519,164,dobry,FF8519,54,zly
FF8610,159,dobry,FF8610,38,zly
FF8611,155,dobry,FF8611,44,zly
FF8614,142,umiarkowany,FF8614,74,zly
FF8615,122,slaby,FF8615,59,zly
FF8617,147,umiarkowany,FF8617,75,zly
FF8618,161,dobry,FF8618,38,zly
FF8711,130,slaby,FF8711,71,zly
FF8712,129,slaby,FF8712,89,zly
FF8713,163,dobry,FF8713,38,zly
FF8714,149,umiarkowany,FF8714,52,zly
FF8716,163,dobry,FF8716,66,zly
FF8717,172,bardzo dobry,FF8717,38,zly
FF8718,169,dobry,FF8718,38,zly
FF8719,189,bardzo dobry,FF8719,54,zly
FF8810,132,slaby,FF8810,88,zly
FF8813,154,dobry,FF8813,85,zly
FF8814,170,dobry,FF8814,53,zly
FF8815,159,dobry,FF8815,76,zly
FF8817,163,dobry,FF8817,39,zly
FF8818,188,bardzo dobry,FF8818,38,zly
FF8819,190,bardzo dobry,FF8819,38,zly
FF8910,168,dobry,FF8910,44,zly
FF8912,152,dobry,FF8912,49,zly
FF8913,159,dobry,FF8913,58,zly
FF6292,113,zly,FF6292,78,zly
FF6697,142,umiarkowany,FF6697,68,zly
FF6283,122,slaby,FF6283,66,zly
FF6284,151,umiarkowany,FF6284,70,zly
FF6683,125,slaby,FF6683,73,zly
FF6273,130,slaby,FF6273,56,zly
FF6274,155,dobry,FF6274,52,zly
FF6578,134,slaby,FF6578,71,zly
FF6579,118,slaby,FF6579,73,zly
FF2766,97,zly,FF2766,38,zly
FF2767,100,zly,FF2767,62,zly
FF2777,97,zly,FF2777,39,zly
FF2787,102,zly,FF2787,29,zly
FF5101,124,slaby,FF5101,60,zly
FF5102,108,zly,FF5102,34,zly
FF5103,143,umiarkowany,FF5103,52,zly
FF5104,153,dobry,FF5104,64,zly
FF5105,126,slaby,FF5105,41,zly
FF5106,98,zly,FF5106,57,zly
FF5107,127,slaby,FF5107,41,zly
FF5108,155,dobry,FF5108,51,zly
FF5109,125,slaby,FF5109,80,zly
FF5201,95,zly,FF5201,76,zly
FF5202,92,zly,FF5202,102,zly
FF5203,106,zly,FF5203,112,zly
FF5205,122,slaby,FF5205,55,zly
FF5207,107,zly,FF5207,41,zly
FF5208,140,umiarkowany,FF5208,60,zly
FF5209,136,umiarkowany,FF5209,111,zly
FF5300,117,slaby,FF5300,68,zly
FF5301,108,zly,FF5301,50,zly
FF5302,126,slaby,FF5302,49,zly
FF5303,100,zly,FF5303,41,zly
FF5304,139,umiarkowany,FF5304,69,zly
FF5305,111,zly,FF5305,95,zly
FF5608,102,zly,FF5608,92,zly
FF5609,130,slaby,FF5609,34,zly
FF5700,81,zly,FF5700,77,zly
FF5701,91,zly,FF5701,43,zly
FF5702,104,zly,FF5702,43,zly
FF2745,98,zly,FF2745,54,zly
FF2755,105,zly,FF2755,40,zly
FF2765,107,zly,FF2765,34,zly
FF2795,96,zly,FF2795,81,zly
FF2734,99,zly,FF2734,47,zly
FF2744,104,zly,FF2744,35,zly
FF2754,132,slaby,FF2754,39,zly
FF2764,128,slaby,FF2764,43,zly
FF2733,100,zly,FF2733,38,zly
FF2743,122,slaby,FF2743,34,zly
FF4793,119,slaby,FF4793,79,zly
FF2732,93,zly,FF2732,52,zly
FF2742,116,zly,FF2742,43,zly
FF3762,79,zly,FF3762,61,zly
FF4712,90,zly,FF4712,60,zly
FF4782,103,zly,FF4782,74,zly
FF3761,100,zly,FF3761,32,zly
FF3771,108,zly,FF3771,56,zly
FF3781,131,slaby,FF3781,88,zly
FF3791,113,zly,FF3791,46,zly
FF4701,125,slaby,FF4701,47,zly
FF4711,103,zly,FF4711,58,zly
FF4781,116,zly,FF4781,67,zly
FF3760,123,slaby,FF3760,63,zly
FF3770,126,slaby,FF3770,41,zly
FF3780,110,zly,FF3780,69,zly
FF3790,106,zly,FF3790,41,zly
FF4700,123,slaby,FF4700,35,zly
FF4710,119,slaby,FF4710,54,zly
FF4720,107,zly,FF4720,70,zly
FF4730,96,zly,FF4730,73,zly
FF4770,113,zly,FF4770,92,zly
FF4780,93,zly,FF4780,73,zly
FF3689,112,zly,FF3689,34,zly
FF3699,117,slaby,FF3699,49,zly
FF4609,100,zly,FF4609,41,zly
FF4619,113,zly,FF4619,43,zly
FF4629,117,slaby,FF4629,58,zly
FF4639,121,slaby,FF4639,36,zly
FF4649,101,zly,FF4649,71,zly
FF4679,86,zly,FF4679,102,zly
FF3688,112,zly,FF3688,56,zly
FF3698,138,umiarkowany,FF3698,35,zly
FF4628,130,slaby,FF4628,75,zly
FF4638,127,slaby,FF4638,41,zly
FF4648,111,zly,FF4648,47,zly
FF3916,99,zly,FF3916,35,zly
FF3926,121,slaby,FF3926,65,zly
FF3966,92,zly,FF3966,47,zly
FF3976,97,zly,FF3976,46,zly
FF4926,127,slaby,FF4926,35,zly
FF4936,121,slaby,FF4936,35,zly
FF4946,147,umiarkowany,FF4946,29,zly
FF4956,132,slaby,FF4956,41,zly
FF4966,112,zly,FF4966,41,zly
FF4976,140,umiarkowany,FF4976,46,zly
FF4986,143,umiarkowany,FF4986,29,zly
FF4996,130,slaby,FF4996,46,zly
FF5906,113,zly,FF5906,88,zly
FF3915,93,zly,FF3915,23,zly
FF3925,103,zly,FF3925,48,zly
FF3965,98,zly,FF3965,35,zly
FF4925,126,slaby,FF4925,30,zly
FF4935,124,slaby,FF4935,40,zly
FF4945,128,slaby,FF4945,40,zly
FF4955,122,slaby,FF4955,43,zly
FF4965,130,slaby,FF4965,46,zly
FF4975,107,zly,FF4975,35,zly
FF4985,146,umiarkowany,FF4985,61,zly
FF5905,95,zly,FF5905,100,zly
FF3924,150,umiarkowany,FF3924,29,zly
FF3934,96,zly,FF3934,135,slaby
FF3964,87,zly,FF3964,58,zly
FF4934,114,zly,FF4934,60,zly
FF4944,100,zly,FF4944,29,zly
FF4954,144,umiarkowany,FF4954,40,zly
FF4964,146,umiarkowany,FF4964,46,zly
FF4974,115,zly,FF4974,57,zly
FF5904,98,zly,FF5904,116,slaby
FF2874,104,zly,FF2874,90,zly
FF3803,122,slaby,FF3803,79,zly
FF3813,124,slaby,FF3813,63,zly
FF3823,113,zly,FF3823,69,zly
FF3824,100,zly,FF3824,144,umiarkowany
FF3833,107,zly,FF3833,104,zly
FF3834,94,zly,FF3834,88,zly
FF3843,68,zly,FF3843,84,zly
FF3844,80,zly,FF3844,89,zly
FF3873,104,zly,FF3873,70,zly
FF3883,126,slaby,FF3883,71,zly
FF3884,116,zly,FF3884,45,zly
FF5804,101,zly,FF5804,65,zly
FF3802,143,umiarkowany,FF3802,32,zly
FF3812,131,slaby,FF3812,29,zly
FF3822,121,slaby,FF3822,29,zly
FF3832,121,slaby,FF3832,59,zly
FF3842,80,zly,FF3842,85,zly
FF2891,109,zly,FF2891,45,zly
FF3801,145,umiarkowany,FF3801,29,zly
FF3811,154,dobry,FF3811,29,zly
FF3821,167,dobry,FF3821,29,zly
FF3831,103,zly,FF3831,44,zly
FF3841,86,zly,FF3841,96,zly
FF3861,105,zly,FF3861,29,zly
FF3871,101,zly,FF3871,49,zly
FF3923,145,umiarkowany,FF3923,35,zly
FF3943,102,zly,FF3943,68,zly
FF3953,107,zly,FF3953,48,zly
FF4953,99,zly,FF4953,61,zly
FF4963,133,slaby,FF4963,59,zly
FF3922,156,dobry,FF3922,32,zly
FF3932,110,zly,FF3932,125,slaby
FF3942,131,slaby,FF3942,41,zly
FF3952,154,dobry,FF3952,41,zly
FF4932,106,zly,FF4932,83,zly
FF4942,83,zly,FF4942,98,zly
FF4962,116,zly,FF4962,99,zly
FF4992,127,slaby,FF4992,44,zly
FF5902,128,slaby,FF5902,67,zly
FF3911,121,slaby,FF3911,39,zly
FF3921,145,umiarkowany,FF3921,80,zly
FF3941,143,umiarkowany,FF3941,41,zly
FF3951,130,slaby,FF3951,89,zly
FF3961,127,slaby,FF3961,80,zly
FF3971,117,slaby,FF3971,29,zly
FF4921,127,slaby,FF4921,46,zly
FF4931,114,zly,FF4931,79,zly
FF4941,115,zly,FF4941,72,zly
FF4951,95,zly,FF4951,82,zly
FF4961,111,zly,FF4961,73,zly
FF4991,121,slaby,FF4991,42,zly
FF5901,101,zly,FF5901,67,zly
FF2990,121,slaby,FF2990,51,zly
FF3930,117,slaby,FF3930,92,zly
FF3940,145,umiarkowany,FF3940,46,zly
FF3950,115,zly,FF3950,81,zly
FF3960,97,zly,FF3960,94,zly
FF3970,105,zly,FF3970,38,zly
FF4920,118,slaby,FF4920,56,zly
FF4930,116,zly,FF4930,60,zly
FF4940,132,slaby,FF4940,46,zly
FF4980,137,umiarkowany,FF4980,56,zly
FF4990,144,umiarkowany,FF4990,83,zly
FF5900,90,zly,FF5900,94,zly
FF2889,98,zly,FF2889,46,zly
FF2899,98,zly,FF2899,61,zly
FF3839,134,slaby,FF3839,80,zly
FF3849,114,zly,FF3849,41,zly
FF3859,108,zly,FF3859,35,zly
FF3869,121,slaby,FF3869,29,zly
FF3879,116,zly,FF3879,91,zly
FF4829,103,zly,FF4829,60,zly
FF4839,99,zly,FF4839,46,zly
FF4889,121,slaby,FF4889,105,zly
FF2878,95,zly,FF2878,61,zly
FF2888,111,zly,FF2888,63,zly
FF2898,112,zly,FF2898,46,zly
FF3838,126,slaby,FF3838,45,zly
FF3848,119,slaby,FF3848,61,zly
FF3868,126,slaby,FF3868,37,zly
FF4828,88,zly,FF4828,69,zly
FF4838,117,slaby,FF4838,62,zly
FF2877,119,slaby,FF2877,84,zly
FF2887,147,umiarkowany,FF2887,43,zly
FF2897,107,zly,FF2897,47,zly
FF3807,125,slaby,FF3807,37,zly
FF3847,115,zly,FF3847,62,zly
FF4827,112,zly,FF4827,41,zly
FF4837,116,zly,FF4837,68,zly
FF2886,141,umiarkowany,FF2886,48,zly
FF2896,118,slaby,FF2896,42,zly
FF3806,106,zly,FF3806,43,zly
FF3896,93,zly,FF3896,71,zly
FF4816,122,slaby,FF4816,51,zly
FF4826,113,zly,FF4826,91,zly
FF2885,132,slaby,FF2885,37,zly
FF3835,94,zly,FF3835,90,zly
FF3895,100,zly,FF3895,52,zly
FF4805,116,zly,FF4805,35,zly
FF4815,118,slaby,FF4815,49,zly
FF2870,113,zly,FF2870,62,zly
FF2890,133,slaby,FF2890,37,zly
FF3800,140,umiarkowany,FF3800,45,zly
FF3810,148,umiarkowany,FF3810,34,zly
FF3820,157,dobry,FF3820,35,zly
FF3830,101,zly,FF3830,44,zly
FF3840,109,zly,FF3840,37,zly
FF3850,85,zly,FF3850,118,slaby
FF3860,102,zly,FF3860,29,zly
FF2769,101,zly,FF2769,49,zly
FF2779,114,zly,FF2779,29,zly
FF2789,107,zly,FF2789,82,zly
FF2799,99,zly,FF2799,58,zly
FF3709,122,slaby,FF3709,39,zly
FF3719,128,slaby,FF3719,44,zly
FF3739,98,zly,FF3739,46,zly
FF3749,110,zly,FF3749,34,zly
FF3759,85,zly,FF3759,118,slaby
FF3769,113,zly,FF3769,41,zly
FF2768,102,zly,FF2768,50,zly
FF2778,103,zly,FF2778,29,zly
FF2788,99,zly,FF2788,36,zly
FF2798,82,zly,FF2798,122,slaby
FF3728,96,zly,FF3728,57,zly
FF3738,99,zly,FF3738,53,zly
FF3575,89,zly,FF3575,71,zly
FF3576,90,zly,FF3576,46,zly
FF3677,124,slaby,FF3677,43,zly
FF4637,92,zly,FF4637,92,zly
FF4647,106,zly,FF4647,60,zly
FF4616,112,zly,FF4616,138,slaby
FF4636,130,slaby,FF4636,72,zly
FF4646,96,zly,FF4646,85,zly
FF4615,132,slaby,FF4615,41,zly
FF4625,128,slaby,FF4625,84,zly
FF4635,136,umiarkowany,FF4635,92,zly
FF3654,102,zly,FF3654,107,zly
FF3684,144,umiarkowany,FF3684,90,zly
FF3694,105,zly,FF3694,84,zly
FF4604,141,umiarkowany,FF4604,81,zly
FF4614,159,dobry,FF4614,47,zly
FF4624,149,umiarkowany,FF4624,48,zly
FF4634,123,slaby,FF4634,42,zly
FF4644,125,slaby,FF4644,56,zly
FF3683,148,umiarkowany,FF3683,44,zly
FF3693,116,zly,FF3693,35,zly
FF4603,147,umiarkowany,FF4603,41,zly
FF4613,156,dobry,FF4613,41,zly
FF4623,144,umiarkowany,FF4623,46,zly
FF4633,112,zly,FF4633,61,zly
FF4643,84,zly,FF4643,62,zly
FF4653,92,zly,FF4653,88,zly
FF3682,101,zly,FF3682,79,zly
FF3692,137,umiarkowany,FF3692,41,zly
FF4602,165,dobry,FF4602,41,zly
FF4612,158,dobry,FF4612,41,zly
FF4622,125,slaby,FF4622,51,zly
FF4652,98,zly,FF4652,93,zly
FF4692,103,zly,FF4692,85,zly
FF3691,147,umiarkowany,FF3691,78,zly
FF4601,129,slaby,FF4601,41,zly
FF4611,157,dobry,FF4611,41,zly
FF4621,145,umiarkowany,FF4621,44,zly
FF4631,102,zly,FF4631,89,zly
FF4661,99,zly,FF4661,51,zly
FF3680,147,umiarkowany,FF3680,63,zly
FF4610,153,dobry,FF4610,69,zly
FF4620,152,dobry,FF4620,44,zly
FF4630,156,dobry,FF4630,41,zly
FF4640,91,zly,FF4640,84,zly
FF3589,154,dobry,FF3589,63,zly
FF4529,142,umiarkowany,FF4529,41,zly
FF4539,166,dobry,FF4539,41,zly
FF4549,121,slaby,FF4549,46,zly
FF4559,115,zly,FF4559,83,zly
FF4569,78,zly,FF4569,83,zly
FF4579,108,zly,FF4579,57,zly
FF4589,118,slaby,FF4589,32,zly
FF3568,99,zly,FF3568,52,zly
FF3578,97,zly,FF3578,71,zly
FF3588,145,umiarkowany,FF3588,57,zly
FF4528,135,umiarkowany,FF4528,56,zly
FF4538,165,dobry,FF4538,54,zly
FF4548,164,dobry,FF4548,44,zly
FF4558,145,umiarkowany,FF4558,64,zly
FF4578,103,zly,FF4578,68,zly
FF3567,105,zly,FF3567,38,zly
FF3587,109,zly,FF3587,81,zly
FF3597,100,zly,FF3597,77,zly
FF4192,91,zly,FF4192,71,zly
FF4193,108,zly,FF4193,61,zly
FF4194,124,slaby,FF4194,84,zly
FF4195,115,zly,FF4195,39,zly
FF4197,104,zly,FF4197,51,zly
FF4198,110,zly,FF4198,62,zly
FF4199,94,zly,FF4199,68,zly
FF4291,89,zly,FF4291,105,zly
FF4293,95,zly,FF4293,67,zly
FF4294,99,zly,FF4294,64,zly
FF4297,77,zly,FF4297,72,zly
FF4298,107,zly,FF4298,38,zly
FF4299,104,zly,FF4299,97,zly
FF4391,102,zly,FF4391,114,slaby
FF4392,110,zly,FF4392,86,zly
FF4393,98,zly,FF4393,77,zly
FF4394,112,zly,FF4394,58,zly
FF4395,96,zly,FF4395,89,zly
FF3554,91,zly,FF3554,64,zly
FF3584,79,zly,FF3584,90,zly
FF3573,74,zly,FF3573,60,zly
FF3583,83,zly,FF3583,45,zly
FF3562,79,zly,FF3562,69,zly
FF3572,76,zly,FF3572,49,zly
FF3581,89,zly,FF3581,95,zly
FF3591,118,slaby,FF3591,68,zly
FF4501,101,zly,FF4501,85,zly
FF3590,119,slaby,FF3590,34,zly
FF4500,107,zly,FF4500,41,zly
FF4510,110,zly,FF4510,58,zly
FF3439,83,zly,FF3439,78,zly
FF3459,91,zly,FF3459,68,zly
FF3469,94,zly,FF3469,86,zly
FF3499,99,zly,FF3499,86,zly
FF4409,124,slaby,FF4409,41,zly
FF4419,102,zly,FF4419,44,zly
FF4429,106,zly,FF4429,77,zly
FF4439,92,zly,FF4439,78,zly
FF3428,148,umiarkowany,FF3428,44,zly
FF3438,158,dobry,FF3438,38,zly
FF3468,100,zly,FF3468,82,zly
FF4408,128,slaby,FF4408,62,zly
FF4418,100,zly,FF4418,38,zly
FF4428,116,zly,FF4428,44,zly
FF4438,94,zly,FF4438,32,zly
FF3407,126,slaby,FF3407,88,zly
FF3427,124,slaby,FF3427,29,zly
FF3437,170,dobry,FF3437,44,zly
FF4417,111,zly,FF4417,49,zly
FF4427,128,slaby,FF4427,41,zly
FF4437,126,slaby,FF4437,44,zly
FF4447,101,zly,FF4447,32,zly
FF4182,84,zly,FF4182,61,zly
FF4183,100,zly,FF4183,43,zly
FF4184,127,slaby,FF4184,52,zly
FF4185,112,zly,FF4185,67,zly
FF4186,91,zly,FF4186,87,zly
FF4187,146,umiarkowany,FF4187,32,zly
FF4188,123,slaby,FF4188,43,zly
FF4189,106,zly,FF4189,51,zly
FF4281,114,zly,FF4281,62,zly
FF4282,100,zly,FF4282,64,zly
FF4384,90,zly,FF4384,90,zly
FF4385,107,zly,FF4385,66,zly
FF4386,82,zly,FF4386,79,zly
FF4476,122,slaby,FF4476,65,zly
FF2287,113,zly,FF2287,59,zly
FF2288,119,slaby,FF2288,67,zly
FF2297,123,slaby,FF2297,49,zly
FF2298,126,slaby,FF2298,63,zly
FF3207,121,slaby,FF3207,87,zly
FF3208,108,zly,FF3208,80,zly
FF3217,116,zly,FF3217,64,zly
FF3218,107,zly,FF3218,62,zly
FF3227,120,slaby,FF3227,77,zly
FF3228,119,slaby,FF3228,70,zly
FF3237,100,zly,FF3237,83,zly
FF3238,109,zly,FF3238,74,zly
FF3248,119,slaby,FF3248,80,zly
FF3258,119,slaby,FF3258,55,zly
FF3268,89,zly,FF3268,82,zly
FF3216,107,zly,FF3216,46,zly
FF3226,134,slaby,FF3226,47,zly
FF3236,117,slaby,FF3236,41,zly
FF4256,95,zly,FF4256,82,zly
FF4276,105,zly,FF4276,67,zly
FF3215,89,zly,FF3215,67,zly
FF3225,95,zly,FF3225,90,zly
FF3235,120,slaby,FF3235,82,zly
FF3245,101,zly,FF3245,93,zly
FF3214,106,zly,FF3214,65,zly
FF3254,94,zly,FF3254,90,zly
FF4244,118,slaby,FF4244,96,zly
FF2158,141,umiarkowany,FF2158,43,zly
FF2168,139,umiarkowany,FF2168,38,zly
FF2178,151,umiarkowany,FF2178,47,zly
FF2179,131,slaby,FF2179,35,zly
FF2188,146,umiarkowany,FF2188,38,zly
FF2189,150,umiarkowany,FF2189,47,zly
FF2198,124,slaby,FF2198,41,zly
FF2199,109,zly,FF2199,35,zly
FF3108,90,zly,FF3108,62,zly
FF3109,106,zly,FF3109,53,zly
FF3118,87,zly,FF3118,82,zly
FF3128,94,zly,FF3128,73,zly
FF3138,96,zly,FF3138,110,zly
FF3158,95,zly,FF3158,93,zly
FF3159,105,zly,FF3159,53,zly
FF3168,109,zly,FF3168,62,zly
FF3169,108,zly,FF3169,81,zly
FF4139,93,zly,FF4139,71,zly
FF4168,111,zly,FF4168,45,zly
FF4169,110,zly,FF4169,49,zly
FF4178,136,umiarkowany,FF4178,58,zly
FF4179,97,zly,FF4179,43,zly
FF3283,91,zly,FF3283,91,zly
FF3293,102,zly,FF3293,57,zly
FF4203,121,slaby,FF4203,79,zly
FF4233,122,slaby,FF4233,41,zly
FF4243,115,zly,FF4243,47,zly
FF4263,109,zly,FF4263,79,zly
FF3212,91,zly,FF3212,96,zly
FF3262,83,zly,FF3262,87,zly
FF3282,95,zly,FF3282,93,zly
FF3292,102,zly,FF3292,65,zly
FF4202,114,zly,FF4202,47,zly
FF4212,102,zly,FF4212,108,zly
FF4222,105,zly,FF4222,82,zly
FF4232,134,slaby,FF4232,45,zly
FF4242,132,slaby,FF4242,67,zly
FF4262,99,zly,FF4262,87,zly
FF4272,109,zly,FF4272,87,zly
FF2281,116,zly,FF2281,49,zly
FF2291,125,slaby,FF2291,40,zly
FF3201,138,umiarkowany,FF3201,65,zly
FF3221,92,zly,FF3221,100,zly
FF3251,95,zly,FF3251,84,zly
FF4221,139,umiarkowany,FF4221,80,zly
FF4231,149,umiarkowany,FF4231,58,zly
FF2270,117,slaby,FF2270,29,zly
FF2280,128,slaby,FF2280,44,zly
FF2290,125,slaby,FF2290,56,zly
FF3200,148,umiarkowany,FF3200,47,zly
FF3210,108,zly,FF3210,76,zly
FF3220,97,zly,FF3220,75,zly
FF3250,108,zly,FF3250,59,zly
FF3416,132,slaby,FF3416,48,zly
FF3426,132,slaby,FF3426,33,zly
FF3436,159,dobry,FF3436,50,zly
FF3446,140,umiarkowany,FF3446,70,zly
FF3456,109,zly,FF3456,40,zly
FF4406,89,zly,FF4406,84,zly
FF4416,100,zly,FF4416,46,zly
FF4426,119,slaby,FF4426,47,zly
FF4436,89,zly,FF4436,83,zly
FF4446,81,zly,FF4446,72,zly
FF4456,101,zly,FF4456,44,zly
FF4466,126,slaby,FF4466,72,zly
FF3415,154,dobry,FF3415,29,zly
FF3425,153,dobry,FF3425,29,zly
FF3435,134,slaby,FF3435,69,zly
FF3445,143,umiarkowany,FF3445,38,zly
FF3455,114,zly,FF3455,93,zly
FF4425,127,slaby,FF4425,52,zly
FF4455,98,zly,FF4455,54,zly
FF4465,126,slaby,FF4465,65,zly
FF3414,171,bardzo dobry,FF3414,29,zly
FF3424,165,dobry,FF3424,32,zly
FF3434,128,slaby,FF3434,45,zly
FF3444,107,zly,FF3444,70,zly
FF4424,99,zly,FF4424,97,zly
FF4454,102,zly,FF4454,44,zly
FF4464,106,zly,FF4464,42,zly
FF3413,157,dobry,FF3413,38,zly
FF3423,141,umiarkowany,FF3423,38,zly
FF3433,135,umiarkowany,FF3433,44,zly
FF3443,97,zly,FF3443,91,zly
FF3473,110,zly,FF3473,70,zly
FF4463,97,zly,FF4463,84,zly
FF3312,93,zly,FF3312,88,zly
FF3321,105,zly,FF3321,49,zly
FF3322,83,zly,FF3322,112,zly
FF3331,111,zly,FF3331,92,zly
FF3332,86,zly,FF3332,108,zly
FF3351,106,zly,FF3351,95,zly
FF3352,117,slaby,FF3352,80,zly
FF3361,96,zly,FF3361,94,zly
FF2325,114,zly,FF2325,35,zly
FF2334,117,slaby,FF2334,36,zly
FF2335,115,zly,FF2335,29,zly
FF2344,92,zly,FF2344,83,zly
FF2365,95,zly,FF2365,91,zly
FF2375,83,zly,FF2375,73,zly
FF2384,81,zly,FF2384,96,zly
FF2385,80,zly,FF2385,74,zly
FF2394,89,zly,FF2394,79,zly
FF3314,81,zly,FF3314,92,zly
FF3315,94,zly,FF3315,93,zly
FF3324,118,slaby,FF3324,41,zly
FF3325,134,slaby,FF3325,99,zly
FF3334,120,slaby,FF3334,29,zly
FF3335,134,slaby,FF3335,54,zly
FF3344,129,slaby,FF3344,35,zly
FF3345,127,slaby,FF3345,57,zly
FF4315,117,slaby,FF4315,86,zly
FF4324,125,slaby,FF4324,65,zly
FF4325,136,umiarkowany,FF4325,41,zly
FF4344,94,zly,FF4344,77,zly
FF4345,94,zly,FF4345,76,zly
FF3333,109,zly,FF3333,83,zly
FF3343,91,zly,FF3343,83,zly
FF3363,99,zly,FF3363,87,zly
FF3373,115,zly,FF3373,91,zly
FF4323,111,zly,FF4323,56,zly
FF2472,103,zly,FF2472,62,zly
FF2482,83,zly,FF2482,60,zly
FF3402,103,zly,FF3402,115,slaby
FF3412,138,umiarkowany,FF3412,32,zly
FF3422,130,slaby,FF3422,44,zly
FF3432,140,umiarkowany,FF3432,51,zly
FF4462,106,zly,FF4462,56,zly
FF2451,103,zly,FF2451,58,zly
FF2461,98,zly,FF2461,100,zly
FF2471,109,zly,FF2471,60,zly
FF2481,127,slaby,FF2481,32,zly
FF2491,117,slaby,FF2491,47,zly
FF3401,102,zly,FF3401,67,zly
FF3411,137,umiarkowany,FF3411,32,zly
FF3421,108,zly,FF3421,49,zly
FF3431,85,zly,FF3431,106,zly
FF2440,95,zly,FF2440,32,zly
FF2450,100,zly,FF2450,29,zly
FF2460,144,umiarkowany,FF2460,97,zly
FF2480,138,umiarkowany,FF2480,32,zly
FF2490,129,slaby,FF2490,50,zly
FF3400,85,zly,FF3400,83,zly
FF3410,127,slaby,FF3410,32,zly
FF3420,105,zly,FF3420,102,zly
FF2349,105,zly,FF2349,61,zly
FF2359,116,zly,FF2359,44,zly
FF2369,115,zly,FF2369,102,zly
FF2379,137,umiarkowany,FF2379,51,zly
FF2389,139,umiarkowany,FF2389,32,zly
FF2399,123,slaby,FF2399,29,zly
FF3309,86,zly,FF3309,78,zly
FF4319,108,zly,FF4319,103,zly
FF4349,95,zly,FF4349,114,slaby
FF2318,82,zly,FF2318,72,zly
FF2348,95,zly,FF2348,99,zly
FF2358,123,slaby,FF2358,37,zly
FF2368,112,zly,FF2368,104,zly
FF2378,127,slaby,FF2378,49,zly
FF2388,125,slaby,FF2388,34,zly
FF2398,90,zly,FF2398,61,zly
FF3318,131,slaby,FF3318,81,zly
FF3328,133,slaby,FF3328,41,zly
FF3338,128,slaby,FF3338,37,zly
FF4318,104,zly,FF4318,46,zly
FF4328,104,zly,FF4328,97,zly
FF4338,109,zly,FF4338,57,zly
FF2317,105,zly,FF2317,47,zly
FF2327,92,zly,FF2327,78,zly
FF2367,85,zly,FF2367,118,slaby
FF2377,99,zly,FF2377,47,zly
FF2387,82,zly,FF2387,72,zly
FF3307,91,zly,FF3307,74,zly
FF3317,122,slaby,FF3317,29,zly
FF3327,137,umiarkowany,FF3327,41,zly
FF3337,137,umiarkowany,FF3337,41,zly
FF3397,100,zly,FF3397,60,zly
FF4307,88,zly,FF4307,119,slaby
FF4327,105,zly,FF4327,59,zly
FF2316,108,zly,FF2316,50,zly
FF2326,120,slaby,FF2326,35,zly
FF2336,96,zly,FF2336,64,zly
FF3306,119,slaby,FF3306,39,zly
FF3316,116,zly,FF3316,44,zly
FF3326,131,slaby,FF3326,44,zly
FF3336,137,umiarkowany,FF3336,40,zly
FF3396,103,zly,FF3396,59,zly
FF4316,111,zly,FF4316,68,zly
FF4326,140,umiarkowany,FF4326,47,zly
FF4346,95,zly,FF4346,68,zly
FF3330,112,zly,FF3330,94,zly
FF3340,102,zly,FF3340,76,zly
FF3350,86,zly,FF3350,111,zly
FF2289,105,zly,FF2289,62,zly
FF2299,100,zly,FF2299,81,zly
FF3209,93,zly,FF3209,80,zly
FF3219,113,zly,FF3219,57,zly
FF3229,113,zly,FF3229,61,zly
FF3259,110,zly,FF3259,44,zly
FF3037,86,zly,FF3037,62,zly
FF3047,92,zly,FF3047,61,zly
FF3057,91,zly,FF3057,66,zly
FF3067,100,zly,FF3067,75,zly
FF3076,55,zly,FF3076,61,zly
FF3077,97,zly,FF3077,46,zly
FF3087,76,zly,FF3087,54,zly
FF3097,77,zly,FF3097,50,zly
FF4007,73,zly,FF4007,67,zly
FF2157,120,slaby,FF2157,32,zly
FF2167,139,umiarkowany,FF2167,35,zly
FF2177,139,umiarkowany,FF2177,55,zly
FF2187,122,slaby,FF2187,51,zly
FF2197,117,slaby,FF2197,38,zly
FF3107,102,zly,FF3107,63,zly
FF3117,106,zly,FF3117,66,zly
FF3127,91,zly,FF3127,43,zly
FF3137,92,zly,FF3137,35,zly
FF3147,99,zly,FF3147,38,zly
FF3157,84,zly,FF3157,80,zly
FF3167,87,zly,FF3167,76,zly
FF3187,106,zly,FF3187,45,zly
FF3197,99,zly,FF3197,50,zly
FF4107,95,zly,FF4107,89,zly
FF4167,105,zly,FF4167,38,zly
FF4177,116,zly,FF4177,41,zly
FF2170,89,zly,FF2170,89,zly
FF2171,102,zly,FF2171,99,zly
FF2180,81,zly,FF2180,67,zly
FF2181,113,zly,FF2181,54,zly
FF2190,83,zly,FF2190,73,zly
FF2191,112,zly,FF2191,57,zly
FF3100,82,zly,FF3100,93,zly
FF3101,87,zly,FF3101,101,zly
FF3110,105,zly,FF3110,92,zly
FF3111,81,zly,FF3111,95,zly
FF3120,129,slaby,FF3120,47,zly
FF3121,142,umiarkowany,FF3121,89,zly
FF3140,137,umiarkowany,FF3140,68,zly
FF3141,106,zly,FF3141,64,zly
FF3150,100,zly,FF3150,41,zly
FF3151,101,zly,FF3151,29,zly
FF3160,139,umiarkowany,FF3160,47,zly
FF3161,109,zly,FF3161,35,zly
FF3170,146,umiarkowany,FF3170,47,zly
FF3171,100,zly,FF3171,35,zly
FF3180,127,slaby,FF3180,43,zly
FF3181,97,zly,FF3181,46,zly
FF3190,94,zly,FF3190,40,zly
FF3191,97,zly,FF3191,32,zly
FF4100,136,umiarkowany,FF4100,32,zly
FF4101,134,slaby,FF4101,29,zly
FF4110,118,slaby,FF4110,41,zly
FF4111,116,zly,FF4111,35,zly
FF4120,101,zly,FF4120,51,zly
FF4121,102,zly,FF4121,29,zly
FF4130,130,slaby,FF4130,58,zly
FF4131,130,slaby,FF4131,55,zly
FF4141,133,slaby,FF4141,67,zly
FF2156,127,slaby,FF2156,35,zly
FF2166,143,umiarkowany,FF2166,32,zly
FF2176,130,slaby,FF2176,80,zly
FF2186,143,umiarkowany,FF2186,42,zly
FF2196,114,zly,FF2196,54,zly
FF3106,146,umiarkowany,FF3106,52,zly
FF3116,113,zly,FF3116,35,zly
FF3126,132,slaby,FF3126,32,zly
FF3136,115,zly,FF3136,29,zly
FF3146,94,zly,FF3146,29,zly
FF3156,99,zly,FF3156,55,zly
FF3166,97,zly,FF3166,95,zly
FF3176,86,zly,FF3176,62,zly
FF4106,108,zly,FF4106,81,zly
FF4116,106,zly,FF4116,70,zly
FF4156,122,slaby,FF4156,37,zly
FF4166,102,zly,FF4166,32,zly
FF4176,118,slaby,FF4176,64,zly
FF2155,139,umiarkowany,FF2155,41,zly
FF2165,149,umiarkowany,FF2165,77,zly
FF2175,138,umiarkowany,FF2175,67,zly
FF2185,149,umiarkowany,FF2185,35,zly
FF2195,140,umiarkowany,FF2195,41,zly
FF3105,168,dobry,FF3105,47,zly
FF3115,116,zly,FF3115,52,zly
FF3125,118,slaby,FF3125,32,zly
FF3135,134,slaby,FF3135,38,zly
FF3145,97,zly,FF3145,40,zly
FF3155,85,zly,FF3155,76,zly
FF3165,101,zly,FF3165,40,zly
FF3175,123,slaby,FF3175,50,zly
FF3185,89,zly,FF3185,49,zly
FF3195,89,zly,FF3195,74,zly
FF4105,89,zly,FF4105,85,zly
FF4115,153,dobry,FF4115,39,zly
FF4125,149,umiarkowany,FF4125,45,zly
FF4135,91,zly,FF4135,60,zly
FF4145,82,zly,FF4145,59,zly
FF4155,136,umiarkowany,FF4155,32,zly
FF4165,112,zly,FF4165,29,zly
FF4175,126,slaby,FF4175,64,zly
FF2154,141,umiarkowany,FF2154,89,zly
FF2164,126,slaby,FF2164,108,zly
FF2174,128,slaby,FF2174,38,zly
FF2184,131,slaby,FF2184,32,zly
FF2194,154,dobry,FF2194,47,zly
FF3104,130,slaby,FF3104,44,zly
FF3114,98,zly,FF3114,29,zly
FF3124,122,slaby,FF3124,39,zly
FF3134,133,slaby,FF3134,45,zly
FF3144,107,zly,FF3144,88,zly
FF3154,103,zly,FF3154,58,zly
FF3164,125,slaby,FF3164,32,zly
FF3174,112,zly,FF3174,29,zly
FF3184,103,zly,FF3184,29,zly
FF3194,124,slaby,FF3194,38,zly
FF4104,128,slaby,FF4104,29,zly
FF4114,107,zly,FF4114,29,zly
FF4124,140,umiarkowany,FF4124,29,zly
FF4134,132,slaby,FF4134,29,zly
FF4144,97,zly,FF4144,34,zly
FF4154,100,zly,FF4154,34,zly
FF4164,123,slaby,FF4164,43,zly
FF4174,162,dobry,FF4174,81,zly
FF2153,135,umiarkowany,FF2153,123,slaby
FF2163,133,slaby,FF2163,53,zly
FF2173,111,zly,FF2173,57,zly
FF2183,146,umiarkowany,FF2183,50,zly
FF2193,121,slaby,FF2193,45,zly
FF3103,141,umiarkowany,FF3103,45,zly
FF3113,114,zly,FF3113,62,zly
FF3123,152,dobry,FF3123,56,zly
FF3133,131,slaby,FF3133,44,zly
FF3143,128,slaby,FF3143,29,zly
FF3153,101,zly,FF3153,29,zly
FF3163,107,zly,FF3163,62,zly
FF3173,94,zly,FF3173,35,zly
FF3183,101,zly,FF3183,32,zly
FF3193,127,slaby,FF3193,29,zly
FF4103,108,zly,FF4103,50,zly
FF4113,108,zly,FF4113,40,zly
FF4123,122,slaby,FF4123,35,zly
FF4133,122,slaby,FF4133,29,zly
FF4143,107,zly,FF4143,48,zly
FF4153,97,zly,FF4153,40,zly
FF4163,110,zly,FF4163,49,zly
FF2152,132,slaby,FF2152,117,slaby
FF2162,134,slaby,FF2162,96,zly
FF2172,106,zly,FF2172,98,zly
FF2182,129,slaby,FF2182,50,zly
FF2192,103,zly,FF2192,44,zly
FF3102,134,slaby,FF3102,29,zly
FF3112,108,zly,FF3112,105,zly
FF3122,143,umiarkowany,FF3122,43,zly
FF3132,136,umiarkowany,FF3132,29,zly
FF3142,108,zly,FF3142,62,zly
FF3152,90,zly,FF3152,95,zly
FF3162,107,zly,FF3162,51,zly
FF3172,118,slaby,FF3172,35,zly
FF3182,116,zly,FF3182,35,zly
FF3192,94,zly,FF3192,29,zly
FF4102,107,zly,FF4102,67,zly
FF4112,103,zly,FF4112,53,zly
FF4122,139,umiarkowany,FF4122,41,zly
FF4132,142,umiarkowany,FF4132,47,zly
FF4142,122,slaby,FF4142,29,zly
FF4152,127,slaby,FF4152,42,zly
FF4162,102,zly,FF4162,62,zly
FF3009,89,zly,FF3009,77,zly
FF3019,94,zly,FF3019,75,zly
FF3029,117,slaby,FF3029,50,zly
FF3049,112,zly,FF3049,123,slaby
FF3059,103,zly,FF3059,49,zly
FF3069,160,dobry,FF3069,65,zly
FF3079,153,dobry,FF3079,35,zly
FF3089,128,slaby,FF3089,43,zly
FF3099,95,zly,FF3099,29,zly
FF4009,142,umiarkowany,FF4009,35,zly
FF4019,129,slaby,FF4019,38,zly
FF4029,114,zly,FF4029,40,zly
FF3038,97,zly,FF3038,40,zly
FF3048,95,zly,FF3048,35,zly
FF3058,103,zly,FF3058,61,zly
FF3068,127,slaby,FF3068,41,zly
FF3078,129,slaby,FF3078,41,zly
FF3088,106,zly,FF3088,56,zly
FF3098,113,zly,FF3098,43,zly
FF4008,142,umiarkowany,FF4008,49,zly
FF4018,93,zly,FF4018,78,zly
FF4028,98,zly,FF4028,105,zly
FG5553,196,bardzo dobry,FG5553,38,zly
FG5554,190,bardzo dobry,FG5554,38,zly
FG5555,182,bardzo dobry,FG5555,43,zly
FG5541,190,bardzo dobry,FG5541,38,zly
FG5542,187,bardzo dobry,FG5542,57,zly
FG5543,179,bardzo dobry,FG5543,70,zly
FG5544,182,bardzo dobry,FG5544,63,zly
FG5546,176,bardzo dobry,FG5546,66,zly
FG5531,165,dobry,FG5531,45,zly
FG5532,141,umiarkowany,FG5532,108,zly
FG5534,196,bardzo dobry,FG5534,50,zly
FG5535,182,bardzo dobry,FG5535,108,zly
FG5536,185,bardzo dobry,FG5536,85,zly
FG5537,182,bardzo dobry,FG5537,59,zly
FG5521,179,bardzo dobry,FG5521,41,zly
FG5927,200,bardzo dobry,FG5927,41,zly
FG5928,191,bardzo dobry,FG5928,46,zly
FG5929,122,slaby,FG5929,132,slaby
FG5511,180,bardzo dobry,FG5511,38,zly
FG5512,178,bardzo dobry,FG5512,77,zly
FG5513,171,bardzo dobry,FG5513,71,zly
FG5514,166,dobry,FG5514,79,zly
FG5916,186,bardzo dobry,FG5916,41,zly
FG5917,195,bardzo dobry,FG5917,56,zly
FG0939,195,bardzo dobry,FG0939,52,zly
FG0949,172,bardzo dobry,FG0949,43,zly
FG0959,171,bardzo dobry,FG0959,54,zly
FG0979,166,dobry,FG0979,65,zly
FG3939,171,bardzo dobry,FG3939,51,zly
FG3969,152,dobry,FG3969,83,zly
FG3979,200,bardzo dobry,FG3979,43,zly
FG3989,200,bardzo dobry,FG3989,38,zly
FG3999,196,bardzo dobry,FG3999,39,zly
FG4909,190,bardzo dobry,FG4909,38,zly
FG4919,194,bardzo dobry,FG4919,38,zly
FG4929,172,bardzo dobry,FG4929,81,zly
FG4959,177,bardzo dobry,FG4959,46,zly
FG4969,170,dobry,FG4969,41,zly
FG4979,171,bardzo dobry,FG4979,41,zly
FG4989,183,bardzo dobry,FG4989,90,zly
FG0908,175,bardzo dobry,FG0908,56,zly
FG0918,185,bardzo dobry,FG0918,38,zly
FG0928,193,bardzo dobry,FG0928,64,zly
FG0938,185,bardzo dobry,FG0938,38,zly
FG0948,180,bardzo dobry,FG0948,78,zly
FG3928,138,umiarkowany,FG3928,89,zly
FG3938,127,slaby,FG3938,115,slaby
FG3958,181,bardzo dobry,FG3958,55,zly
FG3968,186,bardzo dobry,FG3968,43,zly
FG3978,188,bardzo dobry,FG3978,38,zly
FG3988,191,bardzo dobry,FG3988,43,zly
FG4908,187,bardzo dobry,FG4908,55,zly
FG4918,172,bardzo dobry,FG4918,58,zly
FG4968,155,dobry,FG4968,41,zly
FG4978,167,dobry,FG4978,41,zly
FG4988,147,umiarkowany,FG4988,92,zly
FG0907,190,bardzo dobry,FG0907,38,zly
FG0917,203,bardzo dobry,FG0917,46,zly
FG0927,202,bardzo dobry,FG0927,46,zly
FG0937,205,bardzo dobry,FG0937,38,zly
FG3927,172,bardzo dobry,FG3927,58,zly
FG3967,171,bardzo dobry,FG3967,38,zly
FG3977,164,dobry,FG3977,83,zly
FG3997,134,slaby,FG3997,120,slaby
FG4937,127,slaby,FG4937,91,zly
FG4947,170,dobry,FG4947,81,zly
FG4957,172,bardzo dobry,FG4957,55,zly
FG4967,144,umiarkowany,FG4967,41,zly
FG4977,162,dobry,FG4977,41,zly
FG4987,168,dobry,FG4987,54,zly
FG4997,175,bardzo dobry,FG4997,51,zly
FG2855,159,dobry,FG2855,85,zly
FG2865,171,bardzo dobry,FG2865,38,zly
FG2875,200,bardzo dobry,FG2875,38,zly
FG2884,171,bardzo dobry,FG2884,38,zly
FG2885,194,bardzo dobry,FG2885,38,zly
FG2895,189,bardzo dobry,FG2895,49,zly
FG3814,174,bardzo dobry,FG3814,52,zly
FG3815,197,bardzo dobry,FG3815,47,zly
FG3824,153,dobry,FG3824,89,zly
FG3825,204,bardzo dobry,FG3825,38,zly
FG3844,166,dobry,FG3844,47,zly
FG3845,147,umiarkowany,FG3845,99,zly
FG3854,200,bardzo dobry,FG3854,44,zly
FG3855,195,bardzo dobry,FG3855,43,zly
FG3864,181,bardzo dobry,FG3864,66,zly
FG3865,152,dobry,FG3865,113,zly
FG3874,131,slaby,FG3874,78,zly
FG3875,193,bardzo dobry,FG3875,38,zly
FG3885,171,bardzo dobry,FG3885,65,zly
FG4804,169,dobry,FG4804,78,zly
FG4814,173,bardzo dobry,FG4814,44,zly
FG4824,138,umiarkowany,FG4824,78,zly
FG4844,132,slaby,FG4844,75,zly
FG4845,157,dobry,FG4845,81,zly
FG4854,147,umiarkowany,FG4854,38,zly
FG4855,157,dobry,FG4855,56,zly
FG4864,194,bardzo dobry,FG4864,38,zly
FG4865,179,bardzo dobry,FG4865,42,zly
FG4874,193,bardzo dobry,FG4874,38,zly
FG4875,197,bardzo dobry,FG4875,38,zly
FG3916,179,bardzo dobry,FG3916,38,zly
FG3926,167,dobry,FG3926,56,zly
FG3966,154,dobry,FG3966,60,zly
FG3986,167,dobry,FG3986,85,zly
FG3996,161,dobry,FG3996,90,zly
FG4936,163,dobry,FG4936,82,zly
FG4946,174,bardzo dobry,FG4946,43,zly
FG4956,177,bardzo dobry,FG4956,41,zly
FG4966,163,dobry,FG4966,41,zly
FG4976,166,dobry,FG4976,46,zly
FG4986,163,dobry,FG4986,74,zly
FG4996,167,dobry,FG4996,41,zly
FG5906,183,bardzo dobry,FG5906,41,zly
FG3915,141,umiarkowany,FG3915,88,zly
FG3945,157,dobry,FG3945,63,zly
FG3955,166,dobry,FG3955,41,zly
FG3985,172,bardzo dobry,FG3985,70,zly
FG3995,152,dobry,FG3995,107,zly
FG4925,164,dobry,FG4925,48,zly
FG4935,178,bardzo dobry,FG4935,38,zly
FG4945,183,bardzo dobry,FG4945,38,zly
FG4955,179,bardzo dobry,FG4955,41,zly
FG4965,182,bardzo dobry,FG4965,41,zly
FG4975,174,bardzo dobry,FG4975,105,zly
FG4985,172,bardzo dobry,FG4985,62,zly
FG4995,160,dobry,FG4995,41,zly
FG3904,159,dobry,FG3904,38,zly
FG3914,166,dobry,FG3914,58,zly
FG3974,178,bardzo dobry,FG3974,48,zly
FG3984,184,bardzo dobry,FG3984,38,zly
FG3994,191,bardzo dobry,FG3994,52,zly
FG4924,185,bardzo dobry,FG4924,38,zly
FG4934,166,dobry,FG4934,38,zly
FG4944,192,bardzo dobry,FG4944,38,zly
FG4954,177,bardzo dobry,FG4954,60,zly
FG4964,184,bardzo dobry,FG4964,41,zly
FG4974,168,dobry,FG4974,123,slaby
FG4984,181,bardzo dobry,FG4984,44,zly
FG4994,180,bardzo dobry,FG4994,38,zly
FG3903,172,bardzo dobry,FG3903,51,zly
FG3933,167,dobry,FG3933,71,zly
FG3963,186,bardzo dobry,FG3963,44,zly
FG3973,193,bardzo dobry,FG3973,39,zly
FG3983,164,dobry,FG3983,71,zly
FG3993,169,dobry,FG3993,42,zly
FG4923,184,bardzo dobry,FG4923,38,zly
FG4933,177,bardzo dobry,FG4933,38,zly
FG4943,175,bardzo dobry,FG4943,38,zly
FG4953,156,dobry,FG4953,70,zly
FG4963,173,bardzo dobry,FG4963,48,zly
FG4973,174,bardzo dobry,FG4973,98,zly
FG4983,179,bardzo dobry,FG4983,44,zly
FG4993,179,bardzo dobry,FG4993,38,zly
FG2962,195,bardzo dobry,FG2962,38,zly
FG2972,185,bardzo dobry,FG2972,82,zly
FG2992,160,dobry,FG2992,92,zly
FG3902,158,dobry,FG3902,85,zly
FG3922,157,dobry,FG3922,59,zly
FG3962,193,bardzo dobry,FG3962,39,zly
FG3972,195,bardzo dobry,FG3972,59,zly
FG4912,135,umiarkowany,FG4912,135,slaby
FG4922,188,bardzo dobry,FG4922,48,zly
FG4932,180,bardzo dobry,FG4932,38,zly
FG4942,160,dobry,FG4942,38,zly
FG4962,173,bardzo dobry,FG4962,117,slaby
FG4972,176,bardzo dobry,FG4972,80,zly
FG4982,178,bardzo dobry,FG4982,71,zly
FG2951,184,bardzo dobry,FG2951,73,zly
FG2961,162,dobry,FG2961,117,slaby
FG2971,161,dobry,FG2971,108,zly
FG3911,123,slaby,FG3911,90,zly
FG3951,174,bardzo dobry,FG3951,65,zly
FG3961,189,bardzo dobry,FG3961,46,zly
FG3971,183,bardzo dobry,FG3971,61,zly
FG3981,169,dobry,FG3981,51,zly
FG3991,165,dobry,FG3991,56,zly
FG4901,168,dobry,FG4901,67,zly
FG4911,188,bardzo dobry,FG4911,66,zly
FG4921,200,bardzo dobry,FG4921,61,zly
FG4931,179,bardzo dobry,FG4931,114,slaby
FG4941,131,slaby,FG4941,123,slaby
FG4951,155,dobry,FG4951,99,zly
FG4961,187,bardzo dobry,FG4961,71,zly
FG4971,188,bardzo dobry,FG4971,65,zly
FG2980,198,bardzo dobry,FG2980,44,zly
FG2990,101,zly,FG2990,80,zly
FG3910,149,umiarkowany,FG3910,90,zly
FG3940,161,dobry,FG3940,65,zly
FG3950,196,bardzo dobry,FG3950,42,zly
FG3960,157,dobry,FG3960,83,zly
FG3970,172,bardzo dobry,FG3970,57,zly
FG3980,175,bardzo dobry,FG3980,51,zly
FG3990,187,bardzo dobry,FG3990,38,zly
FG4900,187,bardzo dobry,FG4900,40,zly
FG4910,187,bardzo dobry,FG4910,43,zly
FG4920,187,bardzo dobry,FG4920,58,zly
FG4930,183,bardzo dobry,FG4930,93,zly
FG4950,157,dobry,FG4950,70,zly
FG4960,182,bardzo dobry,FG4960,38,zly
FG4970,178,bardzo dobry,FG4970,38,zly
FG2859,179,bardzo dobry,FG2859,68,zly
FG2879,149,umiarkowany,FG2879,95,zly
FG2889,187,bardzo dobry,FG2889,38,zly
FG3849,194,bardzo dobry,FG3849,38,zly
FG3859,187,bardzo dobry,FG3859,38,zly
FG3879,173,bardzo dobry,FG3879,38,zly
FG3889,188,bardzo dobry,FG3889,46,zly
FG3899,197,bardzo dobry,FG3899,43,zly
FG4809,200,bardzo dobry,FG4809,54,zly
FG4819,175,bardzo dobry,FG4819,38,zly
FG4829,177,bardzo dobry,FG4829,38,zly
FG4839,194,bardzo dobry,FG4839,46,zly
FG4869,189,bardzo dobry,FG4869,43,zly
FG2878,199,bardzo dobry,FG2878,39,zly
FG2888,196,bardzo dobry,FG2888,42,zly
FG3838,177,bardzo dobry,FG3838,43,zly
FG3848,200,bardzo dobry,FG3848,38,zly
FG3858,205,bardzo dobry,FG3858,38,zly
FG3878,155,dobry,FG3878,41,zly
FG3888,195,bardzo dobry,FG3888,38,zly
FG3898,192,bardzo dobry,FG3898,38,zly
FG4808,187,bardzo dobry,FG4808,59,zly
FG4818,166,dobry,FG4818,98,zly
FG4828,195,bardzo dobry,FG4828,57,zly
FG4838,198,bardzo dobry,FG4838,45,zly
FG4858,170,dobry,FG4858,69,zly
FG4868,183,bardzo dobry,FG4868,59,zly
FG2847,174,bardzo dobry,FG2847,38,zly
FG2877,196,bardzo dobry,FG2877,57,zly
FG2887,164,dobry,FG2887,77,zly
FG2897,144,umiarkowany,FG2897,81,zly
FG3827,134,slaby,FG3827,73,zly
FG3837,192,bardzo dobry,FG3837,41,zly
FG3847,194,bardzo dobry,FG3847,38,zly
FG3857,218,bardzo dobry,FG3857,43,zly
FG3877,185,bardzo dobry,FG3877,55,zly
FG3887,197,bardzo dobry,FG3887,38,zly
FG3897,180,bardzo dobry,FG3897,40,zly
FG4807,192,bardzo dobry,FG4807,43,zly
FG4817,190,bardzo dobry,FG4817,38,zly
FG4827,170,dobry,FG4827,99,zly
FG4837,160,dobry,FG4837,109,zly
FG4857,178,bardzo dobry,FG4857,38,zly
FG2846,168,dobry,FG2846,76,zly
FG2866,144,umiarkowany,FG2866,71,zly
FG2876,197,bardzo dobry,FG2876,48,zly
FG2886,175,bardzo dobry,FG2886,39,zly
FG2896,173,bardzo dobry,FG2896,51,zly
FG3816,139,umiarkowany,FG3816,110,zly
FG3826,174,bardzo dobry,FG3826,44,zly
FG3836,197,bardzo dobry,FG3836,68,zly
FG3846,135,umiarkowany,FG3846,86,zly
FG3856,141,umiarkowany,FG3856,78,zly
FG3876,196,bardzo dobry,FG3876,38,zly
FG3886,193,bardzo dobry,FG3886,38,zly
FG3896,200,bardzo dobry,FG3896,72,zly
FG4806,156,dobry,FG4806,63,zly
FG4816,187,bardzo dobry,FG4816,59,zly
FG4826,182,bardzo dobry,FG4826,71,zly
FG4856,142,umiarkowany,FG4856,83,zly
FG4866,172,bardzo dobry,FG4866,38,zly
FG5501,179,bardzo dobry,FG5501,41,zly
FG5502,171,bardzo dobry,FG5502,38,zly
FG5503,186,bardzo dobry,FG5503,51,zly
FG5508,191,bardzo dobry,FG5508,54,zly
FG2873,171,bardzo dobry,FG2873,73,zly
FG3803,165,dobry,FG3803,71,zly
FG3813,183,bardzo dobry,FG3813,56,zly
FG3833,168,dobry,FG3833,94,zly
FG3843,194,bardzo dobry,FG3843,38,zly
FG3853,200,bardzo dobry,FG3853,43,zly
FG3863,200,bardzo dobry,FG3863,38,zly
FG3873,128,slaby,FG3873,68,zly
FG3893,161,dobry,FG3893,77,zly
FG4803,173,bardzo dobry,FG4803,55,zly
FG4813,177,bardzo dobry,FG4813,42,zly
FG4823,204,bardzo dobry,FG4823,54,zly
FG4843,150,umiarkowany,FG4843,109,zly
FG4853,145,umiarkowany,FG4853,91,zly
FG4863,200,bardzo dobry,FG4863,38,zly
FG4873,175,bardzo dobry,FG4873,41,zly
FG0842,200,bardzo dobry,FG0842,55,zly
FG0882,149,umiarkowany,FG0882,63,zly
FG0892,171,bardzo dobry,FG0892,38,zly
FG1802,172,bardzo dobry,FG1802,74,zly
FG2862,170,dobry,FG2862,81,zly
FG2892,143,umiarkowany,FG2892,90,zly
FG3802,186,bardzo dobry,FG3802,38,zly
FG3812,191,bardzo dobry,FG3812,43,zly
FG3822,147,umiarkowany,FG3822,103,zly
FG3842,187,bardzo dobry,FG3842,51,zly
FG3852,196,bardzo dobry,FG3852,38,zly
FG3862,190,bardzo dobry,FG3862,60,zly
FG3882,150,umiarkowany,FG3882,73,zly
FG3892,171,bardzo dobry,FG3892,73,zly
FG4802,164,dobry,FG4802,70,zly
FG4812,157,dobry,FG4812,51,zly
FG4822,170,dobry,FG4822,38,zly
FG4832,167,dobry,FG4832,67,zly
FG4842,128,slaby,FG4842,98,zly
FG4852,183,bardzo dobry,FG4852,76,zly
FG4862,174,bardzo dobry,FG4862,87,zly
FG4872,172,bardzo dobry,FG4872,61,zly
FG0831,173,bardzo dobry,FG0831,69,zly
FG0841,186,bardzo dobry,FG0841,38,zly
FG0861,197,bardzo dobry,FG0861,38,zly
FG0871,183,bardzo dobry,FG0871,41,zly
FG0881,157,dobry,FG0881,50,zly
FG0891,162,dobry,FG0891,88,zly
FG1801,175,bardzo dobry,FG1801,41,zly
FG1831,190,bardzo dobry,FG1831,52,zly
FG2851,177,bardzo dobry,FG2851,112,zly
FG2881,179,bardzo dobry,FG2881,41,zly
FG2891,178,bardzo dobry,FG2891,38,zly
FG3801,183,bardzo dobry,FG3801,50,zly
FG3811,182,bardzo dobry,FG3811,77,zly
FG3821,178,bardzo dobry,FG3821,71,zly
FG3841,109,zly,FG3841,101,zly
FG3851,140,umiarkowany,FG3851,74,zly
FG3891,168,dobry,FG3891,89,zly
FG4801,146,umiarkowany,FG4801,109,zly
FG4811,162,dobry,FG4811,89,zly
FG4821,163,dobry,FG4821,41,zly
FG4831,171,bardzo dobry,FG4831,63,zly
FG4841,188,bardzo dobry,FG4841,38,zly
FG4851,200,bardzo dobry,FG4851,38,zly
FG4861,191,bardzo dobry,FG4861,41,zly
FG4871,173,bardzo dobry,FG4871,47,zly
FG0820,172,bardzo dobry,FG0820,72,zly
FG0830,186,bardzo dobry,FG0830,38,zly
FG0840,192,bardzo dobry,FG0840,38,zly
FG0850,194,bardzo dobry,FG0850,41,zly
FG0860,189,bardzo dobry,FG0860,38,zly
FG0870,169,dobry,FG0870,88,zly
FG0880,135,umiarkowany,FG0880,111,zly
FG1800,154,dobry,FG1800,56,zly
FG1820,189,bardzo dobry,FG1820,42,zly
FG1830,195,bardzo dobry,FG1830,38,zly
FG1840,168,dobry,FG1840,38,zly
FG2840,188,bardzo dobry,FG2840,40,zly
FG2870,193,bardzo dobry,FG2870,43,zly
FG2880,176,bardzo dobry,FG2880,74,zly
FG3810,128,slaby,FG3810,100,zly
FG4800,125,slaby,FG4800,92,zly
FG4820,155,dobry,FG4820,57,zly
FG4830,156,dobry,FG4830,65,zly
FG4840,197,bardzo dobry,FG4840,38,zly
FG4850,210,bardzo dobry,FG4850,41,zly
FG0709,159,dobry,FG0709,104,zly
FG0729,184,bardzo dobry,FG0729,78,zly
FG0749,174,bardzo dobry,FG0749,38,zly
FG0759,177,bardzo dobry,FG0759,41,zly
FG0769,146,umiarkowany,FG0769,106,zly
FG0779,168,dobry,FG0779,76,zly
FG0789,175,bardzo dobry,FG0789,51,zly
FG0799,147,umiarkowany,FG0799,76,zly
FG1729,182,bardzo dobry,FG1729,46,zly
FG1739,192,bardzo dobry,FG1739,38,zly
FG1749,165,dobry,FG1749,56,zly
FG2769,156,dobry,FG2769,78,zly
FG2779,205,bardzo dobry,FG2779,41,zly
FG3709,162,dobry,FG3709,71,zly
FG3719,174,bardzo dobry,FG3719,44,zly
FG3739,177,bardzo dobry,FG3739,81,zly
FG3749,152,dobry,FG3749,57,zly
FG3769,152,dobry,FG3769,74,zly
FG4709,104,zly,FG4709,79,zly
FG4729,94,zly,FG4729,118,slaby
FG4739,157,dobry,FG4739,48,zly
FG4749,164,dobry,FG4749,55,zly
FG0738,151,umiarkowany,FG0738,53,zly
FG0748,163,dobry,FG0748,63,zly
FG0778,148,umiarkowany,FG0778,93,zly
FG0788,184,bardzo dobry,FG0788,41,zly
FG0798,168,dobry,FG0798,71,zly
FG1718,165,dobry,FG1718,62,zly
FG1728,177,bardzo dobry,FG1728,38,zly
FG1738,192,bardzo dobry,FG1738,38,zly
FG1748,134,slaby,FG1748,116,slaby
FG2748,196,bardzo dobry,FG2748,52,zly
FG2758,169,dobry,FG2758,76,zly
FG2778,178,bardzo dobry,FG2778,88,zly
FG2798,176,bardzo dobry,FG2798,49,zly
FG3708,163,dobry,FG3708,101,zly
FG3718,140,umiarkowany,FG3718,94,zly
FG3728,179,bardzo dobry,FG3728,88,zly
FG3738,193,bardzo dobry,FG3738,38,zly
FG3748,203,bardzo dobry,FG3748,41,zly
FG3798,155,dobry,FG3798,71,zly
FG4708,160,dobry,FG4708,71,zly
FG4738,159,dobry,FG4738,110,zly
FG4768,163,dobry,FG4768,112,zly
FG0609,132,slaby,FG0609,102,zly
FG0700,160,dobry,FG0700,69,zly
FG0619,196,bardzo dobry,FG0619,38,zly
FG0710,197,bardzo dobry,FG0710,38,zly
FG0629,176,bardzo dobry,FG0629,38,zly
FG0720,185,bardzo dobry,FG0720,38,zly
FG0639,194,bardzo dobry,FG0639,38,zly
FG0730,186,bardzo dobry,FG0730,52,zly
FG0649,181,bardzo dobry,FG0649,38,zly
FG0740,199,bardzo dobry,FG0740,43,zly
FG0659,171,bardzo dobry,FG0659,41,zly
FG0750,175,bardzo dobry,FG0750,38,zly
FG0669,173,bardzo dobry,FG0669,38,zly
FG0760,141,umiarkowany,FG0760,38,zly
FG0679,136,umiarkowany,FG0679,105,zly
FG0770,161,dobry,FG0770,49,zly
FG0689,167,dobry,FG0689,41,zly
FG0780,160,dobry,FG0780,38,zly
FG0699,179,bardzo dobry,FG0699,38,zly
FG0790,183,bardzo dobry,FG0790,38,zly
FG1699,173,bardzo dobry,FG1699,76,zly
FG1790,195,bardzo dobry,FG1790,56,zly
FG2619,195,bardzo dobry,FG2619,92,zly
FG2710,187,bardzo dobry,FG2710,41,zly
FG2629,179,bardzo dobry,FG2629,41,zly
FG2720,194,bardzo dobry,FG2720,86,zly
FG2679,186,bardzo dobry,FG2679,53,zly
FG2770,155,dobry,FG2770,73,zly
FG2689,189,bardzo dobry,FG2689,38,zly
FG2780,186,bardzo dobry,FG2780,59,zly
FG2699,194,bardzo dobry,FG2699,38,zly
FG2790,174,bardzo dobry,FG2790,81,zly
FG3700,195,bardzo dobry,FG3700,51,zly
FG3629,153,dobry,FG3629,48,zly
FG3730,178,bardzo dobry,FG3730,91,zly
FG3740,179,bardzo dobry,FG3740,38,zly
FG3659,162,dobry,FG3659,63,zly
FG3750,168,dobry,FG3750,68,zly
FG3669,134,slaby,FG3669,94,zly
FG3760,171,bardzo dobry,FG3760,74,zly
FG3770,161,dobry,FG3770,102,zly
FG3689,193,bardzo dobry,FG3689,41,zly
FG3699,196,bardzo dobry,FG3699,68,zly
FG3790,182,bardzo dobry,FG3790,56,zly
FG4700,193,bardzo dobry,FG4700,62,zly
FG4720,129,slaby,FG4720,115,slaby
FG4639,167,dobry,FG4639,100,zly
FG4649,182,bardzo dobry,FG4649,38,zly
FG4740,193,bardzo dobry,FG4740,38,zly
FG4750,182,bardzo dobry,FG4750,38,zly
FG0608,175,bardzo dobry,FG0608,76,zly
FG0618,170,dobry,FG0618,75,zly
FG0628,182,bardzo dobry,FG0628,38,zly
FG0638,190,bardzo dobry,FG0638,38,zly
FG0648,179,bardzo dobry,FG0648,44,zly
FG0658,143,umiarkowany,FG0658,95,zly
FG0688,158,dobry,FG0688,70,zly
FG0698,181,bardzo dobry,FG0698,44,zly
FG1608,187,bardzo dobry,FG1608,41,zly
FG1688,202,bardzo dobry,FG1688,48,zly
FG2618,139,umiarkowany,FG2618,111,zly
FG2628,167,dobry,FG2628,51,zly
FG2638,159,dobry,FG2638,45,zly
FG2648,168,dobry,FG2648,57,zly
FG2658,151,umiarkowany,FG2658,96,zly
FG2668,185,bardzo dobry,FG2668,75,zly
FG2678,187,bardzo dobry,FG2678,61,zly
FG2688,195,bardzo dobry,FG2688,38,zly
FG2698,200,bardzo dobry,FG2698,38,zly
FG3628,158,dobry,FG3628,38,zly
FG3638,166,dobry,FG3638,87,zly
FG3688,187,bardzo dobry,FG3688,68,zly
FG4638,157,dobry,FG4638,110,zly
FG4648,159,dobry,FG4648,97,zly
FG0727,176,bardzo dobry,FG0727,41,zly
FG0737,147,umiarkowany,FG0737,100,zly
FG0747,126,slaby,FG0747,112,zly
FG1707,133,slaby,FG1707,131,slaby
FG1717,166,dobry,FG1717,38,zly
FG1727,180,bardzo dobry,FG1727,38,zly
FG1737,172,bardzo dobry,FG1737,88,zly
FG2797,147,umiarkowany,FG2797,93,zly
FG3717,156,dobry,FG3717,86,zly
FG3727,206,bardzo dobry,FG3727,70,zly
FG3737,190,bardzo dobry,FG3737,63,zly
FG3747,184,bardzo dobry,FG3747,67,zly
FG3757,159,dobry,FG3757,43,zly
FG3787,213,bardzo dobry,FG3787,42,zly
FG3797,207,bardzo dobry,FG3797,38,zly
FG4727,157,dobry,FG4727,46,zly
FG4737,151,umiarkowany,FG4737,74,zly
FG4767,178,bardzo dobry,FG4767,42,zly
FG4777,185,bardzo dobry,FG4777,41,zly
FG0716,168,dobry,FG0716,48,zly
FG0726,184,bardzo dobry,FG0726,88,zly
FG0746,152,dobry,FG0746,80,zly
FG0786,163,dobry,FG0786,92,zly
FG0796,158,dobry,FG0796,48,zly
FG1706,158,dobry,FG1706,72,zly
FG1716,183,bardzo dobry,FG1716,38,zly
FG1726,197,bardzo dobry,FG1726,55,zly
FG2756,174,bardzo dobry,FG2756,76,zly
FG3716,189,bardzo dobry,FG3716,100,zly
FG3726,197,bardzo dobry,FG3726,38,zly
FG3736,190,bardzo dobry,FG3736,38,zly
FG3746,177,bardzo dobry,FG3746,73,zly
FG3766,179,bardzo dobry,FG3766,58,zly
FG3776,177,bardzo dobry,FG3776,59,zly
FG3786,189,bardzo dobry,FG3786,42,zly
FG3796,193,bardzo dobry,FG3796,54,zly
FG4706,177,bardzo dobry,FG4706,66,zly
FG4716,181,bardzo dobry,FG4716,74,zly
FG4736,196,bardzo dobry,FG4736,42,zly
FG4746,185,bardzo dobry,FG4746,44,zly
FG4756,197,bardzo dobry,FG4756,42,zly
FG4766,186,bardzo dobry,FG4766,38,zly
FG4776,197,bardzo dobry,FG4776,38,zly
FG4786,189,bardzo dobry,FG4786,38,zly
FG0705,186,bardzo dobry,FG0705,53,zly
FG0715,198,bardzo dobry,FG0715,76,zly
FG0725,130,slaby,FG0725,135,slaby
FG0745,151,umiarkowany,FG0745,44,zly
FG0755,164,dobry,FG0755,49,zly
FG0775,182,bardzo dobry,FG0775,93,zly
FG0785,183,bardzo dobry,FG0785,38,zly
FG0795,166,dobry,FG0795,38,zly
FG1705,176,bardzo dobry,FG1705,77,zly
FG1715,169,dobry,FG1715,88,zly
FG2745,187,bardzo dobry,FG2745,38,zly
FG2755,188,bardzo dobry,FG2755,38,zly
FG2765,147,umiarkowany,FG2765,96,zly
FG2775,175,bardzo dobry,FG2775,114,slaby
FG2785,176,bardzo dobry,FG2785,86,zly
FG3705,168,dobry,FG3705,101,zly
FG3715,160,dobry,FG3715,95,zly
FG3725,207,bardzo dobry,FG3725,41,zly
FG3735,198,bardzo dobry,FG3735,38,zly
FG3795,183,bardzo dobry,FG3795,66,zly
FG4705,185,bardzo dobry,FG4705,43,zly
FG4715,196,bardzo dobry,FG4715,47,zly
FG4735,171,bardzo dobry,FG4735,110,zly
FG4745,176,bardzo dobry,FG4745,70,zly
FG4755,191,bardzo dobry,FG4755,38,zly
FG4765,194,bardzo dobry,FG4765,38,zly
FG4775,193,bardzo dobry,FG4775,38,zly
FG4785,191,bardzo dobry,FG4785,38,zly
FG0704,175,bardzo dobry,FG0704,51,zly
FG0724,159,dobry,FG0724,99,zly
FG0734,170,dobry,FG0734,67,zly
FG0744,148,umiarkowany,FG0744,49,zly
FG0754,156,dobry,FG0754,57,zly
FG0764,182,bardzo dobry,FG0764,38,zly
FG0774,200,bardzo dobry,FG0774,38,zly
FG0784,194,bardzo dobry,FG0784,38,zly
FG0794,186,bardzo dobry,FG0794,38,zly
FG1704,176,bardzo dobry,FG1704,38,zly
FG1714,182,bardzo dobry,FG1714,69,zly
FG2744,188,bardzo dobry,FG2744,41,zly
FG2754,137,umiarkowany,FG2754,89,zly
FG2774,138,umiarkowany,FG2774,98,zly
FG2784,211,bardzo dobry,FG2784,50,zly
FG2794,195,bardzo dobry,FG2794,38,zly
FG3704,191,bardzo dobry,FG3704,38,zly
FG3714,179,bardzo dobry,FG3714,104,zly
FG3724,147,umiarkowany,FG3724,88,zly
FG3754,188,bardzo dobry,FG3754,48,zly
FG3764,157,dobry,FG3764,62,zly
FG3774,161,dobry,FG3774,66,zly
FG3784,124,slaby,FG3784,102,zly
FG4714,193,bardzo dobry,FG4714,67,zly
FG4724,188,bardzo dobry,FG4724,38,zly
FG4734,197,bardzo dobry,FG4734,41,zly
FG4744,185,bardzo dobry,FG4744,57,zly
FG4754,172,bardzo dobry,FG4754,59,zly
FG4764,196,bardzo dobry,FG4764,46,zly
FG4774,198,bardzo dobry,FG4774,68,zly
FG4784,179,bardzo dobry,FG4784,51,zly
FG0703,158,dobry,FG0703,97,zly
FG0723,159,dobry,FG0723,59,zly
FG0743,157,dobry,FG0743,87,zly
FG0753,161,dobry,FG0753,38,zly
FG0763,182,bardzo dobry,FG0763,38,zly
FG0773,178,bardzo dobry,FG0773,38,zly
FG0783,186,bardzo dobry,FG0783,38,zly
FG0793,183,bardzo dobry,FG0793,38,zly
FG1703,188,bardzo dobry,FG1703,75,zly
FG1713,175,bardzo dobry,FG1713,98,zly
FG2733,164,dobry,FG2733,90,zly
FG2743,170,dobry,FG2743,61,zly
FG2763,132,slaby,FG2763,91,zly
FG2773,181,bardzo dobry,FG2773,46,zly
FG2783,195,bardzo dobry,FG2783,38,zly
FG2793,187,bardzo dobry,FG2793,100,zly
FG3703,197,bardzo dobry,FG3703,54,zly
FG3713,183,bardzo dobry,FG3713,73,zly
FG3743,163,dobry,FG3743,87,zly
FG3753,194,bardzo dobry,FG3753,41,zly
FG3763,207,bardzo dobry,FG3763,39,zly
FG3773,158,dobry,FG3773,68,zly
FG3783,145,umiarkowany,FG3783,85,zly
FG4703,168,dobry,FG4703,108,zly
FG4713,178,bardzo dobry,FG4713,79,zly
FG4723,200,bardzo dobry,FG4723,38,zly
FG4733,197,bardzo dobry,FG4733,38,zly
FG4743,196,bardzo dobry,FG4743,38,zly
FG4753,206,bardzo dobry,FG4753,73,zly
FG4773,197,bardzo dobry,FG4773,62,zly
FG4783,183,bardzo dobry,FG4783,38,zly
FG0712,127,slaby,FG0712,104,zly
FG0722,126,slaby,FG0722,97,zly
FG0742,175,bardzo dobry,FG0742,93,zly
FG0752,169,dobry,FG0752,38,zly
FG0762,171,bardzo dobry,FG0762,38,zly
FG0772,178,bardzo dobry,FG0772,38,zly
FG1792,175,bardzo dobry,FG1792,38,zly
FG2702,150,umiarkowany,FG2702,77,zly
FG2712,129,slaby,FG2712,89,zly
FG2722,174,bardzo dobry,FG2722,50,zly
FG2792,179,bardzo dobry,FG2792,96,zly
FG3702,167,dobry,FG3702,108,zly
FG3742,167,dobry,FG3742,71,zly
FG3752,189,bardzo dobry,FG3752,38,zly
FG3762,194,bardzo dobry,FG3762,38,zly
FG3772,145,umiarkowany,FG3772,77,zly
FG3792,188,bardzo dobry,FG3792,38,zly
FG4702,197,bardzo dobry,FG4702,38,zly
FG4712,197,bardzo dobry,FG4712,38,zly
FG4722,190,bardzo dobry,FG4722,38,zly
FG4732,189,bardzo dobry,FG4732,64,zly
FG4752,150,umiarkowany,FG4752,78,zly
FG0711,163,dobry,FG0711,43,zly
FG0721,183,bardzo dobry,FG0721,64,zly
FG0741,166,dobry,FG0741,62,zly
FG0751,197,bardzo dobry,FG0751,43,zly
FG0761,169,dobry,FG0761,38,zly
FG0771,152,dobry,FG0771,38,zly
FG0781,173,bardzo dobry,FG0781,38,zly
FG1791,200,bardzo dobry,FG1791,41,zly
FG2701,167,dobry,FG2701,100,zly
FG2791,173,bardzo dobry,FG2791,102,zly
FG3701,205,bardzo dobry,FG3701,46,zly
FG3741,199,bardzo dobry,FG3741,42,zly
FG3751,172,bardzo dobry,FG3751,76,zly
FG3761,169,dobry,FG3761,69,zly
FG3771,163,dobry,FG3771,43,zly
FG3791,201,bardzo dobry,FG3791,39,zly
FG4701,200,bardzo dobry,FG4701,38,zly
FG4711,194,bardzo dobry,FG4711,38,zly
FG4721,184,bardzo dobry,FG4721,58,zly
FG4751,196,bardzo dobry,FG4751,38,zly
FG4761,197,bardzo dobry,FG4761,38,zly
FG0607,168,dobry,FG0607,46,zly
FG0617,183,bardzo dobry,FG0617,38,zly
FG0627,177,bardzo dobry,FG0627,41,zly
FG0637,158,dobry,FG0637,62,zly
FG0647,134,slaby,FG0647,81,zly
FG1677,203,bardzo dobry,FG1677,44,zly
FG1687,134,slaby,FG1687,79,zly
FG2657,152,dobry,FG2657,73,zly
FG2667,154,dobry,FG2667,72,zly
FG2677,193,bardzo dobry,FG2677,47,zly
FG2687,184,bardzo dobry,FG2687,77,zly
FG2697,203,bardzo dobry,FG2697,49,zly
FG3617,167,dobry,FG3617,62,zly
FG3627,205,bardzo dobry,FG3627,38,zly
FG3637,191,bardzo dobry,FG3637,38,zly
FG3647,190,bardzo dobry,FG3647,38,zly
FG3657,172,bardzo dobry,FG3657,88,zly
FG3677,161,dobry,FG3677,97,zly
FG3687,171,bardzo dobry,FG3687,92,zly
FG4617,175,bardzo dobry,FG4617,64,zly
FG4627,189,bardzo dobry,FG4627,38,zly
FG4637,177,bardzo dobry,FG4637,38,zly
FG4647,209,bardzo dobry,FG4647,86,zly
FG0606,192,bardzo dobry,FG0606,56,zly
FG0616,189,bardzo dobry,FG0616,38,zly
FG0626,166,dobry,FG0626,38,zly
FG0636,175,bardzo dobry,FG0636,56,zly
FG1616,174,bardzo dobry,FG1616,81,zly
FG1626,162,dobry,FG1626,38,zly
FG1676,180,bardzo dobry,FG1676,38,zly
FG3636,186,bardzo dobry,FG3636,51,zly
FG3646,190,bardzo dobry,FG3646,38,zly
FG3656,202,bardzo dobry,FG3656,47,zly
FG3666,174,bardzo dobry,FG3666,62,zly
FG3676,150,umiarkowany,FG3676,79,zly
FG3696,198,bardzo dobry,FG3696,46,zly
FG4606,172,bardzo dobry,FG4606,86,zly
FG4616,172,bardzo dobry,FG4616,103,zly
FG4626,198,bardzo dobry,FG4626,46,zly
FG0605,197,bardzo dobry,FG0605,38,zly
FG0615,192,bardzo dobry,FG0615,38,zly
FG0625,189,bardzo dobry,FG0625,54,zly
FG0665,163,dobry,FG0665,85,zly
FG0675,147,umiarkowany,FG0675,46,zly
FG0695,145,umiarkowany,FG0695,67,zly
FG1615,178,bardzo dobry,FG1615,95,zly
FG1625,185,bardzo dobry,FG1625,38,zly
FG1675,185,bardzo dobry,FG1675,41,zly
FG2625,124,slaby,FG2625,84,zly
FG2635,129,slaby,FG2635,85,zly
FG2655,174,bardzo dobry,FG2655,87,zly
FG3635,126,slaby,FG3635,98,zly
FG3645,172,bardzo dobry,FG3645,82,zly
FG3655,204,bardzo dobry,FG3655,44,zly
FG3665,185,bardzo dobry,FG3665,38,zly
FG3675,172,bardzo dobry,FG3675,66,zly
FG3685,191,bardzo dobry,FG3685,38,zly
FG3695,186,bardzo dobry,FG3695,66,zly
FG0604,164,dobry,FG0604,38,zly
FG0614,163,dobry,FG0614,38,zly
FG0694,158,dobry,FG0694,42,zly
FG1604,173,bardzo dobry,FG1604,58,zly
FG1614,187,bardzo dobry,FG1614,101,zly
FG1624,182,bardzo dobry,FG1624,60,zly
FG2624,125,slaby,FG2624,86,zly
FG2634,142,umiarkowany,FG2634,47,zly
FG2654,138,umiarkowany,FG2654,82,zly
FG2664,163,dobry,FG2664,71,zly
FG3664,167,dobry,FG3664,43,zly
FG3674,194,bardzo dobry,FG3674,42,zly
FG3684,185,bardzo dobry,FG3684,38,zly
FG3694,166,dobry,FG3694,91,zly
FG4604,157,dobry,FG4604,72,zly
FG4614,191,bardzo dobry,FG4614,46,zly
FG0603,191,bardzo dobry,FG0603,38,zly
FG0613,160,dobry,FG0613,53,zly
FG0633,169,dobry,FG0633,48,zly
FG0643,169,dobry,FG0643,77,zly
FG0683,161,dobry,FG0683,59,zly
FG0693,156,dobry,FG0693,38,zly
FG1603,163,dobry,FG1603,38,zly
FG1633,169,dobry,FG1633,104,zly
FG1643,188,bardzo dobry,FG1643,38,zly
FG2623,149,umiarkowany,FG2623,71,zly
FG2633,158,dobry,FG2633,38,zly
FG3623,155,dobry,FG3623,64,zly
FG3633,165,dobry,FG3633,42,zly
FG3643,141,umiarkowany,FG3643,113,zly
FG3673,190,bardzo dobry,FG3673,39,zly
FG3683,175,bardzo dobry,FG3683,63,zly
FG4603,171,bardzo dobry,FG4603,62,zly
FG4598,209,bardzo dobry,FG4598,42,zly
FG0612,172,bardzo dobry,FG0612,101,zly
FG0632,182,bardzo dobry,FG0632,59,zly
FG0642,181,bardzo dobry,FG0642,64,zly
FG0682,184,bardzo dobry,FG0682,52,zly
FG0692,175,bardzo dobry,FG0692,38,zly
FG1602,189,bardzo dobry,FG1602,49,zly
FG1612,153,dobry,FG1612,122,slaby
FG1632,182,bardzo dobry,FG1632,72,zly
FG1642,193,bardzo dobry,FG1642,46,zly
FG2622,154,dobry,FG2622,38,zly
FG2632,159,dobry,FG2632,38,zly
FG3622,160,dobry,FG3622,86,zly
FG3632,163,dobry,FG3632,38,zly
FG3642,185,bardzo dobry,FG3642,38,zly
FG3672,169,dobry,FG3672,74,zly
FG0631,163,dobry,FG0631,62,zly
FG0641,186,bardzo dobry,FG0641,38,zly
FG0671,164,dobry,FG0671,53,zly
FG0681,175,bardzo dobry,FG0681,48,zly
FG0691,160,dobry,FG0691,70,zly
FG1601,181,bardzo dobry,FG1601,41,zly
FG1611,174,bardzo dobry,FG1611,81,zly
FG1631,196,bardzo dobry,FG1631,79,zly
FG2621,143,umiarkowany,FG2621,38,zly
FG2631,158,dobry,FG2631,49,zly
FG2641,181,bardzo dobry,FG2641,38,zly
FG2651,141,umiarkowany,FG2651,99,zly
FG2691,171,bardzo dobry,FG2691,51,zly
FG3601,171,bardzo dobry,FG3601,41,zly
FG3611,160,dobry,FG3611,64,zly
FG3621,184,bardzo dobry,FG3621,53,zly
FG3631,179,bardzo dobry,FG3631,38,zly
FG3641,177,bardzo dobry,FG3641,51,zly
FG3651,186,bardzo dobry,FG3651,38,zly
FG3661,176,bardzo dobry,FG3661,47,zly
FG3671,184,bardzo dobry,FG3671,80,zly
FG3681,176,bardzo dobry,FG3681,61,zly
FG3691,169,dobry,FG3691,42,zly
FG4601,181,bardzo dobry,FG4601,53,zly
FG4611,205,bardzo dobry,FG4611,43,zly
FG0600,136,umiarkowany,FG0600,118,slaby
FG0660,185,bardzo dobry,FG0660,61,zly
FG0670,178,bardzo dobry,FG0670,62,zly
FG1600,182,bardzo dobry,FG1600,38,zly
FG1610,181,bardzo dobry,FG1610,46,zly
FG1620,179,bardzo dobry,FG1620,76,zly
FG2600,139,umiarkowany,FG2600,73,zly
FG2610,166,dobry,FG2610,38,zly
FG2620,157,dobry,FG2620,49,zly
FG2650,140,umiarkowany,FG2650,72,zly
FG2690,151,umiarkowany,FG2690,96,zly
FG3600,172,bardzo dobry,FG3600,47,zly
FG3610,191,bardzo dobry,FG3610,41,zly
FG3620,196,bardzo dobry,FG3620,38,zly
FG3640,161,dobry,FG3640,77,zly
FG3650,184,bardzo dobry,FG3650,47,zly
FG3660,181,bardzo dobry,FG3660,38,zly
FG3670,183,bardzo dobry,FG3670,38,zly
FG3680,184,bardzo dobry,FG3680,38,zly
FG3690,207,bardzo dobry,FG3690,39,zly
FG4600,168,dobry,FG4600,68,zly
FG0509,169,dobry,FG0509,70,zly
FG0519,173,bardzo dobry,FG0519,69,zly
FG0559,151,umiarkowany,FG0559,54,zly
FG0569,166,dobry,FG0569,38,zly
FG0579,161,dobry,FG0579,56,zly
FG1509,178,bardzo dobry,FG1509,38,zly
FG1519,175,bardzo dobry,FG1519,38,zly
FG1529,177,bardzo dobry,FG1529,38,zly
FG2509,186,bardzo dobry,FG2509,42,zly
FG2519,181,bardzo dobry,FG2519,38,zly
FG2569,174,bardzo dobry,FG2569,50,zly
FG3509,171,bardzo dobry,FG3509,106,zly
FG3519,194,bardzo dobry,FG3519,47,zly
FG3529,176,bardzo dobry,FG3529,55,zly
FG3559,175,bardzo dobry,FG3559,52,zly
FG3569,177,bardzo dobry,FG3569,38,zly
FG3579,180,bardzo dobry,FG3579,57,zly
FG3589,193,bardzo dobry,FG3589,39,zly
FG4519,179,bardzo dobry,FG4519,38,zly
FG0548,153,dobry,FG0548,57,zly
FG0558,164,dobry,FG0558,38,zly
FG0568,177,bardzo dobry,FG0568,53,zly
FG1518,179,bardzo dobry,FG1518,38,zly
FG1528,185,bardzo dobry,FG1528,69,zly
FG1598,163,dobry,FG1598,62,zly
FG2508,173,bardzo dobry,FG2508,38,zly
FG2518,165,dobry,FG2518,75,zly
FG2568,196,bardzo dobry,FG2568,46,zly
FG2588,166,dobry,FG2588,38,zly
FG2598,168,dobry,FG2598,38,zly
FG3508,145,umiarkowany,FG3508,103,zly
FG3568,197,bardzo dobry,FG3568,66,zly
FG3578,189,bardzo dobry,FG3578,41,zly
FG4508,185,bardzo dobry,FG4508,56,zly
FG4518,189,bardzo dobry,FG4518,38,zly
FG4548,192,bardzo dobry,FG4548,38,zly
FG4558,197,bardzo dobry,FG4558,38,zly
FG4568,191,bardzo dobry,FG4568,38,zly
FG0507,142,umiarkowany,FG0507,65,zly
FG0547,163,dobry,FG0547,66,zly
FG0557,179,bardzo dobry,FG0557,53,zly
FG0577,141,umiarkowany,FG0577,108,zly
FG0587,183,bardzo dobry,FG0587,61,zly
FG0597,173,bardzo dobry,FG0597,72,zly
FG2557,157,dobry,FG2557,57,zly
FG2567,183,bardzo dobry,FG2567,53,zly
FG2577,199,bardzo dobry,FG2577,39,zly
FG2587,190,bardzo dobry,FG2587,38,zly
FG2597,200,bardzo dobry,FG2597,38,zly
FG3577,178,bardzo dobry,FG3577,98,zly
FG3597,161,dobry,FG3597,92,zly
FG4507,177,bardzo dobry,FG4507,38,zly
FG4517,192,bardzo dobry,FG4517,38,zly
FG4537,192,bardzo dobry,FG4537,38,zly
FG4547,193,bardzo dobry,FG4547,38,zly
FG4557,203,bardzo dobry,FG4557,68,zly
FG4567,187,bardzo dobry,FG4567,41,zly
FG4577,179,bardzo dobry,FG4577,62,zly
FG4587,189,bardzo dobry,FG4587,48,zly
FG0536,152,dobry,FG0536,70,zly
FG1506,183,bardzo dobry,FG1506,49,zly
FG2556,155,dobry,FG2556,44,zly
FG2566,182,bardzo dobry,FG2566,38,zly
FG2576,192,bardzo dobry,FG2576,38,zly
FG2586,194,bardzo dobry,FG2586,38,zly
FG2596,188,bardzo dobry,FG2596,38,zly
FG3506,158,dobry,FG3506,49,zly
FG3536,161,dobry,FG3536,69,zly
FG3546,177,bardzo dobry,FG3546,60,zly
FG3566,150,umiarkowany,FG3566,91,zly
FG3596,176,bardzo dobry,FG3596,90,zly
FG4506,186,bardzo dobry,FG4506,61,zly
FG4516,184,bardzo dobry,FG4516,52,zly
FG4526,190,bardzo dobry,FG4526,41,zly
FG4536,190,bardzo dobry,FG4536,59,zly
FG4546,190,bardzo dobry,FG4546,62,zly
FG4556,199,bardzo dobry,FG4556,82,zly
FG4566,213,bardzo dobry,FG4566,72,zly
FG4576,187,bardzo dobry,FG4576,87,zly
FG4586,172,bardzo dobry,FG4586,106,zly
FG2545,148,umiarkowany,FG2545,56,zly
FG2555,158,dobry,FG2555,44,zly
FG2565,190,bardzo dobry,FG2565,38,zly
FG2575,193,bardzo dobry,FG2575,46,zly
FG3535,183,bardzo dobry,FG3535,42,zly
FG3545,184,bardzo dobry,FG3545,38,zly
FG3555,190,bardzo dobry,FG3555,43,zly
FG3575,174,bardzo dobry,FG3575,77,zly
FG3585,152,dobry,FG3585,58,zly
FG3595,153,dobry,FG3595,88,zly
FG4505,193,bardzo dobry,FG4505,73,zly
FG4515,187,bardzo dobry,FG4515,66,zly
FG4525,194,bardzo dobry,FG4525,90,zly
FG4535,190,bardzo dobry,FG4535,53,zly
FG4545,197,bardzo dobry,FG4545,51,zly
FG4555,195,bardzo dobry,FG4555,38,zly
FG4565,182,bardzo dobry,FG4565,38,zly
FG4575,179,bardzo dobry,FG4575,41,zly
FG4585,189,bardzo dobry,FG4585,39,zly
FG4595,154,dobry,FG4595,57,zly
FG4591,189,bardzo dobry,FG4591,38,zly
FG4592,181,bardzo dobry,FG4592,47,zly
FG0504,187,bardzo dobry,FG0504,52,zly
FG2544,126,slaby,FG2544,58,zly
FG2554,164,dobry,FG2554,47,zly
FG2564,191,bardzo dobry,FG2564,47,zly
FG2574,162,dobry,FG2574,59,zly
FG2584,138,umiarkowany,FG2584,61,zly
FG2594,156,dobry,FG2594,79,zly
FG3534,166,dobry,FG3534,55,zly
FG3544,201,bardzo dobry,FG3544,39,zly
FG3574,176,bardzo dobry,FG3574,38,zly
FG3584,170,dobry,FG3584,48,zly
FG3594,186,bardzo dobry,FG3594,53,zly
FG4504,175,bardzo dobry,FG4504,102,zly
FG4514,139,umiarkowany,FG4514,107,zly
FG4524,186,bardzo dobry,FG4524,55,zly
FG4534,186,bardzo dobry,FG4534,41,zly
FG4544,192,bardzo dobry,FG4544,38,zly
FG4554,185,bardzo dobry,FG4554,38,zly
FG4564,170,dobry,FG4564,41,zly
FG0503,181,bardzo dobry,FG0503,43,zly
FG0513,161,dobry,FG0513,74,zly
FG0553,177,bardzo dobry,FG0553,79,zly
FG0563,165,dobry,FG0563,52,zly
FG2553,149,umiarkowany,FG2553,61,zly
FG2583,172,bardzo dobry,FG2583,50,zly
FG2593,144,umiarkowany,FG2593,67,zly
FG3533,186,bardzo dobry,FG3533,38,zly
FG3543,180,bardzo dobry,FG3543,63,zly
FG3563,172,bardzo dobry,FG3563,90,zly
FG3573,185,bardzo dobry,FG3573,54,zly
FG3583,179,bardzo dobry,FG3583,79,zly
FG3593,180,bardzo dobry,FG3593,41,zly
FG4503,183,bardzo dobry,FG4503,53,zly
FG4513,167,dobry,FG4513,114,slaby
FG4533,163,dobry,FG4533,51,zly
FG4543,182,bardzo dobry,FG4543,42,zly
FG4553,183,bardzo dobry,FG4553,88,zly
FG0502,185,bardzo dobry,FG0502,38,zly
FG0512,166,dobry,FG0512,38,zly
FG0522,187,bardzo dobry,FG0522,38,zly
FG0532,191,bardzo dobry,FG0532,65,zly
FG0542,168,dobry,FG0542,89,zly
FG2522,158,dobry,FG2522,39,zly
FG2532,158,dobry,FG2532,56,zly
FG3522,163,dobry,FG3522,106,zly
FG3532,171,bardzo dobry,FG3532,69,zly
FG3542,183,bardzo dobry,FG3542,38,zly
FG3552,191,bardzo dobry,FG3552,38,zly
FG3562,184,bardzo dobry,FG3562,38,zly
FG3572,198,bardzo dobry,FG3572,45,zly
FG3582,173,bardzo dobry,FG3582,88,zly
FG3592,170,dobry,FG3592,38,zly
FG4502,171,bardzo dobry,FG4502,41,zly
FG4532,180,bardzo dobry,FG4532,103,zly
FG4542,190,bardzo dobry,FG4542,103,zly
FG4582,156,dobry,FG4582,90,zly
FG0501,184,bardzo dobry,FG0501,55,zly
FG0511,166,dobry,FG0511,38,zly
FG0521,195,bardzo dobry,FG0521,39,zly
FG0531,170,dobry,FG0531,71,zly
FG0541,140,umiarkowany,FG0541,82,zly
FG2521,173,bardzo dobry,FG2521,44,zly
FG3511,146,umiarkowany,FG3511,65,zly
FG3541,160,dobry,FG3541,74,zly
FG3551,186,bardzo dobry,FG3551,38,zly
FG3561,179,bardzo dobry,FG3561,38,zly
FG3571,171,bardzo dobry,FG3571,54,zly
FG4501,178,bardzo dobry,FG4501,39,zly
FG4511,168,dobry,FG4511,65,zly
FG4521,163,dobry,FG4521,100,zly
FG4531,175,bardzo dobry,FG4531,82,zly
FG4541,189,bardzo dobry,FG4541,52,zly
FG4571,194,bardzo dobry,FG4571,60,zly
FG4581,200,bardzo dobry,FG4581,38,zly
FG0500,151,umiarkowany,FG0500,87,zly
FG0520,191,bardzo dobry,FG0520,67,zly
FG3510,180,bardzo dobry,FG3510,38,zly
FG3520,180,bardzo dobry,FG3520,38,zly
FG3530,172,bardzo dobry,FG3530,38,zly
FG3540,189,bardzo dobry,FG3540,38,zly
FG3550,166,dobry,FG3550,38,zly
FG3560,170,dobry,FG3560,38,zly
FG4510,131,slaby,FG4510,112,zly
FG4520,160,dobry,FG4520,51,zly
FG4550,168,dobry,FG4550,77,zly
FG4560,183,bardzo dobry,FG4560,66,zly
FG4570,192,bardzo dobry,FG4570,38,zly
FG4580,194,bardzo dobry,FG4580,38,zly
FG1489,193,bardzo dobry,FG1489,49,zly
FG1499,186,bardzo dobry,FG1499,38,zly
FG2469,161,dobry,FG2469,57,zly
FG3409,160,dobry,FG3409,76,zly
FG3419,172,bardzo dobry,FG3419,52,zly
FG3429,170,dobry,FG3429,38,zly
FG3439,183,bardzo dobry,FG3439,38,zly
FG3449,183,bardzo dobry,FG3449,38,zly
FG3459,166,dobry,FG3459,38,zly
FG3469,154,dobry,FG3469,51,zly
FG3479,168,dobry,FG3479,65,zly
FG3489,179,bardzo dobry,FG3489,51,zly
FG4449,183,bardzo dobry,FG4449,45,zly
FG4459,190,bardzo dobry,FG4459,38,zly
FG4469,190,bardzo dobry,FG4469,38,zly
FG4479,192,bardzo dobry,FG4479,38,zly
FG1488,186,bardzo dobry,FG1488,44,zly
FG1498,185,bardzo dobry,FG1498,44,zly
FG2468,140,umiarkowany,FG2468,56,zly
FG2478,170,dobry,FG2478,61,zly
FG2488,157,dobry,FG2488,65,zly
FG2498,161,dobry,FG2498,77,zly
FG3408,177,bardzo dobry,FG3408,38,zly
FG3418,194,bardzo dobry,FG3418,43,zly
FG3428,177,bardzo dobry,FG3428,38,zly
FG3438,176,bardzo dobry,FG3438,38,zly
FG3448,176,bardzo dobry,FG3448,38,zly
FG3458,158,dobry,FG3458,43,zly
FG4418,189,bardzo dobry,FG4418,55,zly
FG4428,190,bardzo dobry,FG4428,41,zly
FG4438,201,bardzo dobry,FG4438,41,zly
FG4448,164,dobry,FG4448,38,zly
FG4458,187,bardzo dobry,FG4458,38,zly
FG0447,136,umiarkowany,FG0447,73,zly
FG0457,149,umiarkowany,FG0457,102,zly
FG1477,152,dobry,FG1477,54,zly
FG1487,192,bardzo dobry,FG1487,42,zly
FG2467,180,bardzo dobry,FG2467,38,zly
FG2477,183,bardzo dobry,FG2477,41,zly
FG2487,189,bardzo dobry,FG2487,51,zly
FG2497,185,bardzo dobry,FG2497,38,zly
FG3407,182,bardzo dobry,FG3407,38,zly
FG3417,182,bardzo dobry,FG3417,38,zly
FG3427,179,bardzo dobry,FG3427,38,zly
FG3437,187,bardzo dobry,FG3437,41,zly
FG3447,180,bardzo dobry,FG3447,70,zly
FG3497,186,bardzo dobry,FG3497,49,zly
FG4407,190,bardzo dobry,FG4407,38,zly
FG4417,186,bardzo dobry,FG4417,38,zly
FG4427,197,bardzo dobry,FG4427,38,zly
FG4437,196,bardzo dobry,FG4437,38,zly
FG4447,194,bardzo dobry,FG4447,38,zly
FG1375,147,umiarkowany,FG1375,63,zly
FG1385,165,dobry,FG1385,59,zly
FG1395,174,bardzo dobry,FG1395,51,zly
FG1396,131,slaby,FG1396,107,zly
FG2306,150,umiarkowany,FG2306,66,zly
FG2316,165,dobry,FG2316,72,zly
FG2325,167,dobry,FG2325,49,zly
FG2326,169,dobry,FG2326,38,zly
FG2335,146,umiarkowany,FG2335,54,zly
FG2336,169,dobry,FG2336,38,zly
FG2345,150,umiarkowany,FG2345,60,zly
FG2346,138,umiarkowany,FG2346,47,zly
FG2355,182,bardzo dobry,FG2355,47,zly
FG2356,140,umiarkowany,FG2356,67,zly
FG2365,182,bardzo dobry,FG2365,38,zly
FG2366,190,bardzo dobry,FG2366,44,zly
FG2375,178,bardzo dobry,FG2375,38,zly
FG2376,190,bardzo dobry,FG2376,38,zly
FG2385,171,bardzo dobry,FG2385,38,zly
FG2386,182,bardzo dobry,FG2386,38,zly
FG2395,175,bardzo dobry,FG2395,53,zly
FG2396,180,bardzo dobry,FG2396,38,zly
FG3306,154,dobry,FG3306,69,zly
FG3316,147,umiarkowany,FG3316,96,zly
FG1384,179,bardzo dobry,FG1384,47,zly
FG1394,183,bardzo dobry,FG1394,41,zly
FG2304,174,bardzo dobry,FG2304,77,zly
FG2314,171,bardzo dobry,FG2314,90,zly
FG2354,151,umiarkowany,FG2354,60,zly
FG2364,183,bardzo dobry,FG2364,38,zly
FG2384,149,umiarkowany,FG2384,50,zly
FG2394,163,dobry,FG2394,52,zly
FG1383,177,bardzo dobry,FG1383,39,zly
FG1393,199,bardzo dobry,FG1393,46,zly
FG2313,137,umiarkowany,FG2313,76,zly
FG2353,153,dobry,FG2353,85,zly
FG2363,154,dobry,FG2363,77,zly
FG0446,139,umiarkowany,FG0446,71,zly
FG1476,154,dobry,FG1476,48,zly
FG2436,141,umiarkowany,FG2436,86,zly
FG2446,160,dobry,FG2446,59,zly
FG2456,163,dobry,FG2456,84,zly
FG2466,191,bardzo dobry,FG2466,38,zly
FG2476,185,bardzo dobry,FG2476,38,zly
FG2486,177,bardzo dobry,FG2486,38,zly
FG2496,194,bardzo dobry,FG2496,38,zly
FG3406,178,bardzo dobry,FG3406,38,zly
FG3416,179,bardzo dobry,FG3416,38,zly
FG3426,190,bardzo dobry,FG3426,43,zly
FG3436,176,bardzo dobry,FG3436,85,zly
FG3476,148,umiarkowany,FG3476,53,zly
FG3486,167,dobry,FG3486,38,zly
FG3496,182,bardzo dobry,FG3496,38,zly
FG4406,197,bardzo dobry,FG4406,38,zly
FG0435,143,umiarkowany,FG0435,54,zly
FG0445,166,dobry,FG0445,38,zly
FG0455,129,slaby,FG0455,87,zly
FG1475,174,bardzo dobry,FG1475,54,zly
FG2435,184,bardzo dobry,FG2435,44,zly
FG2445,192,bardzo dobry,FG2445,38,zly
FG2455,196,bardzo dobry,FG2455,41,zly
FG2465,186,bardzo dobry,FG2465,38,zly
FG2475,191,bardzo dobry,FG2475,38,zly
FG2485,193,bardzo dobry,FG2485,38,zly
FG2495,192,bardzo dobry,FG2495,38,zly
FG3405,176,bardzo dobry,FG3405,38,zly
FG3415,178,bardzo dobry,FG3415,38,zly
FG3425,172,bardzo dobry,FG3425,41,zly
FG3465,167,dobry,FG3465,48,zly
FG3475,171,bardzo dobry,FG3475,38,zly
FG3485,177,bardzo dobry,FG3485,38,zly
FG3495,192,bardzo dobry,FG3495,38,zly
FG0424,166,dobry,FG0424,38,zly
FG0434,155,dobry,FG0434,43,zly
FG0444,136,umiarkowany,FG0444,73,zly
FG1474,173,bardzo dobry,FG1474,57,zly
FG2424,178,bardzo dobry,FG2424,49,zly
FG2434,186,bardzo dobry,FG2434,38,zly
FG2444,189,bardzo dobry,FG2444,38,zly
FG2454,182,bardzo dobry,FG2454,38,zly
FG2464,178,bardzo dobry,FG2464,38,zly
FG2474,193,bardzo dobry,FG2474,38,zly
FG2484,192,bardzo dobry,FG2484,38,zly
FG2494,186,bardzo dobry,FG2494,38,zly
FG3404,166,dobry,FG3404,38,zly
FG3414,179,bardzo dobry,FG3414,38,zly
FG3424,168,dobry,FG3424,41,zly
FG3454,177,bardzo dobry,FG3454,38,zly
FG0413,156,dobry,FG0413,81,zly
FG0423,167,dobry,FG0423,48,zly
FG0433,175,bardzo dobry,FG0433,63,zly
FG0463,173,bardzo dobry,FG0463,48,zly
FG0473,175,bardzo dobry,FG0473,57,zly
FG2413,174,bardzo dobry,FG2413,49,zly
FG2423,196,bardzo dobry,FG2423,41,zly
FG2433,183,bardzo dobry,FG2433,38,zly
FG2443,158,dobry,FG2443,71,zly
FG2463,158,dobry,FG2463,55,zly
FG2473,190,bardzo dobry,FG2473,43,zly
FG2483,182,bardzo dobry,FG2483,38,zly
FG2493,190,bardzo dobry,FG2493,51,zly
FG3403,177,bardzo dobry,FG3403,46,zly
FG3413,180,bardzo dobry,FG3413,38,zly
FG3423,161,dobry,FG3423,113,zly
FG3453,177,bardzo dobry,FG3453,38,zly
FG0412,172,bardzo dobry,FG0412,43,zly
FG0422,159,dobry,FG0422,60,zly
FG0462,176,bardzo dobry,FG0462,60,zly
FG0472,166,dobry,FG0472,83,zly
FG2412,204,bardzo dobry,FG2412,60,zly
FG2422,201,bardzo dobry,FG2422,86,zly
FG2432,179,bardzo dobry,FG2432,42,zly
FG2452,169,dobry,FG2452,71,zly
FG2462,144,umiarkowany,FG2462,51,zly
FG2472,186,bardzo dobry,FG2472,38,zly
FG2482,187,bardzo dobry,FG2482,38,zly
FG2492,181,bardzo dobry,FG2492,38,zly
FG3402,190,bardzo dobry,FG3402,48,zly
FG3412,176,bardzo dobry,FG3412,66,zly
FG3422,181,bardzo dobry,FG3422,49,zly
FG3452,180,bardzo dobry,FG3452,55,zly
FG0401,144,umiarkowany,FG0401,81,zly
FG0411,177,bardzo dobry,FG0411,45,zly
FG0451,148,umiarkowany,FG0451,71,zly
FG1441,170,dobry,FG1441,64,zly
FG2411,150,umiarkowany,FG2411,79,zly
FG2421,154,dobry,FG2421,79,zly
FG2431,170,dobry,FG2431,120,slaby
FG2441,175,bardzo dobry,FG2441,71,zly
FG2451,155,dobry,FG2451,73,zly
FG2461,176,bardzo dobry,FG2461,44,zly
FG2471,190,bardzo dobry,FG2471,44,zly
FG2481,172,bardzo dobry,FG2481,47,zly
FG2491,184,bardzo dobry,FG2491,38,zly
FG3401,202,bardzo dobry,FG3401,59,zly
FG3411,165,dobry,FG3411,86,zly
FG3451,189,bardzo dobry,FG3451,57,zly
FG0400,181,bardzo dobry,FG0400,38,zly
FG0410,182,bardzo dobry,FG0410,38,zly
FG0440,166,dobry,FG0440,79,zly
FG2410,179,bardzo dobry,FG2410,38,zly
FG2420,187,bardzo dobry,FG2420,38,zly
FG2430,145,umiarkowany,FG2430,60,zly
FG2440,152,dobry,FG2440,74,zly
FG2460,180,bardzo dobry,FG2460,92,zly
FG2470,189,bardzo dobry,FG2470,107,zly
FG2480,186,bardzo dobry,FG2480,73,zly
FG2490,177,bardzo dobry,FG2490,83,zly
FG3400,157,dobry,FG3400,88,zly
FG3440,155,dobry,FG3440,47,zly
FG0309,140,umiarkowany,FG0309,62,zly
FG2309,181,bardzo dobry,FG2309,51,zly
FG2319,183,bardzo dobry,FG2319,38,zly
FG2329,187,bardzo dobry,FG2329,38,zly
FG2339,151,umiarkowany,FG2339,53,zly
FG2349,170,dobry,FG2349,44,zly
FG2359,168,dobry,FG2359,41,zly
FG2369,176,bardzo dobry,FG2369,38,zly
FG2379,201,bardzo dobry,FG2379,42,zly
FG2389,176,bardzo dobry,FG2389,38,zly
FG2399,152,dobry,FG2399,52,zly
FG3309,130,slaby,FG3309,70,zly
FG3319,147,umiarkowany,FG3319,43,zly
FG3329,173,bardzo dobry,FG3329,61,zly
FG3349,172,bardzo dobry,FG3349,46,zly
FG1398,170,dobry,FG1398,70,zly
FG2308,193,bardzo dobry,FG2308,38,zly
FG2318,191,bardzo dobry,FG2318,38,zly
FG2328,182,bardzo dobry,FG2328,38,zly
FG2338,152,dobry,FG2338,65,zly
FG2358,188,bardzo dobry,FG2358,43,zly
FG2368,162,dobry,FG2368,38,zly
FG2378,201,bardzo dobry,FG2378,38,zly
FG2388,184,bardzo dobry,FG2388,38,zly
FG3308,138,umiarkowany,FG3308,76,zly
FG3318,142,umiarkowany,FG3318,38,zly
FG3328,151,umiarkowany,FG3328,39,zly
FG3338,155,dobry,FG3338,41,zly
FG3348,182,bardzo dobry,FG3348,41,zly
FG1397,173,bardzo dobry,FG1397,64,zly
FG2307,183,bardzo dobry,FG2307,44,zly
FG2317,188,bardzo dobry,FG2317,59,zly
FG2327,189,bardzo dobry,FG2327,39,zly
FG2337,163,dobry,FG2337,38,zly
FG2367,182,bardzo dobry,FG2367,47,zly
FG2377,193,bardzo dobry,FG2377,41,zly
FG2387,185,bardzo dobry,FG2387,39,zly
FG2397,161,dobry,FG2397,53,zly
FG3307,149,umiarkowany,FG3307,54,zly
FG3317,149,umiarkowany,FG3317,54,zly
FG3347,138,umiarkowany,FG3347,117,slaby
FG1382,170,dobry,FG1382,46,zly
FG2332,149,umiarkowany,FG2332,47,zly
FG2352,185,bardzo dobry,FG2352,45,zly
FG2362,165,dobry,FG2362,76,zly
FG2372,182,bardzo dobry,FG2372,45,zly
FG2382,175,bardzo dobry,FG2382,74,zly
FG1381,180,bardzo dobry,FG1381,88,zly
FG1391,172,bardzo dobry,FG1391,87,zly
FG2331,171,bardzo dobry,FG2331,43,zly
FG2341,166,dobry,FG2341,47,zly
FG2361,192,bardzo dobry,FG2361,41,zly
FG2371,173,bardzo dobry,FG2371,38,zly
FG2381,180,bardzo dobry,FG2381,38,zly
FG2391,160,dobry,FG2391,84,zly
FG3311,175,bardzo dobry,FG3311,38,zly
FG1350,176,bardzo dobry,FG1350,78,zly
FG1370,200,bardzo dobry,FG1370,55,zly
FG1380,189,bardzo dobry,FG1380,52,zly
FG2330,152,dobry,FG2330,88,zly
FG2340,156,dobry,FG2340,83,zly
FG2350,141,umiarkowany,FG2350,106,zly
FG2360,182,bardzo dobry,FG2360,38,zly
FG1279,148,umiarkowany,FG1279,115,slaby
FG2259,160,dobry,FG2259,86,zly
FG2269,186,bardzo dobry,FG2269,38,zly
FG1278,169,dobry,FG1278,38,zly
FG2218,148,umiarkowany,FG2218,82,zly
FG2228,179,bardzo dobry,FG2228,49,zly
FG2238,183,bardzo dobry,FG2238,48,zly
FG2258,171,bardzo dobry,FG2258,62,zly
FG1277,168,dobry,FG1277,38,zly
FG2217,184,bardzo dobry,FG2217,90,zly
FG2227,196,bardzo dobry,FG2227,38,zly
FG2237,159,dobry,FG2237,90,zly
FG2257,192,bardzo dobry,FG2257,43,zly
FG2267,168,dobry,FG2267,45,zly
FG2277,180,bardzo dobry,FG2277,51,zly
FG2287,172,bardzo dobry,FG2287,113,zly
FG2297,185,bardzo dobry,FG2297,44,zly
FG1198,163,dobry,FG1198,91,zly
FG2108,166,dobry,FG2108,38,zly
FG2109,125,slaby,FG2109,99,zly
FG2118,183,bardzo dobry,FG2118,38,zly
FG2128,173,bardzo dobry,FG2128,39,zly
FG2138,181,bardzo dobry,FG2138,41,zly
FG2148,187,bardzo dobry,FG2148,45,zly
FG2149,186,bardzo dobry,FG2149,38,zly
FG2158,156,dobry,FG2158,53,zly
FG2159,153,dobry,FG2159,41,zly
FG2168,182,bardzo dobry,FG2168,41,zly
FG2169,155,dobry,FG2169,44,zly
FG3108,179,bardzo dobry,FG3108,65,zly
FG3109,185,bardzo dobry,FG3109,56,zly
FG3118,178,bardzo dobry,FG3118,38,zly
FG3119,179,bardzo dobry,FG3119,42,zly
FG3128,176,bardzo dobry,FG3128,38,zly
FG1270,163,dobry,FG1270,94,zly
FG2200,178,bardzo dobry,FG2200,71,zly
FG2201,188,bardzo dobry,FG2201,60,zly
FG2210,175,bardzo dobry,FG2210,65,zly
FG2211,190,bardzo dobry,FG2211,38,zly
FG2221,189,bardzo dobry,FG2221,48,zly
FG2231,176,bardzo dobry,FG2231,38,zly
FG2260,173,bardzo dobry,FG2260,54,zly
FG2271,174,bardzo dobry,FG2271,54,zly
FG3200,183,bardzo dobry,FG3200,45,zly
FG3210,193,bardzo dobry,FG3210,38,zly
FG1254,155,dobry,FG1254,85,zly
FG1264,173,bardzo dobry,FG1264,84,zly
FG2214,161,dobry,FG2214,69,zly
FG2215,187,bardzo dobry,FG2215,99,zly
FG2225,188,bardzo dobry,FG2225,82,zly
FG2234,180,bardzo dobry,FG2234,79,zly
FG2235,158,dobry,FG2235,109,zly
FG2244,179,bardzo dobry,FG2244,61,zly
FG2254,189,bardzo dobry,FG2254,38,zly
FG2264,187,bardzo dobry,FG2264,38,zly
FG2265,167,dobry,FG2265,44,zly
FG2274,174,bardzo dobry,FG2274,58,zly
FG2275,194,bardzo dobry,FG2275,38,zly
FG2285,190,bardzo dobry,FG2285,109,zly
FG1226,128,slaby,FG1226,87,zly
FG1266,169,dobry,FG1266,49,zly
FG1276,168,dobry,FG1276,47,zly
FG2216,203,bardzo dobry,FG2216,41,zly
FG2226,196,bardzo dobry,FG2226,38,zly
FG2236,150,umiarkowany,FG2236,54,zly
FG2276,165,dobry,FG2276,123,slaby
FG2296,178,bardzo dobry,FG2296,66,zly
FG1273,158,dobry,FG1273,82,zly
FG2203,177,bardzo dobry,FG2203,52,zly
FG2213,203,bardzo dobry,FG2213,46,zly
FG2223,199,bardzo dobry,FG2223,47,zly
FG2233,193,bardzo dobry,FG2233,43,zly
FG2243,193,bardzo dobry,FG2243,38,zly
FG2253,206,bardzo dobry,FG2253,45,zly
FG2263,165,dobry,FG2263,92,zly
FG2293,199,bardzo dobry,FG2293,76,zly
FG2202,169,dobry,FG2202,64,zly
FG2212,204,bardzo dobry,FG2212,38,zly
FG2222,183,bardzo dobry,FG2222,38,zly
FG2232,191,bardzo dobry,FG2232,38,zly
FG2242,165,dobry,FG2242,74,zly
FG2282,174,bardzo dobry,FG2282,74,zly
FG1197,178,bardzo dobry,FG1197,47,zly
FG2107,175,bardzo dobry,FG2107,38,zly
FG2117,185,bardzo dobry,FG2117,41,zly
FG2127,181,bardzo dobry,FG2127,38,zly
FG2137,166,dobry,FG2137,85,zly
FG2147,188,bardzo dobry,FG2147,46,zly
FG2157,171,bardzo dobry,FG2157,53,zly
FG2167,174,bardzo dobry,FG2167,45,zly
FG2177,210,bardzo dobry,FG2177,42,zly
FG2197,158,dobry,FG2197,77,zly
FG3107,174,bardzo dobry,FG3107,38,zly
FG3117,178,bardzo dobry,FG3117,38,zly
FG3127,180,bardzo dobry,FG3127,42,zly
FG1196,186,bardzo dobry,FG1196,38,zly
FG2106,169,dobry,FG2106,38,zly
FG2116,187,bardzo dobry,FG2116,57,zly
FG2146,151,umiarkowany,FG2146,66,zly
FG2186,176,bardzo dobry,FG2186,53,zly
FG2196,176,bardzo dobry,FG2196,38,zly
FG3106,180,bardzo dobry,FG3106,47,zly
FG3116,182,bardzo dobry,FG3116,44,zly
FG1185,198,bardzo dobry,FG1185,42,zly
FG1195,193,bardzo dobry,FG1195,41,zly
FG2105,201,bardzo dobry,FG2105,44,zly
FG2135,140,umiarkowany,FG2135,95,zly
FG2145,173,bardzo dobry,FG2145,44,zly
FG2155,166,dobry,FG2155,62,zly
FG2175,170,dobry,FG2175,94,zly
FG2195,187,bardzo dobry,FG2195,71,zly
FG3105,177,bardzo dobry,FG3105,38,zly
FG3115,173,bardzo dobry,FG3115,38,zly
FG1174,179,bardzo dobry,FG1174,52,zly
FG1184,185,bardzo dobry,FG1184,38,zly
FG1194,172,bardzo dobry,FG1194,62,zly
FG2134,158,dobry,FG2134,88,zly
FG2144,152,dobry,FG2144,66,zly
FG2154,149,umiarkowany,FG2154,110,zly
FG2164,154,dobry,FG2164,77,zly
FG2174,173,bardzo dobry,FG2174,38,zly
FG2184,166,dobry,FG2184,41,zly
FG2194,177,bardzo dobry,FG2194,88,zly
FG3104,178,bardzo dobry,FG3104,75,zly
FG3114,187,bardzo dobry,FG3114,82,zly
FG1173,182,bardzo dobry,FG1173,70,zly
FG2113,173,bardzo dobry,FG2113,47,zly
FG2123,170,dobry,FG2123,38,zly
FG2133,176,bardzo dobry,FG2133,41,zly
FG2143,177,bardzo dobry,FG2143,38,zly
FG2153,139,umiarkowany,FG2153,131,slaby
FG2163,177,bardzo dobry,FG2163,38,zly
FG2173,177,bardzo dobry,FG2173,38,zly
FG2183,178,bardzo dobry,FG2183,38,zly
FG2193,173,bardzo dobry,FG2193,38,zly
FG3103,170,dobry,FG3103,41,zly
FG3113,173,bardzo dobry,FG3113,38,zly
FG1162,150,umiarkowany,FG1162,83,zly
FG2102,154,dobry,FG2102,59,zly
FG2112,170,dobry,FG2112,38,zly
FG2122,180,bardzo dobry,FG2122,38,zly
FG2132,178,bardzo dobry,FG2132,38,zly
FG2142,154,dobry,FG2142,84,zly
FG2152,138,umiarkowany,FG2152,104,zly
FG2162,179,bardzo dobry,FG2162,43,zly
FG2172,179,bardzo dobry,FG2172,38,zly
FG2182,176,bardzo dobry,FG2182,38,zly
FG2101,154,dobry,FG2101,38,zly
FG2111,158,dobry,FG2111,38,zly
FG2121,156,dobry,FG2121,43,zly
FG2131,137,umiarkowany,FG2131,103,zly
FG2151,168,dobry,FG2151,59,zly
FG2161,161,dobry,FG2161,74,zly
FG2171,170,dobry,FG2171,65,zly
FG2181,177,bardzo dobry,FG2181,38,zly
FG3131,179,bardzo dobry,FG3131,38,zly
FG1150,148,umiarkowany,FG1150,52,zly
FG1180,134,slaby,FG1180,60,zly
FG2100,133,slaby,FG2100,78,zly
FG2110,160,dobry,FG2110,38,zly
FG2120,168,dobry,FG2120,41,zly
FG2130,147,umiarkowany,FG2130,82,zly
FG2150,125,slaby,FG2150,87,zly
FG2160,161,dobry,FG2160,96,zly
FG2170,174,bardzo dobry,FG2170,41,zly
FG2180,170,dobry,FG2180,38,zly
FG3120,169,dobry,FG3120,39,zly
FG3130,168,dobry,FG3130,41,zly
FG3140,124,slaby,FG3140,79,zly
FG3150,191,bardzo dobry,FG3150,38,zly
FG1043,180,bardzo dobry,FG1043,38,zly
FG1044,176,bardzo dobry,FG1044,39,zly
FG1053,176,bardzo dobry,FG1053,38,zly
FG1054,183,bardzo dobry,FG1054,38,zly
FG1063,167,dobry,FG1063,38,zly
FG1064,170,dobry,FG1064,38,zly
FG1073,173,bardzo dobry,FG1073,38,zly
FG1074,184,bardzo dobry,FG1074,38,zly
FG1083,167,dobry,FG1083,39,zly
FG1084,184,bardzo dobry,FG1084,38,zly
FG1094,173,bardzo dobry,FG1094,38,zly
FG2003,176,bardzo dobry,FG2003,38,zly
FG2004,187,bardzo dobry,FG2004,41,zly
FG2013,173,bardzo dobry,FG2013,38,zly
FG2014,189,bardzo dobry,FG2014,57,zly
FG2023,176,bardzo dobry,FG2023,38,zly
FG2024,184,bardzo dobry,FG2024,53,zly
FG2033,179,bardzo dobry,FG2033,38,zly
FG2034,179,bardzo dobry,FG2034,39,zly
FG2044,173,bardzo dobry,FG2044,38,zly
FG2054,165,dobry,FG2054,38,zly
FG2093,162,dobry,FG2093,78,zly
FG2094,181,bardzo dobry,FG2094,38,zly
FG3013,189,bardzo dobry,FG3013,41,zly
FG3023,178,bardzo dobry,FG3023,41,zly
FG3024,187,bardzo dobry,FG3024,48,zly
FG3033,193,bardzo dobry,FG3033,38,zly
FG3034,191,bardzo dobry,FG3034,38,zly
FG3044,184,bardzo dobry,FG3044,41,zly
FG1059,177,bardzo dobry,FG1059,38,zly
FG2009,135,umiarkowany,FG2009,89,zly
FG2019,186,bardzo dobry,FG2019,38,zly
FG2029,155,dobry,FG2029,79,zly
FG2049,165,dobry,FG2049,69,zly
FG2059,179,bardzo dobry,FG2059,38,zly
FG2069,173,bardzo dobry,FG2069,84,zly
FG2079,158,dobry,FG2079,61,zly
FG3019,174,bardzo dobry,FG3019,38,zly
FG3029,160,dobry,FG3029,38,zly
FG3059,200,bardzo dobry,FG3059,38,zly
FG1058,157,dobry,FG1058,55,zly
FG2008,173,bardzo dobry,FG2008,38,zly
FG2018,155,dobry,FG2018,63,zly
FG2048,160,dobry,FG2048,62,zly
FG2058,177,bardzo dobry,FG2058,38,zly
FG2068,173,bardzo dobry,FG2068,38,zly
FG2078,176,bardzo dobry,FG2078,38,zly
FG3008,184,bardzo dobry,FG3008,38,zly
FG3018,174,bardzo dobry,FG3018,38,zly
FG3028,155,dobry,FG3028,74,zly
FG3058,197,bardzo dobry,FG3058,38,zly
FG1077,183,bardzo dobry,FG1077,45,zly
FG1087,184,bardzo dobry,FG1087,42,zly
FG1097,151,umiarkowany,FG1097,84,zly
FG2007,173,bardzo dobry,FG2007,38,zly
FG2017,164,dobry,FG2017,38,zly
FG2027,157,dobry,FG2027,38,zly
FG2057,165,dobry,FG2057,38,zly
FG3007,170,dobry,FG3007,38,zly
FG3017,170,dobry,FG3017,62,zly
FG3047,190,bardzo dobry,FG3047,86,zly
FG3057,189,bardzo dobry,FG3057,41,zly
FG1066,145,umiarkowany,FG1066,58,zly
FG1076,168,dobry,FG1076,41,zly
FG1086,184,bardzo dobry,FG1086,38,zly
FG1096,173,bardzo dobry,FG1096,38,zly
FG2006,176,bardzo dobry,FG2006,38,zly
FG2016,170,dobry,FG2016,54,zly
FG2056,170,dobry,FG2056,38,zly
FG2096,171,bardzo dobry,FG2096,67,zly
FG3006,166,dobry,FG3006,97,zly
FG3036,203,bardzo dobry,FG3036,58,zly
FG3046,188,bardzo dobry,FG3046,41,zly
FG3056,168,dobry,FG3056,38,zly
FG1055,159,dobry,FG1055,43,zly
FG1065,163,dobry,FG1065,38,zly
FG1075,181,bardzo dobry,FG1075,38,zly
FG1085,187,bardzo dobry,FG1085,38,zly
FG1095,179,bardzo dobry,FG1095,38,zly
FG2005,167,dobry,FG2005,38,zly
FG2035,154,dobry,FG2035,79,zly
FG2045,162,dobry,FG2045,43,zly
FG2055,140,umiarkowany,FG2055,87,zly
FG2095,168,dobry,FG2095,66,zly
FG3005,155,dobry,FG3005,68,zly
FG3025,200,bardzo dobry,FG3025,60,zly
FG3035,194,bardzo dobry,FG3035,48,zly
FG3045,190,bardzo dobry,FG3045,41,zly
FG3055,194,bardzo dobry,FG3055,38,zly
FG1042,163,dobry,FG1042,43,zly
FG1052,167,dobry,FG1052,38,zly
FG3002,191,bardzo dobry,FG3002,58,zly
FG3012,169,dobry,FG3012,94,zly
FG3032,183,bardzo dobry,FG3032,76,zly
FG1021,156,dobry,FG1021,60,zly
FG1031,145,umiarkowany,FG1031,77,zly
FG1041,160,dobry,FG1041,53,zly
FG1051,164,dobry,FG1051,38,zly
FG1010,162,dobry,FG1010,46,zly
FG1020,161,dobry,FG1020,38,zly
FG1030,170,dobry,FG1030,38,zly
FG1040,150,umiarkowany,FG1040,41,zly
FG1050,167,dobry,FG1050,38,zly
GF5140,104,zly,GF5140,48,zly
GF5030,118,slaby,GF5030,45,zly
GF5130,132,slaby,GF5130,40,zly
GF5131,135,umiarkowany,GF5131,40,zly
GF5020,123,slaby,GF5020,100,zly
GF5022,122,slaby,GF5022,137,slaby
GF5023,119,slaby,GF5023,83,zly
GF5025,110,zly,GF5025,77,zly
GF5026,138,umiarkowany,GF5026,29,zly
GF5027,150,umiarkowany,GF5027,35,zly
GF5028,148,umiarkowany,GF5028,41,zly
GF5029,134,slaby,GF5029,47,zly
GF5120,109,zly,GF5120,35,zly
GF5121,122,slaby,GF5121,35,zly
GF5122,131,slaby,GF5122,35,zly
GF9052,110,zly,GF9052,104,zly
GF9040,162,dobry,GF9040,51,zly
GF9030,162,dobry,GF9030,63,zly
GF9021,131,slaby,GF9021,64,zly
GF8060,173,bardzo dobry,GF8060,70,zly
GF8070,134,slaby,GF8070,65,zly
GF5012,158,dobry,GF5012,47,zly
GF5013,153,dobry,GF5013,35,zly
GF5014,117,slaby,GF5014,41,zly
GF5015,128,slaby,GF5015,41,zly
GF5016,150,umiarkowany,GF5016,29,zly
GF5017,146,umiarkowany,GF5017,29,zly
GF5018,145,umiarkowany,GF5018,35,zly
GF5019,148,umiarkowany,GF5019,35,zly
GF5110,143,umiarkowany,GF5110,35,zly
GF5111,130,slaby,GF5111,63,zly
GF5112,123,slaby,GF5112,41,zly
GF5113,115,zly,GF5113,29,zly
GF5318,136,umiarkowany,GF5318,41,zly
GF5000,99,zly,GF5000,51,zly
GF5001,133,slaby,GF5001,29,zly
GF5002,137,umiarkowany,GF5002,48,zly
GF5003,131,slaby,GF5003,85,zly
GF5004,108,zly,GF5004,51,zly
GF5005,139,umiarkowany,GF5005,49,zly
GF5006,153,dobry,GF5006,35,zly
GF5007,143,umiarkowany,GF5007,42,zly
GF5008,147,umiarkowany,GF5008,29,zly
GF5009,143,umiarkowany,GF5009,35,zly
GF5100,147,umiarkowany,GF5100,29,zly
GF5101,128,slaby,GF5101,49,zly
GF5102,101,zly,GF5102,60,zly
GF5308,149,umiarkowany,GF5308,41,zly
GF5309,147,umiarkowany,GF5309,42,zly
GF4090,112,zly,GF4090,88,zly
GF4092,111,zly,GF4092,91,zly
GF4093,136,umiarkowany,GF4093,65,zly
GF4094,137,umiarkowany,GF4094,53,zly
GF4095,140,umiarkowany,GF4095,58,zly
GF4096,143,umiarkowany,GF4096,37,zly
GF4097,131,slaby,GF4097,49,zly
GF4098,144,umiarkowany,GF4098,48,zly
GF4099,156,dobry,GF4099,29,zly
GF4190,158,dobry,GF4190,29,zly
GF4191,116,zly,GF4191,63,zly
GF4398,150,umiarkowany,GF4398,41,zly
GF4399,154,dobry,GF4399,32,zly
GF4490,163,dobry,GF4490,29,zly
GF4407,104,zly,GF4407,41,zly
GF4417,104,zly,GF4417,55,zly
GF4480,130,slaby,GF4480,89,zly
GF4481,133,slaby,GF4481,66,zly
GF4080,128,slaby,GF4080,59,zly
GF4084,98,zly,GF4084,95,zly
GF4085,150,umiarkowany,GF4085,54,zly
GF4086,146,umiarkowany,GF4086,65,zly
GF4087,141,umiarkowany,GF4087,49,zly
GF4088,131,slaby,GF4088,41,zly
GF4089,147,umiarkowany,GF4089,41,zly
GF4180,150,umiarkowany,GF4180,35,zly
GF2323,128,slaby,GF2323,76,zly
GF2333,145,umiarkowany,GF2333,47,zly
GF2334,120,slaby,GF2334,107,zly
GF2343,154,dobry,GF2343,23,zly
GF2344,127,slaby,GF2344,41,zly
GF2353,154,dobry,GF2353,29,zly
GF2354,115,zly,GF2354,46,zly
GF2363,151,umiarkowany,GF2363,35,zly
GF2364,148,umiarkowany,GF2364,38,zly
GF2373,151,umiarkowany,GF2373,29,zly
GF2383,109,zly,GF2383,29,zly
GF2393,131,slaby,GF2393,41,zly
GF2394,132,slaby,GF2394,41,zly
GF3303,112,zly,GF3303,46,zly
GF3304,140,umiarkowany,GF3304,35,zly
GF3313,105,zly,GF3313,40,zly
GF3323,153,dobry,GF3323,57,zly
GF3324,113,zly,GF3324,56,zly
GF3333,158,dobry,GF3333,30,zly
GF3334,151,umiarkowany,GF3334,51,zly
GF3343,169,dobry,GF3343,41,zly
GF3344,143,umiarkowany,GF3344,43,zly
GF3354,142,umiarkowany,GF3354,47,zly
GF3373,102,zly,GF3373,97,zly
GF3374,131,slaby,GF3374,65,zly
GF3383,163,dobry,GF3383,48,zly
GF3384,152,dobry,GF3384,60,zly
GF3393,154,dobry,GF3393,38,zly
GF3394,145,umiarkowany,GF3394,29,zly
GF4303,168,dobry,GF4303,41,zly
GF4304,168,dobry,GF4304,35,zly
GF4313,118,slaby,GF4313,86,zly
GF4314,155,dobry,GF4314,68,zly
GF4323,110,zly,GF4323,49,zly
GF4324,162,dobry,GF4324,29,zly
GF2352,151,umiarkowany,GF2352,29,zly
GF2362,146,umiarkowany,GF2362,41,zly
GF2372,142,umiarkowany,GF2372,41,zly
GF2382,115,zly,GF2382,37,zly
GF3302,126,slaby,GF3302,65,zly
GF3312,136,umiarkowany,GF3312,41,zly
GF3322,149,umiarkowany,GF3322,41,zly
GF3332,143,umiarkowany,GF3332,29,zly
GF3342,151,umiarkowany,GF3342,52,zly
GF3372,89,zly,GF3372,114,slaby
GF3382,157,dobry,GF3382,60,zly
GF3392,158,dobry,GF3392,47,zly
GF4302,178,bardzo dobry,GF4302,54,zly
GF2446,113,zly,GF2446,46,zly
GF2456,110,zly,GF2456,49,zly
GF4406,136,umiarkowany,GF4406,58,zly
GF4416,109,zly,GF4416,65,zly
GF4436,136,umiarkowany,GF4436,41,zly
GF2455,108,zly,GF2455,67,zly
GF4435,65,zly,GF4435,75,zly
GF4403,151,umiarkowany,GF4403,41,zly
GF4453,83,zly,GF4453,91,zly
GF2402,146,umiarkowany,GF2402,48,zly
GF2412,88,zly,GF2412,84,zly
GF2422,131,slaby,GF2422,35,zly
GF2492,97,zly,GF2492,77,zly
GF3412,152,dobry,GF3412,34,zly
GF4402,127,slaby,GF4402,43,zly
GF4432,137,umiarkowany,GF4432,56,zly
GF4442,144,umiarkowany,GF4442,56,zly
GF4452,119,slaby,GF4452,83,zly
GF4462,138,umiarkowany,GF4462,82,zly
GF1471,94,zly,GF1471,52,zly
GF2401,119,slaby,GF2401,65,zly
GF2411,116,zly,GF2411,84,zly
GF2421,111,zly,GF2421,43,zly
GF2431,122,slaby,GF2431,35,zly
GF2461,108,zly,GF2461,103,zly
GF2471,99,zly,GF2471,106,zly
GF2491,149,umiarkowany,GF2491,67,zly
GF3401,138,umiarkowany,GF3401,64,zly
GF3411,113,zly,GF3411,41,zly
GF3421,119,slaby,GF3421,45,zly
GF3491,159,dobry,GF3491,35,zly
GF4401,122,slaby,GF4401,50,zly
GF4431,112,zly,GF4431,105,zly
GF4441,150,umiarkowany,GF4441,36,zly
GF4451,160,dobry,GF4451,47,zly
GF4461,157,dobry,GF4461,58,zly
GF4471,142,umiarkowany,GF4471,35,zly
GF1480,117,slaby,GF1480,39,zly
GF1490,109,zly,GF1490,35,zly
GF2400,148,umiarkowany,GF2400,29,zly
GF2410,133,slaby,GF2410,70,zly
GF2420,112,zly,GF2420,53,zly
GF2430,113,zly,GF2430,48,zly
GF2460,113,zly,GF2460,90,zly
GF2470,127,slaby,GF2470,96,zly
GF2480,103,zly,GF2480,82,zly
GF2490,142,umiarkowany,GF2490,76,zly
GF3410,104,zly,GF3410,98,zly
GF3420,147,umiarkowany,GF3420,53,zly
GF3430,141,umiarkowany,GF3430,35,zly
GF3460,127,slaby,GF3460,46,zly
GF3470,138,umiarkowany,GF3470,36,zly
GF3480,159,dobry,GF3480,43,zly
GF3490,113,zly,GF3490,60,zly
GF4400,120,slaby,GF4400,39,zly
GF4410,111,zly,GF4410,83,zly
GF4440,139,umiarkowany,GF4440,42,zly
GF4450,166,dobry,GF4450,41,zly
GF4460,158,dobry,GF4460,62,zly
GF4470,143,umiarkowany,GF4470,41,zly
GF1389,111,zly,GF1389,57,zly
GF1399,86,zly,GF1399,96,zly
GF2309,136,umiarkowany,GF2309,38,zly
GF2339,84,zly,GF2339,94,zly
GF2359,88,zly,GF2359,80,zly
GF2369,108,zly,GF2369,112,zly
GF2399,89,zly,GF2399,99,zly
GF3329,142,umiarkowany,GF3329,47,zly
GF3339,146,umiarkowany,GF3339,29,zly
GF3389,117,slaby,GF3389,62,zly
GF4309,114,zly,GF4309,44,zly
GF4319,121,slaby,GF4319,40,zly
GF4339,123,slaby,GF4339,76,zly
GF4349,102,zly,GF4349,63,zly
GF4359,153,dobry,GF4359,35,zly
GF4369,169,dobry,GF4369,38,zly
GF4379,149,umiarkowany,GF4379,116,slaby
GF2398,87,zly,GF2398,63,zly
GF3328,147,umiarkowany,GF3328,56,zly
GF3338,123,slaby,GF3338,49,zly
GF3358,137,umiarkowany,GF3358,40,zly
GF3398,98,zly,GF3398,97,zly
GF4318,121,slaby,GF4318,38,zly
GF4328,154,dobry,GF4328,35,zly
GF4358,133,slaby,GF4358,56,zly
GF4368,149,umiarkowany,GF4368,38,zly
GF4378,148,umiarkowany,GF4378,104,zly
GF1397,103,zly,GF1397,57,zly
GF3337,120,slaby,GF3337,35,zly
GF3347,146,umiarkowany,GF3347,41,zly
GF3357,133,slaby,GF3357,45,zly
GF3397,92,zly,GF3397,112,zly
GF4327,125,slaby,GF4327,41,zly
GF4337,143,umiarkowany,GF4337,85,zly
GF4347,123,slaby,GF4347,72,zly
GF4357,136,umiarkowany,GF4357,45,zly
GF4367,143,umiarkowany,GF4367,41,zly
GF4377,140,umiarkowany,GF4377,105,zly
GF4387,123,slaby,GF4387,59,zly
GF1396,135,umiarkowany,GF1396,35,zly
GF2356,107,zly,GF2356,81,zly
GF2366,115,zly,GF2366,39,zly
GF2376,126,slaby,GF2376,34,zly
GF2386,102,zly,GF2386,48,zly
GF3326,120,slaby,GF3326,64,zly
GF3336,115,zly,GF3336,50,zly
GF3346,105,zly,GF3346,47,zly
GF3356,146,umiarkowany,GF3356,46,zly
GF4326,83,zly,GF4326,73,zly
GF4346,121,slaby,GF4346,108,zly
GF4356,149,umiarkowany,GF4356,41,zly
GF4366,150,umiarkowany,GF4366,82,zly
GF1395,124,slaby,GF1395,35,zly
GF2305,108,zly,GF2305,43,zly
GF2345,94,zly,GF2345,99,zly
GF2355,130,slaby,GF2355,29,zly
GF2365,118,slaby,GF2365,29,zly
GF2375,110,zly,GF2375,35,zly
GF3305,92,zly,GF3305,48,zly
GF3325,99,zly,GF3325,57,zly
GF3335,143,umiarkowany,GF3335,47,zly
GF3345,145,umiarkowany,GF3345,47,zly
GF3355,145,umiarkowany,GF3355,46,zly
GF3385,142,umiarkowany,GF3385,60,zly
GF3395,118,slaby,GF3395,63,zly
GF4305,175,bardzo dobry,GF4305,106,zly
GF4325,121,slaby,GF4325,56,zly
GF4355,103,zly,GF4355,67,zly
GF4070,115,zly,GF4070,61,zly
GF4072,112,zly,GF4072,74,zly
GF4073,114,zly,GF4073,52,zly
GF4074,105,zly,GF4074,54,zly
GF4075,123,slaby,GF4075,66,zly
GF4076,121,slaby,GF4076,73,zly
GF4077,109,zly,GF4077,46,zly
GF4078,106,zly,GF4078,35,zly
GF4079,131,slaby,GF4079,70,zly
GF4170,141,umiarkowany,GF4170,35,zly
GF2361,144,umiarkowany,GF2361,35,zly
GF2371,153,dobry,GF2371,50,zly
GF2381,127,slaby,GF2381,42,zly
GF3301,122,slaby,GF3301,77,zly
GF3311,137,umiarkowany,GF3311,41,zly
GF3321,149,umiarkowany,GF3321,47,zly
GF3331,143,umiarkowany,GF3331,35,zly
GF3341,132,slaby,GF3341,62,zly
GF3381,104,zly,GF3381,98,zly
GF3391,160,dobry,GF3391,45,zly
GF4301,172,bardzo dobry,GF4301,41,zly
GF4311,137,umiarkowany,GF4311,86,zly
GF2360,146,umiarkowany,GF2360,35,zly
GF2370,146,umiarkowany,GF2370,48,zly
GF2380,142,umiarkowany,GF2380,41,zly
GF2390,107,zly,GF2390,38,zly
GF3300,133,slaby,GF3300,75,zly
GF3310,140,umiarkowany,GF3310,65,zly
GF3320,153,dobry,GF3320,66,zly
GF3330,144,umiarkowany,GF3330,64,zly
GF3360,146,umiarkowany,GF3360,56,zly
GF3390,150,umiarkowany,GF3390,46,zly
GF4300,165,dobry,GF4300,35,zly
GF4310,152,dobry,GF4310,35,zly
GF2269,142,umiarkowany,GF2269,71,zly
GF2279,139,umiarkowany,GF2279,77,zly
GF2289,119,slaby,GF2289,62,zly
GF2299,129,slaby,GF2299,29,zly
GF3209,131,slaby,GF3209,76,zly
GF3219,107,zly,GF3219,41,zly
GF3229,107,zly,GF3229,96,zly
GF3269,159,dobry,GF3269,66,zly
GF3279,152,dobry,GF3279,37,zly
GF3289,124,slaby,GF3289,82,zly
GF3299,102,zly,GF3299,93,zly
GF4209,129,slaby,GF4209,50,zly
GF4219,132,slaby,GF4219,50,zly
GF2268,118,slaby,GF2268,84,zly
GF2278,100,zly,GF2278,113,zly
GF2298,112,zly,GF2298,29,zly
GF3208,125,slaby,GF3208,87,zly
GF3218,105,zly,GF3218,46,zly
GF3248,121,slaby,GF3248,98,zly
GF3268,140,umiarkowany,GF3268,53,zly
GF3278,161,dobry,GF3278,29,zly
GF3288,114,zly,GF3288,98,zly
GF2267,132,slaby,GF2267,60,zly
GF2277,118,slaby,GF2277,82,zly
GF2297,127,slaby,GF2297,34,zly
GF3207,141,umiarkowany,GF3207,63,zly
GF3217,112,zly,GF3217,88,zly
GF3247,103,zly,GF3247,82,zly
GF3257,131,slaby,GF3257,69,zly
GF3267,137,umiarkowany,GF3267,50,zly
GF2276,142,umiarkowany,GF2276,47,zly
GF2286,135,umiarkowany,GF2286,68,zly
GF2296,114,zly,GF2296,68,zly
GF3206,118,slaby,GF3206,86,zly
GF3246,117,slaby,GF3246,96,zly
GF2275,138,umiarkowany,GF2275,44,zly
GF2285,134,slaby,GF2285,35,zly
GF2295,131,slaby,GF2295,99,zly
GF2284,131,slaby,GF2284,35,zly
GF2294,138,umiarkowany,GF2294,90,zly
GF3204,145,umiarkowany,GF3204,116,slaby
GF2283,137,umiarkowany,GF2283,39,zly
GF3203,144,umiarkowany,GF3203,50,zly
GF2282,140,umiarkowany,GF2282,62,zly
GF3202,128,slaby,GF3202,35,zly
GF3272,76,zly,GF3272,43,zly
GF2281,153,dobry,GF2281,73,zly
GF3201,129,slaby,GF3201,54,zly
GF2280,151,umiarkowany,GF2280,65,zly
GF2189,130,slaby,GF2189,108,zly
GF4060,129,slaby,GF4060,93,zly
GF4061,115,zly,GF4061,133,slaby
GF4050,163,dobry,GF4050,94,zly
GF3095,126,slaby,GF3095,73,zly
GF3096,118,slaby,GF3096,77,zly
GF4005,145,umiarkowany,GF4005,35,zly
GF4006,112,zly,GF4006,45,zly
GF4015,133,slaby,GF4015,46,zly
GF4016,115,zly,GF4016,46,zly
GF4025,142,umiarkowany,GF4025,41,zly
GF4026,136,umiarkowany,GF4026,36,zly
GF4035,139,umiarkowany,GF4035,41,zly
GF4036,159,dobry,GF4036,41,zly
GF4045,124,slaby,GF4045,35,zly
GF4046,143,umiarkowany,GF4046,47,zly
GF4055,160,dobry,GF4055,41,zly
GF4056,148,umiarkowany,GF4056,70,zly
GF3014,143,umiarkowany,GF3014,23,zly
GF3024,149,umiarkowany,GF3024,41,zly
GF3034,135,umiarkowany,GF3034,70,zly
GF3044,127,slaby,GF3044,100,zly
GF3054,150,umiarkowany,GF3054,87,zly
GF3094,127,slaby,GF3094,68,zly
GF4004,145,umiarkowany,GF4004,35,zly
GF4014,167,dobry,GF4014,41,zly
GF4024,153,dobry,GF4024,53,zly
GF4034,157,dobry,GF4034,41,zly
GF4044,163,dobry,GF4044,41,zly
GF4054,142,umiarkowany,GF4054,52,zly
GF3013,130,slaby,GF3013,23,zly
GF3023,142,umiarkowany,GF3023,41,zly
GF3033,144,umiarkowany,GF3033,48,zly
GF3043,147,umiarkowany,GF3043,65,zly
GF3053,144,umiarkowany,GF3053,50,zly
GF3093,144,umiarkowany,GF3093,41,zly
GF4003,146,umiarkowany,GF4003,41,zly
GF4013,149,umiarkowany,GF4013,41,zly
GF4023,144,umiarkowany,GF4023,41,zly
GF4033,148,umiarkowany,GF4033,47,zly
GF4043,165,dobry,GF4043,43,zly
GF4053,134,slaby,GF4053,77,zly
GF4063,125,slaby,GF4063,81,zly
GF4114,143,umiarkowany,GF4114,46,zly
GF4124,123,slaby,GF4124,41,zly
GF4113,128,slaby,GF4113,53,zly
GF4123,132,slaby,GF4123,47,zly
GF4133,129,slaby,GF4133,58,zly
GF4153,95,zly,GF4153,78,zly
GF4112,156,dobry,GF4112,86,zly
GF4122,161,dobry,GF4122,41,zly
GF4132,155,dobry,GF4132,41,zly
GF4142,164,dobry,GF4142,41,zly
GF4152,150,umiarkowany,GF4152,51,zly
GF4111,160,dobry,GF4111,87,zly
GF4121,142,umiarkowany,GF4121,41,zly
GF4131,131,slaby,GF4131,48,zly
GF4141,133,slaby,GF4141,41,zly
GF4151,159,dobry,GF4151,41,zly
GF4161,113,zly,GF4161,49,zly
GF4110,151,umiarkowany,GF4110,72,zly
GF4120,141,umiarkowany,GF4120,41,zly
GF4130,137,umiarkowany,GF4130,41,zly
GF4140,154,dobry,GF4140,35,zly
GF4150,143,umiarkowany,GF4150,41,zly
GF4160,113,zly,GF4160,41,zly
GF4019,148,umiarkowany,GF4019,71,zly
GF4029,138,umiarkowany,GF4029,42,zly
GF4039,139,umiarkowany,GF4039,52,zly
GF4049,150,umiarkowany,GF4049,35,zly
GF4059,154,dobry,GF4059,41,zly
GF4069,109,zly,GF4069,46,zly
GF4008,123,slaby,GF4008,36,zly
GF4018,139,umiarkowany,GF4018,47,zly
GF4028,137,umiarkowany,GF4028,35,zly
GF4038,142,umiarkowany,GF4038,35,zly
GF4048,162,dobry,GF4048,41,zly
GF4058,158,dobry,GF4058,41,zly
GF4068,116,zly,GF4068,46,zly
GF4007,114,zly,GF4007,54,zly
GF4017,121,slaby,GF4017,41,zly
GF4027,134,slaby,GF4027,40,zly
GF4037,131,slaby,GF4037,35,zly
GF4047,149,umiarkowany,GF4047,41,zly
GF4057,152,dobry,GF4057,46,zly
GF4067,127,slaby,GF4067,35,zly
GF3022,135,umiarkowany,GF3022,53,zly
GF3032,151,umiarkowany,GF3032,82,zly
GF3042,153,dobry,GF3042,65,zly
GF3052,126,slaby,GF3052,23,zly
GF3062,145,umiarkowany,GF3062,89,zly
GF3072,130,slaby,GF3072,105,zly
GF3082,107,zly,GF3082,78,zly
GF3092,143,umiarkowany,GF3092,41,zly
GF4002,143,umiarkowany,GF4002,41,zly
GF4012,139,umiarkowany,GF4012,41,zly
GF4022,157,dobry,GF4022,41,zly
GF4032,166,dobry,GF4032,42,zly
GF4042,152,dobry,GF4042,85,zly
GF4062,97,zly,GF4062,77,zly
GF3011,96,zly,GF3011,40,zly
GF3021,145,umiarkowany,GF3021,47,zly
GF3031,145,umiarkowany,GF3031,62,zly
GF3041,133,slaby,GF3041,42,zly
GF3051,140,umiarkowany,GF3051,41,zly
GF3061,129,slaby,GF3061,29,zly
GF3071,129,slaby,GF3071,29,zly
GF3081,111,zly,GF3081,41,zly
GF3091,110,zly,GF3091,35,zly
GF4001,138,umiarkowany,GF4001,41,zly
GF4011,142,umiarkowany,GF4011,35,zly
GF4021,159,dobry,GF4021,41,zly
GF4031,158,dobry,GF4031,35,zly
GF4041,154,dobry,GF4041,47,zly
GF4051,169,dobry,GF4051,73,zly
GF3010,113,zly,GF3010,53,zly
GF3020,144,umiarkowany,GF3020,41,zly
GF3030,136,umiarkowany,GF3030,41,zly
GF3040,137,umiarkowany,GF3040,41,zly
GF3050,139,umiarkowany,GF3050,36,zly
GF3060,119,slaby,GF3060,34,zly
GF3070,156,dobry,GF3070,41,zly
GF3080,118,slaby,GF3080,46,zly
GF3090,127,slaby,GF3090,35,zly
GF4000,124,slaby,GF4000,46,zly
GF4010,140,umiarkowany,GF4010,41,zly
GF4020,166,dobry,GF4020,42,zly
GF4030,159,dobry,GF4030,41,zly
GF4040,166,dobry,GF4040,35,zly
GG5010,177,bardzo dobry,GG5010,55,zly
GG5000,174,bardzo dobry,GG5000,41,zly
GG5001,162,dobry,GG5001,63,zly
GG4090,172,bardzo dobry,GG4090,41,zly
GG4092,145,umiarkowany,GG4092,83,zly
GG4080,189,bardzo dobry,GG4080,42,zly
GG4081,172,bardzo dobry,GG4081,60,zly
GG4082,170,dobry,GG4082,41,zly
GG4070,174,bardzo dobry,GG4070,41,zly
GG4071,192,bardzo dobry,GG4071,47,zly
GG4072,180,bardzo dobry,GG4072,46,zly
GG4060,188,bardzo dobry,GG4060,50,zly
GG3062,170,dobry,GG3062,38,zly
GG3072,180,bardzo dobry,GG3072,44,zly
GG3092,159,dobry,GG3092,41,zly
GG4002,172,bardzo dobry,GG4002,41,zly
GG4012,172,bardzo dobry,GG4012,59,zly
GG4022,182,bardzo dobry,GG4022,67,zly
GG4032,134,slaby,GG4032,93,zly
GG4042,124,slaby,GG4042,92,zly
GG3041,171,bardzo dobry,GG3041,38,zly
GG3051,139,umiarkowany,GG3051,83,zly
GG3061,177,bardzo dobry,GG3061,70,zly
GG3071,160,dobry,GG3071,92,zly
GG3081,168,dobry,GG3081,43,zly
GG3091,179,bardzo dobry,GG3091,38,zly
GG4001,183,bardzo dobry,GG4001,38,zly
GG4011,182,bardzo dobry,GG4011,38,zly
GG0080,172,bardzo dobry,GG0080,38,zly
GG3030,183,bardzo dobry,GG3030,46,zly
GG3070,201,bardzo dobry,GG3070,57,zly
GG3080,185,bardzo dobry,GG3080,38,zly
GG3090,190,bardzo dobry,GG3090,38,zly
GG4000,182,bardzo dobry,GG4000,38,zly
GG4010,195,bardzo dobry,GG4010,39,zly
GG4050,144,umiarkowany,GG4050,89,zly
FF9691,137,umiarkowany,FF9691,87,zly
FF9790,145,umiarkowany,FF9790,74,zly
FF9893,132,slaby,FF9893,83,zly
FF9999,72,zly,FF9999,125,slaby
FF9989,101,zly,FF9989,92,zly
FF5184,32,zly,FF5184,96,zly
FF5174,82,zly,FF5174,120,slaby
FF5185,32,zly,FF5185,92,zly
FF5175,62,zly,FF5175,126,slaby
FF5176,70,zly,FF5176,115,slaby
FF5187,48,zly,FF5187,118,slaby
FF5177,68,zly,FF5177,133,slaby
FF5188,57,zly,FF5188,115,slaby
FF5178,76,zly,FF5178,98,zly
FF5189,57,zly,FF5189,142,umiarkowany
FF5270,78,zly,FF5270,93,zly
FF5271,66,zly,FF5271,111,zly
FF5282,64,zly,FF5282,129,slaby
FF5272,60,zly,FF5272,133,slaby
FF5283,69,zly,FF5283,72,zly
FF5284,48,zly,FF5284,92,zly
FF5285,40,zly,FF5285,98,zly
FF5275,88,zly,FF5275,98,zly
FF5286,35,zly,FF5286,98,zly
FF5276,76,zly,FF5276,114,slaby
FF5382,124,slaby,FF5382,115,slaby
FF5372,103,zly,FF5372,104,zly
FF5383,56,zly,FF5383,120,slaby
FF5373,52,zly,FF5373,131,slaby
FF5374,32,zly,FF5374,112,zly
FF5375,28,zly,FF5375,107,zly
FF5376,28,zly,FF5376,118,slaby
FF5377,51,zly,FF5377,122,slaby
FF5879,49,zly,FF5879,137,slaby
FF5980,47,zly,FF5980,148,umiarkowany
FF5970,46,zly,FF5970,116,slaby
FF5981,37,zly,FF5981,130,slaby
FF5971,37,zly,FF5971,110,zly
FF5972,46,zly,FF5972,141,slaby
FF5973,35,zly,FF5973,119,slaby
FF5974,23,zly,FF5974,113,zly
FF5975,31,zly,FF5975,105,zly
FF5976,43,zly,FF5976,109,zly
FF5977,35,zly,FF5977,96,zly
FF5978,32,zly,FF5978,111,zly
FF5979,35,zly,FF5979,114,slaby
FF5164,85,zly,FF5164,109,zly
FF5165,87,zly,FF5165,107,zly
FF5167,85,zly,FF5167,99,zly
FF5168,83,zly,FF5168,107,zly
FF5260,94,zly,FF5260,113,zly
FF5261,63,zly,FF5261,96,zly
FF5263,74,zly,FF5263,110,zly
FF5264,79,zly,FF5264,113,zly
FF5265,69,zly,FF5265,125,slaby
FF5266,61,zly,FF5266,99,zly
FF5267,69,zly,FF5267,120,slaby
FF5268,76,zly,FF5268,111,zly
FF5362,87,zly,FF5362,101,zly
FF5363,32,zly,FF5363,123,slaby
FF5364,37,zly,FF5364,124,slaby
FF5365,41,zly,FF5365,122,slaby
FF5366,48,zly,FF5366,114,slaby
FF5367,40,zly,FF5367,133,slaby
FF5368,38,zly,FF5368,156,umiarkowany
FF5869,43,zly,FF5869,125,slaby
FF5960,32,zly,FF5960,92,zly
FF5961,32,zly,FF5961,116,slaby
FF5962,44,zly,FF5962,127,slaby
FF5963,44,zly,FF5963,129,slaby
FF5964,45,zly,FF5964,107,zly
FF5965,77,zly,FF5965,112,zly
FF5966,67,zly,FF5966,117,slaby
FF5967,84,zly,FF5967,86,zly
FF5968,99,zly,FF5968,102,zly
FF5969,131,slaby,FF5969,82,zly
FF5158,63,zly,FF5158,130,slaby
FF5251,90,zly,FF5251,102,zly
FF5256,84,zly,FF5256,94,zly
FF5257,58,zly,FF5257,103,zly
FF5258,43,zly,FF5258,120,slaby
FF5259,86,zly,FF5259,80,zly
FF5351,68,zly,FF5351,125,slaby
FF5352,55,zly,FF5352,130,slaby
FF5353,80,zly,FF5353,133,slaby
FF5354,87,zly,FF5354,128,slaby
FF5355,69,zly,FF5355,130,slaby
FF5356,54,zly,FF5356,133,slaby
FF5357,54,zly,FF5357,137,slaby
FF5358,68,zly,FF5358,119,slaby
FF5657,27,zly,FF5657,159,dobry
FF5658,27,zly,FF5658,145,umiarkowany
FF5659,33,zly,FF5659,157,umiarkowany
FF5750,30,zly,FF5750,148,umiarkowany
FF5751,27,zly,FF5751,150,umiarkowany
FF5752,27,zly,FF5752,120,slaby
FF5753,30,zly,FF5753,154,umiarkowany
FF5754,38,zly,FF5754,173,dobry
FF5858,53,zly,FF5858,86,zly
FF5859,34,zly,FF5859,107,zly
FF5950,28,zly,FF5950,80,zly
FF5951,23,zly,FF5951,100,zly
FF5952,28,zly,FF5952,103,zly
FF5953,51,zly,FF5953,122,slaby
FF5954,95,zly,FF5954,77,zly
FF5143,61,zly,FF5143,130,slaby
FF5144,56,zly,FF5144,124,slaby
FF5145,76,zly,FF5145,125,slaby
FF5146,74,zly,FF5146,130,slaby
FF5147,79,zly,FF5147,113,zly
FF5148,91,zly,FF5148,131,slaby
FF5241,87,zly,FF5241,101,zly
FF5242,76,zly,FF5242,126,slaby
FF5244,112,zly,FF5244,92,zly
FF5245,92,zly,FF5245,97,zly
FF5247,91,zly,FF5247,120,slaby
FF5347,56,zly,FF5347,155,umiarkowany
FF5348,62,zly,FF5348,155,umiarkowany
FF5647,40,zly,FF5647,116,slaby
FF5648,37,zly,FF5648,105,zly
FF5649,49,zly,FF5649,113,zly
FF5740,51,zly,FF5740,99,zly
FF5741,52,zly,FF5741,127,slaby
FF5742,50,zly,FF5742,118,slaby
FF5743,52,zly,FF5743,102,zly
FF5744,40,zly,FF5744,129,slaby
FF5745,30,zly,FF5745,134,slaby
FF5746,34,zly,FF5746,155,umiarkowany
FF5747,44,zly,FF5747,138,slaby
FF5748,35,zly,FF5748,134,slaby
FF5749,28,zly,FF5749,146,umiarkowany
FF5847,68,zly,FF5847,80,zly
FF5848,50,zly,FF5848,96,zly
FF5849,35,zly,FF5849,115,slaby
FF5940,38,zly,FF5940,112,zly
FF5941,32,zly,FF5941,109,zly
FF5942,40,zly,FF5942,139,slaby
FF5943,60,zly,FF5943,110,zly
FF5944,86,zly,FF5944,113,zly
FF6261,104,zly,FF6261,90,zly
FF6251,75,zly,FF6251,85,zly
FF6262,71,zly,FF6262,97,zly
FF6252,71,zly,FF6252,105,zly
FF6263,103,zly,FF6263,84,zly
FF6253,59,zly,FF6253,103,zly
FF6254,105,zly,FF6254,89,zly
FF6255,135,umiarkowany,FF6255,71,zly
FF6266,81,zly,FF6266,97,zly
FF6256,83,zly,FF6256,122,slaby
FF6207,38,zly,FF6207,117,slaby
FF6208,46,zly,FF6208,101,zly
FF6209,39,zly,FF6209,119,slaby
FF6300,38,zly,FF6300,131,slaby
FF6301,42,zly,FF6301,154,umiarkowany
FF6302,40,zly,FF6302,122,slaby
FF5295,46,zly,FF5295,118,slaby
FF5296,45,zly,FF5296,101,zly
FF5297,96,zly,FF5297,99,zly
FF5299,100,zly,FF5299,78,zly
FF5391,92,zly,FF5391,112,zly
FF5392,78,zly,FF5392,141,slaby
FF5393,28,zly,FF5393,139,slaby
FF5130,64,zly,FF5130,126,slaby
FF5131,49,zly,FF5131,129,slaby
FF5132,49,zly,FF5132,128,slaby
FF5137,101,zly,FF5137,91,zly
FF5231,91,zly,FF5231,94,zly
FF5336,114,zly,FF5336,135,slaby
FF5337,63,zly,FF5337,119,slaby
FF5338,69,zly,FF5338,122,slaby
FF5339,72,zly,FF5339,90,zly
FF5637,81,zly,FF5637,134,slaby
FF5638,66,zly,FF5638,116,slaby
FF5639,78,zly,FF5639,90,zly
FF5734,66,zly,FF5734,124,slaby
FF5735,80,zly,FF5735,102,zly
FF5736,82,zly,FF5736,106,zly
FF5737,87,zly,FF5737,124,slaby
FF5738,73,zly,FF5738,142,umiarkowany
FF5739,41,zly,FF5739,138,slaby
FF5830,30,zly,FF5830,141,slaby
FF5831,36,zly,FF5831,81,zly
FF5834,85,zly,FF5834,88,zly
FF5835,70,zly,FF5835,91,zly
FF5837,73,zly,FF5837,91,zly
FF5838,44,zly,FF5838,94,zly
FF5839,22,zly,FF5839,128,slaby
FF5930,29,zly,FF5930,161,dobry
FF5931,47,zly,FF5931,142,umiarkowany
FF5932,44,zly,FF5932,113,zly
FF5933,56,zly,FF5933,91,zly
FF5029,47,zly,FF5029,124,slaby
FF5120,49,zly,FF5120,134,slaby
FF5121,64,zly,FF5121,104,zly
FF5122,77,zly,FF5122,79,zly
FF5127,74,zly,FF5127,89,zly
FF5221,72,zly,FF5221,107,zly
FF5224,85,zly,FF5224,121,slaby
FF5325,129,slaby,FF5325,100,zly
FF5328,50,zly,FF5328,143,umiarkowany
FF5329,64,zly,FF5329,107,zly
FF5627,64,zly,FF5627,118,slaby
FF5628,82,zly,FF5628,78,zly
FF5728,80,zly,FF5728,81,zly
FF5729,87,zly,FF5729,93,zly
FF5820,31,zly,FF5820,134,slaby
FF5821,42,zly,FF5821,159,dobry
FF5822,72,zly,FF5822,118,slaby
FF5825,46,zly,FF5825,121,slaby
FF5826,51,zly,FF5826,110,zly
FF5827,39,zly,FF5827,102,zly
FF5828,32,zly,FF5828,115,slaby
FF5829,30,zly,FF5829,132,slaby
FF5920,42,zly,FF5920,147,umiarkowany
FF5921,50,zly,FF5921,101,zly
FF5922,61,zly,FF5922,135,slaby
FF5923,71,zly,FF5923,84,zly
FF3969,70,zly,FF3969,55,zly
FF3979,105,zly,FF3979,98,zly
FF5919,88,zly,FF5919,96,zly
FF3918,93,zly,FF3918,78,zly
FF3948,66,zly,FF3948,101,zly
FF3958,60,zly,FF3958,80,zly
FF3978,61,zly,FF3978,127,slaby
FF5908,75,zly,FF5908,108,zly
FF5918,66,zly,FF5918,110,zly
FF5019,48,zly,FF5019,107,zly
FF5110,57,zly,FF5110,117,slaby
FF5111,85,zly,FF5111,102,zly
FF5210,75,zly,FF5210,87,zly
FF5211,80,zly,FF5211,91,zly
FF5213,99,zly,FF5213,118,slaby
FF5214,76,zly,FF5214,111,zly
FF5318,62,zly,FF5318,131,slaby
FF5617,67,zly,FF5617,117,slaby
FF5618,72,zly,FF5618,95,zly
FF5619,108,zly,FF5619,73,zly
FF5718,84,zly,FF5718,112,zly
FF5810,53,zly,FF5810,149,umiarkowany
FF5811,46,zly,FF5811,120,slaby
FF5812,49,zly,FF5812,116,slaby
FF5814,80,zly,FF5814,67,zly
FF5815,52,zly,FF5815,93,zly
FF5816,36,zly,FF5816,120,slaby
FF5817,40,zly,FF5817,132,slaby
FF5818,52,zly,FF5818,138,slaby
FF5819,62,zly,FF5819,146,umiarkowany
FF5910,83,zly,FF5910,112,zly
FF5912,87,zly,FF5912,109,zly
FF3917,95,zly,FF3917,55,zly
FF3937,79,zly,FF3937,92,zly
FF3957,63,zly,FF3957,96,zly
FF3977,72,zly,FF3977,111,zly
FF3987,87,zly,FF3987,82,zly
FF4917,39,zly,FF4917,100,zly
FF9295,85,zly,FF9295,118,slaby
FF9296,36,zly,FF9296,156,umiarkowany
FF9297,29,zly,FF9297,127,slaby
FF9298,40,zly,FF9298,117,slaby
FF9299,45,zly,FF9299,109,zly
FF9390,74,zly,FF9390,97,zly
FF9391,90,zly,FF9391,85,zly
FF9392,84,zly,FF9392,96,zly
FF9393,84,zly,FF9393,97,zly
FF9394,58,zly,FF9394,98,zly
FF9395,86,zly,FF9395,94,zly
FF9396,112,zly,FF9396,82,zly
FF9397,123,slaby,FF9397,87,zly
FF9398,137,umiarkowany,FF9398,94,zly
FF9491,104,zly,FF9491,109,zly
FF9492,55,zly,FF9492,113,zly
FF9493,63,zly,FF9493,131,slaby
FF9494,86,zly,FF9494,121,slaby
FF9495,36,zly,FF9495,112,zly
FF9496,39,zly,FF9496,136,slaby
FF9498,98,zly,FF9498,101,zly
FF9499,61,zly,FF9499,101,zly
FF9590,87,zly,FF9590,100,zly
FF9591,152,dobry,FF9591,77,zly
FF9594,119,slaby,FF9594,104,zly
FF9595,81,zly,FF9595,111,zly
FF9596,127,slaby,FF9596,72,zly
FF9283,60,zly,FF9283,91,zly
FF9284,72,zly,FF9284,100,zly
FF9285,59,zly,FF9285,111,zly
FF9286,40,zly,FF9286,138,slaby
FF9287,29,zly,FF9287,100,zly
FF9288,46,zly,FF9288,106,zly
FF9289,85,zly,FF9289,96,zly
FF9380,96,zly,FF9380,88,zly
FF9384,119,slaby,FF9384,86,zly
FF9481,82,zly,FF9481,113,zly
FF9482,67,zly,FF9482,131,slaby
FF9483,90,zly,FF9483,120,slaby
FF9484,71,zly,FF9484,109,zly
FF9489,126,slaby,FF9489,86,zly
FF9580,67,zly,FF9580,99,zly
FF9581,71,zly,FF9581,111,zly
FF9584,106,zly,FF9584,84,zly
FF9585,126,slaby,FF9585,74,zly
FF9586,115,zly,FF9586,84,zly
FF9587,123,slaby,FF9587,88,zly
FF9681,135,umiarkowany,FF9681,90,zly
FF9682,132,slaby,FF9682,115,slaby
FF9686,129,slaby,FF9686,103,zly
FF9688,133,slaby,FF9688,88,zly
FF9689,103,zly,FF9689,101,zly
FF9780,75,zly,FF9780,138,slaby
FF9273,49,zly,FF9273,108,zly
FF9274,49,zly,FF9274,121,slaby
FF9275,58,zly,FF9275,154,umiarkowany
FF9276,45,zly,FF9276,113,zly
FF9277,80,zly,FF9277,127,slaby
FF9278,105,zly,FF9278,105,zly
FF9470,97,zly,FF9470,86,zly
FF9471,76,zly,FF9471,111,zly
FF9472,100,zly,FF9472,108,zly
FF9473,102,zly,FF9473,90,zly
FF9570,131,slaby,FF9570,91,zly
FF9571,135,umiarkowany,FF9571,101,zly
FF9573,80,zly,FF9573,96,zly
FF9574,105,zly,FF9574,84,zly
FF9575,117,slaby,FF9575,117,slaby
FF9576,117,slaby,FF9576,119,slaby
FF9671,111,zly,FF9671,143,umiarkowany
FF9676,102,zly,FF9676,105,zly
FF9678,120,slaby,FF9678,104,zly
FF9979,74,zly,FF9979,109,zly
FF9262,31,zly,FF9262,109,zly
FF9263,49,zly,FF9263,103,zly
FF9264,57,zly,FF9264,149,umiarkowany
FF9265,45,zly,FF9265,115,slaby
FF9266,85,zly,FF9266,115,slaby
FF9369,92,zly,FF9369,116,slaby
FF9460,85,zly,FF9460,113,zly
FF9461,55,zly,FF9461,112,zly
FF9462,55,zly,FF9462,131,slaby
FF9463,81,zly,FF9463,122,slaby
FF9562,157,dobry,FF9562,69,zly
FF9563,115,zly,FF9563,72,zly
FF9564,107,zly,FF9564,128,slaby
FF9565,118,slaby,FF9565,103,zly
FF9661,154,dobry,FF9661,120,slaby
FF9662,125,slaby,FF9662,142,umiarkowany
FF9663,131,slaby,FF9663,114,slaby
FF9968,107,zly,FF9968,108,zly
FF9969,61,zly,FF9969,112,zly
FF9251,41,zly,FF9251,109,zly
FF9252,29,zly,FF9252,100,zly
FF9253,35,zly,FF9253,152,umiarkowany
FF9254,67,zly,FF9254,137,slaby
FF9359,125,slaby,FF9359,75,zly
FF9450,84,zly,FF9450,109,zly
FF9451,65,zly,FF9451,98,zly
FF9452,50,zly,FF9452,144,umiarkowany
FF9453,54,zly,FF9453,150,umiarkowany
FF9553,83,zly,FF9553,121,slaby
FF9554,132,slaby,FF9554,110,zly
FF9556,123,slaby,FF9556,105,zly
FF9559,103,zly,FF9559,117,slaby
FF9650,81,zly,FF9650,114,slaby
FF9651,108,zly,FF9651,120,slaby
FF9652,62,zly,FF9652,145,umiarkowany
FF9653,112,zly,FF9653,141,slaby
FF9654,135,umiarkowany,FF9654,96,zly
FF9959,116,zly,FF9959,109,zly
FF9240,95,zly,FF9240,109,zly
FF9241,46,zly,FF9241,121,slaby
FF9242,23,zly,FF9242,111,zly
FF9243,62,zly,FF9243,148,umiarkowany
FF9440,127,slaby,FF9440,82,zly
FF9441,135,umiarkowany,FF9441,104,zly
FF9442,81,zly,FF9442,161,dobry
FF9545,119,slaby,FF9545,81,zly
FF9546,136,umiarkowany,FF9546,56,zly
FF9547,109,zly,FF9547,101,zly
FF9548,103,zly,FF9548,102,zly
FF9549,103,zly,FF9549,93,zly
FF9640,104,zly,FF9640,82,zly
FF9641,80,zly,FF9641,117,slaby
FF9642,86,zly,FF9642,162,dobry
FF9643,110,zly,FF9643,115,slaby
FF9230,55,zly,FF9230,112,zly
FF9231,38,zly,FF9231,126,slaby
FF9232,35,zly,FF9232,140,slaby
FF9233,51,zly,FF9233,126,slaby
FF9432,88,zly,FF9432,128,slaby
FF9536,102,zly,FF9536,113,zly
FF9537,102,zly,FF9537,114,slaby
FF9539,76,zly,FF9539,117,slaby
FF9630,71,zly,FF9630,117,slaby
FF9631,66,zly,FF9631,136,slaby
FF9632,106,zly,FF9632,130,slaby
FF9636,121,slaby,FF9636,75,zly
FF9637,69,zly,FF9637,106,zly
FF9129,113,zly,FF9129,88,zly
FF9220,44,zly,FF9220,111,zly
FF9221,41,zly,FF9221,140,slaby
FF9222,29,zly,FF9222,110,zly
FF9223,105,zly,FF9223,87,zly
FF9421,67,zly,FF9421,105,zly
FF9422,49,zly,FF9422,150,umiarkowany
FF9423,76,zly,FF9423,122,slaby
FF9525,143,umiarkowany,FF9525,110,zly
FF9527,158,dobry,FF9527,96,zly
FF9528,148,umiarkowany,FF9528,97,zly
FF9529,140,umiarkowany,FF9529,88,zly
FF9620,119,slaby,FF9620,85,zly
FF9621,103,zly,FF9621,143,umiarkowany
FF9622,79,zly,FF9622,150,umiarkowany
FF9928,133,slaby,FF9928,118,slaby
FF9929,146,umiarkowany,FF9929,113,zly
FF9118,83,zly,FF9118,119,slaby
FF9119,94,zly,FF9119,86,zly
FF9210,63,zly,FF9210,134,slaby
FF9211,30,zly,FF9211,133,slaby
FF9212,61,zly,FF9212,134,slaby
FF9214,130,slaby,FF9214,106,zly
FF9319,62,zly,FF9319,130,slaby
FF9410,42,zly,FF9410,143,umiarkowany
FF9411,41,zly,FF9411,164,dobry
FF9412,81,zly,FF9412,107,zly
FF9514,127,slaby,FF9514,108,zly
FF9518,112,zly,FF9518,93,zly
FF9519,105,zly,FF9519,117,slaby
FF9610,107,zly,FF9610,111,zly
FF9613,119,slaby,FF9613,116,slaby
FF9816,121,slaby,FF9816,139,slaby
FF9817,113,zly,FF9817,129,slaby
FF9912,110,zly,FF9912,154,umiarkowany
FF9913,110,zly,FF9913,103,zly
FF9915,107,zly,FF9915,93,zly
FF9917,141,umiarkowany,FF9917,119,slaby
FF9918,53,zly,FF9918,109,zly
FF9919,55,zly,FF9919,129,slaby
FF9108,77,zly,FF9108,125,slaby
FF9109,72,zly,FF9109,120,slaby
FF9200,48,zly,FF9200,150,umiarkowany
FF9201,93,zly,FF9201,96,zly
FF9202,101,zly,FF9202,104,zly
FF9309,93,zly,FF9309,94,zly
FF9400,81,zly,FF9400,123,slaby
FF9401,86,zly,FF9401,119,slaby
FF9403,104,zly,FF9403,89,zly
FF9503,116,zly,FF9503,138,slaby
FF9507,132,slaby,FF9507,91,zly
FF9508,66,zly,FF9508,126,slaby
FF9509,119,slaby,FF9509,72,zly
FF9600,127,slaby,FF9600,59,zly
FF9602,134,slaby,FF9602,60,zly
FF9603,56,zly,FF9603,127,slaby
FF9804,97,zly,FF9804,132,slaby
FF9805,82,zly,FF9805,129,slaby
FF9806,147,umiarkowany,FF9806,87,zly
FF9807,109,zly,FF9807,95,zly
FF9808,120,slaby,FF9808,108,zly
FF9902,100,zly,FF9902,121,slaby
FF9905,65,zly,FF9905,139,slaby
FF9906,49,zly,FF9906,128,slaby
FF9907,36,zly,FF9907,128,slaby
FF9908,39,zly,FF9908,135,slaby
FF9909,53,zly,FF9909,137,slaby
FF8198,66,zly,FF8198,103,zly
FF8199,63,zly,FF8199,138,slaby
FF8290,101,zly,FF8290,110,zly
FF8495,102,zly,FF8495,81,zly
FF8496,124,slaby,FF8496,84,zly
FF8497,122,slaby,FF8497,92,zly
FF8498,54,zly,FF8498,121,slaby
FF8499,71,zly,FF8499,110,zly
FF8592,137,umiarkowany,FF8592,93,zly
FF8597,133,slaby,FF8597,96,zly
FF8599,128,slaby,FF8599,57,zly
FF8691,115,zly,FF8691,111,zly
FF8698,127,slaby,FF8698,80,zly
FF8699,128,slaby,FF8699,117,slaby
FF8790,138,umiarkowany,FF8790,122,slaby
FF8796,127,slaby,FF8796,89,zly
FF8797,118,slaby,FF8797,112,zly
FF8891,117,slaby,FF8891,113,zly
FF8893,154,dobry,FF8893,100,zly
FF8894,60,zly,FF8894,129,slaby
FF8895,61,zly,FF8895,127,slaby
FF8896,140,umiarkowany,FF8896,91,zly
FF8991,140,umiarkowany,FF8991,72,zly
FF8992,119,slaby,FF8992,105,zly
FF8994,72,zly,FF8994,116,slaby
FF8995,62,zly,FF8995,149,umiarkowany
FF8996,55,zly,FF8996,148,umiarkowany
FF8997,36,zly,FF8997,95,zly
FF8998,49,zly,FF8998,92,zly
FF8999,58,zly,FF8999,105,zly
FF8188,34,zly,FF8188,124,slaby
FF8189,91,zly,FF8189,106,zly
FF8480,96,zly,FF8480,106,zly
FF8485,114,zly,FF8485,98,zly
FF8486,99,zly,FF8486,90,zly
FF8487,75,zly,FF8487,88,zly
FF8488,144,umiarkowany,FF8488,66,zly
FF8489,154,dobry,FF8489,62,zly
FF8580,128,slaby,FF8580,90,zly
FF8587,108,zly,FF8587,102,zly
FF8588,93,zly,FF8588,97,zly
FF8589,118,slaby,FF8589,99,zly
FF8680,93,zly,FF8680,92,zly
FF8681,54,zly,FF8681,82,zly
FF8688,83,zly,FF8688,119,slaby
FF8689,77,zly,FF8689,132,slaby
FF8780,117,slaby,FF8780,104,zly
FF8782,72,zly,FF8782,115,slaby
FF8783,72,zly,FF8783,122,slaby
FF8784,75,zly,FF8784,126,slaby
FF8785,88,zly,FF8785,115,slaby
FF8786,50,zly,FF8786,89,zly
FF8880,52,zly,FF8880,104,zly
FF8881,73,zly,FF8881,141,slaby
FF8882,122,slaby,FF8882,131,slaby
FF8883,57,zly,FF8883,135,slaby
FF8884,78,zly,FF8884,134,slaby
FF8885,87,zly,FF8885,116,slaby
FF8886,60,zly,FF8886,142,umiarkowany
FF8887,100,zly,FF8887,128,slaby
FF8983,113,zly,FF8983,117,slaby
FF8984,131,slaby,FF8984,138,slaby
FF8985,109,zly,FF8985,110,zly
FF8986,55,zly,FF8986,114,slaby
FF8987,46,zly,FF8987,119,slaby
FF8988,51,zly,FF8988,135,slaby
FF8989,75,zly,FF8989,109,zly
FF7128,93,zly,FF7128,74,zly
FF7118,113,zly,FF7118,60,zly
FF7129,99,zly,FF7129,70,zly
FF7119,83,zly,FF7119,98,zly
FF7220,74,zly,FF7220,69,zly
FF7210,87,zly,FF7210,77,zly
FF7223,109,zly,FF7223,73,zly
FF7224,95,zly,FF7224,85,zly
FF7214,77,zly,FF7214,77,zly
FF7215,56,zly,FF7215,119,slaby
FF7216,83,zly,FF7216,104,zly
FF7227,110,zly,FF7227,79,zly
FF7312,139,umiarkowany,FF7312,87,zly
FF7313,80,zly,FF7313,90,zly
FF7314,65,zly,FF7314,118,slaby
FF7315,60,zly,FF7315,112,zly
FF7326,111,zly,FF7326,108,zly
FF7316,44,zly,FF7316,104,zly
FF7327,62,zly,FF7327,123,slaby
FF7317,36,zly,FF7317,125,slaby
FF7328,31,zly,FF7328,90,zly
FF7329,29,zly,FF7329,100,zly
FF7420,23,zly,FF7420,106,zly
FF7429,53,zly,FF7429,127,slaby
FF7520,46,zly,FF7520,127,slaby
FF7510,103,zly,FF7510,115,slaby
FF7521,65,zly,FF7521,122,slaby
FF7511,81,zly,FF7511,128,slaby
FF7522,112,zly,FF7522,113,zly
FF7512,101,zly,FF7512,120,slaby
FF7513,139,umiarkowany,FF7513,81,zly
FF7514,131,slaby,FF7514,96,zly
FF7525,124,slaby,FF7525,91,zly
FF7515,65,zly,FF7515,109,zly
FF7526,135,umiarkowany,FF7526,94,zly
FF7516,59,zly,FF7516,125,slaby
FF7527,103,zly,FF7527,126,slaby
FF7517,65,zly,FF7517,114,slaby
FF7528,76,zly,FF7528,94,zly
FF7518,104,zly,FF7518,84,zly
FF7529,66,zly,FF7529,109,zly
FF7519,110,zly,FF7519,95,zly
FF7620,125,slaby,FF7620,109,zly
FF7610,132,slaby,FF7610,82,zly
FF7624,126,slaby,FF7624,94,zly
FF7614,138,umiarkowany,FF7614,68,zly
FF7625,81,zly,FF7625,108,zly
FF7615,103,zly,FF7615,75,zly
FF7626,116,zly,FF7626,75,zly
FF7616,78,zly,FF7616,108,zly
FF7108,108,zly,FF7108,60,zly
FF7109,71,zly,FF7109,98,zly
FF7200,104,zly,FF7200,82,zly
FF7201,104,zly,FF7201,71,zly
FF7203,121,slaby,FF7203,100,zly
FF7204,114,zly,FF7204,78,zly
FF7205,94,zly,FF7205,77,zly
FF7206,55,zly,FF7206,113,zly
FF7207,67,zly,FF7207,87,zly
FF7208,117,slaby,FF7208,70,zly
FF7300,87,zly,FF7300,108,zly
FF7301,105,zly,FF7301,97,zly
FF7302,124,slaby,FF7302,101,zly
FF7303,131,slaby,FF7303,82,zly
FF7304,65,zly,FF7304,106,zly
FF7305,56,zly,FF7305,128,slaby
FF7502,60,zly,FF7502,123,slaby
FF7503,37,zly,FF7503,133,slaby
FF7504,61,zly,FF7504,108,zly
FF7505,92,zly,FF7505,96,zly
FF7506,70,zly,FF7506,94,zly
FF7507,70,zly,FF7507,132,slaby
FF7508,91,zly,FF7508,116,slaby
FF7509,101,zly,FF7509,78,zly
FF7600,104,zly,FF7600,83,zly
FF7601,83,zly,FF7601,100,zly
FF7603,120,slaby,FF7603,93,zly
FF7604,67,zly,FF7604,84,zly
FF7605,55,zly,FF7605,94,zly
FF7606,73,zly,FF7606,126,slaby
FF7294,60,zly,FF7294,129,slaby
FF8205,102,zly,FF8205,94,zly
FF7295,63,zly,FF7295,125,slaby
FF8206,60,zly,FF8206,122,slaby
FF7296,62,zly,FF7296,131,slaby
FF8207,66,zly,FF8207,119,slaby
FF7297,141,umiarkowany,FF7297,75,zly
FF8208,110,zly,FF8208,74,zly
FF7298,121,slaby,FF7298,80,zly
FF7390,130,slaby,FF7390,57,zly
FF7391,131,slaby,FF7391,83,zly
FF8302,93,zly,FF8302,123,slaby
FF7392,141,umiarkowany,FF7392,75,zly
FF8303,66,zly,FF8303,118,slaby
FF7393,121,slaby,FF7393,105,zly
FF8304,95,zly,FF8304,84,zly
FF7394,131,slaby,FF7394,78,zly
FF8308,144,umiarkowany,FF8308,99,zly
FF8400,107,zly,FF8400,76,zly
FF8401,112,zly,FF8401,97,zly
FF7491,99,zly,FF7491,93,zly
FF8402,131,slaby,FF8402,93,zly
FF7492,94,zly,FF7492,101,zly
FF8403,86,zly,FF8403,105,zly
FF7493,92,zly,FF7493,115,slaby
FF8404,93,zly,FF8404,112,zly
FF7494,81,zly,FF7494,129,slaby
FF8405,84,zly,FF8405,105,zly
FF7495,67,zly,FF7495,126,slaby
FF7496,134,slaby,FF7496,102,zly
FF8501,93,zly,FF8501,97,zly
FF8502,60,zly,FF8502,99,zly
FF8503,97,zly,FF8503,98,zly
FF7593,109,zly,FF7593,113,zly
FF7594,92,zly,FF7594,101,zly
FF7598,140,umiarkowany,FF7598,80,zly
FF7599,153,dobry,FF7599,110,zly
FF7690,115,zly,FF7690,91,zly
FF8601,120,slaby,FF8601,88,zly
FF7691,73,zly,FF7691,102,zly
FF8602,67,zly,FF8602,110,zly
FF7692,123,slaby,FF7692,78,zly
FF8603,129,slaby,FF8603,76,zly
FF7693,98,zly,FF7693,91,zly
FF8604,125,slaby,FF8604,101,zly
FF7694,111,zly,FF7694,93,zly
FF8605,76,zly,FF8605,102,zly
FF7695,78,zly,FF7695,86,zly
FF8606,66,zly,FF8606,102,zly
FF7696,74,zly,FF7696,101,zly
FF8607,77,zly,FF8607,94,zly
FF7697,72,zly,FF7697,93,zly
FF8705,83,zly,FF8705,97,zly
FF7797,93,zly,FF7797,103,zly
FF8708,90,zly,FF8708,82,zly
FF7798,55,zly,FF7798,85,zly
FF8709,68,zly,FF8709,85,zly
FF7799,77,zly,FF7799,101,zly
FF8800,92,zly,FF8800,100,zly
FF7890,94,zly,FF7890,85,zly
FF8801,88,zly,FF8801,105,zly
FF7891,71,zly,FF7891,102,zly
FF7892,136,umiarkowany,FF7892,88,zly
FF8805,173,bardzo dobry,FF8805,87,zly
FF7895,91,zly,FF7895,117,slaby
FF8806,86,zly,FF8806,123,slaby
FF7896,98,zly,FF7896,95,zly
FF7897,93,zly,FF7897,71,zly
FF8808,133,slaby,FF8808,71,zly
FF7898,55,zly,FF7898,100,zly
FF7899,100,zly,FF7899,104,zly
FF7990,127,slaby,FF7990,70,zly
FF8901,106,zly,FF8901,97,zly
FF7991,74,zly,FF7991,100,zly
FF8902,71,zly,FF8902,101,zly
FF7992,37,zly,FF7992,99,zly
FF8903,35,zly,FF8903,98,zly
FF8904,35,zly,FF8904,96,zly
FF8905,34,zly,FF8905,121,slaby
FF7284,72,zly,FF7284,112,zly
FF7285,81,zly,FF7285,118,slaby
FF7286,148,umiarkowany,FF7286,82,zly
FF7288,127,slaby,FF7288,94,zly
FF7289,134,slaby,FF7289,85,zly
FF7380,117,slaby,FF7380,86,zly
FF7381,136,umiarkowany,FF7381,79,zly
FF7382,106,zly,FF7382,119,slaby
FF7383,103,zly,FF7383,100,zly
FF7481,129,slaby,FF7481,80,zly
FF7482,86,zly,FF7482,115,slaby
FF7483,117,slaby,FF7483,73,zly
FF7484,142,umiarkowany,FF7484,78,zly
FF7485,137,umiarkowany,FF7485,100,zly
FF7486,110,zly,FF7486,92,zly
FF7583,103,zly,FF7583,83,zly
FF7584,126,slaby,FF7584,73,zly
FF7585,117,slaby,FF7585,107,zly
FF7587,161,dobry,FF7587,86,zly
FF7588,131,slaby,FF7588,87,zly
FF7589,92,zly,FF7589,103,zly
FF7680,75,zly,FF7680,106,zly
FF7681,135,umiarkowany,FF7681,68,zly
FF7684,157,dobry,FF7684,74,zly
FF7686,124,slaby,FF7686,87,zly
FF7687,86,zly,FF7687,102,zly
FF7688,96,zly,FF7688,83,zly
FF7689,79,zly,FF7689,78,zly
FF7785,135,umiarkowany,FF7785,85,zly
FF7786,71,zly,FF7786,107,zly
FF7787,82,zly,FF7787,96,zly
FF7788,77,zly,FF7788,76,zly
FF7789,71,zly,FF7789,86,zly
FF7880,87,zly,FF7880,103,zly
FF7881,49,zly,FF7881,109,zly
FF7882,69,zly,FF7882,107,zly
FF7883,125,slaby,FF7883,84,zly
FF7884,90,zly,FF7884,86,zly
FF7885,59,zly,FF7885,130,slaby
FF7888,35,zly,FF7888,117,slaby
FF7889,40,zly,FF7889,109,zly
FF7980,47,zly,FF7980,95,zly
FF7981,49,zly,FF7981,118,slaby
FF7273,104,zly,FF7273,108,zly
FF7274,87,zly,FF7274,114,slaby
FF7275,105,zly,FF7275,92,zly
FF7276,137,umiarkowany,FF7276,81,zly
FF7277,145,umiarkowany,FF7277,88,zly
FF7278,118,slaby,FF7278,114,slaby
FF7279,61,zly,FF7279,134,slaby
FF7370,89,zly,FF7370,119,slaby
FF7371,65,zly,FF7371,129,slaby
FF7372,104,zly,FF7372,133,slaby
FF7375,55,zly,FF7375,93,zly
FF7376,81,zly,FF7376,112,zly
FF7377,125,slaby,FF7377,92,zly
FF7573,126,slaby,FF7573,81,zly
FF7574,158,dobry,FF7574,59,zly
FF7575,66,zly,FF7575,126,slaby
FF7576,140,umiarkowany,FF7576,98,zly
FF7577,84,zly,FF7577,95,zly
FF7578,59,zly,FF7578,112,zly
FF7579,75,zly,FF7579,98,zly
FF7670,103,zly,FF7670,89,zly
FF7671,145,umiarkowany,FF7671,81,zly
FF7675,66,zly,FF7675,160,dobry
FF7676,60,zly,FF7676,126,slaby
FF7677,78,zly,FF7677,113,zly
FF7777,82,zly,FF7777,87,zly
FF7778,84,zly,FF7778,101,zly
FF7779,65,zly,FF7779,102,zly
FF7870,69,zly,FF7870,97,zly
FF7871,56,zly,FF7871,85,zly
FF7872,33,zly,FF7872,96,zly
FF7873,36,zly,FF7873,105,zly
FF7874,45,zly,FF7874,139,slaby
FF7875,45,zly,FF7875,141,slaby
FF7260,84,zly,FF7260,79,zly
FF7261,83,zly,FF7261,112,zly
FF7262,78,zly,FF7262,117,slaby
FF7263,70,zly,FF7263,105,zly
FF7264,144,umiarkowany,FF7264,100,zly
FF7265,75,zly,FF7265,87,zly
FF7266,81,zly,FF7266,77,zly
FF7267,90,zly,FF7267,114,slaby
FF7268,81,zly,FF7268,134,slaby
FF7269,125,slaby,FF7269,91,zly
FF7361,60,zly,FF7361,123,slaby
FF7362,126,slaby,FF7362,143,umiarkowany
FF7364,80,zly,FF7364,101,zly
FF7365,40,zly,FF7365,123,slaby
FF7366,41,zly,FF7366,131,slaby
FF7367,83,zly,FF7367,129,slaby
FF7368,101,zly,FF7368,111,zly
FF7369,55,zly,FF7369,81,zly
FF7562,130,slaby,FF7562,76,zly
FF7563,98,zly,FF7563,108,zly
FF7564,55,zly,FF7564,121,slaby
FF7565,40,zly,FF7565,119,slaby
FF7566,46,zly,FF7566,115,slaby
FF7567,80,zly,FF7567,123,slaby
FF7568,123,slaby,FF7568,80,zly
FF7569,72,zly,FF7569,88,zly
FF7660,92,zly,FF7660,86,zly
FF7666,113,zly,FF7666,80,zly
FF7667,86,zly,FF7667,116,slaby
FF7668,86,zly,FF7668,139,slaby
FF7766,76,zly,FF7766,86,zly
FF7767,92,zly,FF7767,81,zly
FF7768,72,zly,FF7768,98,zly
FF7769,67,zly,FF7769,93,zly
FF7860,51,zly,FF7860,110,zly
FF7861,72,zly,FF7861,117,slaby
FF7862,57,zly,FF7862,112,zly
FF7863,36,zly,FF7863,94,zly
FF7864,35,zly,FF7864,86,zly
FF7865,32,zly,FF7865,107,zly
FF7250,50,zly,FF7250,117,slaby
FF7251,56,zly,FF7251,135,slaby
FF7252,84,zly,FF7252,119,slaby
FF7254,141,umiarkowany,FF7254,78,zly
FF7255,132,slaby,FF7255,122,slaby
FF7256,72,zly,FF7256,118,slaby
FF7257,101,zly,FF7257,104,zly
FF7258,105,zly,FF7258,78,zly
FF7259,110,zly,FF7259,71,zly
FF7350,114,zly,FF7350,101,zly
FF7351,94,zly,FF7351,113,zly
FF7352,34,zly,FF7352,92,zly
FF7353,26,zly,FF7353,90,zly
FF7354,34,zly,FF7354,90,zly
FF7355,139,umiarkowany,FF7355,83,zly
FF7357,104,zly,FF7357,94,zly
FF7358,80,zly,FF7358,107,zly
FF7359,50,zly,FF7359,112,zly
FF7450,83,zly,FF7450,107,zly
FF7551,60,zly,FF7551,123,slaby
FF7552,59,zly,FF7552,121,slaby
FF7553,93,zly,FF7553,114,slaby
FF7554,114,zly,FF7554,107,zly
FF7555,97,zly,FF7555,97,zly
FF7556,130,slaby,FF7556,100,zly
FF7557,107,zly,FF7557,88,zly
FF7558,88,zly,FF7558,70,zly
FF7559,60,zly,FF7559,78,zly
FF7650,115,zly,FF7650,97,zly
FF7651,135,umiarkowany,FF7651,74,zly
FF7658,114,zly,FF7658,89,zly
FF7758,37,zly,FF7758,108,zly
FF7759,51,zly,FF7759,102,zly
FF7850,40,zly,FF7850,124,slaby
FF7851,50,zly,FF7851,128,slaby
FF7852,28,zly,FF7852,72,zly
FF7853,34,zly,FF7853,104,zly
FF7854,28,zly,FF7854,83,zly
FF7240,80,zly,FF7240,84,zly
FF7241,116,zly,FF7241,87,zly
FF7244,84,zly,FF7244,93,zly
FF7245,98,zly,FF7245,114,slaby
FF7246,120,slaby,FF7246,93,zly
FF7247,130,slaby,FF7247,99,zly
FF7248,123,slaby,FF7248,85,zly
FF7249,149,umiarkowany,FF7249,89,zly
FF7341,118,slaby,FF7341,103,zly
FF7342,103,zly,FF7342,104,zly
FF7343,80,zly,FF7343,104,zly
FF7344,119,slaby,FF7344,101,zly
FF7348,65,zly,FF7348,112,zly
FF7349,49,zly,FF7349,136,slaby
FF7440,55,zly,FF7440,130,slaby
FF7541,91,zly,FF7541,106,zly
FF7542,45,zly,FF7542,135,slaby
FF7543,127,slaby,FF7543,80,zly
FF7544,139,umiarkowany,FF7544,74,zly
FF7547,122,slaby,FF7547,69,zly
FF7644,139,umiarkowany,FF7644,103,zly
FF7645,71,zly,FF7645,126,slaby
FF7648,86,zly,FF7648,113,zly
FF7649,130,slaby,FF7649,116,slaby
FF7748,56,zly,FF7748,83,zly
FF7749,35,zly,FF7749,106,zly
FF7840,37,zly,FF7840,121,slaby
FF7841,37,zly,FF7841,115,slaby
FF7842,40,zly,FF7842,111,zly
FF7843,35,zly,FF7843,138,slaby
FF7234,130,slaby,FF7234,71,zly
FF7237,118,slaby,FF7237,83,zly
FF7238,165,dobry,FF7238,79,zly
FF7331,131,slaby,FF7331,99,zly
FF7332,111,zly,FF7332,89,zly
FF7333,126,slaby,FF7333,101,zly
FF7337,102,zly,FF7337,95,zly
FF7338,62,zly,FF7338,124,slaby
FF7339,45,zly,FF7339,111,zly
FF7430,41,zly,FF7430,137,slaby
FF7530,81,zly,FF7530,117,slaby
FF7531,68,zly,FF7531,119,slaby
FF7532,53,zly,FF7532,129,slaby
FF7533,113,zly,FF7533,99,zly
FF7534,138,umiarkowany,FF7534,96,zly
FF7535,109,zly,FF7535,87,zly
FF7538,97,zly,FF7538,108,zly
FF7539,97,zly,FF7539,133,slaby
FF7630,130,slaby,FF7630,91,zly
FF7634,78,zly,FF7634,136,slaby
FF7635,60,zly,FF7635,120,slaby
FF7639,129,slaby,FF7639,84,zly
FF8379,110,zly,FF8379,78,zly
FF8470,103,zly,FF8470,108,zly
FF8471,117,slaby,FF8471,115,slaby
FF8472,126,slaby,FF8472,85,zly
FF8475,87,zly,FF8475,99,zly
FF8476,104,zly,FF8476,92,zly
FF8477,154,dobry,FF8477,75,zly
FF8572,109,zly,FF8572,100,zly
FF8573,131,slaby,FF8573,86,zly
FF8574,120,slaby,FF8574,84,zly
FF8576,118,slaby,FF8576,81,zly
FF8577,97,zly,FF8577,97,zly
FF8578,124,slaby,FF8578,59,zly
FF8579,108,zly,FF8579,78,zly
FF8670,75,zly,FF8670,98,zly
FF8671,84,zly,FF8671,111,zly
FF8672,34,zly,FF8672,102,zly
FF8673,48,zly,FF8673,137,slaby
FF8674,84,zly,FF8674,122,slaby
FF8675,59,zly,FF8675,133,slaby
FF8676,59,zly,FF8676,132,slaby
FF8677,92,zly,FF8677,126,slaby
FF8678,83,zly,FF8678,130,slaby
FF8679,45,zly,FF8679,125,slaby
FF8770,106,zly,FF8770,117,slaby
FF8771,152,dobry,FF8771,104,zly
FF8772,103,zly,FF8772,109,zly
FF8773,97,zly,FF8773,102,zly
FF8774,50,zly,FF8774,120,slaby
FF8775,42,zly,FF8775,108,zly
FF8776,54,zly,FF8776,120,slaby
FF8777,88,zly,FF8777,108,zly
FF8779,78,zly,FF8779,109,zly
FF8870,82,zly,FF8870,108,zly
FF8873,131,slaby,FF8873,91,zly
FF8973,111,zly,FF8973,90,zly
FF8974,119,slaby,FF8974,110,zly
FF8976,95,zly,FF8976,121,slaby
FF8977,112,zly,FF8977,88,zly
FF8978,106,zly,FF8978,98,zly
FF8979,96,zly,FF8979,114,slaby
FF8368,103,zly,FF8368,99,zly
FF8369,91,zly,FF8369,91,zly
FF8460,60,zly,FF8460,114,slaby
FF8461,120,slaby,FF8461,108,zly
FF8462,108,zly,FF8462,102,zly
FF8463,75,zly,FF8463,112,zly
FF8464,67,zly,FF8464,117,slaby
FF8560,122,slaby,FF8560,87,zly
FF8561,139,umiarkowany,FF8561,78,zly
FF8562,117,slaby,FF8562,75,zly
FF8566,107,zly,FF8566,79,zly
FF8567,129,slaby,FF8567,95,zly
FF8568,108,zly,FF8568,103,zly
FF8569,70,zly,FF8569,102,zly
FF8660,141,umiarkowany,FF8660,102,zly
FF8661,78,zly,FF8661,127,slaby
FF8662,42,zly,FF8662,121,slaby
FF8663,50,zly,FF8663,124,slaby
FF8664,39,zly,FF8664,114,slaby
FF8665,44,zly,FF8665,116,slaby
FF8666,59,zly,FF8666,117,slaby
FF8667,81,zly,FF8667,111,zly
FF8668,71,zly,FF8668,101,zly
FF8669,75,zly,FF8669,111,zly
FF8760,108,zly,FF8760,80,zly
FF8761,90,zly,FF8761,93,zly
FF8762,74,zly,FF8762,103,zly
FF8763,54,zly,FF8763,112,zly
FF8764,80,zly,FF8764,97,zly
FF8766,71,zly,FF8766,124,slaby
FF8767,94,zly,FF8767,104,zly
FF8768,138,umiarkowany,FF8768,96,zly
FF8861,89,zly,FF8861,126,slaby
FF8862,115,zly,FF8862,99,zly
FF8867,142,umiarkowany,FF8867,108,zly
FF8357,120,slaby,FF8357,80,zly
FF8358,80,zly,FF8358,104,zly
FF8359,99,zly,FF8359,106,zly
FF8450,119,slaby,FF8450,80,zly
FF8458,144,umiarkowany,FF8458,95,zly
FF8459,115,zly,FF8459,87,zly
FF8550,77,zly,FF8550,112,zly
FF8551,104,zly,FF8551,97,zly
FF8555,105,zly,FF8555,89,zly
FF8556,94,zly,FF8556,97,zly
FF8557,156,dobry,FF8557,72,zly
FF8650,93,zly,FF8650,79,zly
FF8651,100,zly,FF8651,71,zly
FF8652,55,zly,FF8652,115,slaby
FF8653,42,zly,FF8653,95,zly
FF8654,94,zly,FF8654,118,slaby
FF8655,105,zly,FF8655,89,zly
FF8657,132,slaby,FF8657,119,slaby
FF8658,113,zly,FF8658,114,slaby
FF8752,92,zly,FF8752,110,zly
FF8753,151,umiarkowany,FF8753,87,zly
FF8754,112,zly,FF8754,104,zly
FF8756,143,umiarkowany,FF8756,100,zly
FF8757,115,zly,FF8757,109,zly
FF8851,84,zly,FF8851,117,slaby
FF8852,111,zly,FF8852,111,zly
FF8856,135,umiarkowany,FF8856,100,zly
FF8954,139,umiarkowany,FF8954,109,zly
FF8341,54,zly,FF8341,116,slaby
FF8342,54,zly,FF8342,133,slaby
FF8347,109,zly,FF8347,87,zly
FF8348,80,zly,FF8348,101,zly
FF8349,133,slaby,FF8349,104,zly
FF8440,136,umiarkowany,FF8440,97,zly
FF8441,97,zly,FF8441,103,zly
FF8442,114,zly,FF8442,75,zly
FF8448,65,zly,FF8448,111,zly
FF8449,98,zly,FF8449,89,zly
FF8540,81,zly,FF8540,107,zly
FF8541,127,slaby,FF8541,83,zly
FF8544,117,slaby,FF8544,74,zly
FF8545,60,zly,FF8545,107,zly
FF8546,75,zly,FF8546,87,zly
FF8549,105,zly,FF8549,83,zly
FF8640,101,zly,FF8640,107,zly
FF8641,56,zly,FF8641,121,slaby
FF8642,50,zly,FF8642,127,slaby
FF8643,111,zly,FF8643,123,slaby
FF8646,109,zly,FF8646,95,zly
FF8647,119,slaby,FF8647,117,slaby
FF8648,115,zly,FF8648,106,zly
FF8741,112,zly,FF8741,113,zly
FF8745,82,zly,FF8745,142,umiarkowany
FF8746,82,zly,FF8746,134,slaby
FF8842,99,zly,FF8842,86,zly
FF8942,173,bardzo dobry,FF8942,94,zly
FF8946,71,zly,FF8946,112,zly
FF8947,41,zly,FF8947,124,slaby
FF8948,45,zly,FF8948,124,slaby
FF8239,63,zly,FF8239,88,zly
FF8330,52,zly,FF8330,76,zly
FF8331,36,zly,FF8331,79,zly
FF8332,60,zly,FF8332,140,slaby
FF8333,112,zly,FF8333,94,zly
FF8337,88,zly,FF8337,97,zly
FF8338,87,zly,FF8338,101,zly
FF8339,119,slaby,FF8339,88,zly
FF8431,102,zly,FF8431,102,zly
FF8432,147,umiarkowany,FF8432,77,zly
FF8435,100,zly,FF8435,82,zly
FF8436,104,zly,FF8436,89,zly
FF8437,80,zly,FF8437,105,zly
FF8438,71,zly,FF8438,121,slaby
FF8439,82,zly,FF8439,110,zly
FF8530,80,zly,FF8530,126,slaby
FF8532,117,slaby,FF8532,97,zly
FF8533,83,zly,FF8533,102,zly
FF8534,86,zly,FF8534,119,slaby
FF8535,60,zly,FF8535,111,zly
FF8536,106,zly,FF8536,58,zly
FF8537,110,zly,FF8537,82,zly
FF8538,110,zly,FF8538,88,zly
FF8539,81,zly,FF8539,106,zly
FF8630,70,zly,FF8630,117,slaby
FF8631,98,zly,FF8631,94,zly
FF8632,157,dobry,FF8632,76,zly
FF8633,101,zly,FF8633,125,slaby
FF8635,127,slaby,FF8635,94,zly
FF8636,81,zly,FF8636,109,zly
FF8637,98,zly,FF8637,91,zly
FF8638,111,zly,FF8638,97,zly
FF8731,102,zly,FF8731,113,zly
FF8735,93,zly,FF8735,117,slaby
FF8736,106,zly,FF8736,118,slaby
FF8831,105,zly,FF8831,111,zly
FF8835,111,zly,FF8835,118,slaby
FF8932,138,umiarkowany,FF8932,107,zly
FF8933,135,umiarkowany,FF8933,86,zly
FF8935,139,umiarkowany,FF8935,92,zly
FF8936,67,zly,FF8936,116,slaby
FF8937,58,zly,FF8937,104,zly
FF8938,51,zly,FF8938,102,zly
FF8939,74,zly,FF8939,118,slaby
FF8226,99,zly,FF8226,88,zly
FF8227,89,zly,FF8227,119,slaby
FF8228,87,zly,FF8228,132,slaby
FF8321,111,zly,FF8321,86,zly
FF8322,86,zly,FF8322,116,slaby
FF8323,102,zly,FF8323,78,zly
FF8327,106,zly,FF8327,74,zly
FF8328,75,zly,FF8328,132,slaby
FF8329,78,zly,FF8329,105,zly
FF8424,113,zly,FF8424,87,zly
FF8425,77,zly,FF8425,113,zly
FF8426,67,zly,FF8426,110,zly
FF8427,70,zly,FF8427,103,zly
FF8428,98,zly,FF8428,98,zly
FF8429,92,zly,FF8429,103,zly
FF8520,82,zly,FF8520,108,zly
FF8521,74,zly,FF8521,113,zly
FF8522,83,zly,FF8522,98,zly
FF8523,88,zly,FF8523,125,slaby
FF8524,61,zly,FF8524,131,slaby
FF8525,66,zly,FF8525,117,slaby
FF8526,82,zly,FF8526,120,slaby
FF8527,82,zly,FF8527,104,zly
FF8528,70,zly,FF8528,107,zly
FF8529,71,zly,FF8529,108,zly
FF8620,149,umiarkowany,FF8620,105,zly
FF8623,102,zly,FF8623,123,slaby
FF8721,116,zly,FF8721,111,zly
FF8722,93,zly,FF8722,119,slaby
FF8725,125,slaby,FF8725,85,zly
FF8820,110,zly,FF8820,82,zly
FF8821,65,zly,FF8821,133,slaby
FF8822,75,zly,FF8822,134,slaby
FF8825,119,slaby,FF8825,117,slaby
FF8826,110,zly,FF8826,112,zly
FF8922,121,slaby,FF8922,78,zly
FF8923,137,umiarkowany,FF8923,78,zly
FF8924,121,slaby,FF8924,94,zly
FF8925,88,zly,FF8925,106,zly
FF8926,51,zly,FF8926,114,slaby
FF8927,61,zly,FF8927,134,slaby
FF8928,35,zly,FF8928,100,zly
FF8929,46,zly,FF8929,102,zly
FF8216,107,zly,FF8216,107,zly
FF8217,58,zly,FF8217,135,slaby
FF8218,104,zly,FF8218,84,zly
FF8312,87,zly,FF8312,119,slaby
FF8313,86,zly,FF8313,111,zly
FF8317,116,zly,FF8317,74,zly
FF8318,71,zly,FF8318,115,slaby
FF8319,108,zly,FF8319,94,zly
FF8410,98,zly,FF8410,102,zly
FF8414,114,zly,FF8414,94,zly
FF8415,121,slaby,FF8415,76,zly
FF8416,130,slaby,FF8416,75,zly
FF8419,109,zly,FF8419,95,zly
FF8510,124,slaby,FF8510,97,zly
FF8511,86,zly,FF8511,93,zly
FF8512,49,zly,FF8512,93,zly
FF8513,113,zly,FF8513,70,zly
FF8514,150,umiarkowany,FF8514,79,zly
FF8515,133,slaby,FF8515,97,zly
FF8516,81,zly,FF8516,121,slaby
FF8517,65,zly,FF8517,106,zly
FF8612,109,zly,FF8612,89,zly
FF8613,65,zly,FF8613,118,slaby
FF8616,140,umiarkowany,FF8616,72,zly
FF8619,115,zly,FF8619,99,zly
FF8710,107,zly,FF8710,103,zly
FF8715,105,zly,FF8715,107,zly
FF8811,120,slaby,FF8811,96,zly
FF8812,59,zly,FF8812,127,slaby
FF8816,89,zly,FF8816,121,slaby
FF8911,116,zly,FF8911,95,zly
FF8914,138,umiarkowany,FF8914,71,zly
FF8915,48,zly,FF8915,84,zly
FF8917,43,zly,FF8917,76,zly
FF8918,39,zly,FF8918,76,zly
FF6199,85,zly,FF6199,76,zly
FF6290,71,zly,FF6290,96,zly
FF6291,83,zly,FF6291,75,zly
FF6293,122,slaby,FF6293,78,zly
FF6294,115,zly,FF6294,74,zly
FF6295,117,slaby,FF6295,88,zly
FF6296,40,zly,FF6296,113,zly
FF6297,50,zly,FF6297,99,zly
FF6298,62,zly,FF6298,69,zly
FF6299,70,zly,FF6299,110,zly
FF6390,40,zly,FF6390,104,zly
FF6391,29,zly,FF6391,104,zly
FF6392,45,zly,FF6392,132,slaby
FF6393,67,zly,FF6393,110,zly
FF6592,61,zly,FF6592,124,slaby
FF6593,74,zly,FF6593,102,zly
FF6594,104,zly,FF6594,75,zly
FF6595,78,zly,FF6595,78,zly
FF6596,86,zly,FF6596,79,zly
FF6597,71,zly,FF6597,97,zly
FF6598,92,zly,FF6598,79,zly
FF6599,109,zly,FF6599,79,zly
FF6690,73,zly,FF6690,107,zly
FF6691,55,zly,FF6691,120,slaby
FF6692,99,zly,FF6692,85,zly
FF6693,81,zly,FF6693,90,zly
FF6694,54,zly,FF6694,99,zly
FF6695,46,zly,FF6695,97,zly
FF6696,141,umiarkowany,FF6696,84,zly
FF6698,97,zly,FF6698,104,zly
FF6189,88,zly,FF6189,74,zly
FF6280,76,zly,FF6280,94,zly
FF6281,55,zly,FF6281,91,zly
FF6282,110,zly,FF6282,78,zly
FF6285,55,zly,FF6285,126,slaby
FF6286,45,zly,FF6286,100,zly
FF6287,34,zly,FF6287,104,zly
FF6288,37,zly,FF6288,104,zly
FF6289,32,zly,FF6289,74,zly
FF6380,35,zly,FF6380,106,zly
FF6381,41,zly,FF6381,100,zly
FF6587,128,slaby,FF6587,68,zly
FF6588,67,zly,FF6588,94,zly
FF6589,86,zly,FF6589,89,zly
FF6680,82,zly,FF6680,91,zly
FF6682,107,zly,FF6682,78,zly
FF6684,104,zly,FF6684,89,zly
FF6685,110,zly,FF6685,80,zly
FF6686,98,zly,FF6686,80,zly
FF6179,86,zly,FF6179,99,zly
FF6270,99,zly,FF6270,75,zly
FF6271,65,zly,FF6271,100,zly
FF6272,93,zly,FF6272,97,zly
FF6275,75,zly,FF6275,117,slaby
FF6276,28,zly,FF6276,113,zly
FF6279,29,zly,FF6279,118,slaby
FF6370,41,zly,FF6370,96,zly
FF6670,65,zly,FF6670,108,zly
FF5707,65,zly,FF5707,113,zly
FF5708,60,zly,FF5708,121,slaby
FF2736,33,zly,FF2736,76,zly
FF2746,30,zly,FF2746,67,zly
FF2756,83,zly,FF2756,62,zly
FF2757,68,zly,FF2757,93,zly
FF2776,44,zly,FF2776,70,zly
FF2786,103,zly,FF2786,47,zly
FF2796,75,zly,FF2796,83,zly
FF2797,94,zly,FF2797,70,zly
FF3706,48,zly,FF3706,141,slaby
FF3707,38,zly,FF3707,158,dobry
FF3716,35,zly,FF3716,89,zly
FF3717,30,zly,FF3717,111,zly
FF3726,36,zly,FF3726,116,slaby
FF3727,38,zly,FF3727,122,slaby
FF3736,32,zly,FF3736,121,slaby
FF3737,34,zly,FF3737,88,zly
FF3746,35,zly,FF3746,121,slaby
FF3747,41,zly,FF3747,131,slaby
FF3756,41,zly,FF3756,99,zly
FF3757,30,zly,FF3757,125,slaby
FF3766,62,zly,FF3766,123,slaby
FF3767,24,zly,FF3767,103,zly
FF3777,60,zly,FF3777,113,zly
FF4777,48,zly,FF4777,85,zly
FF4787,75,zly,FF4787,96,zly
FF4796,40,zly,FF4796,107,zly
FF4797,40,zly,FF4797,106,zly
FF5706,87,zly,FF5706,103,zly
FF5009,48,zly,FF5009,106,zly
FF5100,52,zly,FF5100,129,slaby
FF5200,73,zly,FF5200,91,zly
FF5204,86,zly,FF5204,65,zly
FF5206,109,zly,FF5206,85,zly
FF5306,77,zly,FF5306,87,zly
FF5307,72,zly,FF5307,107,zly
FF5308,88,zly,FF5308,88,zly
FF5606,69,zly,FF5606,93,zly
FF5607,54,zly,FF5607,122,slaby
FF5703,91,zly,FF5703,95,zly
FF5704,42,zly,FF5704,95,zly
FF5705,90,zly,FF5705,93,zly
FF2725,30,zly,FF2725,64,zly
FF2735,88,zly,FF2735,55,zly
FF2775,76,zly,FF2775,57,zly
FF2785,57,zly,FF2785,79,zly
FF3705,67,zly,FF3705,125,slaby
FF3715,30,zly,FF3715,105,zly
FF4765,21,zly,FF4765,99,zly
FF4775,53,zly,FF4775,113,zly
FF4785,54,zly,FF4785,110,zly
FF4795,132,slaby,FF4795,90,zly
FF2714,50,zly,FF2714,63,zly
FF2724,59,zly,FF2724,56,zly
FF2774,80,zly,FF2774,78,zly
FF2784,50,zly,FF2784,100,zly
FF2794,64,zly,FF2794,103,zly
FF3704,35,zly,FF3704,127,slaby
FF3794,32,zly,FF3794,70,zly
FF4704,30,zly,FF4704,102,zly
FF4714,34,zly,FF4714,113,zly
FF4764,28,zly,FF4764,108,zly
FF4774,63,zly,FF4774,90,zly
FF4784,69,zly,FF4784,90,zly
FF4794,82,zly,FF4794,108,zly
FF2713,30,zly,FF2713,75,zly
FF2723,37,zly,FF2723,69,zly
FF2753,97,zly,FF2753,84,zly
FF2763,84,zly,FF2763,100,zly
FF2773,75,zly,FF2773,100,zly
FF2783,82,zly,FF2783,96,zly
FF3783,25,zly,FF3783,56,zly
FF3793,25,zly,FF3793,66,zly
FF4703,34,zly,FF4703,101,zly
FF4713,31,zly,FF4713,88,zly
FF4723,40,zly,FF4723,102,zly
FF4733,33,zly,FF4733,73,zly
FF4763,30,zly,FF4763,111,zly
FF4773,72,zly,FF4773,66,zly
FF4783,84,zly,FF4783,80,zly
FF2712,33,zly,FF2712,103,zly
FF2722,38,zly,FF2722,81,zly
FF2752,67,zly,FF2752,123,slaby
FF3772,39,zly,FF3772,79,zly
FF3782,74,zly,FF3782,63,zly
FF3792,69,zly,FF3792,89,zly
FF4702,105,zly,FF4702,85,zly
FF4722,61,zly,FF4722,85,zly
FF4732,58,zly,FF4732,74,zly
FF4742,27,zly,FF4742,72,zly
FF4762,32,zly,FF4762,116,slaby
FF4772,72,zly,FF4772,115,slaby
FF4792,103,zly,FF4792,80,zly
FF2721,31,zly,FF2721,103,zly
FF2731,51,zly,FF2731,118,slaby
FF2741,70,zly,FF2741,93,zly
FF4721,71,zly,FF4721,116,slaby
FF4731,62,zly,FF4731,95,zly
FF4741,30,zly,FF4741,87,zly
FF4751,42,zly,FF4751,89,zly
FF4761,42,zly,FF4761,90,zly
FF4771,69,zly,FF4771,126,slaby
FF4791,67,zly,FF4791,108,zly
FF4740,71,zly,FF4740,113,zly
FF4750,44,zly,FF4750,108,zly
FF4760,41,zly,FF4760,96,zly
FF4790,49,zly,FF4790,106,zly
FF3679,73,zly,FF3679,94,zly
FF4659,76,zly,FF4659,119,slaby
FF4669,46,zly,FF4669,97,zly
FF4689,60,zly,FF4689,100,zly
FF4699,52,zly,FF4699,99,zly
FF3678,67,zly,FF3678,98,zly
FF4608,99,zly,FF4608,95,zly
FF4618,74,zly,FF4618,111,zly
FF4658,74,zly,FF4658,111,zly
FF4668,61,zly,FF4668,110,zly
FF4678,41,zly,FF4678,101,zly
FF4688,95,zly,FF4688,105,zly
FF4698,96,zly,FF4698,117,slaby
FF3936,71,zly,FF3936,116,slaby
FF3946,83,zly,FF3946,72,zly
FF3956,60,zly,FF3956,89,zly
FF3986,77,zly,FF3986,108,zly
FF3996,67,zly,FF3996,72,zly
FF4906,67,zly,FF4906,138,slaby
FF4916,80,zly,FF4916,99,zly
FF3935,79,zly,FF3935,139,slaby
FF3945,37,zly,FF3945,88,zly
FF3955,72,zly,FF3955,97,zly
FF3975,69,zly,FF3975,74,zly
FF3985,40,zly,FF3985,156,umiarkowany
FF3995,56,zly,FF3995,90,zly
FF4905,41,zly,FF4905,104,zly
FF4915,89,zly,FF4915,93,zly
FF4995,82,zly,FF4995,104,zly
FF3944,66,zly,FF3944,134,slaby
FF3954,74,zly,FF3954,94,zly
FF3974,67,zly,FF3974,96,zly
FF3984,55,zly,FF3984,115,slaby
FF3994,62,zly,FF3994,106,zly
FF4904,41,zly,FF4904,104,zly
FF4914,24,zly,FF4914,104,zly
FF4924,98,zly,FF4924,86,zly
FF4984,84,zly,FF4984,115,slaby
FF4994,60,zly,FF4994,96,zly
FF2853,30,zly,FF2853,64,zly
FF2854,49,zly,FF2854,103,zly
FF2863,38,zly,FF2863,104,zly
FF2864,52,zly,FF2864,89,zly
FF2873,57,zly,FF2873,103,zly
FF2883,48,zly,FF2883,89,zly
FF2884,74,zly,FF2884,71,zly
FF2893,75,zly,FF2893,105,zly
FF2894,82,zly,FF2894,91,zly
FF3804,44,zly,FF3804,108,zly
FF3814,68,zly,FF3814,115,slaby
FF3853,24,zly,FF3853,77,zly
FF3854,50,zly,FF3854,80,zly
FF3863,30,zly,FF3863,94,zly
FF3864,59,zly,FF3864,109,zly
FF3874,80,zly,FF3874,124,slaby
FF3893,38,zly,FF3893,105,zly
FF3894,114,zly,FF3894,94,zly
FF4803,23,zly,FF4803,70,zly
FF4804,61,zly,FF4804,109,zly
FF4813,30,zly,FF4813,99,zly
FF4814,56,zly,FF4814,115,slaby
FF4823,27,zly,FF4823,103,zly
FF4824,31,zly,FF4824,90,zly
FF4833,24,zly,FF4833,111,zly
FF4834,34,zly,FF4834,96,zly
FF4843,46,zly,FF4843,131,slaby
FF4844,47,zly,FF4844,98,zly
FF4853,46,zly,FF4853,133,slaby
FF4854,59,zly,FF4854,148,umiarkowany
FF4863,41,zly,FF4863,117,slaby
FF4864,47,zly,FF4864,114,slaby
FF4873,51,zly,FF4873,138,slaby
FF4874,46,zly,FF4874,87,zly
FF4883,45,zly,FF4883,122,slaby
FF4884,28,zly,FF4884,80,zly
FF4893,46,zly,FF4893,79,zly
FF4894,65,zly,FF4894,72,zly
FF5803,79,zly,FF5803,77,zly
FF2862,43,zly,FF2862,87,zly
FF2872,40,zly,FF2872,148,umiarkowany
FF2882,47,zly,FF2882,66,zly
FF2892,71,zly,FF2892,72,zly
FF3852,30,zly,FF3852,107,zly
FF3862,85,zly,FF3862,95,zly
FF3872,97,zly,FF3872,70,zly
FF3882,37,zly,FF3882,103,zly
FF3892,45,zly,FF3892,110,zly
FF4802,33,zly,FF4802,99,zly
FF4812,32,zly,FF4812,116,slaby
FF4822,23,zly,FF4822,107,zly
FF4832,33,zly,FF4832,106,zly
FF4842,37,zly,FF4842,138,slaby
FF4852,49,zly,FF4852,136,slaby
FF4862,27,zly,FF4862,95,zly
FF4872,23,zly,FF4872,81,zly
FF4882,28,zly,FF4882,101,zly
FF4892,52,zly,FF4892,155,umiarkowany
FF5802,42,zly,FF5802,145,umiarkowany
FF2861,31,zly,FF2861,73,zly
FF2871,62,zly,FF2871,122,slaby
FF2881,68,zly,FF2881,76,zly
FF3851,71,zly,FF3851,120,slaby
FF3881,24,zly,FF3881,98,zly
FF3891,23,zly,FF3891,70,zly
FF4801,26,zly,FF4801,105,zly
FF4811,33,zly,FF4811,108,zly
FF4821,30,zly,FF4821,119,slaby
FF4831,23,zly,FF4831,122,slaby
FF4841,28,zly,FF4841,89,zly
FF4851,26,zly,FF4851,82,zly
FF4861,23,zly,FF4861,80,zly
FF4871,37,zly,FF4871,106,zly
FF4881,38,zly,FF4881,92,zly
FF4891,55,zly,FF4891,119,slaby
FF5801,50,zly,FF5801,135,slaby
FF2953,23,zly,FF2953,56,zly
FF2963,23,zly,FF2963,78,zly
FF2973,23,zly,FF2973,66,zly
FF2983,33,zly,FF2983,70,zly
FF3933,112,zly,FF3933,139,slaby
FF3963,78,zly,FF3963,74,zly
FF3973,34,zly,FF3973,106,zly
FF3983,45,zly,FF3983,124,slaby
FF3993,62,zly,FF3993,121,slaby
FF4903,68,zly,FF4903,85,zly
FF4913,27,zly,FF4913,86,zly
FF4923,32,zly,FF4923,106,zly
FF4933,69,zly,FF4933,112,zly
FF4943,76,zly,FF4943,81,zly
FF4973,96,zly,FF4973,106,zly
FF4983,74,zly,FF4983,90,zly
FF4993,94,zly,FF4993,87,zly
FF5903,83,zly,FF5903,116,slaby
FF2952,23,zly,FF2952,79,zly
FF2962,33,zly,FF2962,115,slaby
FF2972,23,zly,FF2972,77,zly
FF2982,27,zly,FF2982,65,zly
FF2992,60,zly,FF2992,68,zly
FF3962,106,zly,FF3962,104,zly
FF3972,86,zly,FF3972,100,zly
FF3982,62,zly,FF3982,89,zly
FF3992,30,zly,FF3992,101,zly
FF4902,23,zly,FF4902,61,zly
FF4912,74,zly,FF4912,80,zly
FF4922,104,zly,FF4922,80,zly
FF4952,83,zly,FF4952,78,zly
FF4972,85,zly,FF4972,117,slaby
FF4982,60,zly,FF4982,113,zly
FF2951,26,zly,FF2951,89,zly
FF2961,42,zly,FF2961,112,zly
FF2971,55,zly,FF2971,118,slaby
FF2981,38,zly,FF2981,84,zly
FF2991,60,zly,FF2991,66,zly
FF3931,107,zly,FF3931,116,slaby
FF3981,95,zly,FF3981,52,zly
FF3991,23,zly,FF3991,71,zly
FF4901,27,zly,FF4901,77,zly
FF4911,80,zly,FF4911,96,zly
FF4971,89,zly,FF4971,58,zly
FF4981,95,zly,FF4981,87,zly
FF2950,26,zly,FF2950,76,zly
FF2960,41,zly,FF2960,118,slaby
FF2970,35,zly,FF2970,99,zly
FF2980,99,zly,FF2980,81,zly
FF3900,43,zly,FF3900,97,zly
FF3910,85,zly,FF3910,98,zly
FF3920,70,zly,FF3920,113,zly
FF3980,80,zly,FF3980,55,zly
FF3990,29,zly,FF3990,72,zly
FF4900,33,zly,FF4900,95,zly
FF4910,79,zly,FF4910,116,slaby
FF4950,109,zly,FF4950,88,zly
FF4960,73,zly,FF4960,109,zly
FF4970,68,zly,FF4970,114,slaby
FF2859,26,zly,FF2859,80,zly
FF2869,42,zly,FF2869,118,slaby
FF2879,72,zly,FF2879,86,zly
FF3809,33,zly,FF3809,108,zly
FF3819,33,zly,FF3819,99,zly
FF3829,56,zly,FF3829,118,slaby
FF3889,64,zly,FF3889,100,zly
FF3899,38,zly,FF3899,101,zly
FF4809,32,zly,FF4809,80,zly
FF4819,46,zly,FF4819,104,zly
FF4849,87,zly,FF4849,94,zly
FF4859,76,zly,FF4859,120,slaby
FF4869,33,zly,FF4869,81,zly
FF4879,35,zly,FF4879,142,umiarkowany
FF4899,98,zly,FF4899,125,slaby
FF5809,87,zly,FF5809,85,zly
FF2858,27,zly,FF2858,91,zly
FF2868,33,zly,FF2868,138,slaby
FF3808,68,zly,FF3808,101,zly
FF3818,32,zly,FF3818,117,slaby
FF3828,90,zly,FF3828,111,zly
FF3858,87,zly,FF3858,76,zly
FF3878,94,zly,FF3878,98,zly
FF3888,56,zly,FF3888,115,slaby
FF3898,43,zly,FF3898,91,zly
FF4808,23,zly,FF4808,103,zly
FF4818,63,zly,FF4818,118,slaby
FF4848,79,zly,FF4848,100,zly
FF4858,34,zly,FF4858,105,zly
FF4868,40,zly,FF4868,77,zly
FF4878,48,zly,FF4878,91,zly
FF4888,70,zly,FF4888,122,slaby
FF4898,61,zly,FF4898,111,zly
FF5808,31,zly,FF5808,87,zly
FF2857,42,zly,FF2857,84,zly
FF2867,42,zly,FF2867,100,zly
FF3817,89,zly,FF3817,117,slaby
FF3827,70,zly,FF3827,157,umiarkowany
FF3837,85,zly,FF3837,86,zly
FF3857,65,zly,FF3857,108,zly
FF3867,81,zly,FF3867,96,zly
FF3877,61,zly,FF3877,104,zly
FF3887,41,zly,FF3887,114,slaby
FF3897,55,zly,FF3897,91,zly
FF4807,30,zly,FF4807,97,zly
FF4817,90,zly,FF4817,77,zly
FF4847,79,zly,FF4847,112,zly
FF4857,50,zly,FF4857,100,zly
FF4867,31,zly,FF4867,100,zly
FF4877,55,zly,FF4877,119,slaby
FF4887,65,zly,FF4887,119,slaby
FF4897,58,zly,FF4897,129,slaby
FF5807,62,zly,FF5807,118,slaby
FF2866,58,zly,FF2866,90,zly
FF2876,82,zly,FF2876,116,slaby
FF3816,80,zly,FF3816,116,slaby
FF3826,62,zly,FF3826,114,slaby
FF3836,66,zly,FF3836,93,zly
FF3846,79,zly,FF3846,95,zly
FF3856,93,zly,FF3856,97,zly
FF3866,80,zly,FF3866,100,zly
FF3876,49,zly,FF3876,120,slaby
FF3886,38,zly,FF3886,95,zly
FF4806,89,zly,FF4806,102,zly
FF4836,77,zly,FF4836,122,slaby
FF4846,66,zly,FF4846,106,zly
FF4856,60,zly,FF4856,92,zly
FF4866,57,zly,FF4866,133,slaby
FF4876,57,zly,FF4876,134,slaby
FF4886,63,zly,FF4886,127,slaby
FF4896,32,zly,FF4896,130,slaby
FF5806,28,zly,FF5806,105,zly
FF2865,53,zly,FF2865,89,zly
FF2875,92,zly,FF2875,113,zly
FF2895,88,zly,FF2895,60,zly
FF3805,82,zly,FF3805,92,zly
FF3815,54,zly,FF3815,118,slaby
FF3825,77,zly,FF3825,132,slaby
FF3845,63,zly,FF3845,91,zly
FF3855,78,zly,FF3855,71,zly
FF3865,93,zly,FF3865,72,zly
FF3875,58,zly,FF3875,100,zly
FF3885,63,zly,FF3885,84,zly
FF4825,67,zly,FF4825,124,slaby
FF4835,56,zly,FF4835,114,slaby
FF4845,62,zly,FF4845,119,slaby
FF4855,55,zly,FF4855,98,zly
FF4865,64,zly,FF4865,118,slaby
FF4875,23,zly,FF4875,85,zly
FF4885,31,zly,FF4885,97,zly
FF4895,36,zly,FF4895,101,zly
FF5805,55,zly,FF5805,92,zly
FF2860,59,zly,FF2860,74,zly
FF2880,82,zly,FF2880,94,zly
FF3870,83,zly,FF3870,82,zly
FF3880,28,zly,FF3880,95,zly
FF3890,38,zly,FF3890,117,slaby
FF4800,30,zly,FF4800,103,zly
FF4810,70,zly,FF4810,126,slaby
FF4870,27,zly,FF4870,108,zly
FF4880,36,zly,FF4880,107,zly
FF4890,62,zly,FF4890,85,zly
FF5800,65,zly,FF5800,136,slaby
FF3729,111,zly,FF3729,103,zly
FF3779,85,zly,FF3779,76,zly
FF3789,32,zly,FF3789,77,zly
FF3799,52,zly,FF3799,110,zly
FF4709,68,zly,FF4709,113,zly
FF4769,23,zly,FF4769,93,zly
FF4779,32,zly,FF4779,103,zly
FF4789,60,zly,FF4789,91,zly
FF4799,23,zly,FF4799,89,zly
FF5709,59,zly,FF5709,123,slaby
FF3708,59,zly,FF3708,120,slaby
FF3718,86,zly,FF3718,97,zly
FF3748,86,zly,FF3748,120,slaby
FF3758,39,zly,FF3758,104,zly
FF3768,27,zly,FF3768,106,zly
FF3778,27,zly,FF3778,115,slaby
FF3788,69,zly,FF3788,115,slaby
FF3798,42,zly,FF3798,84,zly
FF4768,23,zly,FF4768,62,zly
FF4778,24,zly,FF4778,71,zly
FF4788,43,zly,FF4788,114,slaby
FF4798,43,zly,FF4798,111,zly
FF3565,84,zly,FF3565,70,zly
FF3585,54,zly,FF3585,138,slaby
FF3586,80,zly,FF3586,92,zly
FF3595,45,zly,FF3595,133,slaby
FF3596,51,zly,FF3596,76,zly
FF4505,36,zly,FF4505,132,slaby
FF4506,37,zly,FF4506,143,umiarkowany
FF4516,50,zly,FF4516,113,zly
FF4526,42,zly,FF4526,141,slaby
FF4536,30,zly,FF4536,142,umiarkowany
FF4546,87,zly,FF4546,117,slaby
FF4556,80,zly,FF4556,85,zly
FF3687,85,zly,FF3687,74,zly
FF3697,89,zly,FF3697,112,zly
FF4607,80,zly,FF4607,132,slaby
FF4617,40,zly,FF4617,116,slaby
FF4627,59,zly,FF4627,117,slaby
FF4657,87,zly,FF4657,94,zly
FF4667,61,zly,FF4667,105,zly
FF4677,33,zly,FF4677,119,slaby
FF4697,74,zly,FF4697,105,zly
FF3676,115,zly,FF3676,67,zly
FF3686,62,zly,FF3686,122,slaby
FF3696,40,zly,FF3696,118,slaby
FF4606,87,zly,FF4606,97,zly
FF4626,97,zly,FF4626,83,zly
FF4656,85,zly,FF4656,107,zly
FF4666,90,zly,FF4666,75,zly
FF4676,56,zly,FF4676,114,slaby
FF4696,39,zly,FF4696,108,zly
FF3655,70,zly,FF3655,135,slaby
FF3665,56,zly,FF3665,109,zly
FF3675,65,zly,FF3675,114,slaby
FF3685,49,zly,FF3685,126,slaby
FF3695,30,zly,FF3695,119,slaby
FF4605,84,zly,FF4605,107,zly
FF4645,90,zly,FF4645,118,slaby
FF4655,72,zly,FF4655,127,slaby
FF4665,95,zly,FF4665,81,zly
FF3664,71,zly,FF3664,137,slaby
FF3674,65,zly,FF3674,124,slaby
FF4654,65,zly,FF4654,123,slaby
FF4664,67,zly,FF4664,90,zly
FF3653,98,zly,FF3653,95,zly
FF3663,40,zly,FF3663,99,zly
FF3673,75,zly,FF3673,131,slaby
FF4663,67,zly,FF4663,118,slaby
FF4673,89,zly,FF4673,81,zly
FF3652,88,zly,FF3652,58,zly
FF3662,22,zly,FF3662,92,zly
FF3672,62,zly,FF3672,136,slaby
FF4632,95,zly,FF4632,79,zly
FF4642,79,zly,FF4642,121,slaby
FF4662,62,zly,FF4662,106,zly
FF4672,78,zly,FF4672,101,zly
FF4682,94,zly,FF4682,84,zly
FF3661,50,zly,FF3661,113,zly
FF3671,43,zly,FF3671,100,zly
FF3681,106,zly,FF3681,128,slaby
FF4641,82,zly,FF4641,108,zly
FF4651,86,zly,FF4651,108,zly
FF4671,79,zly,FF4671,99,zly
FF4681,52,zly,FF4681,112,zly
FF4691,53,zly,FF4691,113,zly
FF3660,43,zly,FF3660,85,zly
FF3670,85,zly,FF3670,77,zly
FF3690,92,zly,FF3690,91,zly
FF4600,97,zly,FF4600,119,slaby
FF4650,82,zly,FF4650,94,zly
FF4660,70,zly,FF4660,86,zly
FF4670,72,zly,FF4670,83,zly
FF4680,77,zly,FF4680,102,zly
FF4690,66,zly,FF4690,112,zly
FF3569,95,zly,FF3569,86,zly
FF3579,94,zly,FF3579,77,zly
FF3599,95,zly,FF3599,103,zly
FF4509,62,zly,FF4509,103,zly
FF4519,78,zly,FF4519,128,slaby
FF3598,101,zly,FF3598,81,zly
FF4508,53,zly,FF4508,117,slaby
FF4518,64,zly,FF4518,130,slaby
FF4568,81,zly,FF4568,86,zly
FF3577,89,zly,FF3577,112,zly
FF4507,61,zly,FF4507,119,slaby
FF4517,50,zly,FF4517,113,zly
FF4527,95,zly,FF4527,107,zly
FF4537,76,zly,FF4537,105,zly
FF4547,87,zly,FF4547,121,slaby
FF4557,89,zly,FF4557,102,zly
FF4567,80,zly,FF4567,76,zly
FF4577,80,zly,FF4577,86,zly
FF4099,31,zly,FF4099,107,zly
FF4190,49,zly,FF4190,127,slaby
FF4191,96,zly,FF4191,74,zly
FF4196,79,zly,FF4196,101,zly
FF4290,80,zly,FF4290,102,zly
FF4292,77,zly,FF4292,92,zly
FF4295,83,zly,FF4295,87,zly
FF4296,74,zly,FF4296,84,zly
FF4390,79,zly,FF4390,107,zly
FF4396,76,zly,FF4396,83,zly
FF4397,87,zly,FF4397,68,zly
FF3564,66,zly,FF3564,103,zly
FF3574,65,zly,FF3574,93,zly
FF3594,50,zly,FF3594,139,slaby
FF4504,42,zly,FF4504,84,zly
FF4514,45,zly,FF4514,118,slaby
FF3543,58,zly,FF3543,90,zly
FF3553,68,zly,FF3553,95,zly
FF3563,71,zly,FF3563,91,zly
FF3593,46,zly,FF3593,91,zly
FF4503,36,zly,FF4503,99,zly
FF4513,49,zly,FF4513,112,zly
FF3542,37,zly,FF3542,113,zly
FF3552,51,zly,FF3552,105,zly
FF3582,66,zly,FF3582,79,zly
FF3592,45,zly,FF3592,134,slaby
FF4502,45,zly,FF4502,145,umiarkowany
FF4512,28,zly,FF4512,103,zly
FF3511,36,zly,FF3511,80,zly
FF3521,36,zly,FF3521,77,zly
FF3531,30,zly,FF3531,91,zly
FF3541,35,zly,FF3541,118,slaby
FF3551,43,zly,FF3551,94,zly
FF3561,75,zly,FF3561,71,zly
FF3571,74,zly,FF3571,81,zly
FF4511,66,zly,FF4511,143,umiarkowany
FF4521,34,zly,FF4521,126,slaby
FF4531,54,zly,FF4531,102,zly
FF3500,42,zly,FF3500,103,zly
FF3510,37,zly,FF3510,106,zly
FF3520,30,zly,FF3520,118,slaby
FF3530,43,zly,FF3530,97,zly
FF3540,39,zly,FF3540,93,zly
FF3550,57,zly,FF3550,113,zly
FF3560,70,zly,FF3560,99,zly
FF3570,87,zly,FF3570,120,slaby
FF3580,88,zly,FF3580,132,slaby
FF4520,74,zly,FF4520,111,zly
FF4530,58,zly,FF4530,132,slaby
FF4540,56,zly,FF4540,102,zly
FF3409,47,zly,FF3409,125,slaby
FF3419,66,zly,FF3419,110,zly
FF3429,103,zly,FF3429,106,zly
FF3449,83,zly,FF3449,90,zly
FF3479,78,zly,FF3479,124,slaby
FF3489,41,zly,FF3489,115,slaby
FF4449,51,zly,FF4449,92,zly
FF4459,41,zly,FF4459,113,zly
FF3408,35,zly,FF3408,89,zly
FF3418,89,zly,FF3418,74,zly
FF3448,110,zly,FF3448,99,zly
FF3458,60,zly,FF3458,94,zly
FF3478,82,zly,FF3478,119,slaby
FF3488,73,zly,FF3488,117,slaby
FF3498,72,zly,FF3498,120,slaby
FF4448,97,zly,FF4448,89,zly
FF4458,27,zly,FF4458,87,zly
FF4468,30,zly,FF4468,95,zly
FF3417,129,slaby,FF3417,80,zly
FF3447,131,slaby,FF3447,101,zly
FF3457,84,zly,FF3457,78,zly
FF3467,95,zly,FF3467,106,zly
FF3477,64,zly,FF3477,125,slaby
FF3487,47,zly,FF3487,98,zly
FF3497,54,zly,FF3497,101,zly
FF4407,96,zly,FF4407,93,zly
FF4457,84,zly,FF4457,86,zly
FF4467,63,zly,FF4467,121,slaby
FF4477,82,zly,FF4477,122,slaby
FF4286,84,zly,FF4286,111,zly
FF4287,73,zly,FF4287,114,slaby
FF4288,65,zly,FF4288,132,slaby
FF4289,62,zly,FF4289,103,zly
FF4089,32,zly,FF4089,76,zly
FF4180,32,zly,FF4180,120,slaby
FF4181,58,zly,FF4181,113,zly
FF4280,79,zly,FF4280,87,zly
FF4283,71,zly,FF4283,121,slaby
FF4284,68,zly,FF4284,115,slaby
FF4285,83,zly,FF4285,101,zly
FF4380,74,zly,FF4380,136,slaby
FF4381,86,zly,FF4381,113,zly
FF4382,87,zly,FF4382,93,zly
FF4383,70,zly,FF4383,95,zly
FF3247,113,zly,FF3247,95,zly
FF3257,104,zly,FF3257,100,zly
FF3267,53,zly,FF3267,95,zly
FF3277,49,zly,FF3277,125,slaby
FF3278,58,zly,FF3278,130,slaby
FF2296,85,zly,FF2296,85,zly
FF3206,75,zly,FF3206,77,zly
FF3246,87,zly,FF3246,111,zly
FF3256,49,zly,FF3256,107,zly
FF4206,29,zly,FF4206,122,slaby
FF4216,39,zly,FF4216,106,zly
FF4226,18,zly,FF4226,76,zly
FF4236,58,zly,FF4236,93,zly
FF4246,76,zly,FF4246,135,slaby
FF4266,78,zly,FF4266,98,zly
FF3205,72,zly,FF3205,83,zly
FF3255,74,zly,FF3255,103,zly
FF3275,76,zly,FF3275,79,zly
FF3285,79,zly,FF3285,132,slaby
FF3295,71,zly,FF3295,132,slaby
FF4205,62,zly,FF4205,102,zly
FF4215,57,zly,FF4215,104,zly
FF4225,48,zly,FF4225,106,zly
FF4235,70,zly,FF4235,93,zly
FF4245,78,zly,FF4245,106,zly
FF4255,78,zly,FF4255,86,zly
FF4265,52,zly,FF4265,98,zly
FF4275,83,zly,FF4275,128,slaby
FF3204,86,zly,FF3204,116,slaby
FF3224,77,zly,FF3224,107,zly
FF3234,56,zly,FF3234,93,zly
FF3244,83,zly,FF3244,102,zly
FF3264,37,zly,FF3264,93,zly
FF3274,55,zly,FF3274,98,zly
FF3284,85,zly,FF3284,112,zly
FF3294,77,zly,FF3294,128,slaby
FF4204,68,zly,FF4204,130,slaby
FF4214,64,zly,FF4214,125,slaby
FF4224,79,zly,FF4224,98,zly
FF4234,96,zly,FF4234,108,zly
FF4254,92,zly,FF4254,96,zly
FF4264,81,zly,FF4264,100,zly
FF4274,76,zly,FF4274,92,zly
FF3119,76,zly,FF3119,80,zly
FF3129,85,zly,FF3129,101,zly
FF3139,72,zly,FF3139,122,slaby
FF3148,71,zly,FF3148,122,slaby
FF3149,96,zly,FF3149,106,zly
FF3178,71,zly,FF3178,99,zly
FF3179,68,zly,FF3179,86,zly
FF3188,70,zly,FF3188,101,zly
FF3189,68,zly,FF3189,88,zly
FF3198,77,zly,FF3198,118,slaby
FF3199,79,zly,FF3199,98,zly
FF4108,54,zly,FF4108,112,zly
FF4109,53,zly,FF4109,115,slaby
FF4118,71,zly,FF4118,111,zly
FF4119,82,zly,FF4119,92,zly
FF4128,84,zly,FF4128,120,slaby
FF4129,85,zly,FF4129,111,zly
FF4138,72,zly,FF4138,105,zly
FF4148,27,zly,FF4148,98,zly
FF4149,55,zly,FF4149,103,zly
FF4158,81,zly,FF4158,88,zly
FF4159,98,zly,FF4159,114,slaby
FF3203,75,zly,FF3203,86,zly
FF3213,78,zly,FF3213,108,zly
FF3223,77,zly,FF3223,125,slaby
FF3233,83,zly,FF3233,95,zly
FF3253,61,zly,FF3253,90,zly
FF3263,60,zly,FF3263,96,zly
FF3273,91,zly,FF3273,118,slaby
FF4213,103,zly,FF4213,109,zly
FF4223,78,zly,FF4223,124,slaby
FF4253,87,zly,FF4253,92,zly
FF4273,89,zly,FF4273,101,zly
FF3202,80,zly,FF3202,78,zly
FF3222,81,zly,FF3222,91,zly
FF3232,64,zly,FF3232,102,zly
FF3242,59,zly,FF3242,101,zly
FF3252,79,zly,FF3252,93,zly
FF3272,72,zly,FF3272,130,slaby
FF4252,84,zly,FF4252,104,zly
FF3211,100,zly,FF3211,90,zly
FF3231,60,zly,FF3231,87,zly
FF3241,63,zly,FF3241,103,zly
FF3261,69,zly,FF3261,86,zly
FF3271,49,zly,FF3271,128,slaby
FF3281,65,zly,FF3281,130,slaby
FF3291,75,zly,FF3291,81,zly
FF4201,84,zly,FF4201,87,zly
FF4211,96,zly,FF4211,82,zly
FF4241,127,slaby,FF4241,69,zly
FF4251,68,zly,FF4251,109,zly
FF4261,63,zly,FF4261,120,slaby
FF4271,85,zly,FF4271,106,zly
FF3230,63,zly,FF3230,122,slaby
FF3240,101,zly,FF3240,93,zly
FF3260,72,zly,FF3260,110,zly
FF3270,70,zly,FF3270,124,slaby
FF3280,75,zly,FF3280,104,zly
FF3290,89,zly,FF3290,69,zly
FF4200,52,zly,FF4200,93,zly
FF4210,77,zly,FF4210,94,zly
FF4220,97,zly,FF4220,121,slaby
FF4230,91,zly,FF4230,110,zly
FF4240,51,zly,FF4240,106,zly
FF4250,66,zly,FF4250,98,zly
FF4260,95,zly,FF4260,108,zly
FF4270,93,zly,FF4270,106,zly
FF3406,115,zly,FF3406,69,zly
FF3466,44,zly,FF3466,129,slaby
FF3476,31,zly,FF3476,93,zly
FF3486,64,zly,FF3486,103,zly
FF3496,63,zly,FF3496,103,zly
FF3465,46,zly,FF3465,125,slaby
FF3475,65,zly,FF3475,131,slaby
FF3485,85,zly,FF3485,83,zly
FF3495,43,zly,FF3495,106,zly
FF4405,56,zly,FF4405,106,zly
FF4415,53,zly,FF4415,103,zly
FF4435,75,zly,FF4435,142,umiarkowany
FF4445,66,zly,FF4445,104,zly
FF3404,121,slaby,FF3404,116,slaby
FF3454,68,zly,FF3454,110,zly
FF3464,60,zly,FF3464,151,umiarkowany
FF3474,107,zly,FF3474,63,zly
FF3494,47,zly,FF3494,106,zly
FF4404,58,zly,FF4404,125,slaby
FF4414,48,zly,FF4414,117,slaby
FF4434,75,zly,FF4434,114,slaby
FF4444,95,zly,FF4444,80,zly
FF2473,61,zly,FF2473,114,slaby
FF2483,47,zly,FF2483,94,zly
FF2493,48,zly,FF2493,93,zly
FF3403,97,zly,FF3403,108,zly
FF3453,58,zly,FF3453,103,zly
FF3463,76,zly,FF3463,127,slaby
FF3493,42,zly,FF3493,95,zly
FF4403,107,zly,FF4403,97,zly
FF4413,82,zly,FF4413,104,zly
FF4423,72,zly,FF4423,131,slaby
FF4433,88,zly,FF4433,103,zly
FF4443,62,zly,FF4443,116,slaby
FF4453,71,zly,FF4453,97,zly
FF2382,77,zly,FF2382,102,zly
FF2391,37,zly,FF2391,103,zly
FF2392,38,zly,FF2392,104,zly
FF3301,67,zly,FF3301,103,zly
FF3302,87,zly,FF3302,117,slaby
FF3311,80,zly,FF3311,103,zly
FF3341,87,zly,FF3341,122,slaby
FF3342,90,zly,FF3342,102,zly
FF3362,91,zly,FF3362,120,slaby
FF3392,39,zly,FF3392,101,zly
FF4302,48,zly,FF4302,102,zly
FF4312,60,zly,FF4312,90,zly
FF4322,68,zly,FF4322,103,zly
FF4332,39,zly,FF4332,98,zly
FF4372,35,zly,FF4372,128,slaby
FF2345,88,zly,FF2345,92,zly
FF2354,92,zly,FF2354,93,zly
FF2355,75,zly,FF2355,121,slaby
FF2364,68,zly,FF2364,118,slaby
FF2374,77,zly,FF2374,112,zly
FF2395,78,zly,FF2395,116,slaby
FF3304,51,zly,FF3304,109,zly
FF3305,116,zly,FF3305,121,slaby
FF3354,87,zly,FF3354,72,zly
FF3355,94,zly,FF3355,73,zly
FF3364,79,zly,FF3364,113,zly
FF3365,27,zly,FF3365,107,zly
FF3374,55,zly,FF3374,124,slaby
FF3375,23,zly,FF3375,118,slaby
FF3394,49,zly,FF3394,83,zly
FF4304,59,zly,FF4304,95,zly
FF4305,74,zly,FF4305,84,zly
FF4314,93,zly,FF4314,89,zly
FF4334,112,zly,FF4334,86,zly
FF4335,93,zly,FF4335,127,slaby
FF2363,71,zly,FF2363,93,zly
FF2373,65,zly,FF2373,105,zly
FF2383,83,zly,FF2383,125,slaby
FF2393,81,zly,FF2393,109,zly
FF3303,67,zly,FF3303,108,zly
FF3313,76,zly,FF3313,125,slaby
FF3323,76,zly,FF3323,120,slaby
FF3353,87,zly,FF3353,126,slaby
FF3393,46,zly,FF3393,128,slaby
FF4303,65,zly,FF4303,95,zly
FF4313,97,zly,FF4313,65,zly
FF4333,89,zly,FF4333,76,zly
FF4343,87,zly,FF4343,105,zly
FF4373,63,zly,FF4373,96,zly
FF2442,67,zly,FF2442,103,zly
FF2452,99,zly,FF2452,85,zly
FF2462,71,zly,FF2462,114,slaby
FF2492,75,zly,FF2492,98,zly
FF3442,86,zly,FF3442,114,slaby
FF3452,66,zly,FF3452,146,umiarkowany
FF3462,47,zly,FF3462,138,slaby
FF3472,77,zly,FF3472,124,slaby
FF3492,67,zly,FF3492,92,zly
FF4402,81,zly,FF4402,124,slaby
FF4412,69,zly,FF4412,109,zly
FF4422,55,zly,FF4422,108,zly
FF4432,55,zly,FF4432,69,zly
FF4442,66,zly,FF4442,125,slaby
FF4452,84,zly,FF4452,83,zly
FF2441,80,zly,FF2441,106,zly
FF3441,61,zly,FF3441,133,slaby
FF3451,30,zly,FF3451,84,zly
FF3461,36,zly,FF3461,111,zly
FF3491,60,zly,FF3491,97,zly
FF4401,84,zly,FF4401,115,slaby
FF4411,63,zly,FF4411,120,slaby
FF4421,59,zly,FF4421,92,zly
FF4431,80,zly,FF4431,65,zly
FF4441,62,zly,FF4441,107,zly
FF4451,78,zly,FF4451,77,zly
FF4461,99,zly,FF4461,79,zly
FF2430,81,zly,FF2430,85,zly
FF2470,116,zly,FF2470,83,zly
FF3430,68,zly,FF3430,166,dobry
FF3440,30,zly,FF3440,100,zly
FF3450,30,zly,FF3450,121,slaby
FF3490,76,zly,FF3490,107,zly
FF4400,71,zly,FF4400,130,slaby
FF4410,79,zly,FF4410,121,slaby
FF4420,38,zly,FF4420,98,zly
FF4430,59,zly,FF4430,106,zly
FF4440,49,zly,FF4440,116,slaby
FF4450,68,zly,FF4450,96,zly
FF4460,94,zly,FF4460,79,zly
FF2339,99,zly,FF2339,95,zly
FF3319,87,zly,FF3319,124,slaby
FF3329,89,zly,FF3329,138,slaby
FF3339,85,zly,FF3339,93,zly
FF3349,46,zly,FF3349,112,zly
FF3359,27,zly,FF3359,100,zly
FF3369,23,zly,FF3369,101,zly
FF3399,74,zly,FF3399,126,slaby
FF4309,79,zly,FF4309,121,slaby
FF4329,81,zly,FF4329,117,slaby
FF4339,83,zly,FF4339,109,zly
FF4359,86,zly,FF4359,123,slaby
FF4369,90,zly,FF4369,125,slaby
FF2328,64,zly,FF2328,154,umiarkowany
FF2338,51,zly,FF2338,134,slaby
FF3308,82,zly,FF3308,135,slaby
FF3348,92,zly,FF3348,81,zly
FF3358,36,zly,FF3358,128,slaby
FF3368,27,zly,FF3368,94,zly
FF3398,91,zly,FF3398,96,zly
FF4308,84,zly,FF4308,109,zly
FF4348,87,zly,FF4348,94,zly
FF4358,72,zly,FF4358,100,zly
FF4368,74,zly,FF4368,115,slaby
FF2337,59,zly,FF2337,171,dobry
FF2347,57,zly,FF2347,131,slaby
FF2357,80,zly,FF2357,105,zly
FF2397,70,zly,FF2397,124,slaby
FF3347,107,zly,FF3347,83,zly
FF3357,46,zly,FF3357,129,slaby
FF3367,45,zly,FF3367,118,slaby
FF4317,88,zly,FF4317,77,zly
FF4337,99,zly,FF4337,98,zly
FF4347,95,zly,FF4347,101,zly
FF4357,40,zly,FF4357,117,slaby
FF2346,81,zly,FF2346,135,slaby
FF2356,58,zly,FF2356,148,umiarkowany
FF2366,67,zly,FF2366,131,slaby
FF2376,59,zly,FF2376,139,slaby
FF2386,58,zly,FF2386,155,umiarkowany
FF2396,63,zly,FF2396,107,zly
FF3346,97,zly,FF3346,98,zly
FF3356,27,zly,FF3356,84,zly
FF3366,30,zly,FF3366,110,zly
FF4306,88,zly,FF4306,78,zly
FF4336,91,zly,FF4336,129,slaby
FF2390,74,zly,FF2390,104,zly
FF3300,77,zly,FF3300,110,zly
FF3310,94,zly,FF3310,85,zly
FF3320,80,zly,FF3320,81,zly
FF3360,68,zly,FF3360,103,zly
FF3370,57,zly,FF3370,120,slaby
FF3239,86,zly,FF3239,110,zly
FF3249,89,zly,FF3249,96,zly
FF3269,69,zly,FF3269,118,slaby
FF3279,72,zly,FF3279,98,zly
FF3046,24,zly,FF3046,75,zly
FF3066,67,zly,FF3066,96,zly
FF3086,42,zly,FF3086,55,zly
FF3096,40,zly,FF3096,48,zly
FF4006,31,zly,FF4006,104,zly
FF4016,40,zly,FF4016,114,slaby
FF4017,71,zly,FF4017,87,zly
FF4027,32,zly,FF4027,115,slaby
FF4037,36,zly,FF4037,110,zly
FF4047,69,zly,FF4047,125,slaby
FF3177,76,zly,FF3177,94,zly
FF4117,97,zly,FF4117,111,zly
FF4127,81,zly,FF4127,97,zly
FF4137,54,zly,FF4137,109,zly
FF4147,52,zly,FF4147,109,zly
FF4157,75,zly,FF4157,86,zly
FF2150,51,zly,FF2150,148,umiarkowany
FF2151,114,zly,FF2151,137,slaby
FF2160,83,zly,FF2160,112,zly
FF2161,109,zly,FF2161,143,umiarkowany
FF3130,99,zly,FF3130,134,slaby
FF3131,95,zly,FF3131,110,zly
FF4140,126,slaby,FF4140,97,zly
FF4150,52,zly,FF4150,126,slaby
FF4151,115,zly,FF4151,92,zly
FF4160,30,zly,FF4160,105,zly
FF4161,84,zly,FF4161,75,zly
FF4170,30,zly,FF4170,122,slaby
FF4171,59,zly,FF4171,120,slaby
FF3186,56,zly,FF3186,94,zly
FF3196,82,zly,FF3196,107,zly
FF4126,99,zly,FF4126,84,zly
FF4136,75,zly,FF4136,94,zly
FF4146,68,zly,FF4146,97,zly
FF4173,99,zly,FF4173,130,slaby
FF4172,87,zly,FF4172,92,zly
FF2079,71,zly,FF2079,125,slaby
FF2089,72,zly,FF2089,128,slaby
FF2099,73,zly,FF2099,103,zly
FF3039,76,zly,FF3039,83,zly
FF4039,92,zly,FF4039,123,slaby
FF4049,53,zly,FF4049,132,slaby
FF4059,35,zly,FF4059,114,slaby
FF4069,46,zly,FF4069,118,slaby
FF3028,46,zly,FF3028,86,zly
FF4038,33,zly,FF4038,111,zly
FF4048,24,zly,FF4048,120,slaby
FF4058,52,zly,FF4058,131,slaby
FG0204,54,zly,FG0204,117,slaby
FG0205,44,zly,FG0205,99,zly
FG0206,36,zly,FG0206,141,slaby
FG0207,68,zly,FG0207,153,umiarkowany
FG0208,33,zly,FG0208,139,slaby
FG0209,29,zly,FG0209,129,slaby
FG0300,58,zly,FG0300,110,zly
FG0301,39,zly,FG0301,101,zly
FG0302,43,zly,FG0302,84,zly
FG0303,49,zly,FG0303,96,zly
FG5545,140,umiarkowany,FG5545,108,zly
FG5533,119,slaby,FG5533,143,umiarkowany
FG5522,99,zly,FG5522,135,slaby
FG5523,112,zly,FG5523,108,zly
FG5524,128,slaby,FG5524,118,slaby
FG5525,107,zly,FG5525,127,slaby
FG5526,86,zly,FG5526,130,slaby
FG5527,76,zly,FG5527,122,slaby
FG5528,101,zly,FG5528,108,zly
FG5515,90,zly,FG5515,106,zly
FG5516,92,zly,FG5516,104,zly
FG5517,86,zly,FG5517,121,slaby
FG5518,124,slaby,FG5518,94,zly
FG5918,128,slaby,FG5918,107,zly
FG5919,117,slaby,FG5919,146,umiarkowany
FG0909,82,zly,FG0909,114,slaby
FG0919,134,slaby,FG0919,90,zly
FG0929,98,zly,FG0929,117,slaby
FG0969,92,zly,FG0969,124,slaby
FG3949,95,zly,FG3949,136,slaby
FG3959,119,slaby,FG3959,129,slaby
FG4939,76,zly,FG4939,137,slaby
FG4949,77,zly,FG4949,123,slaby
FG4999,60,zly,FG4999,149,umiarkowany
FG5909,102,zly,FG5909,141,slaby
FG3948,96,zly,FG3948,148,umiarkowany
FG3998,120,slaby,FG3998,134,slaby
FG4928,134,slaby,FG4928,115,slaby
FG4938,102,zly,FG4938,140,slaby
FG4948,67,zly,FG4948,143,umiarkowany
FG4958,100,zly,FG4958,137,slaby
FG4998,83,zly,FG4998,153,umiarkowany
FG5908,75,zly,FG5908,143,umiarkowany
FG3937,117,slaby,FG3937,136,slaby
FG3947,122,slaby,FG3947,147,umiarkowany
FG3957,145,umiarkowany,FG3957,114,slaby
FG3987,123,slaby,FG3987,135,slaby
FG4907,119,slaby,FG4907,110,zly
FG4917,87,zly,FG4917,133,slaby
FG4927,80,zly,FG4927,137,slaby
FG5907,135,umiarkowany,FG5907,121,slaby
FG2894,134,slaby,FG2894,116,slaby
FG3804,95,zly,FG3804,142,umiarkowany
FG3805,75,zly,FG3805,141,slaby
FG3834,120,slaby,FG3834,124,slaby
FG3835,116,zly,FG3835,109,zly
FG3884,53,zly,FG3884,63,zly
FG3894,116,zly,FG3894,74,zly
FG3895,99,zly,FG3895,69,zly
FG4805,110,zly,FG4805,88,zly
FG4815,112,zly,FG4815,72,zly
FG4825,93,zly,FG4825,87,zly
FG4834,87,zly,FG4834,104,zly
FG4835,101,zly,FG4835,97,zly
FG3936,88,zly,FG3936,140,slaby
FG3946,131,slaby,FG3946,119,slaby
FG3956,142,umiarkowany,FG3956,119,slaby
FG3976,96,zly,FG3976,153,umiarkowany
FG4906,84,zly,FG4906,139,slaby
FG4916,64,zly,FG4916,148,umiarkowany
FG4926,124,slaby,FG4926,109,zly
FG3925,81,zly,FG3925,149,umiarkowany
FG3935,81,zly,FG3935,140,slaby
FG3965,122,slaby,FG3965,125,slaby
FG3975,141,umiarkowany,FG3975,116,slaby
FG4905,118,slaby,FG4905,136,slaby
FG4915,90,zly,FG4915,144,umiarkowany
FG3924,66,zly,FG3924,144,umiarkowany
FG3934,77,zly,FG3934,142,umiarkowany
FG3944,94,zly,FG3944,153,umiarkowany
FG3954,95,zly,FG3954,133,slaby
FG3964,86,zly,FG3964,139,slaby
FG4904,127,slaby,FG4904,128,slaby
FG4914,89,zly,FG4914,144,umiarkowany
FG2983,120,slaby,FG2983,134,slaby
FG3913,90,zly,FG3913,131,slaby
FG3923,108,zly,FG3923,124,slaby
FG3943,106,zly,FG3943,147,umiarkowany
FG3953,135,umiarkowany,FG3953,109,zly
FG4903,141,umiarkowany,FG4903,96,zly
FG4913,97,zly,FG4913,148,umiarkowany
FG2982,100,zly,FG2982,145,umiarkowany
FG3912,57,zly,FG3912,146,umiarkowany
FG3932,124,slaby,FG3932,94,zly
FG3942,71,zly,FG3942,148,umiarkowany
FG3952,97,zly,FG3952,133,slaby
FG3982,151,umiarkowany,FG3982,85,zly
FG3992,154,dobry,FG3992,91,zly
FG4902,124,slaby,FG4902,101,zly
FG4952,144,umiarkowany,FG4952,121,slaby
FG2981,104,zly,FG2981,140,slaby
FG2991,113,zly,FG2991,107,zly
FG3901,47,zly,FG3901,100,zly
FG3921,122,slaby,FG3921,94,zly
FG3931,40,zly,FG3931,135,slaby
FG3941,121,slaby,FG3941,114,slaby
FG2950,147,umiarkowany,FG2950,83,zly
FG2960,78,zly,FG2960,147,umiarkowany
FG2970,114,zly,FG2970,142,umiarkowany
FG3900,54,zly,FG3900,103,zly
FG3920,63,zly,FG3920,143,umiarkowany
FG3930,77,zly,FG3930,132,slaby
FG4940,89,zly,FG4940,155,umiarkowany
FG2869,61,zly,FG2869,161,dobry
FG2899,77,zly,FG2899,106,zly
FG3809,77,zly,FG3809,109,zly
FG3819,62,zly,FG3819,118,slaby
FG3829,49,zly,FG3829,134,slaby
FG3839,152,dobry,FG3839,97,zly
FG3869,147,umiarkowany,FG3869,121,slaby
FG4849,94,zly,FG4849,137,slaby
FG4859,138,umiarkowany,FG4859,102,zly
FG2858,132,slaby,FG2858,134,slaby
FG2868,114,zly,FG2868,140,slaby
FG2898,79,zly,FG2898,130,slaby
FG3808,113,zly,FG3808,108,zly
FG3818,49,zly,FG3818,120,slaby
FG3828,108,zly,FG3828,116,slaby
FG3868,122,slaby,FG3868,126,slaby
FG4848,138,umiarkowany,FG4848,117,slaby
FG2857,95,zly,FG2857,141,slaby
FG2867,124,slaby,FG2867,123,slaby
FG3807,79,zly,FG3807,136,slaby
FG3817,67,zly,FG3817,129,slaby
FG3867,114,zly,FG3867,132,slaby
FG4847,139,umiarkowany,FG4847,128,slaby
FG2856,130,slaby,FG2856,117,slaby
FG3806,55,zly,FG3806,136,slaby
FG3866,129,slaby,FG3866,111,zly
FG4836,108,zly,FG4836,116,slaby
FG4846,115,zly,FG4846,105,zly
FG5504,94,zly,FG5504,128,slaby
FG5505,126,slaby,FG5505,130,slaby
FG5506,125,slaby,FG5506,103,zly
FG5507,108,zly,FG5507,142,umiarkowany
FG0803,97,zly,FG0803,134,slaby
FG0813,132,slaby,FG0813,94,zly
FG0823,135,umiarkowany,FG0823,83,zly
FG0833,110,zly,FG0833,92,zly
FG2883,145,umiarkowany,FG2883,91,zly
FG2893,96,zly,FG2893,138,slaby
FG3823,116,zly,FG3823,126,slaby
FG3883,85,zly,FG3883,79,zly
FG4833,76,zly,FG4833,129,slaby
FG0802,138,umiarkowany,FG0802,88,zly
FG0812,102,zly,FG0812,137,slaby
FG0822,77,zly,FG0822,122,slaby
FG0832,139,umiarkowany,FG0832,105,zly
FG1812,119,slaby,FG1812,87,zly
FG1822,93,zly,FG1822,122,slaby
FG2872,115,zly,FG2872,130,slaby
FG2882,101,zly,FG2882,123,slaby
FG3832,105,zly,FG3832,115,slaby
FG3872,82,zly,FG3872,88,zly
FG0801,130,slaby,FG0801,121,slaby
FG0811,50,zly,FG0811,125,slaby
FG0821,126,slaby,FG0821,128,slaby
FG1811,136,umiarkowany,FG1811,107,zly
FG1821,126,slaby,FG1821,75,zly
FG2861,119,slaby,FG2861,114,slaby
FG2871,142,umiarkowany,FG2871,111,zly
FG3831,104,zly,FG3831,120,slaby
FG3861,123,slaby,FG3861,63,zly
FG3871,55,zly,FG3871,72,zly
FG3881,126,slaby,FG3881,68,zly
FG0800,112,zly,FG0800,136,slaby
FG0810,62,zly,FG0810,132,slaby
FG0890,135,umiarkowany,FG0890,89,zly
FG1810,92,zly,FG1810,153,umiarkowany
FG2850,135,umiarkowany,FG2850,117,slaby
FG2860,96,zly,FG2860,135,slaby
FG2890,89,zly,FG2890,141,slaby
FG3800,127,slaby,FG3800,106,zly
FG3820,73,zly,FG3820,126,slaby
FG3830,80,zly,FG3830,118,slaby
FG3840,75,zly,FG3840,94,zly
FG3850,1,zly,FG3850,28,zly
FG3860,71,zly,FG3860,67,zly
FG3870,51,zly,FG3870,67,zly
FG3880,83,zly,FG3880,77,zly
FG3890,114,zly,FG3890,78,zly
FG4810,57,zly,FG4810,117,slaby
FG0719,137,umiarkowany,FG0719,129,slaby
FG1709,112,zly,FG1709,117,slaby
FG1719,96,zly,FG1719,131,slaby
FG2749,115,zly,FG2749,113,zly
FG2759,73,zly,FG2759,123,slaby
FG2789,135,umiarkowany,FG2789,129,slaby
FG2799,125,slaby,FG2799,137,slaby
FG3729,107,zly,FG3729,99,zly
FG3759,111,zly,FG3759,93,zly
FG3779,86,zly,FG3779,85,zly
FG3789,55,zly,FG3789,90,zly
FG3799,65,zly,FG3799,73,zly
FG4719,82,zly,FG4719,97,zly
FG4759,104,zly,FG4759,132,slaby
FG0758,132,slaby,FG0758,133,slaby
FG0768,125,slaby,FG0768,113,zly
FG1708,103,zly,FG1708,143,umiarkowany
FG2768,131,slaby,FG2768,131,slaby
FG2788,114,zly,FG2788,150,umiarkowany
FG3758,149,umiarkowany,FG3758,85,zly
FG3768,92,zly,FG3768,123,slaby
FG3778,91,zly,FG3778,95,zly
FG3788,91,zly,FG3788,112,zly
FG4718,94,zly,FG4718,147,umiarkowany
FG4728,85,zly,FG4728,140,slaby
FG4748,125,slaby,FG4748,127,slaby
FG4758,120,slaby,FG4758,94,zly
FG1689,102,zly,FG1689,111,zly
FG2609,119,slaby,FG2609,142,umiarkowany
FG2700,119,slaby,FG2700,102,zly
FG2639,107,zly,FG2639,102,zly
FG2730,85,zly,FG2730,149,umiarkowany
FG2649,110,zly,FG2649,114,slaby
FG2740,105,zly,FG2740,141,slaby
FG2659,132,slaby,FG2659,97,zly
FG2750,73,zly,FG2750,113,zly
FG2669,116,zly,FG2669,112,zly
FG2760,78,zly,FG2760,115,slaby
FG3609,138,umiarkowany,FG3609,113,zly
FG3619,88,zly,FG3619,153,umiarkowany
FG3710,80,zly,FG3710,136,slaby
FG3720,88,zly,FG3720,129,slaby
FG3639,135,umiarkowany,FG3639,112,zly
FG3649,133,slaby,FG3649,109,zly
FG3679,133,slaby,FG3679,113,zly
FG3780,159,dobry,FG3780,94,zly
FG4609,99,zly,FG4609,122,slaby
FG4619,89,zly,FG4619,133,slaby
FG4710,143,umiarkowany,FG4710,84,zly
FG4629,59,zly,FG4629,127,slaby
FG4730,132,slaby,FG4730,115,slaby
FG0668,115,zly,FG0668,146,umiarkowany
FG0678,114,zly,FG0678,134,slaby
FG1678,126,slaby,FG1678,114,slaby
FG1698,154,dobry,FG1698,99,zly
FG2608,83,zly,FG2608,133,slaby
FG3608,134,slaby,FG3608,117,slaby
FG3618,145,umiarkowany,FG3618,116,slaby
FG3648,115,zly,FG3648,114,slaby
FG3658,86,zly,FG3658,133,slaby
FG3668,80,zly,FG3668,133,slaby
FG3678,143,umiarkowany,FG3678,106,zly
FG3698,60,zly,FG3698,135,slaby
FG4608,57,zly,FG4608,105,zly
FG4618,104,zly,FG4618,111,zly
FG4628,107,zly,FG4628,95,zly
FG0757,148,umiarkowany,FG0757,136,slaby
FG0767,132,slaby,FG0767,89,zly
FG0777,126,slaby,FG0777,73,zly
FG0787,155,dobry,FG0787,88,zly
FG0797,115,zly,FG0797,82,zly
FG2757,126,slaby,FG2757,108,zly
FG2767,80,zly,FG2767,137,slaby
FG2777,51,zly,FG2777,103,zly
FG2787,96,zly,FG2787,149,umiarkowany
FG3707,70,zly,FG3707,138,slaby
FG3767,81,zly,FG3767,105,zly
FG3777,109,zly,FG3777,99,zly
FG4707,122,slaby,FG4707,126,slaby
FG4717,64,zly,FG4717,139,slaby
FG4747,75,zly,FG4747,109,zly
FG4757,95,zly,FG4757,98,zly
FG0736,118,slaby,FG0736,123,slaby
FG0756,117,slaby,FG0756,134,slaby
FG0766,118,slaby,FG0766,127,slaby
FG0776,121,slaby,FG0776,112,zly
FG1736,137,umiarkowany,FG1736,101,zly
FG2766,92,zly,FG2766,104,zly
FG2776,56,zly,FG2776,155,umiarkowany
FG2786,141,umiarkowany,FG2786,150,umiarkowany
FG2796,66,zly,FG2796,163,dobry
FG3706,152,dobry,FG3706,149,umiarkowany
FG3756,66,zly,FG3756,114,slaby
FG4726,93,zly,FG4726,140,slaby
FG0735,128,slaby,FG0735,123,slaby
FG0765,117,slaby,FG0765,120,slaby
FG1725,135,umiarkowany,FG1725,115,slaby
FG2795,114,zly,FG2795,144,umiarkowany
FG3745,141,umiarkowany,FG3745,105,zly
FG3755,90,zly,FG3755,109,zly
FG3765,103,zly,FG3765,117,slaby
FG3775,105,zly,FG3775,128,slaby
FG3785,145,umiarkowany,FG3785,101,zly
FG4725,127,slaby,FG4725,133,slaby
FG0714,127,slaby,FG0714,130,slaby
FG2764,116,zly,FG2764,112,zly
FG3734,111,zly,FG3734,123,slaby
FG3744,126,slaby,FG3744,94,zly
FG3794,94,zly,FG3794,138,slaby
FG4704,115,zly,FG4704,113,zly
FG0713,126,slaby,FG0713,126,slaby
FG0733,114,zly,FG0733,130,slaby
FG2753,101,zly,FG2753,107,zly
FG3723,60,zly,FG3723,125,slaby
FG3733,60,zly,FG3733,128,slaby
FG3793,166,dobry,FG3793,117,slaby
FG4763,152,dobry,FG4763,95,zly
FG0702,124,slaby,FG0702,81,zly
FG0732,108,zly,FG0732,148,umiarkowany
FG2732,123,slaby,FG2732,99,zly
FG2742,92,zly,FG2742,135,slaby
FG2752,108,zly,FG2752,125,slaby
FG2762,108,zly,FG2762,85,zly
FG2772,95,zly,FG2772,96,zly
FG2782,138,umiarkowany,FG2782,91,zly
FG3712,160,dobry,FG3712,119,slaby
FG3722,47,zly,FG3722,117,slaby
FG3732,78,zly,FG3732,133,slaby
FG3782,140,umiarkowany,FG3782,109,zly
FG4742,109,zly,FG4742,142,umiarkowany
FG4762,181,bardzo dobry,FG4762,83,zly
FG0701,131,slaby,FG0701,56,zly
FG0731,116,zly,FG0731,127,slaby
FG2711,112,zly,FG2711,163,dobry
FG2721,104,zly,FG2721,132,slaby
FG2731,133,slaby,FG2731,107,zly
FG2741,134,slaby,FG2741,134,slaby
FG2751,51,zly,FG2751,108,zly
FG2761,47,zly,FG2761,63,zly
FG2771,96,zly,FG2771,101,zly
FG2781,118,slaby,FG2781,115,slaby
FG3711,71,zly,FG3711,124,slaby
FG3721,76,zly,FG3721,132,slaby
FG3731,156,dobry,FG3731,109,zly
FG3781,123,slaby,FG3781,147,umiarkowany
FG4731,115,zly,FG4731,119,slaby
FG4741,141,umiarkowany,FG4741,134,slaby
FG0657,101,zly,FG0657,162,dobry
FG0667,162,dobry,FG0667,106,zly
FG0677,94,zly,FG0677,135,slaby
FG0687,83,zly,FG0687,173,dobry
FG0697,99,zly,FG0697,148,umiarkowany
FG1607,109,zly,FG1607,123,slaby
FG1617,82,zly,FG1617,148,umiarkowany
FG1697,82,zly,FG1697,142,umiarkowany
FG2607,84,zly,FG2607,138,slaby
FG2617,104,zly,FG2617,109,zly
FG2627,109,zly,FG2627,90,zly
FG2637,113,zly,FG2637,142,umiarkowany
FG2647,120,slaby,FG2647,107,zly
FG3607,114,zly,FG3607,110,zly
FG3667,61,zly,FG3667,132,slaby
FG3697,121,slaby,FG3697,98,zly
FG4607,60,zly,FG4607,130,slaby
FG0646,88,zly,FG0646,133,slaby
FG0656,113,zly,FG0656,96,zly
FG0666,124,slaby,FG0666,93,zly
FG0676,99,zly,FG0676,86,zly
FG0686,86,zly,FG0686,112,zly
FG0696,69,zly,FG0696,119,slaby
FG1606,55,zly,FG1606,158,dobry
FG1686,130,slaby,FG1686,98,zly
FG1696,90,zly,FG1696,126,slaby
FG2606,89,zly,FG2606,121,slaby
FG2616,45,zly,FG2616,111,zly
FG2626,55,zly,FG2626,110,zly
FG2636,60,zly,FG2636,122,slaby
FG2646,75,zly,FG2646,129,slaby
FG2656,61,zly,FG2656,133,slaby
FG2666,95,zly,FG2666,115,slaby
FG2676,111,zly,FG2676,120,slaby
FG2686,110,zly,FG2686,135,slaby
FG2696,106,zly,FG2696,156,umiarkowany
FG3606,89,zly,FG3606,145,umiarkowany
FG3616,153,dobry,FG3616,90,zly
FG3626,168,dobry,FG3626,74,zly
FG3686,116,zly,FG3686,142,umiarkowany
FG0635,128,slaby,FG0635,104,zly
FG0645,64,zly,FG0645,104,zly
FG0655,129,slaby,FG0655,118,slaby
FG0685,137,umiarkowany,FG0685,106,zly
FG1605,100,zly,FG1605,106,zly
FG1685,85,zly,FG1685,119,slaby
FG1695,77,zly,FG1695,135,slaby
FG2605,79,zly,FG2605,109,zly
FG2615,45,zly,FG2615,98,zly
FG2645,129,slaby,FG2645,116,slaby
FG2665,129,slaby,FG2665,109,zly
FG2675,60,zly,FG2675,155,umiarkowany
FG2685,52,zly,FG2685,124,slaby
FG2695,170,dobry,FG2695,80,zly
FG3605,136,umiarkowany,FG3605,113,zly
FG3615,57,zly,FG3615,127,slaby
FG3625,78,zly,FG3625,147,umiarkowany
FG4605,136,umiarkowany,FG4605,114,slaby
FG4615,121,slaby,FG4615,117,slaby
FG0624,125,slaby,FG0624,109,zly
FG0634,113,zly,FG0634,116,slaby
FG0644,134,slaby,FG0644,138,slaby
FG0654,129,slaby,FG0654,93,zly
FG0664,157,dobry,FG0664,59,zly
FG0674,136,umiarkowany,FG0674,92,zly
FG0684,121,slaby,FG0684,64,zly
FG1634,103,zly,FG1634,110,zly
FG1674,90,zly,FG1674,86,zly
FG1684,34,zly,FG1684,106,zly
FG1694,119,slaby,FG1694,119,slaby
FG2604,84,zly,FG2604,96,zly
FG2614,55,zly,FG2614,107,zly
FG2644,107,zly,FG2644,95,zly
FG2674,164,dobry,FG2674,120,slaby
FG2684,75,zly,FG2684,110,zly
FG2694,119,slaby,FG2694,90,zly
FG3604,147,umiarkowany,FG3604,115,slaby
FG3614,76,zly,FG3614,130,slaby
FG3624,89,zly,FG3624,127,slaby
FG3634,103,zly,FG3634,120,slaby
FG3644,86,zly,FG3644,142,umiarkowany
FG3654,144,umiarkowany,FG3654,90,zly
FG0623,135,umiarkowany,FG0623,114,slaby
FG0653,107,zly,FG0653,109,zly
FG0663,93,zly,FG0663,122,slaby
FG0673,107,zly,FG0673,101,zly
FG1613,129,slaby,FG1613,107,zly
FG1623,113,zly,FG1623,123,slaby
FG1683,40,zly,FG1683,103,zly
FG1693,55,zly,FG1693,96,zly
FG2603,37,zly,FG2603,109,zly
FG2613,104,zly,FG2613,115,slaby
FG2643,126,slaby,FG2643,75,zly
FG2653,56,zly,FG2653,125,slaby
FG2663,111,zly,FG2663,84,zly
FG2673,94,zly,FG2673,111,zly
FG2683,66,zly,FG2683,110,zly
FG2693,48,zly,FG2693,104,zly
FG3603,82,zly,FG3603,142,umiarkowany
FG3613,124,slaby,FG3613,80,zly
FG3653,131,slaby,FG3653,128,slaby
FG3663,112,zly,FG3663,110,zly
FG3693,127,slaby,FG3693,109,zly
FG4596,150,umiarkowany,FG4596,112,zly
FG4597,145,umiarkowany,FG4597,101,zly
FG0602,162,dobry,FG0602,93,zly
FG0622,106,zly,FG0622,130,slaby
FG0652,122,slaby,FG0652,74,zly
FG0662,136,umiarkowany,FG0662,89,zly
FG0672,90,zly,FG0672,110,zly
FG1622,125,slaby,FG1622,137,slaby
FG1692,51,zly,FG1692,117,slaby
FG2602,85,zly,FG2602,126,slaby
FG2612,126,slaby,FG2612,90,zly
FG2642,161,dobry,FG2642,72,zly
FG2652,86,zly,FG2652,117,slaby
FG2662,129,slaby,FG2662,88,zly
FG2672,156,dobry,FG2672,108,zly
FG2682,149,umiarkowany,FG2682,107,zly
FG2692,99,zly,FG2692,129,slaby
FG3602,121,slaby,FG3602,113,zly
FG3612,103,zly,FG3612,114,slaby
FG3652,153,dobry,FG3652,100,zly
FG3662,133,slaby,FG3662,120,slaby
FG3682,133,slaby,FG3682,107,zly
FG3692,91,zly,FG3692,148,umiarkowany
FG4602,120,slaby,FG4602,134,slaby
FG4612,148,umiarkowany,FG4612,86,zly
FG0601,135,umiarkowany,FG0601,162,dobry
FG0611,108,zly,FG0611,166,dobry
FG0621,126,slaby,FG0621,128,slaby
FG0651,157,dobry,FG0651,75,zly
FG0661,109,zly,FG0661,94,zly
FG1621,108,zly,FG1621,130,slaby
FG1641,173,bardzo dobry,FG1641,125,slaby
FG1681,36,zly,FG1681,86,zly
FG1691,82,zly,FG1691,116,slaby
FG2601,86,zly,FG2601,116,slaby
FG2611,106,zly,FG2611,103,zly
FG2661,82,zly,FG2661,106,zly
FG2671,123,slaby,FG2671,104,zly
FG2681,119,slaby,FG2681,128,slaby
FG0610,102,zly,FG0610,150,umiarkowany
FG0620,131,slaby,FG0620,118,slaby
FG0630,152,dobry,FG0630,114,slaby
FG0640,117,slaby,FG0640,111,zly
FG0650,110,zly,FG0650,126,slaby
FG0680,95,zly,FG0680,91,zly
FG0690,135,umiarkowany,FG0690,83,zly
FG1630,120,slaby,FG1630,114,slaby
FG1640,45,zly,FG1640,117,slaby
FG1650,81,zly,FG1650,95,zly
FG1670,36,zly,FG1670,87,zly
FG1680,56,zly,FG1680,122,slaby
FG1690,52,zly,FG1690,112,zly
FG2630,99,zly,FG2630,102,zly
FG2640,83,zly,FG2640,107,zly
FG2660,143,umiarkowany,FG2660,77,zly
FG2670,93,zly,FG2670,128,slaby
FG2680,90,zly,FG2680,139,slaby
FG3630,143,umiarkowany,FG3630,82,zly
FG4610,165,dobry,FG4610,74,zly
FG0529,97,zly,FG0529,106,zly
FG0539,71,zly,FG0539,141,slaby
FG0549,123,slaby,FG0549,86,zly
FG0589,73,zly,FG0589,103,zly
FG0599,147,umiarkowany,FG0599,96,zly
FG1539,135,umiarkowany,FG1539,98,zly
FG1549,67,zly,FG1549,116,slaby
FG1559,107,zly,FG1559,91,zly
FG1579,85,zly,FG1579,107,zly
FG1589,83,zly,FG1589,113,zly
FG1599,116,zly,FG1599,102,zly
FG2529,167,dobry,FG2529,75,zly
FG2539,53,zly,FG2539,104,zly
FG2549,50,zly,FG2549,107,zly
FG2559,113,zly,FG2559,94,zly
FG2579,125,slaby,FG2579,86,zly
FG2589,73,zly,FG2589,137,slaby
FG2599,87,zly,FG2599,128,slaby
FG3539,72,zly,FG3539,146,umiarkowany
FG3549,140,umiarkowany,FG3549,93,zly
FG3599,145,umiarkowany,FG3599,103,zly
FG4509,122,slaby,FG4509,115,slaby
FG0508,147,umiarkowany,FG0508,103,zly
FG0518,153,dobry,FG0518,64,zly
FG0528,83,zly,FG0528,112,zly
FG0538,114,zly,FG0538,108,zly
FG0578,125,slaby,FG0578,91,zly
FG0588,138,umiarkowany,FG0588,94,zly
FG0598,64,zly,FG0598,104,zly
FG1508,172,bardzo dobry,FG1508,110,zly
FG1538,77,zly,FG1538,120,slaby
FG1548,113,zly,FG1548,111,zly
FG1558,40,zly,FG1558,121,slaby
FG1568,49,zly,FG1568,80,zly
FG1578,93,zly,FG1578,82,zly
FG1588,102,zly,FG1588,97,zly
FG2528,85,zly,FG2528,111,zly
FG2538,47,zly,FG2538,118,slaby
FG2548,94,zly,FG2548,110,zly
FG2558,130,slaby,FG2558,94,zly
FG2578,160,dobry,FG2578,89,zly
FG3518,121,slaby,FG3518,129,slaby
FG3528,110,zly,FG3528,76,zly
FG3538,96,zly,FG3538,124,slaby
FG3548,86,zly,FG3548,117,slaby
FG3558,127,slaby,FG3558,129,slaby
FG3588,159,dobry,FG3588,77,zly
FG3598,97,zly,FG3598,139,slaby
FG0517,92,zly,FG0517,108,zly
FG0527,72,zly,FG0527,115,slaby
FG0537,167,dobry,FG0537,64,zly
FG0567,121,slaby,FG0567,93,zly
FG1507,159,dobry,FG1507,98,zly
FG1517,108,zly,FG1517,128,slaby
FG1527,52,zly,FG1527,117,slaby
FG1537,109,zly,FG1537,126,slaby
FG1547,103,zly,FG1547,109,zly
FG1567,34,zly,FG1567,119,slaby
FG1577,80,zly,FG1577,124,slaby
FG1587,89,zly,FG1587,111,zly
FG1597,93,zly,FG1597,120,slaby
FG2507,139,umiarkowany,FG2507,82,zly
FG2517,85,zly,FG2517,99,zly
FG2527,53,zly,FG2527,107,zly
FG2537,62,zly,FG2537,106,zly
FG2547,123,slaby,FG2547,81,zly
FG3507,124,slaby,FG3507,58,zly
FG3517,84,zly,FG3517,105,zly
FG3527,124,slaby,FG3527,147,umiarkowany
FG3537,130,slaby,FG3537,112,zly
FG3547,149,umiarkowany,FG3547,88,zly
FG3557,123,slaby,FG3557,124,slaby
FG3567,92,zly,FG3567,149,umiarkowany
FG3587,84,zly,FG3587,144,umiarkowany
FG0506,86,zly,FG0506,104,zly
FG0516,112,zly,FG0516,107,zly
FG0526,116,zly,FG0526,86,zly
FG0546,82,zly,FG0546,87,zly
FG0556,120,slaby,FG0556,80,zly
FG0566,81,zly,FG0566,109,zly
FG1516,134,slaby,FG1516,115,slaby
FG1526,43,zly,FG1526,125,slaby
FG1536,54,zly,FG1536,142,umiarkowany
FG1576,165,dobry,FG1576,98,zly
FG1586,128,slaby,FG1586,118,slaby
FG1596,70,zly,FG1596,111,zly
FG2506,66,zly,FG2506,110,zly
FG2516,53,zly,FG2516,116,slaby
FG2526,118,slaby,FG2526,99,zly
FG2536,128,slaby,FG2536,88,zly
FG2546,137,umiarkowany,FG2546,101,zly
FG3516,148,umiarkowany,FG3516,78,zly
FG3526,118,slaby,FG3526,132,slaby
FG3556,155,dobry,FG3556,99,zly
FG3576,113,zly,FG3576,136,slaby
FG3586,90,zly,FG3586,119,slaby
FG0505,149,umiarkowany,FG0505,98,zly
FG0515,86,zly,FG0515,104,zly
FG0525,99,zly,FG0525,84,zly
FG0535,86,zly,FG0535,107,zly
FG0545,124,slaby,FG0545,104,zly
FG0555,136,umiarkowany,FG0555,97,zly
FG1595,34,zly,FG1595,104,zly
FG2505,66,zly,FG2505,126,slaby
FG2515,66,zly,FG2515,104,zly
FG2525,50,zly,FG2525,114,slaby
FG2535,70,zly,FG2535,136,slaby
FG2585,131,slaby,FG2585,60,zly
FG2595,108,zly,FG2595,73,zly
FG3505,114,zly,FG3505,106,zly
FG3515,73,zly,FG3515,125,slaby
FG3525,118,slaby,FG3525,107,zly
FG3565,115,zly,FG3565,143,umiarkowany
FG4593,138,umiarkowany,FG4593,117,slaby
FG4594,60,zly,FG4594,120,slaby
FG0514,148,umiarkowany,FG0514,80,zly
FG0524,71,zly,FG0524,128,slaby
FG0534,94,zly,FG0534,104,zly
FG0544,65,zly,FG0544,124,slaby
FG0554,136,umiarkowany,FG0554,96,zly
FG1594,29,zly,FG1594,91,zly
FG2504,48,zly,FG2504,91,zly
FG2514,45,zly,FG2514,103,zly
FG2524,72,zly,FG2524,123,slaby
FG2534,86,zly,FG2534,88,zly
FG3504,117,slaby,FG3504,74,zly
FG3514,77,zly,FG3514,117,slaby
FG3524,93,zly,FG3524,95,zly
FG3554,129,slaby,FG3554,81,zly
FG3564,136,umiarkowany,FG3564,97,zly
FG4574,154,dobry,FG4574,105,zly
FG4584,70,zly,FG4584,112,zly
FG0523,151,umiarkowany,FG0523,88,zly
FG0533,160,dobry,FG0533,86,zly
FG0543,76,zly,FG0543,106,zly
FG2503,56,zly,FG2503,101,zly
FG2513,119,slaby,FG2513,75,zly
FG2523,114,zly,FG2523,85,zly
FG2533,65,zly,FG2533,130,slaby
FG2543,107,zly,FG2543,97,zly
FG2563,118,slaby,FG2563,76,zly
FG2573,97,zly,FG2573,103,zly
FG3503,108,zly,FG3503,95,zly
FG3513,92,zly,FG3513,91,zly
FG3523,159,dobry,FG3523,88,zly
FG3553,130,slaby,FG3553,114,slaby
FG4523,94,zly,FG4523,132,slaby
FG4563,117,slaby,FG4563,99,zly
FG4573,87,zly,FG4573,112,zly
FG4583,82,zly,FG4583,155,umiarkowany
FG0552,146,umiarkowany,FG0552,89,zly
FG0562,73,zly,FG0562,106,zly
FG1592,32,zly,FG1592,93,zly
FG2502,33,zly,FG2502,108,zly
FG2542,112,zly,FG2542,120,slaby
FG2552,73,zly,FG2552,116,slaby
FG2562,42,zly,FG2562,117,slaby
FG2572,57,zly,FG2572,116,slaby
FG2582,76,zly,FG2582,102,zly
FG2592,86,zly,FG2592,99,zly
FG3502,72,zly,FG3502,115,slaby
FG3512,74,zly,FG3512,116,slaby
FG4512,157,dobry,FG4512,85,zly
FG4522,110,zly,FG4522,139,slaby
FG4552,111,zly,FG4552,114,slaby
FG4562,68,zly,FG4562,134,slaby
FG4572,109,zly,FG4572,106,zly
FG0551,97,zly,FG0551,120,slaby
FG0561,73,zly,FG0561,101,zly
FG1581,51,zly,FG1581,108,zly
FG1591,44,zly,FG1591,112,zly
FG2501,47,zly,FG2501,114,slaby
FG2511,135,umiarkowany,FG2511,76,zly
FG2531,172,bardzo dobry,FG2531,68,zly
FG2541,134,slaby,FG2541,85,zly
FG2551,50,zly,FG2551,124,slaby
FG2561,39,zly,FG2561,117,slaby
FG2571,37,zly,FG2571,105,zly
FG2581,51,zly,FG2581,124,slaby
FG2591,53,zly,FG2591,127,slaby
FG3501,92,zly,FG3501,127,slaby
FG3521,141,umiarkowany,FG3521,79,zly
FG3531,133,slaby,FG3531,102,zly
FG3581,105,zly,FG3581,88,zly
FG3591,145,umiarkowany,FG3591,75,zly
FG4551,103,zly,FG4551,102,zly
FG4561,104,zly,FG4561,137,slaby
FG0510,151,umiarkowany,FG0510,87,zly
FG0530,125,slaby,FG0530,108,zly
FG0540,40,zly,FG0540,77,zly
FG0550,45,zly,FG0550,115,slaby
FG1560,26,zly,FG1560,111,zly
FG1570,83,zly,FG1570,116,slaby
FG1580,73,zly,FG1580,102,zly
FG1590,104,zly,FG1590,86,zly
FG2500,65,zly,FG2500,107,zly
FG2510,84,zly,FG2510,115,slaby
FG2520,97,zly,FG2520,87,zly
FG2530,73,zly,FG2530,99,zly
FG2540,43,zly,FG2540,103,zly
FG2550,53,zly,FG2550,113,zly
FG2560,78,zly,FG2560,97,zly
FG2570,81,zly,FG2570,75,zly
FG2580,75,zly,FG2580,87,zly
FG2590,76,zly,FG2590,118,slaby
FG3500,113,zly,FG3500,85,zly
FG3570,150,umiarkowany,FG3570,84,zly
FG3580,109,zly,FG3580,92,zly
FG3590,101,zly,FG3590,96,zly
FG4500,137,umiarkowany,FG4500,109,zly
FG4530,115,zly,FG4530,101,zly
FG4540,157,dobry,FG4540,84,zly
FG0409,61,zly,FG0409,119,slaby
FG0419,89,zly,FG0419,118,slaby
FG0429,140,umiarkowany,FG0429,123,slaby
FG1459,23,zly,FG1459,88,zly
FG1469,33,zly,FG1469,87,zly
FG1479,120,slaby,FG1479,94,zly
FG2409,139,umiarkowany,FG2409,81,zly
FG2419,117,slaby,FG2419,86,zly
FG2429,46,zly,FG2429,125,slaby
FG2439,42,zly,FG2439,118,slaby
FG2449,37,zly,FG2449,131,slaby
FG2459,70,zly,FG2459,108,zly
FG2479,104,zly,FG2479,86,zly
FG2489,79,zly,FG2489,110,zly
FG2499,116,zly,FG2499,68,zly
FG3499,135,umiarkowany,FG3499,100,zly
FG4409,73,zly,FG4409,126,slaby
FG4419,98,zly,FG4419,104,zly
FG4429,93,zly,FG4429,94,zly
FG4439,95,zly,FG4439,117,slaby
FG0408,67,zly,FG0408,114,slaby
FG0418,39,zly,FG0418,100,zly
FG1448,23,zly,FG1448,92,zly
FG1458,26,zly,FG1458,117,slaby
FG1468,47,zly,FG1468,123,slaby
FG1478,170,dobry,FG1478,63,zly
FG2408,133,slaby,FG2408,76,zly
FG2418,48,zly,FG2418,103,zly
FG2428,47,zly,FG2428,112,zly
FG2438,58,zly,FG2438,128,slaby
FG2448,34,zly,FG2448,96,zly
FG2458,126,slaby,FG2458,99,zly
FG3468,106,zly,FG3468,117,slaby
FG3478,118,slaby,FG3478,131,slaby
FG3488,146,umiarkowany,FG3488,93,zly
FG3498,114,zly,FG3498,115,slaby
FG4408,152,dobry,FG4408,87,zly
FG0417,41,zly,FG0417,112,zly
FG0427,49,zly,FG0427,84,zly
FG0437,67,zly,FG0437,109,zly
FG0467,109,zly,FG0467,97,zly
FG0477,23,zly,FG0477,103,zly
FG1447,23,zly,FG1447,102,zly
FG1457,31,zly,FG1457,90,zly
FG1467,56,zly,FG1467,93,zly
FG1497,145,umiarkowany,FG1497,104,zly
FG2407,48,zly,FG2407,111,zly
FG2417,45,zly,FG2417,96,zly
FG2427,42,zly,FG2427,106,zly
FG2437,51,zly,FG2437,117,slaby
FG2447,78,zly,FG2447,136,slaby
FG2457,151,umiarkowany,FG2457,80,zly
FG3457,126,slaby,FG3457,81,zly
FG3467,82,zly,FG3467,134,slaby
FG3477,65,zly,FG3477,125,slaby
FG3487,107,zly,FG3487,149,umiarkowany
FG0305,90,zly,FG0305,90,zly
FG0306,119,slaby,FG0306,107,zly
FG0315,61,zly,FG0315,107,zly
FG0316,74,zly,FG0316,96,zly
FG1335,31,zly,FG1335,84,zly
FG1345,35,zly,FG1345,102,zly
FG1346,28,zly,FG1346,85,zly
FG1355,38,zly,FG1355,119,slaby
FG1356,43,zly,FG1356,104,zly
FG1365,76,zly,FG1365,100,zly
FG1366,55,zly,FG1366,102,zly
FG1376,118,slaby,FG1376,99,zly
FG1386,54,zly,FG1386,99,zly
FG2305,91,zly,FG2305,109,zly
FG2315,132,slaby,FG2315,126,slaby
FG3305,116,zly,FG3305,110,zly
FG3315,93,zly,FG3315,112,zly
FG3325,84,zly,FG3325,128,slaby
FG3326,132,slaby,FG3326,118,slaby
FG3335,95,zly,FG3335,88,zly
FG3336,103,zly,FG3336,85,zly
FG0304,60,zly,FG0304,99,zly
FG0314,37,zly,FG0314,114,slaby
FG1334,29,zly,FG1334,81,zly
FG1344,32,zly,FG1344,97,zly
FG1354,46,zly,FG1354,105,zly
FG1364,73,zly,FG1364,103,zly
FG1374,143,umiarkowany,FG1374,106,zly
FG2324,88,zly,FG2324,119,slaby
FG2334,57,zly,FG2334,132,slaby
FG2344,46,zly,FG2344,140,slaby
FG2374,105,zly,FG2374,65,zly
FG3304,125,slaby,FG3304,99,zly
FG3314,62,zly,FG3314,142,umiarkowany
FG3324,61,zly,FG3324,108,zly
FG3334,81,zly,FG3334,103,zly
FG0313,29,zly,FG0313,121,slaby
FG0323,35,zly,FG0323,110,zly
FG1323,37,zly,FG1323,94,zly
FG1333,39,zly,FG1333,97,zly
FG1343,83,zly,FG1343,110,zly
FG1353,87,zly,FG1353,79,zly
FG1363,90,zly,FG1363,81,zly
FG1373,99,zly,FG1373,106,zly
FG2303,152,dobry,FG2303,78,zly
FG2323,95,zly,FG2323,80,zly
FG2333,70,zly,FG2333,82,zly
FG2343,74,zly,FG2343,129,slaby
FG2373,116,zly,FG2373,86,zly
FG2383,84,zly,FG2383,104,zly
FG2393,120,slaby,FG2393,89,zly
FG3303,88,zly,FG3303,112,zly
FG3313,49,zly,FG3313,121,slaby
FG3323,78,zly,FG3323,129,slaby
FG0406,51,zly,FG0406,95,zly
FG0416,54,zly,FG0416,113,zly
FG0426,82,zly,FG0426,101,zly
FG0436,82,zly,FG0436,112,zly
FG0456,122,slaby,FG0456,103,zly
FG0466,40,zly,FG0466,127,slaby
FG0476,23,zly,FG0476,112,zly
FG0486,50,zly,FG0486,121,slaby
FG1446,23,zly,FG1446,84,zly
FG1456,33,zly,FG1456,106,zly
FG1466,90,zly,FG1466,106,zly
FG1486,117,slaby,FG1486,92,zly
FG1496,58,zly,FG1496,113,zly
FG2406,61,zly,FG2406,106,zly
FG2416,50,zly,FG2416,96,zly
FG2426,77,zly,FG2426,78,zly
FG3446,110,zly,FG3446,141,slaby
FG3456,81,zly,FG3456,135,slaby
FG3466,82,zly,FG3466,126,slaby
FG0405,89,zly,FG0405,101,zly
FG0415,114,zly,FG0415,97,zly
FG0425,135,umiarkowany,FG0425,78,zly
FG0465,49,zly,FG0465,116,slaby
FG0475,29,zly,FG0475,108,zly
FG0485,30,zly,FG0485,99,zly
FG0495,23,zly,FG0495,106,zly
FG1445,23,zly,FG1445,80,zly
FG1455,42,zly,FG1455,130,slaby
FG1465,105,zly,FG1465,116,slaby
FG1485,72,zly,FG1485,109,zly
FG1495,40,zly,FG1495,112,zly
FG2405,28,zly,FG2405,107,zly
FG2415,53,zly,FG2415,102,zly
FG2425,133,slaby,FG2425,87,zly
FG3435,156,dobry,FG3435,96,zly
FG3445,122,slaby,FG3445,110,zly
FG3455,146,umiarkowany,FG3455,63,zly
FG0404,76,zly,FG0404,137,slaby
FG0414,139,umiarkowany,FG0414,96,zly
FG0454,75,zly,FG0454,133,slaby
FG0464,149,umiarkowany,FG0464,95,zly
FG0474,115,zly,FG0474,99,zly
FG0484,37,zly,FG0484,105,zly
FG0494,33,zly,FG0494,117,slaby
FG1444,28,zly,FG1444,85,zly
FG1454,54,zly,FG1454,120,slaby
FG1464,117,slaby,FG1464,115,slaby
FG1484,57,zly,FG1484,85,zly
FG1494,40,zly,FG1494,110,zly
FG2404,53,zly,FG2404,114,slaby
FG2414,148,umiarkowany,FG2414,86,zly
FG3434,146,umiarkowany,FG3434,126,slaby
FG3444,143,umiarkowany,FG3444,81,zly
FG0403,78,zly,FG0403,100,zly
FG0443,54,zly,FG0443,93,zly
FG0453,128,slaby,FG0453,107,zly
FG0483,73,zly,FG0483,114,slaby
FG0493,23,zly,FG0493,114,slaby
FG1433,23,zly,FG1433,66,zly
FG1443,31,zly,FG1443,81,zly
FG1453,67,zly,FG1453,97,zly
FG1463,122,slaby,FG1463,91,zly
FG1473,163,dobry,FG1473,76,zly
FG1483,82,zly,FG1483,135,slaby
FG1493,70,zly,FG1493,123,slaby
FG2403,45,zly,FG2403,86,zly
FG2453,148,umiarkowany,FG2453,95,zly
FG3433,134,slaby,FG3433,109,zly
FG3443,143,umiarkowany,FG3443,99,zly
FG0402,110,zly,FG0402,80,zly
FG0432,133,slaby,FG0432,100,zly
FG0442,81,zly,FG0442,74,zly
FG0452,148,umiarkowany,FG0452,85,zly
FG0482,37,zly,FG0482,109,zly
FG0492,23,zly,FG0492,95,zly
FG1432,23,zly,FG1432,75,zly
FG1442,133,slaby,FG1442,94,zly
FG1452,90,zly,FG1452,110,zly
FG1462,94,zly,FG1462,130,slaby
FG1472,104,zly,FG1472,110,zly
FG1482,66,zly,FG1482,138,slaby
FG1492,68,zly,FG1492,130,slaby
FG2402,111,zly,FG2402,120,slaby
FG2442,129,slaby,FG2442,94,zly
FG3432,138,umiarkowany,FG3432,94,zly
FG3442,118,slaby,FG3442,102,zly
FG0421,84,zly,FG0421,99,zly
FG0431,71,zly,FG0431,105,zly
FG0441,136,umiarkowany,FG0441,80,zly
FG0461,130,slaby,FG0461,93,zly
FG0471,99,zly,FG0471,99,zly
FG0481,32,zly,FG0481,89,zly
FG0491,30,zly,FG0491,113,zly
FG1451,103,zly,FG1451,110,zly
FG1461,60,zly,FG1461,92,zly
FG1471,33,zly,FG1471,90,zly
FG1481,37,zly,FG1481,111,zly
FG1491,67,zly,FG1491,130,slaby
FG2401,162,dobry,FG2401,111,zly
FG3421,116,zly,FG3421,69,zly
FG3431,102,zly,FG3431,126,slaby
FG3441,98,zly,FG3441,94,zly
FG0420,112,zly,FG0420,110,zly
FG0430,100,zly,FG0430,92,zly
FG0450,102,zly,FG0450,107,zly
FG0460,59,zly,FG0460,121,slaby
FG0470,41,zly,FG0470,111,zly
FG0480,50,zly,FG0480,122,slaby
FG0490,50,zly,FG0490,111,zly
FG1450,110,zly,FG1450,108,zly
FG1460,50,zly,FG1460,96,zly
FG1470,39,zly,FG1470,90,zly
FG1480,53,zly,FG1480,98,zly
FG1490,71,zly,FG1490,115,slaby
FG2400,109,zly,FG2400,113,zly
FG2450,113,zly,FG2450,138,slaby
FG3410,110,zly,FG3410,80,zly
FG3420,110,zly,FG3420,98,zly
FG3430,93,zly,FG3430,93,zly
FG0319,138,umiarkowany,FG0319,103,zly
FG0329,49,zly,FG0329,105,zly
FG0339,88,zly,FG0339,112,zly
FG0349,61,zly,FG0349,96,zly
FG0359,42,zly,FG0359,121,slaby
FG0369,48,zly,FG0369,110,zly
FG0379,54,zly,FG0379,118,slaby
FG0389,58,zly,FG0389,83,zly
FG1369,53,zly,FG1369,115,slaby
FG1379,46,zly,FG1379,122,slaby
FG1389,82,zly,FG1389,135,slaby
FG1399,149,umiarkowany,FG1399,81,zly
FG3339,118,slaby,FG3339,64,zly
FG0308,121,slaby,FG0308,74,zly
FG0318,55,zly,FG0318,104,zly
FG0328,23,zly,FG0328,94,zly
FG0338,59,zly,FG0338,111,zly
FG0348,46,zly,FG0348,134,slaby
FG0358,39,zly,FG0358,131,slaby
FG0368,40,zly,FG0368,119,slaby
FG0378,49,zly,FG0378,129,slaby
FG1368,50,zly,FG1368,130,slaby
FG1378,73,zly,FG1378,110,zly
FG1388,97,zly,FG1388,108,zly
FG2348,100,zly,FG2348,90,zly
FG2398,146,umiarkowany,FG2398,65,zly
FG0307,105,zly,FG0307,88,zly
FG0317,50,zly,FG0317,99,zly
FG0327,37,zly,FG0327,102,zly
FG0337,50,zly,FG0337,121,slaby
FG0347,41,zly,FG0347,140,slaby
FG0357,49,zly,FG0357,130,slaby
FG1357,31,zly,FG1357,89,zly
FG1367,40,zly,FG1367,91,zly
FG1377,49,zly,FG1377,119,slaby
FG1387,55,zly,FG1387,122,slaby
FG2347,85,zly,FG2347,81,zly
FG2357,97,zly,FG2357,88,zly
FG3327,122,slaby,FG3327,91,zly
FG3337,84,zly,FG3337,123,slaby
FG0312,26,zly,FG0312,85,zly
FG0322,29,zly,FG0322,97,zly
FG1322,43,zly,FG1322,76,zly
FG1332,38,zly,FG1332,100,zly
FG1342,61,zly,FG1342,93,zly
FG1352,88,zly,FG1352,90,zly
FG1362,123,slaby,FG1362,98,zly
FG1372,103,zly,FG1372,94,zly
FG1392,160,dobry,FG1392,73,zly
FG2302,124,slaby,FG2302,70,zly
FG2312,73,zly,FG2312,93,zly
FG2322,101,zly,FG2322,89,zly
FG2342,136,umiarkowany,FG2342,76,zly
FG2392,104,zly,FG2392,121,slaby
FG3302,61,zly,FG3302,155,umiarkowany
FG3312,79,zly,FG3312,145,umiarkowany
FG3322,86,zly,FG3322,123,slaby
FG0311,26,zly,FG0311,82,zly
FG1321,44,zly,FG1321,138,slaby
FG1331,54,zly,FG1331,127,slaby
FG1341,88,zly,FG1341,129,slaby
FG1351,147,umiarkowany,FG1351,67,zly
FG1361,141,umiarkowany,FG1361,80,zly
FG1371,152,dobry,FG1371,93,zly
FG2301,119,slaby,FG2301,83,zly
FG2311,92,zly,FG2311,71,zly
FG2321,121,slaby,FG2321,78,zly
FG2351,145,umiarkowany,FG2351,77,zly
FG3301,124,slaby,FG3301,136,slaby
FG0310,52,zly,FG0310,91,zly
FG1310,37,zly,FG1310,104,zly
FG1320,28,zly,FG1320,120,slaby
FG1330,83,zly,FG1330,123,slaby
FG1340,151,umiarkowany,FG1340,90,zly
FG1360,112,zly,FG1360,113,zly
FG1390,111,zly,FG1390,93,zly
FG2300,46,zly,FG2300,105,zly
FG2310,42,zly,FG2310,104,zly
FG2320,60,zly,FG2320,96,zly
FG0219,64,zly,FG0219,87,zly
FG1219,32,zly,FG1219,95,zly
FG1229,37,zly,FG1229,104,zly
FG1239,45,zly,FG1239,117,slaby
FG1249,139,umiarkowany,FG1249,106,zly
FG1259,103,zly,FG1259,113,zly
FG1269,67,zly,FG1269,123,slaby
FG1289,132,slaby,FG1289,102,zly
FG1299,53,zly,FG1299,98,zly
FG2209,51,zly,FG2209,117,slaby
FG2219,78,zly,FG2219,111,zly
FG2229,95,zly,FG2229,107,zly
FG2239,148,umiarkowany,FG2239,103,zly
FG2249,111,zly,FG2249,123,slaby
FG0218,55,zly,FG0218,115,slaby
FG1218,32,zly,FG1218,90,zly
FG1228,37,zly,FG1228,103,zly
FG1238,129,slaby,FG1238,100,zly
FG1248,149,umiarkowany,FG1248,79,zly
FG1258,45,zly,FG1258,111,zly
FG1268,141,umiarkowany,FG1268,112,zly
FG1288,149,umiarkowany,FG1288,73,zly
FG1298,83,zly,FG1298,87,zly
FG2208,60,zly,FG2208,113,zly
FG2248,109,zly,FG2248,134,slaby
FG1217,80,zly,FG1217,108,zly
FG1227,93,zly,FG1227,113,zly
FG1237,101,zly,FG1237,107,zly
FG1247,79,zly,FG1247,111,zly
FG1257,54,zly,FG1257,113,zly
FG1267,150,umiarkowany,FG1267,89,zly
FG1287,123,slaby,FG1287,81,zly
FG1297,51,zly,FG1297,107,zly
FG2207,42,zly,FG2207,115,slaby
FG2247,90,zly,FG2247,127,slaby
FG1178,116,zly,FG1178,127,slaby
FG1179,62,zly,FG1179,121,slaby
FG1188,44,zly,FG1188,117,slaby
FG1189,43,zly,FG1189,147,umiarkowany
FG1199,92,zly,FG1199,119,slaby
FG2119,131,slaby,FG2119,135,slaby
FG2129,92,zly,FG2129,151,umiarkowany
FG2139,104,zly,FG2139,128,slaby
FG1280,61,zly,FG1280,131,slaby
FG1281,80,zly,FG1281,102,zly
FG1290,65,zly,FG1290,127,slaby
FG1291,43,zly,FG1291,103,zly
FG2220,148,umiarkowany,FG2220,82,zly
FG2230,138,umiarkowany,FG2230,117,slaby
FG2240,131,slaby,FG2240,95,zly
FG2241,158,dobry,FG2241,77,zly
FG2250,149,umiarkowany,FG2250,98,zly
FG2251,50,zly,FG2251,138,slaby
FG2261,91,zly,FG2261,124,slaby
FG1235,88,zly,FG1235,111,zly
FG1245,77,zly,FG1245,136,slaby
FG1255,80,zly,FG1255,108,zly
FG1265,124,slaby,FG1265,92,zly
FG1274,129,slaby,FG1274,87,zly
FG1275,107,zly,FG1275,105,zly
FG1284,45,zly,FG1284,117,slaby
FG1285,80,zly,FG1285,116,slaby
FG1294,36,zly,FG1294,92,zly
FG1295,45,zly,FG1295,120,slaby
FG2204,88,zly,FG2204,130,slaby
FG2205,119,slaby,FG2205,100,zly
FG2224,120,slaby,FG2224,121,slaby
FG2245,89,zly,FG2245,147,umiarkowany
FG2255,123,slaby,FG2255,107,zly
FG2284,97,zly,FG2284,143,umiarkowany
FG2294,110,zly,FG2294,130,slaby
FG2295,60,zly,FG2295,128,slaby
FG1236,85,zly,FG1236,113,zly
FG1246,45,zly,FG1246,121,slaby
FG1256,80,zly,FG1256,125,slaby
FG1286,95,zly,FG1286,95,zly
FG1296,45,zly,FG1296,104,zly
FG2206,134,slaby,FG2206,92,zly
FG2246,112,zly,FG2246,135,slaby
FG2256,126,slaby,FG2256,141,slaby
FG2266,130,slaby,FG2266,135,slaby
FG2286,121,slaby,FG2286,136,slaby
FG1283,45,zly,FG1283,119,slaby
FG1293,33,zly,FG1293,103,zly
FG2273,59,zly,FG2273,141,slaby
FG2283,144,umiarkowany,FG2283,91,zly
FG1272,126,slaby,FG1272,98,zly
FG1282,61,zly,FG1282,125,slaby
FG1292,39,zly,FG1292,111,zly
FG2252,109,zly,FG2252,90,zly
FG2262,102,zly,FG2262,143,umiarkowany
FG2272,123,slaby,FG2272,117,slaby
FG1177,111,zly,FG1177,86,zly
FG1187,114,zly,FG1187,118,slaby
FG1166,138,umiarkowany,FG1166,113,zly
FG1176,46,zly,FG1176,122,slaby
FG1186,138,umiarkowany,FG1186,90,zly
FG2126,130,slaby,FG2126,107,zly
FG2136,136,umiarkowany,FG2136,100,zly
FG2156,132,slaby,FG2156,129,slaby
FG2166,118,slaby,FG2166,126,slaby
FG2176,153,dobry,FG2176,124,slaby
FG1155,70,zly,FG1155,107,zly
FG1165,59,zly,FG1165,124,slaby
FG1175,119,slaby,FG1175,115,slaby
FG2115,123,slaby,FG2115,97,zly
FG2125,58,zly,FG2125,157,umiarkowany
FG2165,98,zly,FG2165,136,slaby
FG2185,143,umiarkowany,FG2185,127,slaby
FG1144,35,zly,FG1144,121,slaby
FG1154,49,zly,FG1154,130,slaby
FG1164,94,zly,FG1164,114,slaby
FG2104,101,zly,FG2104,126,slaby
FG2114,97,zly,FG2114,133,slaby
FG2124,133,slaby,FG2124,136,slaby
FG1123,46,zly,FG1123,125,slaby
FG1133,44,zly,FG1133,105,zly
FG1143,38,zly,FG1143,122,slaby
FG1153,37,zly,FG1153,123,slaby
FG1163,148,umiarkowany,FG1163,82,zly
FG1183,155,dobry,FG1183,86,zly
FG1193,97,zly,FG1193,113,zly
FG2103,134,slaby,FG2103,96,zly
FG1122,32,zly,FG1122,122,slaby
FG1132,47,zly,FG1132,114,slaby
FG1142,45,zly,FG1142,113,zly
FG1152,62,zly,FG1152,130,slaby
FG1172,126,slaby,FG1172,113,zly
FG1182,77,zly,FG1182,122,slaby
FG1192,70,zly,FG1192,116,slaby
FG1121,28,zly,FG1121,131,slaby
FG1131,54,zly,FG1131,108,zly
FG1141,55,zly,FG1141,112,zly
FG1151,82,zly,FG1151,104,zly
FG1161,144,umiarkowany,FG1161,75,zly
FG1171,80,zly,FG1171,116,slaby
FG1181,120,slaby,FG1181,86,zly
FG1191,138,umiarkowany,FG1191,107,zly
FG2141,79,zly,FG2141,131,slaby
FG1120,23,zly,FG1120,137,slaby
FG1130,33,zly,FG1130,111,zly
FG1140,143,umiarkowany,FG1140,89,zly
FG1160,120,slaby,FG1160,103,zly
FG1170,65,zly,FG1170,117,slaby
FG1190,44,zly,FG1190,123,slaby
FG2140,92,zly,FG2140,137,slaby
FG1013,49,zly,FG1013,110,zly
FG1014,69,zly,FG1014,110,zly
FG1023,90,zly,FG1023,138,slaby
FG1024,93,zly,FG1024,115,slaby
FG1033,134,slaby,FG1033,89,zly
FG1034,137,umiarkowany,FG1034,133,slaby
FG3003,137,umiarkowany,FG3003,98,zly
FG3004,140,umiarkowany,FG3004,71,zly
FG3014,159,dobry,FG3014,101,zly
FG1029,27,zly,FG1029,134,slaby
FG1039,37,zly,FG1039,125,slaby
FG1049,122,slaby,FG1049,95,zly
FG1069,128,slaby,FG1069,109,zly
FG1079,68,zly,FG1079,124,slaby
FG1089,118,slaby,FG1089,90,zly
FG1099,45,zly,FG1099,146,umiarkowany
FG2039,106,zly,FG2039,143,umiarkowany
FG3039,120,slaby,FG3039,106,zly
FG3049,157,dobry,FG3049,121,slaby
FG1028,27,zly,FG1028,109,zly
FG1038,28,zly,FG1038,98,zly
FG1048,83,zly,FG1048,91,zly
FG1068,86,zly,FG1068,137,slaby
FG1078,79,zly,FG1078,131,slaby
FG1088,108,zly,FG1088,106,zly
FG1098,104,zly,FG1098,128,slaby
FG2028,114,zly,FG2028,117,slaby
FG2038,128,slaby,FG2038,129,slaby
FG3038,85,zly,FG3038,130,slaby
FG3048,127,slaby,FG3048,116,slaby
FG1027,34,zly,FG1027,116,slaby
FG1037,33,zly,FG1037,107,zly
FG1047,55,zly,FG1047,122,slaby
FG1057,40,zly,FG1057,123,slaby
FG1067,50,zly,FG1067,118,slaby
FG2037,133,slaby,FG2037,123,slaby
FG2047,123,slaby,FG2047,97,zly
FG3027,92,zly,FG3027,112,zly
FG3037,78,zly,FG3037,136,slaby
FG1026,46,zly,FG1026,115,slaby
FG1036,35,zly,FG1036,133,slaby
FG1046,40,zly,FG1046,129,slaby
FG1056,120,slaby,FG1056,102,zly
FG2026,116,zly,FG2026,131,slaby
FG2036,84,zly,FG2036,133,slaby
FG2046,113,zly,FG2046,144,umiarkowany
FG3016,114,zly,FG3016,124,slaby
FG3026,103,zly,FG3026,134,slaby
FG1015,27,zly,FG1015,132,slaby
FG1025,83,zly,FG1025,145,umiarkowany
FG1035,56,zly,FG1035,127,slaby
FG1045,123,slaby,FG1045,109,zly
FG2015,133,slaby,FG2015,116,slaby
FG2025,98,zly,FG2025,123,slaby
FG3015,69,zly,FG3015,136,slaby
FG1002,46,zly,FG1002,130,slaby
FG1012,52,zly,FG1012,129,slaby
FG1022,86,zly,FG1022,103,zly
FG1032,92,zly,FG1032,106,zly
FG3022,137,umiarkowany,FG3022,113,zly
FG1001,122,slaby,FG1001,100,zly
FG1011,99,zly,FG1011,117,slaby
FG1000,140,umiarkowany,FG1000,98,zly
GF5060,117,slaby,GF5060,112,zly
GF5050,119,slaby,GF5050,69,zly
GF5061,63,zly,GF5061,75,zly
GF5051,50,zly,GF5051,66,zly
GF5040,100,zly,GF5040,89,zly
GF5041,32,zly,GF5041,96,zly
GF5042,40,zly,GF5042,117,slaby
GF5043,57,zly,GF5043,138,slaby
GF5044,56,zly,GF5044,112,zly
GF5045,30,zly,GF5045,142,umiarkowany
GF5046,24,zly,GF5046,144,umiarkowany
GF5047,33,zly,GF5047,140,slaby
GF5048,38,zly,GF5048,147,umiarkowany
GF5049,92,zly,GF5049,79,zly
GF5070,38,zly,GF5070,128,slaby
GF5071,71,zly,GF5071,117,slaby
GF5031,68,zly,GF5031,92,zly
GF5032,59,zly,GF5032,143,umiarkowany
GF5033,59,zly,GF5033,125,slaby
GF5034,37,zly,GF5034,114,slaby
GF5035,47,zly,GF5035,143,umiarkowany
GF5036,84,zly,GF5036,154,umiarkowany
GF5037,91,zly,GF5037,113,zly
GF5038,98,zly,GF5038,107,zly
GF5039,94,zly,GF5039,103,zly
GF5021,116,zly,GF5021,133,slaby
GF5024,101,zly,GF5024,124,slaby
GF9090,37,zly,GF9090,119,slaby
GF9091,63,zly,GF9091,85,zly
GF9080,50,zly,GF9080,124,slaby
GF9081,51,zly,GF9081,118,slaby
GF9082,42,zly,GF9082,141,slaby
GF9070,33,zly,GF9070,122,slaby
GF9071,58,zly,GF9071,117,slaby
GF9072,61,zly,GF9072,100,zly
GF9060,48,zly,GF9060,118,slaby
GF9061,50,zly,GF9061,127,slaby
GF9062,103,zly,GF9062,124,slaby
GF9063,90,zly,GF9063,101,zly
GF9050,56,zly,GF9050,107,zly
GF9051,53,zly,GF9051,104,zly
GF9053,125,slaby,GF9053,87,zly
GF9041,107,zly,GF9041,119,slaby
GF9042,72,zly,GF9042,131,slaby
GF9043,47,zly,GF9043,105,zly
GF9031,129,slaby,GF9031,95,zly
GF9032,54,zly,GF9032,126,slaby
GF9033,55,zly,GF9033,125,slaby
GF9020,64,zly,GF9020,120,slaby
GF9010,80,zly,GF9010,108,zly
GF9000,48,zly,GF9000,129,slaby
GF8050,183,bardzo dobry,GF8050,96,zly
GF8061,69,zly,GF8061,77,zly
GF8051,42,zly,GF8051,115,slaby
GF8062,43,zly,GF8062,95,zly
GF8063,45,zly,GF8063,77,zly
GF8040,114,zly,GF8040,111,zly
GF8041,39,zly,GF8041,71,zly
GF8080,52,zly,GF8080,68,zly
GF8081,47,zly,GF8081,76,zly
GF8082,44,zly,GF8082,112,zly
GF8071,111,zly,GF8071,94,zly
GF8072,104,zly,GF8072,121,slaby
GF8073,34,zly,GF8073,101,zly
GF8030,84,zly,GF8030,110,zly
GF8031,51,zly,GF8031,102,zly
GF8020,35,zly,GF8020,66,zly
GF5010,72,zly,GF5010,116,slaby
GF5011,115,zly,GF5011,89,zly
GF5103,89,zly,GF5103,100,zly
GF4091,85,zly,GF4091,99,zly
GF4192,77,zly,GF4192,123,slaby
GF4193,28,zly,GF4193,92,zly
GF4389,103,zly,GF4389,97,zly
GF4081,75,zly,GF4081,137,slaby
GF4082,39,zly,GF4082,134,slaby
GF4083,73,zly,GF4083,125,slaby
GF4181,98,zly,GF4181,64,zly
GF2313,63,zly,GF2313,84,zly
GF2314,28,zly,GF2314,59,zly
GF2324,81,zly,GF2324,71,zly
GF2374,104,zly,GF2374,46,zly
GF2384,101,zly,GF2384,51,zly
GF3314,71,zly,GF3314,96,zly
GF3353,114,zly,GF3353,74,zly
GF3363,48,zly,GF3363,108,zly
GF3364,123,slaby,GF3364,85,zly
GF2392,67,zly,GF2392,104,zly
GF3352,116,zly,GF3352,70,zly
GF3362,45,zly,GF3362,89,zly
GF4312,104,zly,GF4312,108,zly
GF4322,28,zly,GF4322,72,zly
GF2436,80,zly,GF2436,54,zly
GF4426,56,zly,GF4426,63,zly
GF2435,58,zly,GF2435,63,zly
GF2445,100,zly,GF2445,48,zly
GF2465,97,zly,GF2465,71,zly
GF4405,113,zly,GF4405,63,zly
GF4415,107,zly,GF4415,60,zly
GF4425,36,zly,GF4425,65,zly
GF4445,96,zly,GF4445,58,zly
GF2424,106,zly,GF2424,51,zly
GF2434,59,zly,GF2434,62,zly
GF2444,76,zly,GF2444,57,zly
GF2454,73,zly,GF2454,73,zly
GF2464,69,zly,GF2464,87,zly
GF4404,115,zly,GF4404,54,zly
GF4414,88,zly,GF4414,96,zly
GF4424,32,zly,GF4424,65,zly
GF4434,58,zly,GF4434,92,zly
GF4444,72,zly,GF4444,105,zly
GF2413,92,zly,GF2413,83,zly
GF2423,96,zly,GF2423,54,zly
GF2433,53,zly,GF2433,57,zly
GF2443,58,zly,GF2443,68,zly
GF2453,75,zly,GF2453,94,zly
GF2463,78,zly,GF2463,101,zly
GF2473,92,zly,GF2473,48,zly
GF4413,81,zly,GF4413,103,zly
GF4423,38,zly,GF4423,62,zly
GF4433,84,zly,GF4433,69,zly
GF4443,91,zly,GF4443,112,zly
GF1472,100,zly,GF1472,52,zly
GF1482,39,zly,GF1482,69,zly
GF1492,95,zly,GF1492,53,zly
GF2432,94,zly,GF2432,60,zly
GF2442,80,zly,GF2442,74,zly
GF2452,61,zly,GF2452,69,zly
GF2462,88,zly,GF2462,104,zly
GF2472,63,zly,GF2472,81,zly
GF3402,112,zly,GF3402,42,zly
GF4412,82,zly,GF4412,88,zly
GF4422,50,zly,GF4422,96,zly
GF4472,121,slaby,GF4472,47,zly
GF1481,102,zly,GF1481,49,zly
GF1491,74,zly,GF1491,68,zly
GF2441,70,zly,GF2441,68,zly
GF2451,67,zly,GF2451,80,zly
GF2481,80,zly,GF2481,98,zly
GF4411,83,zly,GF4411,97,zly
GF4421,50,zly,GF4421,106,zly
GF1470,70,zly,GF1470,90,zly
GF2440,72,zly,GF2440,63,zly
GF2450,92,zly,GF2450,76,zly
GF3400,83,zly,GF3400,88,zly
GF4420,61,zly,GF4420,116,slaby
GF4430,65,zly,GF4430,93,zly
GF1379,48,zly,GF1379,76,zly
GF2319,91,zly,GF2319,64,zly
GF2329,88,zly,GF2329,111,zly
GF2349,28,zly,GF2349,83,zly
GF2379,80,zly,GF2379,92,zly
GF2389,44,zly,GF2389,98,zly
GF3309,68,zly,GF3309,76,zly
GF3319,77,zly,GF3319,54,zly
GF3369,88,zly,GF3369,90,zly
GF3379,112,zly,GF3379,66,zly
GF3399,86,zly,GF3399,85,zly
GF4329,64,zly,GF4329,115,slaby
GF1378,84,zly,GF1378,51,zly
GF1388,92,zly,GF1388,59,zly
GF1398,96,zly,GF1398,78,zly
GF2308,97,zly,GF2308,48,zly
GF2318,85,zly,GF2318,61,zly
GF2328,38,zly,GF2328,81,zly
GF2338,79,zly,GF2338,105,zly
GF2348,40,zly,GF2348,129,slaby
GF2358,71,zly,GF2358,112,zly
GF2368,70,zly,GF2368,88,zly
GF2378,38,zly,GF2378,76,zly
GF2388,50,zly,GF2388,68,zly
GF3308,61,zly,GF3308,71,zly
GF3318,65,zly,GF3318,68,zly
GF3368,79,zly,GF3368,116,slaby
GF3378,35,zly,GF3378,68,zly
GF3388,60,zly,GF3388,66,zly
GF4308,68,zly,GF4308,99,zly
GF4338,122,slaby,GF4338,105,zly
GF4348,77,zly,GF4348,103,zly
GF4388,118,slaby,GF4388,56,zly
GF1387,62,zly,GF1387,78,zly
GF2307,49,zly,GF2307,69,zly
GF2317,27,zly,GF2317,66,zly
GF2327,23,zly,GF2327,90,zly
GF2337,51,zly,GF2337,100,zly
GF2347,56,zly,GF2347,102,zly
GF2357,60,zly,GF2357,99,zly
GF2367,86,zly,GF2367,78,zly
GF2377,108,zly,GF2377,56,zly
GF2387,75,zly,GF2387,65,zly
GF2397,54,zly,GF2397,55,zly
GF3307,46,zly,GF3307,74,zly
GF3317,54,zly,GF3317,99,zly
GF3327,114,zly,GF3327,71,zly
GF3367,65,zly,GF3367,121,slaby
GF3377,57,zly,GF3377,87,zly
GF3387,70,zly,GF3387,78,zly
GF4307,87,zly,GF4307,120,slaby
GF4317,91,zly,GF4317,75,zly
GF2306,105,zly,GF2306,46,zly
GF2316,51,zly,GF2316,68,zly
GF2326,37,zly,GF2326,115,slaby
GF2336,35,zly,GF2336,71,zly
GF2346,76,zly,GF2346,99,zly
GF2396,23,zly,GF2396,62,zly
GF3306,52,zly,GF3306,69,zly
GF3316,54,zly,GF3316,95,zly
GF3366,110,zly,GF3366,111,zly
GF3376,95,zly,GF3376,65,zly
GF3386,70,zly,GF3386,101,zly
GF3396,65,zly,GF3396,116,slaby
GF4306,77,zly,GF4306,124,slaby
GF4316,63,zly,GF4316,102,zly
GF4336,85,zly,GF4336,84,zly
GF2315,56,zly,GF2315,68,zly
GF2325,27,zly,GF2325,78,zly
GF2335,46,zly,GF2335,79,zly
GF2385,102,zly,GF2385,61,zly
GF2395,84,zly,GF2395,57,zly
GF3315,57,zly,GF3315,96,zly
GF3365,114,zly,GF3365,123,slaby
GF3375,95,zly,GF3375,69,zly
GF4315,96,zly,GF4315,85,zly
GF4335,96,zly,GF4335,70,zly
GF4345,83,zly,GF4345,151,umiarkowany
GF4071,95,zly,GF4071,139,slaby
GF4171,101,zly,GF4171,69,zly
GF4172,67,zly,GF4172,102,zly
GF2391,80,zly,GF2391,118,slaby
GF3351,68,zly,GF3351,93,zly
GF3361,53,zly,GF3361,87,zly
GF3371,61,zly,GF3371,140,slaby
GF4321,38,zly,GF4321,94,zly
GF4331,73,zly,GF4331,67,zly
GF3340,86,zly,GF3340,98,zly
GF3350,58,zly,GF3350,81,zly
GF3370,94,zly,GF3370,75,zly
GF3380,98,zly,GF3380,92,zly
GF4320,94,zly,GF4320,138,slaby
GF4330,63,zly,GF4330,124,slaby
GF3239,104,zly,GF3239,105,zly
GF3249,82,zly,GF3249,132,slaby
GF3259,47,zly,GF3259,89,zly
GF4229,68,zly,GF4229,122,slaby
GF4239,71,zly,GF4239,136,slaby
GF2288,63,zly,GF2288,122,slaby
GF3228,68,zly,GF3228,79,zly
GF3238,86,zly,GF3238,96,zly
GF3258,95,zly,GF3258,103,zly
GF3298,40,zly,GF3298,105,zly
GF4208,28,zly,GF4208,67,zly
GF4218,37,zly,GF4218,75,zly
GF4228,40,zly,GF4228,122,slaby
GF2287,66,zly,GF2287,100,zly
GF3227,48,zly,GF3227,123,slaby
GF3237,72,zly,GF3237,120,slaby
GF3277,123,slaby,GF3277,55,zly
GF3287,62,zly,GF3287,130,slaby
GF3297,23,zly,GF3297,94,zly
GF4207,23,zly,GF4207,74,zly
GF4217,32,zly,GF4217,71,zly
GF4227,36,zly,GF4227,132,slaby
GF3216,74,zly,GF3216,123,slaby
GF3226,57,zly,GF3226,103,zly
GF3236,46,zly,GF3236,146,umiarkowany
GF3256,86,zly,GF3256,95,zly
GF3266,47,zly,GF3266,66,zly
GF3276,32,zly,GF3276,95,zly
GF3286,40,zly,GF3286,133,slaby
GF3296,24,zly,GF3296,101,zly
GF4206,23,zly,GF4206,62,zly
GF4216,32,zly,GF4216,68,zly
GF4226,32,zly,GF4226,102,zly
GF3205,121,slaby,GF3205,103,zly
GF3215,89,zly,GF3215,87,zly
GF3225,46,zly,GF3225,87,zly
GF3235,37,zly,GF3235,101,zly
GF3245,99,zly,GF3245,124,slaby
GF3255,52,zly,GF3255,95,zly
GF3265,30,zly,GF3265,99,zly
GF3275,34,zly,GF3275,126,slaby
GF3285,30,zly,GF3285,124,slaby
GF3295,24,zly,GF3295,92,zly
GF4205,23,zly,GF4205,62,zly
GF4215,35,zly,GF4215,62,zly
GF4225,33,zly,GF4225,112,zly
GF3214,53,zly,GF3214,87,zly
GF3224,29,zly,GF3224,81,zly
GF3234,56,zly,GF3234,121,slaby
GF3244,97,zly,GF3244,135,slaby
GF3254,27,zly,GF3254,65,zly
GF3264,23,zly,GF3264,72,zly
GF3274,30,zly,GF3274,130,slaby
GF3284,23,zly,GF3284,125,slaby
GF3294,27,zly,GF3294,71,zly
GF4204,30,zly,GF4204,62,zly
GF4214,23,zly,GF4214,81,zly
GF4224,36,zly,GF4224,114,slaby
GF2293,99,zly,GF2293,108,zly
GF3213,23,zly,GF3213,77,zly
GF3223,23,zly,GF3223,74,zly
GF3233,40,zly,GF3233,120,slaby
GF3243,58,zly,GF3243,133,slaby
GF3253,67,zly,GF3253,67,zly
GF3263,54,zly,GF3263,92,zly
GF3273,72,zly,GF3273,84,zly
GF3293,27,zly,GF3293,82,zly
GF4203,23,zly,GF4203,87,zly
GF2292,109,zly,GF2292,108,zly
GF3212,23,zly,GF3212,89,zly
GF3222,24,zly,GF3222,90,zly
GF3232,62,zly,GF3232,144,umiarkowany
GF3242,33,zly,GF3242,115,slaby
GF3252,67,zly,GF3252,141,slaby
GF3262,59,zly,GF3262,112,zly
GF2291,103,zly,GF2291,120,slaby
GF3211,48,zly,GF3211,142,umiarkowany
GF3221,40,zly,GF3221,144,umiarkowany
GF3231,42,zly,GF3231,153,umiarkowany
GF3241,52,zly,GF3241,81,zly
GF3251,59,zly,GF3251,125,slaby
GF3261,55,zly,GF3261,101,zly
GF2290,110,zly,GF2290,85,zly
GF3200,77,zly,GF3200,130,slaby
GF3210,23,zly,GF3210,131,slaby
GF3220,27,zly,GF3220,107,zly
GF3230,23,zly,GF3230,125,slaby
GF3240,30,zly,GF3240,129,slaby
GF3250,30,zly,GF3250,119,slaby
GF2199,74,zly,GF2199,114,slaby
GF3109,23,zly,GF3109,115,slaby
GF3119,23,zly,GF3119,72,zly
GF3129,26,zly,GF3129,67,zly
GF3139,23,zly,GF3139,99,zly
GF3149,23,zly,GF3149,97,zly
GF3159,23,zly,GF3159,63,zly
GF2188,73,zly,GF2188,117,slaby
GF2198,30,zly,GF2198,140,slaby
GF3108,27,zly,GF3108,73,zly
GF3118,23,zly,GF3118,74,zly
GF3128,23,zly,GF3128,77,zly
GF3138,23,zly,GF3138,73,zly
GF3148,34,zly,GF3148,137,slaby
GF3107,23,zly,GF3107,57,zly
GF3117,23,zly,GF3117,57,zly
GF3127,24,zly,GF3127,62,zly
GF3137,27,zly,GF3137,68,zly
GF3085,33,zly,GF3085,136,slaby
GF3086,24,zly,GF3086,112,zly
GF4065,132,slaby,GF4065,82,zly
GF4066,127,slaby,GF4066,135,slaby
GF3064,38,zly,GF3064,117,slaby
GF3074,23,zly,GF3074,112,zly
GF3084,57,zly,GF3084,126,slaby
GF4064,81,zly,GF4064,119,slaby
GF3063,46,zly,GF3063,116,slaby
GF3073,23,zly,GF3073,98,zly
GF3083,62,zly,GF3083,112,zly
GF4134,113,zly,GF4134,81,zly
GF4144,37,zly,GF4144,118,slaby
GF4154,36,zly,GF4154,76,zly
GF4103,100,zly,GF4103,57,zly
GF4143,99,zly,GF4143,103,zly
GF4163,38,zly,GF4163,102,zly
GF4102,28,zly,GF4102,65,zly
GF4162,66,zly,GF4162,105,zly
GF4101,23,zly,GF4101,60,zly
GF4100,23,zly,GF4100,65,zly
GF4009,84,zly,GF4009,96,zly
GF3098,37,zly,GF3098,99,zly
GF3087,30,zly,GF3087,126,slaby
GF3097,30,zly,GF3097,112,zly
GF3012,89,zly,GF3012,44,zly
GF4052,137,umiarkowany,GF4052,124,slaby
GG0004,43,zly,GG0004,93,zly
GG0003,50,zly,GG0003,99,zly
GG0002,53,zly,GG0002,81,zly
GG0001,50,zly,GG0001,82,zly
GG0011,67,zly,GG0011,117,slaby
GG0012,45,zly,GG0012,133,slaby
GG0000,50,zly,GG0000,127,slaby
GG0010,34,zly,GG0010,96,zly
GG0013,63,zly,GG0013,117,slaby
GG0020,39,zly,GG0020,117,slaby
GG0021,40,zly,GG0021,123,slaby
GG5020,113,zly,GG5020,127,slaby
GG5011,164,dobry,GG5011,47,zly
GG5002,111,zly,GG5002,97,zly
GG4091,130,slaby,GG4091,121,slaby
GG4061,139,umiarkowany,GG4061,96,zly
GG4062,152,dobry,GG4062,81,zly
GG0023,56,zly,GG0023,81,zly
GG0033,49,zly,GG0033,94,zly
GG0043,95,zly,GG0043,97,zly
GG0022,33,zly,GG0022,74,zly
GG0032,60,zly,GG0032,128,slaby
GG0042,77,zly,GG0042,158,dobry
GG0052,46,zly,GG0052,89,zly
GG0062,51,zly,GG0062,83,zly
GG3082,140,umiarkowany,GG3082,90,zly
GG4052,104,zly,GG4052,116,slaby
GG0031,44,zly,GG0031,119,slaby
GG0041,48,zly,GG0041,124,slaby
GG0051,78,zly,GG0051,160,dobry
GG0061,74,zly,GG0061,100,zly
GG0071,128,slaby,GG0071,56,zly
GG4021,121,slaby,GG4021,114,slaby
GG4031,47,zly,GG4031,156,umiarkowany
GG4041,62,zly,GG4041,154,umiarkowany
GG4051,76,zly,GG4051,139,slaby
GG0030,59,zly,GG0030,121,slaby
GG0040,84,zly,GG0040,92,zly
GG0050,106,zly,GG0050,130,slaby
GG0060,55,zly,GG0060,154,umiarkowany
GG0070,100,zly,GG0070,101,zly
GG3040,145,umiarkowany,GG3040,95,zly
GG3050,99,zly,GG3050,138,slaby
GG3060,137,umiarkowany,GG3060,143,umiarkowany
GG4020,86,zly,GG4020,154,umiarkowany
GG4030,56,zly,GG4030,148,umiarkowany
GG4040,83,zly,GG4040,146,umiarkowany
