0,1,2,3
EG1909,"[4, 3, 4, 3, 3, 3, 3, 4, 4, 0, 0, 0, 0, 0, 0, 0, 0, 0, 0, 0, 0, 0, -2, 0]",29,4
EG1919,"[2, 5, 5, 4, 2, 3, 1, 0, 4, 0, 0, 0, 0, 0, 0, 0, 0, 0, 0, 0, 0, 0, 0, 0]",26,3
EG1929,"[1, 5, 5, 3, 3, 3, 3, 0, 4, 0, 0, 0, 0, 0, 0, 0, 0, 0, 0, 0, 0, 0, 0, 0]",27,4
EG1939,"[1, 5, 5, 4, 3, 3, 2, 0, 4, 0, 0, 0, 0, 0, 0, 0, 0, 0, 0, 0, 0, 0, 0, 0]",27,4
FF9691,"[3, 4, 4, 3, 4, 4, 2, 0, 4, 0, 0, 0, 0, 0, 0, 2, 2, 0, 0, 0, 0, 0, -2, -4]",26,3
FF9692,"[3, 4, 5, 4, 3, 3, 2, 0, 4, 0, 0, 0, 0, 0, 0, 4, 4, 0, 0, 0, 0, 0, -1, 0]",35,5
FF9693,"[1, 5, 5, 4, 3, 3, 2, 0, 0, 0, 0, 0, 0, 0, 0, 0, 0, 0, 0, 0, 0, 0, 0, 0]",23,3
FF9694,"[1, 5, 5, 3, 3, 3, 3, 0, 1, 0, 0, 0, 0, 0, 0, 0, 0, 0, 0, 0, 0, 0, 0, 0]",24,3
FF9695,"[1, 5, 5, 3, 3, 3, 2, 0, 0, 0, 0, 0, 0, 0, 0, 0, 0, 0, 0, 0, 0, 0, 0, 0]",22,3
FF9696,"[1, 0, 5, 3, 3, 3, 2, 0, 0, 0, 0, 0, 0, 0, 0, 0, 0, 0, 0, 0, 0, 0, 0, 0]",17,2
FF9697,"[2, 5, 5, 3, 3, 3, 2, 0, 0, 0, 0, 0, 0, 0, 0, 0, 0, 0, 0, 0, 0, 0, 0, 0]",23,3
FF9698,"[1, 4, 5, 3, 3, 2, 2, 0, 0, 0, 0, 0, 0, 0, 0, 0, 0, 0, 0, 0, 0, 0, 0, -3]",17,2
FF9699,"[3, 3, 4, 3, 4, 4, 2, 4, 4, 0, 0, 0, 0, 0, 0, 3, 3, 0, 0, 0, 0, 0, 0, -3]",34,5
FF9790,"[3, 4, 4, 2, 4, 4, 2, 0, 4, 0, 0, 0, 0, 0, 0, 0, 0, 0, 0, 0, 0, 0, 0, -5]",22,3
FF9791,"[2, 4, 5, 2, 3, 3, 3, 0, 4, 0, 0, 0, 0, 0, 0, 0, 0, 0, 0, 0, 0, 0, 0, 0]",26,3
FF9792,"[1, 5, 5, 2, 3, 3, 3, 4, 4, 0, 0, 0, 0, 0, 0, 0, 0, 0, 0, 0, 0, 0, 0, 0]",30,4
FF9793,"[1, 5, 5, 2, 3, 3, 3, 0, 4, 0, 0, 0, 0, 0, 0, 0, 0, 0, 0, 0, 0, 0, 0, 0]",26,3
FF9799,"[1, 5, 5, 2, 4, 3, 2, 0, 4, 0, 0, 0, 0, 0, 0, 0, 0, 0, 0, 0, -5, 0, 0, 0]",21,2
FF9890,"[3, 3, 4, 3, 3, 4, 2, 4, 4, 0, 0, 0, 0, 0, 2, 0, 0, 0, 0, 0, 0, 0, 0, -2]",30,4
FF9891,"[2, 4, 5, 3, 4, 3, 2, 4, 4, 0, 0, 0, 0, 0, 0, 0, 0, 0, 0, 0, 0, 0, 0, -4]",27,4
FF9892,"[2, 4, 5, 2, 3, 3, 3, 0, 4, 0, 0, 0, 0, 0, 0, 0, 0, 0, 0, 0, 0, 0, 0, -2]",24,3
FF9893,"[3, 4, 4, 3, 4, 4, 2, 0, 4, 0, 0, 0, 0, 0, 0, 0, 0, 0, 0, 0, 0, 0, 0, -2]",26,3
FF9997,"[1, 5, 5, 3, 3, 3, 2, 0, 4, 0, 0, 0, 0, 0, 0, 0, 0, 0, 0, 0, 0, 0, 0, 0]",26,3
FF9998,"[3, 3, 4, 3, 4, 3, 2, 4, 4, 0, 0, 0, 0, 0, 0, 0, 0, 0, 0, 0, 0, 0, 0, -2]",28,4
FF9999,"[3, 2, 3, 2, 5, 5, 1, 4, 4, 0, 0, 0, 0, 0, 3, 0, 0, 0, 0, 0, 0, 0, 0, -1]",31,4
FF9987,"[1, 0, 5, 3, 3, 3, 3, 0, 4, 0, 0, 0, 0, 0, 0, 0, 0, 0, 0, 0, 0, 0, 0, 0]",22,3
FF9988,"[1, 4, 5, 3, 3, 3, 3, 4, 4, 0, 0, 0, 0, 0, 0, 0, 0, 0, 0, 0, 0, 0, 0, -3]",27,4
FF9989,"[3, 2, 3, 2, 4, 4, 2, 0, 4, 0, 0, 0, 0, 0, 3, 0, 0, 0, 0, 0, 0, 0, 0, -1]",26,3
FF5184,"[4, 2, 2, 1, 3, 4, 2, 4, 0, 0, 0, 0, 0, 0, 0, 0, 0, 0, 0, 0, 0, 0, -2, -1]",19,2
FF5174,"[3, 3, 3, 1, 2, 4, 3, 4, 0, 0, 0, 0, 0, 0, 0, 0, 0, 0, 0, 0, 0, 0, -1, -1]",21,2
FF5185,"[4, 2, 2, 1, 4, 3, 1, 4, 0, 0, 0, 0, 0, 0, 2, 0, 0, 0, 0, 0, 0, 0, -2, -1]",20,2
FF5175,"[4, 3, 1, 1, 3, 4, 1, 4, 0, 0, 0, 0, 0, 0, 0, 0, 0, 0, 0, 0, 0, 0, -4, -1]",16,2
FF5176,"[4, 3, 1, 1, 3, 4, 1, 4, 0, 0, 0, 0, 0, 0, 0, 0, 0, 0, 0, 0, -5, -5, -2, -4]",5,1
FF5187,"[4, 3, 3, 1, 4, 4, 1, 4, 0, 0, 0, 0, 0, 0, 3, 0, 0, 0, 0, 0, 0, 0, 0, -1]",26,3
FF5177,"[4, 4, 2, 1, 3, 4, 1, 5, 0, 0, 0, 0, 0, 0, 0, 0, 0, 0, 0, -5, 0, -5, -2, 0]",12,1
FF5188,"[4, 2, 3, 1, 4, 4, 1, 5, 0, 0, 0, 0, 0, 0, 3, 0, 0, 0, 0, 0, 0, 0, 0, -1]",26,3
FF5178,"[4, 4, 3, 1, 3, 4, 1, 5, 0, 0, 0, 0, 0, 0, 0, 0, 0, 0, 0, 0, 0, 0, -2, -3]",20,2
FF5189,"[3, 3, 3, 1, 4, 4, 2, 5, 0, 0, 0, 0, 0, 0, 0, 0, 0, 0, 0, 0, 0, 0, 0, -2]",23,3
FF5179,"[4, 4, 3, 1, 3, 4, 1, 5, 0, 0, 0, 0, 0, 0, 0, 0, 0, 0, 0, 0, 0, 0, -2, -4]",19,2
FF5270,"[4, 4, 2, 1, 3, 4, 1, 4, 0, 0, 0, 0, 0, 0, 0, 0, 0, 0, 0, 0, 0, 0, -2, -4]",17,2
FF5271,"[4, 4, 2, 1, 3, 4, 2, 4, 0, 0, 0, 0, 0, 0, 0, 0, 0, 0, 0, 0, 0, 0, -2, -2]",20,2
FF5282,"[3, 3, 3, 1, 3, 4, 1, 4, 0, 0, 0, 0, 0, 0, 0, 0, 0, 0, 0, 0, 0, 0, 0, -2]",20,2
FF5272,"[3, 3, 2, 1, 3, 4, 2, 4, 0, 0, 0, 0, 0, 0, 3, 0, 0, 0, 0, 0, 0, 0, -2, -2]",21,2
FF5283,"[3, 4, 3, 1, 2, 4, 0, 0, 0, 0, 0, 0, 0, 0, 0, 0, 0, 0, 0, 0, -5, 0, 0, -2]",10,1
FF5273,"[4, 4, 4, 1, 3, 4, 1, 5, 1, 0, 0, 0, 0, 0, 0, 0, 0, 0, 0, 0, -5, 0, -1, -2]",19,2
FF5284,"[2, 4, 3, 1, 2, 5, 1, 0, 0, 0, 0, 0, 0, 0, 0, 0, 0, 0, 0, 0, -5, 0, 0, 0]",13,1
FF5274,"[1, 3, 5, 1, 2, 4, 0, 0, 0, 0, 0, 0, 0, 0, 0, 0, 0, 0, 0, 0, 0, 0, 0, -2]",14,1
FF5285,"[3, 2, 2, 1, 4, 4, 2, 4, 0, 0, 0, 0, 0, 0, 0, 0, 0, 0, 0, 0, 0, 0, -2, -1]",19,2
FF5275,"[4, 2, 3, 1, 3, 4, 1, 4, 0, 0, 0, 0, 0, 0, 0, 0, 0, 0, 0, 0, 0, 0, -1, -1]",20,2
FF5286,"[1, 2, 3, 1, 3, 5, 1, 0, 0, 0, 0, 0, 0, 0, 0, 0, 0, 0, 0, 0, 0, -5, 0, -1]",10,1
FF5276,"[2, 4, 3, 1, 3, 5, 1, 4, 0, 0, 0, 0, 0, 0, 0, 0, 0, 0, 0, 0, 0, 0, -2, -3]",18,2
FF5287,"[2, 4, 5, 1, 1, 3, 2, 0, 0, 0, 0, 0, 0, 0, 0, 0, 0, 0, 0, 0, 0, 0, 0, 0]",18,2
FF5277,"[2, 3, 5, 1, 2, 4, 2, 4, 0, 0, 0, 0, 0, 0, 0, 0, 0, 0, 0, 0, 0, 0, 0, -1]",22,3
FF5288,"[1, 0, 5, 1, 1, 3, 2, 0, 0, 0, 0, 0, 0, 0, 0, 0, 0, 0, 0, 0, 0, 0, 0, 0]",13,1
FF5278,"[3, 3, 5, 1, 2, 4, 1, 4, 0, 0, 0, 0, 0, 0, 0, 0, 0, 0, 0, 0, 0, 0, 0, -2]",21,2
FF5289,"[1, 0, 5, 1, 1, 3, 2, 0, 0, 0, 0, 0, 0, 0, 0, 0, 0, 0, 0, 0, 0, 0, 0, 0]",13,1
FF5279,"[1, 4, 5, 1, 1, 4, 2, 0, 0, 0, 0, 0, 0, 0, 0, 0, 0, 0, 0, 0, 0, 0, 0, -5]",13,1
FF5380,"[1, 5, 5, 1, 2, 2, 3, 0, 0, 0, 0, 0, 0, 0, 0, 0, 0, 0, 0, 0, 0, 0, 0, 0]",19,2
FF5370,"[1, 0, 5, 1, 1, 4, 3, 0, 0, 0, 0, 0, 0, 0, 0, 0, 0, 0, 0, 0, 0, 0, 0, 0]",15,1
FF5381,"[1, 5, 5, 1, 2, 2, 5, 4, 0, 0, 0, 0, 0, 0, 0, 0, 0, 0, 0, 0, 0, 0, 0, 0]",25,3
FF5371,"[1, 0, 5, 1, 1, 4, 4, 0, 0, 0, 0, 0, 0, 0, 0, 0, 0, 0, 0, 0, 0, 0, 0, 0]",16,2
FF5382,"[3, 4, 4, 1, 2, 4, 3, 0, 0, 0, 0, 0, 0, 0, 0, 0, 0, 0, 0, 0, 0, 0, 0, 0]",21,2
FF5372,"[3, 2, 4, 1, 2, 4, 2, 0, 0, 0, 0, 0, 0, 0, 0, 0, 0, 0, 0, 0, 0, 0, 0, -1]",17,2
FF5383,"[3, 3, 3, 1, 2, 5, 1, 0, 0, 0, 0, 0, 0, 0, 0, 0, 0, 0, 0, 0, -5, 0, 0, -1]",12,1
FF5373,"[3, 3, 2, 1, 3, 5, 1, 4, 0, 0, 0, 0, 0, 0, 0, 0, 0, 0, 0, 0, -5, 0, 0, 0]",17,2
FF5374,"[3, 1, 1, 1, 3, 4, 1, 0, 0, 0, 0, 0, 0, 0, 0, 0, 0, 0, 0, 0, 0, 0, -2, -1]",11,1
FF5375,"[2, 2, 1, 1, 2, 4, 2, 0, 0, 0, 0, 0, 0, 0, 0, 0, 0, 0, 0, 0, 0, 0, -2, 0]",12,1
FF5376,"[2, 1, 2, 1, 2, 5, 2, 4, 0, 0, 0, 0, 0, 0, 0, 0, 0, 0, 0, 0, 0, 0, -2, -3]",14,1
FF5377,"[3, 3, 2, 1, 2, 4, 1, 0, 0, 0, 0, 0, 0, 0, 0, 0, 0, 0, 0, 0, 0, 0, -2, -1]",13,1
FF5879,"[1, 3, 3, 1, 2, 5, 2, 4, 0, 0, 0, 0, 0, 0, 0, 0, 0, 0, 0, 0, 0, 0, 0, -5]",16,2
FF5980,"[1, 2, 3, 1, 2, 5, 2, 4, 0, 0, 0, 0, 0, 0, 0, 0, 0, 0, 0, 0, 0, 0, 0, -1]",19,2
FF5970,"[2, 2, 3, 1, 2, 5, 1, 4, 0, 0, 0, 0, 0, 0, 0, 0, 0, 0, 0, 0, 0, 0, 0, -2]",18,2
FF5981,"[2, 1, 2, 1, 1, 5, 1, 0, 0, 0, 0, 0, 0, 0, 0, 3, 3, 0, 0, 0, 0, 0, 0, -1]",18,2
FF5971,"[2, 2, 3, 1, 2, 5, 0, 0, 0, 0, 0, 0, 0, 0, 0, 1, 1, 0, 0, 0, 0, 0, 0, -1]",16,2
FF5972,"[3, 3, 3, 1, 3, 5, 2, 4, 4, 0, 0, 0, 0, 0, 0, 3, 3, 0, 0, 0, 0, 0, 0, -1]",33,5
FF5973,"[2, 2, 3, 1, 3, 5, 1, 4, 4, 0, 0, 0, 0, 0, 0, 0, 0, 0, 0, 0, 0, 0, 0, -1]",24,3
FF5974,"[2, 1, 2, 1, 3, 5, 1, 4, 0, 0, 0, 0, 0, 0, 0, 2, 2, 0, 0, 0, 0, 0, -1, 0]",22,3
FF5975,"[3, 1, 2, 1, 2, 4, 1, 0, 0, 0, 0, 0, 0, 0, 0, 3, 3, 0, 0, 0, 0, 0, -2, 0]",18,2
FF5976,"[2, 2, 2, 1, 1, 5, 1, 0, 0, 0, 0, 0, 0, 0, 0, 0, 0, 0, 0, 0, 0, 0, 0, -2]",12,1
FF5977,"[2, 2, 2, 1, 3, 5, 0, 0, 0, 0, 0, 0, 0, 0, 0, 0, 0, 0, 0, 0, 0, 0, 0, 0]",15,1
FF5978,"[2, 2, 2, 1, 2, 5, 1, 0, 0, 0, 0, 0, 0, 0, 0, 0, 0, 0, 0, 0, 0, 0, 0, 0]",15,1
FF5979,"[2, 2, 2, 1, 3, 5, 1, 4, 0, 0, 0, 0, 0, 0, 0, 3, 0, 0, 0, 0, 0, 0, 0, -1]",22,3
FF5163,"[3, 4, 5, 1, 2, 4, 1, 4, 0, 0, 0, 0, 0, 0, 0, 0, 0, 0, 0, 0, 0, 0, 0, -1]",23,3
FF5164,"[3, 3, 4, 1, 2, 4, 3, 4, 0, 0, 0, 0, 0, 0, 0, 0, 0, 0, 0, 0, 0, 0, -2, -2]",20,2
FF5165,"[4, 3, 4, 1, 1, 4, 2, 4, 0, 0, 0, 0, 0, 0, 0, 0, 0, 0, 0, 0, 0, 0, -1, -2]",20,2
FF5166,"[4, 4, 3, 1, 1, 3, 2, 4, 0, 0, 0, 0, 0, 0, 0, 0, 0, 0, 0, 0, 0, 0, 0, -2]",20,2
FF5167,"[4, 4, 3, 1, 3, 3, 1, 4, 0, 0, 0, 0, 0, 0, 0, 0, 0, 0, 0, -5, 0, 0, 0, -5]",13,1
FF5168,"[4, 4, 4, 1, 3, 4, 2, 5, 0, 0, 0, 0, 0, 0, 0, 0, 0, 0, 0, 0, 0, 0, 0, -2]",25,3
FF5169,"[3, 4, 4, 1, 2, 4, 2, 4, 0, 0, 0, 0, 0, 0, 0, 0, 0, 0, 0, 0, 0, 0, 0, -3]",21,2
FF5260,"[3, 3, 3, 1, 1, 5, 2, 4, 0, 0, 0, 0, 0, 0, 0, 0, 0, 0, 0, 0, 0, 0, 0, -2]",20,2
FF5261,"[3, 3, 4, 1, 3, 4, 1, 4, 0, 0, 0, 0, 0, 0, 0, 0, 0, 0, 0, 0, 0, 0, 0, -2]",21,2
FF5262,"[3, 3, 4, 1, 3, 4, 2, 4, 0, 0, 0, 0, 0, 0, 0, 0, 0, 0, 0, 0, -5, 0, 0, -1]",18,2
FF5263,"[4, 3, 2, 1, 4, 4, 1, 4, 0, 0, 0, 0, 0, 0, 0, 0, 0, 0, 0, 0, -5, 0, -2, -2]",14,1
FF5264,"[4, 4, 3, 1, 3, 4, 2, 4, 0, 0, 0, 0, 0, 0, 0, 0, 0, 0, 0, 0, 0, 0, -2, -2]",21,2
FF5265,"[4, 3, 2, 1, 4, 4, 1, 4, 0, 0, 0, 0, 0, 0, 2, 0, 0, 0, 0, 0, 0, 0, -2, -1]",22,3
FF5266,"[3, 3, 2, 1, 4, 4, 1, 4, 0, 0, 0, 0, 0, 0, 0, 0, 0, 0, 0, 0, 0, 0, -4, -2]",16,2
FF5267,"[5, 4, 3, 1, 3, 2, 1, 5, 0, 0, 0, 0, 0, 0, 0, 0, 0, 0, 5, 0, 0, 0, -2, 0]",27,4
FF5268,"[5, 4, 3, 1, 2, 3, 1, 5, 0, 0, 0, 0, 0, 0, 3, 0, 0, 0, 0, 0, 0, 0, -2, -1]",24,3
FF5269,"[3, 3, 4, 1, 2, 4, 3, 4, 0, 0, 0, 0, 0, 0, 0, 0, 0, 0, 0, 0, 0, 0, -2, -1]",21,2
FF5360,"[3, 5, 4, 1, 1, 4, 4, 0, 0, 0, 0, 0, 0, 0, 0, 0, 0, 0, 0, 0, 0, 0, -2, 0]",20,2
FF5361,"[3, 3, 3, 1, 2, 4, 3, 0, 0, 0, 0, 0, 0, 0, 0, 0, 0, 0, 0, 0, 0, 0, -2, 0]",17,2
FF5362,"[3, 3, 2, 1, 3, 4, 1, 0, 0, 0, 0, 0, 0, 0, 0, 0, 0, 0, 0, 0, 0, 0, -2, 0]",15,1
FF5363,"[3, 1, 1, 1, 3, 4, 1, 4, 4, 0, 0, 0, 0, 0, 0, 0, 0, 0, 0, 0, 0, 0, -2, 0]",20,2
FF5364,"[3, 1, 2, 1, 2, 4, 1, 4, 4, 0, 0, 0, 0, 0, 2, 0, 0, 0, 0, 0, 0, 0, -1, 0]",23,3
FF5365,"[3, 2, 2, 1, 2, 4, 1, 4, 4, 0, 0, 0, 0, 0, 3, 0, 0, 0, 0, 0, 0, 0, 0, 0]",26,3
FF5366,"[2, 3, 3, 1, 1, 5, 1, 0, 4, 0, 0, 0, 0, 0, 0, 0, 0, 0, 0, 0, 0, 0, 0, 0]",20,2
FF5367,"[2, 2, 2, 1, 2, 4, 2, 0, 4, 0, 0, 0, 0, 0, 0, 0, 0, 0, 0, 0, 0, 0, 0, 0]",19,2
FF5368,"[4, 5, 3, 1, 3, 4, 3, 5, 0, 0, 0, 0, 0, 0, 0, 0, 0, 0, 0, 0, 0, 0, 0, 0]",28,4
FF5869,"[2, 2, 2, 1, 3, 5, 1, 0, 0, 0, 0, 0, 0, 0, 0, 0, 0, 0, 0, 0, 0, 0, 0, -1]",15,1
FF5960,"[1, 2, 3, 1, 2, 5, 0, 0, 0, 0, 0, 0, 0, 0, 0, 0, 0, 0, 0, 0, 0, 0, 0, 0]",14,1
FF5961,"[1, 2, 3, 1, 2, 5, 0, 4, 0, 0, 0, 0, 0, 0, 3, 0, 0, 0, 0, 0, 0, 0, 0, -1]",20,2
FF5962,"[3, 3, 3, 1, 3, 5, 1, 0, 4, 0, 0, 0, 0, 0, 0, 3, 3, 0, 0, 0, 0, 0, 0, -3]",26,3
FF5963,"[3, 2, 2, 1, 3, 4, 1, 0, 4, 0, 0, 0, 0, 0, 3, 3, 3, 0, 0, 0, 0, 0, -2, -1]",26,3
FF5964,"[2, 2, 2, 1, 1, 5, 1, 0, 1, 0, 0, 0, 0, 0, 3, 2, 2, 0, 0, 0, 0, 0, -2, -1]",19,2
FF5965,"[2, 3, 3, 1, 1, 5, 2, 0, 0, 0, 0, 0, 0, 0, 0, 0, 0, 0, 0, 0, 0, 0, 0, -2]",15,1
FF5966,"[1, 3, 3, 1, 1, 5, 2, 4, 0, 0, 0, 0, 0, 0, 0, 0, 0, 0, 0, 0, 0, 0, 0, 0]",20,2
FF5967,"[2, 4, 3, 1, 1, 4, 1, 0, 0, 0, 0, 0, 0, 0, 0, 0, 0, 0, 0, 0, 0, 0, 0, 0]",16,2
FF5968,"[2, 3, 3, 1, 2, 5, 1, 0, 0, 0, 0, 0, 0, 0, 0, 0, 0, 0, 0, 0, 0, 0, 0, 0]",17,2
FF5969,"[3, 3, 4, 1, 2, 4, 1, 0, 0, 0, 0, 0, 0, 0, 0, 3, 0, 0, 0, 0, 0, 0, 0, 0]",21,2
FF5154,"[2, 4, 5, 1, 3, 4, 1, 4, 0, 0, 0, 0, 0, 0, 0, 1, 0, 0, 0, 0, 0, 0, -1, -4]",20,2
FF5155,"[2, 4, 5, 1, 3, 4, 0, 4, 0, 0, 0, 0, 0, 0, 0, 0, 0, 0, 0, 0, 0, 0, -2, -2]",19,2
FF5156,"[2, 3, 5, 1, 1, 3, 1, 5, 0, 0, 0, 0, 0, 0, 0, 0, 0, 0, 0, 0, 0, 0, 0, -3]",18,2
FF5157,"[3, 4, 4, 1, 2, 3, 2, 4, 4, 0, 0, 0, 0, 0, 0, 0, 0, 0, 0, 0, 0, 0, 0, -2]",25,3
FF5158,"[3, 3, 3, 1, 2, 4, 3, 4, 4, 0, 0, 0, 0, 0, 0, 0, 0, 0, 0, 0, 0, 0, 0, -2]",25,3
FF5159,"[3, 3, 5, 1, 3, 4, 2, 4, 0, 0, 0, 0, 0, 0, 0, 0, 0, 0, 0, 0, 0, 0, 0, -3]",22,3
FF5250,"[1, 5, 5, 1, 2, 4, 1, 4, 3, 0, 0, 0, 0, 0, 0, 0, 0, 0, 0, 0, 0, 0, 0, 0]",26,3
FF5251,"[3, 3, 4, 1, 2, 5, 1, 4, 0, 0, 0, 0, 0, 0, 0, 0, 0, 0, 0, 0, 0, 0, 0, -2]",21,2
FF5252,"[3, 4, 5, 1, 2, 4, 1, 0, 0, 0, 0, 0, 0, 0, 0, 0, 0, 0, 0, 0, -5, 0, 0, -4]",11,1
FF5253,"[3, 4, 5, 1, 3, 4, 1, 4, 0, 0, 0, 0, 0, 0, 0, 0, 0, 0, 0, 0, -5, 0, 0, -2]",18,2
FF5254,"[3, 4, 4, 1, 3, 4, 1, 4, 0, 0, 0, 0, 0, 0, 0, 0, 0, 0, 0, 0, 0, 0, 0, -2]",22,3
FF5255,"[3, 3, 4, 1, 3, 4, 0, 4, 0, 0, 0, 0, 0, 0, 0, 0, 0, 0, 0, 0, 0, 0, 0, -1]",21,2
FF5256,"[4, 2, 3, 1, 2, 4, 0, 4, 4, 0, 0, 0, 0, 0, 0, 0, 0, 0, 0, 0, 0, 0, -2, -1]",21,2
FF5257,"[4, 2, 2, 1, 3, 4, 0, 5, 4, 0, 0, 0, 0, 0, 5, 0, 0, 0, 0, 0, 0, 0, 0, -1]",29,4
FF5258,"[5, 2, 2, 1, 3, 3, 0, 5, 4, 0, 0, 0, 0, 0, 0, 0, 0, 0, 0, 0, 0, 0, 0, -1]",24,3
FF5259,"[4, 3, 4, 1, 2, 3, 1, 4, 4, 0, 0, 0, 0, 0, 0, 0, 0, 0, 0, 0, 0, 0, 0, -2]",24,3
FF5350,"[3, 2, 4, 1, 1, 3, 3, 0, 4, 0, 0, 0, 0, 0, 0, 0, 0, 0, 0, 0, 0, 0, 0, -1]",20,2
FF5351,"[4, 2, 2, 1, 1, 4, 3, 0, 4, 0, 0, 0, 0, 0, 3, 0, 0, 0, 0, 0, 0, 0, 0, 0]",24,3
FF5352,"[3, 3, 3, 1, 2, 4, 2, 0, 4, 0, 0, 0, 0, 0, 0, 0, 0, 0, 0, 0, 0, 0, 0, 0]",22,3
FF5353,"[4, 3, 4, 1, 2, 4, 3, 5, 4, 0, 0, 0, 0, 0, 2, 0, 0, 0, 0, 0, 0, 0, 0, 0]",32,4
FF5354,"[4, 3, 4, 1, 2, 3, 4, 5, 4, 0, 0, 0, 0, 0, 5, 0, 0, 0, 0, 0, 0, 0, 0, -1]",34,5
FF5355,"[3, 2, 3, 1, 2, 4, 4, 4, 4, 0, 0, 0, 0, 0, 2, 0, 0, 0, 0, 0, 0, 0, 0, -1]",28,4
FF5356,"[3, 2, 2, 1, 3, 4, 2, 4, 4, 0, 0, 0, 0, 0, 3, 0, 0, 0, 0, 0, 0, 0, 0, 0]",28,4
FF5357,"[2, 2, 3, 1, 2, 5, 4, 4, 4, 0, 0, 0, 0, 0, 0, 0, 0, 0, 0, 0, 0, 0, 0, -1]",26,3
FF5358,"[4, 4, 4, 1, 2, 4, 3, 5, 0, 0, 0, 0, 0, 0, 0, 0, 0, 0, 0, 0, 0, 0, 0, -2]",25,3
FF5657,"[2, 2, 3, 1, 3, 5, 2, 0, 0, 0, 0, 0, 0, 0, 0, 0, 0, 0, 0, 0, 0, 0, 0, -1]",17,2
FF5658,"[2, 2, 3, 1, 3, 5, 1, 0, 0, 0, 0, 0, 0, 0, 0, 3, 3, 0, 0, 0, 0, 0, 0, -2]",21,2
FF5659,"[2, 3, 3, 1, 4, 5, 2, 0, 0, 0, 0, 0, 0, 0, 0, 0, 0, 0, 0, 0, 0, 0, 0, 0]",20,2
FF5750,"[2, 3, 2, 1, 3, 5, 2, 0, 0, 0, 0, 0, 0, 0, 0, 0, 0, 0, 0, 0, 0, 0, -1, -2]",15,1
FF5751,"[3, 3, 1, 1, 3, 4, 1, 0, 0, 0, 0, 0, 0, 0, 0, 0, 0, 0, 0, 0, 0, 0, -2, -1]",13,1
FF5752,"[2, 2, 2, 1, 3, 5, 1, 0, 0, 0, 0, 0, 0, 0, 0, 0, 0, 0, 0, 0, 0, 0, -2, -1]",13,1
FF5753,"[2, 3, 2, 1, 3, 5, 2, 0, 0, 0, 0, 0, 0, 0, 0, 0, 0, 0, 0, 0, 0, 0, -1, -2]",15,1
FF5754,"[2, 3, 3, 1, 4, 5, 3, 4, 0, 0, 0, 0, 0, 0, 0, 0, 0, 0, 0, 0, 0, 0, 0, -3]",22,3
FF5858,"[3, 3, 3, 1, 1, 5, 1, 0, 0, 0, 0, 0, 0, 0, 0, 0, 0, 0, 0, -5, -5, 0, 0, -1]",6,1
FF5859,"[3, 1, 2, 1, 2, 4, 1, 4, 0, 0, 0, 0, 0, 0, 0, 0, 0, 0, 0, 0, 0, 0, 0, -1]",17,2
FF5950,"[1, 2, 3, 1, 2, 5, 0, 4, 0, 0, 0, 0, 0, 0, 0, 0, 0, 0, 0, 0, 0, 0, 0, 0]",18,2
FF5951,"[1, 1, 3, 1, 2, 5, 0, 4, 0, 0, 0, 0, 0, 0, 0, 0, 0, 0, 0, 0, 0, 0, 0, -2]",15,1
FF5952,"[1, 2, 3, 1, 3, 5, 1, 0, 4, 0, 0, 0, 0, 0, 0, 2, 2, 0, 0, 0, 0, 0, 0, -3]",21,2
FF5953,"[4, 2, 2, 1, 3, 4, 2, 4, 4, 0, 0, 0, 0, 0, 0, 4, 4, 0, 0, 0, 0, 0, -2, -1]",31,4
FF5954,"[3, 4, 4, 1, 1, 4, 1, 0, 0, 0, 0, 0, 0, 0, 0, 0, 0, 0, 0, 0, -5, 0, 0, -2]",11,1
FF5955,"[1, 5, 5, 1, 1, 3, 0, 0, 3, 0, 0, 0, 0, 0, 0, 0, 0, 0, 0, 0, 0, 0, 0, 0]",19,2
FF5956,"[2, 4, 5, 1, 2, 3, 1, 0, 3, 0, 0, 0, 0, 0, 0, 0, 0, 0, 0, 0, 0, 0, 0, 0]",21,2
FF5957,"[1, 4, 5, 1, 2, 3, 0, 0, 0, 0, 0, 0, 0, 0, 0, 1, 1, 0, 0, 0, 0, 0, 0, 0]",18,2
FF5958,"[1, 5, 5, 1, 2, 3, 1, 0, 0, 0, 0, 0, 0, 0, 0, 3, 3, 0, 0, 0, 0, 0, 0, 0]",24,3
FF5959,"[1, 5, 5, 1, 1, 3, 2, 0, 0, 0, 0, 0, 0, 0, 0, 4, 3, 0, 0, 0, 0, 0, 0, 0]",25,3
FF5143,"[3, 3, 3, 1, 2, 4, 2, 0, 4, 0, 0, 0, 0, 0, 0, 0, 0, 0, 0, 0, 0, 0, 0, -1]",21,2
FF5144,"[3, 3, 3, 1, 3, 4, 2, 0, 4, 0, 0, 0, 0, 0, 3, 3, 0, 0, 0, 0, 0, 0, -2, -1]",26,3
FF5145,"[4, 3, 3, 1, 4, 4, 1, 4, 4, 0, 0, 0, 0, 0, 5, 2, 0, 0, 0, 0, -5, 0, -1, -1]",28,4
FF5146,"[3, 3, 3, 1, 4, 4, 2, 4, 4, 0, 0, 0, 0, 0, 0, 0, 0, 0, 0, 0, 0, 0, 0, -2]",26,3
FF5147,"[3, 3, 3, 1, 2, 4, 2, 4, 4, 0, 0, 0, 0, 0, 0, 0, 0, 0, 0, 0, 0, 0, 0, -1]",25,3
FF5148,"[4, 4, 4, 1, 2, 3, 2, 5, 4, 0, 0, 0, 0, 0, 0, 0, 0, 0, 0, 0, 0, 0, 0, -4]",25,3
FF5149,"[4, 4, 4, 1, 3, 3, 2, 4, 4, 0, 0, 0, 0, 0, 0, 0, 0, 0, 0, 0, 0, 0, 0, -2]",27,4
FF5240,"[4, 3, 4, 1, 3, 4, 3, 5, 4, 0, 0, 0, 0, 0, 0, 0, 0, 0, 0, 0, 0, 0, 0, -2]",29,4
FF5241,"[4, 3, 4, 1, 2, 3, 2, 5, 4, 0, 0, 0, 0, 0, 0, 0, 0, 0, 0, 0, 0, 0, 0, -2]",26,3
FF5242,"[3, 3, 3, 1, 2, 4, 3, 4, 4, 0, 0, 0, 0, 0, 0, 0, 0, 0, 0, 0, 0, 0, 0, -2]",25,3
FF5243,"[2, 4, 5, 1, 1, 4, 1, 4, 0, 0, 0, 0, 0, 0, 0, 0, 0, 0, 0, 0, 0, 0, 0, -2]",20,2
FF5244,"[3, 4, 4, 1, 2, 4, 1, 4, 4, 0, 0, 0, 0, 0, 0, 0, 0, 0, 0, 0, 0, 0, 0, -2]",25,3
FF5245,"[3, 3, 4, 1, 3, 4, 1, 4, 4, 0, 0, 0, 0, 0, 0, 0, 0, 0, 0, 0, 0, 0, 0, -2]",25,3
FF5246,"[2, 4, 5, 1, 2, 4, 1, 4, 4, 0, 0, 0, 0, 0, 0, 0, 0, 0, 0, 0, 0, 0, -2, -5]",20,2
FF5247,"[4, 4, 3, 1, 3, 4, 0, 5, 4, 0, 0, 0, 0, 0, 0, 0, 0, 0, 0, 0, 0, 0, 0, -1]",27,4
FF5248,"[2, 4, 5, 1, 2, 4, 0, 0, 4, 0, 0, 0, 0, 0, 0, 0, 0, 0, 0, 0, 0, 0, 0, -4]",18,2
FF5249,"[1, 4, 5, 1, 2, 4, 0, 0, 4, 0, 0, 0, 0, 0, 0, 0, 0, 0, 0, 0, 0, 0, 0, -5]",16,2
FF5340,"[1, 0, 5, 1, 1, 4, 1, 0, 4, 0, 0, 0, 0, 0, 0, 0, 0, 0, 0, 0, 0, 0, 0, 0]",17,2
FF5341,"[2, 4, 5, 1, 1, 3, 4, 0, 4, 0, 0, 0, 0, 0, 0, 0, 0, 0, 0, 0, 0, 0, 0, 0]",24,3
FF5342,"[3, 5, 4, 1, 1, 3, 4, 4, 4, 0, 0, 0, 0, 0, 0, 0, 0, 0, 0, 0, 0, 0, 0, 0]",29,4
FF5343,"[1, 0, 5, 1, 1, 2, 1, 0, 4, 0, 0, 0, 0, 0, 0, 0, 0, 0, 0, 0, 0, 0, 0, 0]",15,1
FF5344,"[1, 0, 5, 1, 1, 3, 3, 0, 4, 0, 0, 0, 0, 0, 0, 0, 0, 0, 0, 0, 0, 0, 0, 0]",18,2
FF5345,"[1, 5, 5, 1, 2, 3, 1, 0, 4, 0, 0, 0, 0, 0, 0, 0, 0, 0, 0, 0, 0, 0, 0, 0]",22,3
FF5346,"[3, 5, 4, 1, 1, 4, 4, 0, 4, 0, 0, 0, 0, 0, 0, 0, 0, 0, 0, 0, 0, 0, 0, 0]",26,3
FF5347,"[2, 3, 3, 1, 2, 5, 3, 5, 4, 0, 0, 0, 0, 0, 0, 0, 0, 0, 0, 0, 0, 0, 0, 0]",28,4
FF5348,"[4, 5, 4, 1, 3, 3, 1, 5, 0, 0, 0, 0, 0, 0, 0, 0, 0, 0, 0, 0, 0, 0, 0, -5]",21,2
FF5647,"[4, 2, 2, 1, 3, 4, 1, 4, 0, 0, 0, 0, 0, 0, 0, 0, 0, 0, 0, 0, 0, 0, -2, -1]",18,2
FF5648,"[4, 2, 1, 1, 2, 4, 0, 4, 0, 0, 0, 0, 0, 0, 0, 3, 3, 0, 0, 0, 0, 0, -2, -1]",21,2
FF5649,"[4, 3, 2, 1, 3, 4, 0, 4, 0, 0, 0, 0, 0, 0, 3, 0, 0, 0, 0, 0, 0, 0, -2, -2]",20,2
FF5740,"[3, 2, 2, 1, 3, 4, 0, 4, 0, 0, 0, 0, 0, 0, 0, 0, 0, 0, 0, 0, 0, 0, -1, -1]",17,2
FF5741,"[3, 2, 3, 1, 2, 4, 1, 5, 0, 0, 0, 0, 0, 0, 0, 0, 0, 0, 0, 0, 0, 0, 0, -1]",20,2
FF5742,"[3, 2, 2, 1, 2, 4, 1, 4, 0, 0, 0, 0, 0, 0, 3, 0, 0, 0, 0, 0, 0, 0, 0, -1]",21,2
FF5743,"[3, 2, 2, 1, 2, 4, 0, 4, 0, 0, 0, 0, 0, 0, 0, 0, 0, 0, 0, 0, 0, 0, -2, -2]",14,1
FF5744,"[3, 2, 2, 1, 2, 4, 2, 4, 0, 0, 0, 0, 0, 0, 0, 0, 0, 0, 0, 0, 0, 0, -2, -1]",17,2
FF5745,"[2, 2, 2, 1, 3, 5, 2, 4, 0, 0, 0, 0, 0, 0, 0, 0, 0, 0, 0, 0, 0, 0, -1, -2]",18,2
FF5746,"[2, 3, 3, 1, 4, 5, 2, 4, 0, 0, 0, 0, 0, 0, 0, 0, 0, 0, 0, 0, 0, 0, 0, -4]",20,2
FF5747,"[4, 4, 3, 1, 3, 4, 1, 5, 0, 0, 0, 0, 0, 0, 0, 0, 0, 0, 0, 0, 0, 0, 0, -1]",24,3
FF5748,"[2, 3, 3, 1, 3, 5, 1, 5, 0, 0, 0, 0, 0, 0, 0, 0, 0, 0, 0, 0, 0, 0, 0, -1]",22,3
FF5749,"[3, 3, 3, 1, 4, 4, 2, 5, 0, 0, 0, 0, 0, 0, 3, 0, 0, 0, 0, 0, 0, 0, 0, 0]",28,4
FF5847,"[3, 4, 4, 1, 1, 4, 0, 4, 0, 0, 0, 0, 0, 0, 0, 0, 0, 0, 0, 0, 0, 0, -2, 0]",19,2
FF5848,"[3, 2, 2, 1, 2, 4, 1, 4, 0, 0, 0, 0, 0, 0, 0, 0, 0, 0, 0, 0, 0, 0, 0, -1]",18,2
FF5849,"[1, 2, 3, 1, 2, 5, 1, 4, 0, 0, 0, 0, 0, 0, 0, 0, 0, 0, 0, 0, 0, 0, 0, -1]",18,2
FF5940,"[2, 2, 2, 1, 2, 5, 0, 4, 4, 0, 0, 0, 0, 0, 0, 0, 0, 0, 0, 0, 0, 0, 0, 0]",22,3
FF5941,"[1, 2, 3, 1, 3, 5, 0, 4, 4, 0, 0, 0, 0, 0, 0, 0, 0, 0, 0, 0, 0, 0, 0, -2]",21,2
FF5942,"[3, 3, 3, 1, 4, 5, 1, 4, 4, 0, 0, 0, 0, 0, 0, 3, 3, 0, 0, 0, 0, 0, -2, -2]",30,4
FF5943,"[2, 3, 3, 1, 3, 5, 1, 5, 4, 0, 0, 0, 0, 0, 0, 2, 2, 0, 0, 0, 0, 0, -1, -1]",29,4
FF5944,"[2, 4, 3, 1, 1, 5, 1, 5, 0, 0, 0, 0, 0, 0, 0, 0, 0, 0, 0, 0, -5, 0, 0, 0]",17,2
FF5945,"[1, 5, 5, 1, 1, 2, 0, 0, 0, 0, 0, 0, 0, 0, 0, 0, 0, 0, 0, 0, 0, 0, 0, 0]",15,1
FF5946,"[1, 5, 5, 1, 1, 3, 1, 4, 3, 0, 0, 0, 0, 0, 0, 0, 0, 0, 0, 0, 0, 0, 0, 0]",24,3
FF5947,"[1, 4, 5, 1, 2, 3, 0, 0, 0, 0, 0, 0, 0, 0, 0, 0, 0, 0, 0, 0, 0, 0, 0, 0]",16,2
FF5948,"[1, 5, 5, 1, 2, 4, 1, 0, 0, 0, 0, 0, 0, 0, 0, 3, 3, 0, 0, 0, 0, 0, 0, 0]",25,3
FF5949,"[1, 5, 5, 1, 1, 3, 1, 0, 0, 0, 0, 0, 0, 0, 0, 2, 2, 0, 0, 0, 0, 0, 0, 0]",21,2
FF6261,"[3, 3, 4, 3, 4, 4, 2, 0, 0, 0, 0, 0, 0, 0, 0, 0, 0, 0, 0, 0, 0, 0, 0, -1]",22,3
FF6251,"[2, 3, 3, 2, 5, 5, 1, 0, 0, 0, 0, 0, 0, 0, 0, 0, 0, 0, 0, 0, 0, 0, 0, 0]",21,2
FF6262,"[4, 2, 3, 3, 5, 4, 2, 0, 0, 0, 0, 0, 0, 0, 3, 0, 0, 0, 0, 0, 0, 0, 0, 0]",26,3
FF6252,"[3, 2, 3, 2, 5, 5, 1, 4, 0, 0, 0, 0, 0, 0, 0, 0, 0, 0, 0, 0, -5, 0, 0, -1]",19,2
FF6263,"[3, 3, 3, 3, 5, 5, 2, 0, 0, 0, 0, 0, 0, 0, 0, 0, 0, 0, 0, 0, 0, 0, 0, -1]",23,3
FF6253,"[3, 1, 2, 2, 5, 4, 2, 4, 0, 0, 0, 0, 0, 0, 0, 0, 0, 0, 0, 0, -5, 0, 0, -1]",17,2
FF6264,"[3, 4, 4, 2, 4, 4, 2, 0, 0, 0, 0, 0, 0, 0, 0, 0, 0, 0, 0, 0, 0, 0, 0, 0]",23,3
FF6254,"[3, 3, 3, 2, 4, 5, 2, 0, 0, 0, 0, 0, 0, 0, 0, 0, 0, 0, 0, 0, 0, 0, 0, -4]",18,2
FF6265,"[3, 4, 4, 2, 4, 4, 1, 0, 1, 0, 0, 0, 0, 0, 0, 0, 0, 0, 0, 0, 0, 0, 0, 0]",23,3
FF6255,"[3, 4, 4, 2, 4, 4, 2, 0, 0, 0, 0, 0, 0, 0, 0, 0, 0, 0, 0, 0, 0, 0, 0, 0]",23,3
FF6266,"[2, 3, 3, 2, 5, 5, 1, 4, 0, 0, 0, 0, 0, 0, 0, 0, 0, 0, 0, 0, 0, -5, 0, -5]",15,1
FF6256,"[3, 2, 3, 2, 4, 4, 2, 4, 0, 0, 0, 0, 0, 0, 5, 0, 0, 0, 0, 0, 0, 0, 0, -1]",28,4
FF6207,"[3, 2, 2, 1, 1, 5, 1, 4, 0, 0, 0, 0, 0, 0, 0, 0, 0, 0, 0, 0, 0, 0, 0, -1]",18,2
FF6208,"[3, 1, 2, 1, 2, 4, 1, 0, 0, 0, 0, 0, 0, 0, 0, 0, 0, 0, 0, 0, 0, 0, 0, -1]",13,1
FF6209,"[2, 2, 3, 1, 2, 5, 1, 4, 0, 0, 0, 0, 0, 0, 0, 0, 0, 0, 0, 0, 0, 0, 0, -1]",19,2
FF6300,"[3, 2, 2, 1, 4, 4, 1, 4, 0, 0, 0, 0, 0, 0, 0, 0, 0, 0, 0, 0, 0, 0, 0, 0]",21,2
FF6301,"[2, 2, 2, 1, 1, 5, 2, 4, 0, 0, 0, 0, 0, 0, 0, 0, 0, 0, 0, 0, 0, 0, 0, 0]",19,2
FF6302,"[3, 2, 2, 1, 2, 4, 2, 0, 0, 0, 0, 0, 0, 0, 0, 0, 0, 0, 0, 0, 0, 0, 0, -1]",15,1
FF5295,"[3, 3, 3, 1, 3, 5, 1, 4, 0, 0, 0, 0, 0, 0, 0, 0, 0, 0, 0, 0, 0, 0, -2, -2]",19,2
FF5296,"[3, 2, 3, 1, 3, 4, 2, 4, 0, 0, 0, 0, 0, 0, 0, 0, 0, 0, 0, 0, 0, 0, 0, 0]",22,3
FF5297,"[1, 3, 3, 1, 2, 5, 1, 0, 0, 0, 0, 0, 0, 0, 0, 0, 0, 0, 0, 0, 0, 0, 0, -5]",11,1
FF5298,"[3, 4, 4, 1, 1, 4, 2, 0, 0, 0, 0, 0, 0, 0, 0, 0, 0, 0, 0, 0, 0, 0, 0, -1]",18,2
FF5299,"[2, 4, 3, 1, 2, 5, 2, 0, 0, 0, 0, 0, 0, 0, 0, 0, 0, 0, 0, 0, -5, 0, 0, 0]",14,1
FF5390,"[3, 3, 4, 1, 2, 4, 1, 0, 0, 0, 0, 0, 0, 0, 0, 0, 0, 0, 0, 0, 0, 0, 0, 0]",18,2
FF5391,"[3, 2, 3, 1, 2, 4, 2, 4, 0, 0, 0, 0, 0, 0, 0, 0, 0, 0, 0, 0, 0, 0, 0, -1]",20,2
FF5392,"[3, 3, 3, 1, 1, 4, 4, 5, 0, 0, 0, 0, 0, 0, 0, 0, 0, 0, 0, 0, 0, 0, 0, 0]",24,3
FF5393,"[2, 1, 2, 1, 1, 5, 3, 5, 0, 0, 0, 0, 0, 0, 0, 0, 0, 0, 0, 0, 0, 0, 0, -1]",19,2
FF5130,"[4, 3, 3, 1, 2, 4, 1, 4, 0, 0, 0, 0, 0, 0, 0, 0, 0, 0, 0, 0, -5, 0, 0, -1]",16,2
FF5131,"[2, 3, 3, 1, 1, 5, 2, 4, 4, 0, 0, 0, 0, 0, 0, 0, 0, 0, 0, 0, 0, 0, 0, -2]",23,3
FF5132,"[3, 4, 3, 1, 1, 4, 2, 4, 4, 0, 0, 0, 0, 0, 0, 0, 0, 0, 0, 0, 0, 0, 0, -2]",24,3
FF5133,"[3, 4, 4, 1, 1, 4, 2, 0, 0, 0, 0, 0, 0, 0, 0, 0, 0, 0, 0, 0, 0, 0, -2, -4]",13,1
FF5134,"[1, 4, 5, 1, 1, 3, 0, 0, 0, 0, 0, 0, 0, 0, 3, 0, 0, 0, 0, 0, 0, 0, -2, -2]",14,1
FF5135,"[2, 5, 5, 1, 3, 4, 0, 0, 0, 0, 0, 0, 0, 0, 3, 3, 0, 0, 0, 0, -5, 0, 0, -5]",16,2
FF5136,"[3, 3, 5, 1, 2, 4, 1, 0, 0, 0, 0, 0, 0, 0, 0, 2, 0, 0, 0, 0, 0, 0, 0, -2]",19,2
FF5137,"[3, 3, 4, 1, 3, 4, 2, 0, 0, 0, 0, 0, 0, 0, 0, 0, 0, 0, 0, 0, 0, 0, 0, -4]",16,2
FF5138,"[3, 4, 5, 1, 2, 3, 3, 5, 0, 0, 0, 0, 0, 0, 0, 0, 0, 0, 0, 0, 0, 0, 0, -5]",21,2
FF5139,"[2, 4, 5, 1, 2, 4, 1, 4, 0, 0, 0, 0, 0, 0, 0, 0, 0, 0, 0, 0, 0, 0, 0, -5]",18,2
FF5230,"[3, 3, 4, 1, 2, 4, 1, 4, 0, 0, 0, 0, 0, 0, 0, 0, 0, 0, 0, 0, 0, 0, 0, -1]",21,2
FF5231,"[3, 3, 4, 1, 2, 4, 2, 4, 0, 0, 0, 0, 0, 0, 0, 0, 0, 0, 0, 0, 0, 0, 0, -2]",21,2
FF5232,"[2, 4, 5, 1, 2, 4, 1, 0, 4, 0, 0, 0, 0, 0, 0, 0, 0, 0, 0, 0, 0, 0, 0, -4]",19,2
FF5233,"[3, 4, 4, 1, 2, 3, 2, 4, 4, 0, 0, 0, 0, 0, 0, 0, 0, 0, 0, 0, 0, 0, 0, -2]",25,3
FF5234,"[3, 3, 4, 1, 2, 4, 2, 5, 4, 0, 0, 0, 0, 0, 0, 0, 0, 0, 0, 0, 0, 0, 0, -2]",26,3
FF5235,"[2, 4, 5, 1, 1, 4, 3, 0, 4, 0, 0, 0, 0, 0, 0, 0, 0, 0, 0, 0, 0, 0, 0, 0]",24,3
FF5236,"[1, 5, 5, 1, 1, 3, 1, 0, 4, 0, 0, 0, 0, 0, 0, 0, 0, 0, 0, 0, 0, 0, -1, 0]",20,2
FF5237,"[1, 5, 5, 1, 2, 4, 2, 0, 4, 0, 0, 0, 0, 0, 0, 0, 0, 0, 0, 0, 0, 0, -2, 0]",22,3
FF5238,"[1, 5, 5, 1, 2, 4, 1, 0, 4, 0, 0, 0, 0, 0, 0, 0, 0, 0, 0, 0, 0, 0, 0, 0]",23,3
FF5239,"[1, 0, 5, 1, 2, 4, 0, 0, 4, 0, 0, 0, 0, 0, 0, 0, 0, 0, 0, 0, 0, 0, 0, 0]",17,2
FF5330,"[1, 0, 5, 1, 1, 4, 1, 0, 5, 0, 0, 0, 0, 0, 0, 0, 0, 0, 0, 0, 0, 0, 0, 0]",18,2
FF5331,"[1, 0, 5, 1, 1, 4, 2, 0, 5, 0, 0, 0, 0, 0, 0, 0, 0, 0, 0, 0, 0, 0, 0, 0]",19,2
FF5332,"[1, 5, 5, 1, 1, 3, 3, 0, 4, 0, 0, 0, 0, 0, 0, 0, 0, 0, 0, 0, 0, 0, 0, 0]",23,3
FF5333,"[1, 0, 5, 1, 1, 3, 1, 0, 4, 0, 0, 0, 0, 0, 0, 0, 0, 0, 0, 0, 0, 0, 0, 0]",16,2
FF5334,"[1, 0, 5, 1, 1, 4, 1, 0, 4, 0, 0, 0, 0, 0, 0, 0, 0, 0, 0, 0, 0, 0, 0, 0]",17,2
FF5335,"[2, 5, 5, 1, 2, 4, 4, 0, 4, 0, 0, 0, 0, 0, 0, 0, 0, 0, 0, 0, 0, 0, 0, 0]",27,4
FF5336,"[3, 5, 4, 1, 3, 4, 3, 4, 4, 0, 0, 0, 0, 0, 0, 0, 0, 0, 0, 0, 0, 0, 0, 0]",31,4
FF5337,"[3, 3, 3, 1, 3, 5, 2, 4, 4, 0, 0, 0, 0, 0, 0, 0, 0, 0, 0, 0, 0, 0, 0, 0]",28,4
FF5338,"[3, 3, 3, 1, 3, 5, 1, 4, 0, 0, 0, 0, 0, 0, 0, 0, 0, 0, 0, 0, 0, 0, 0, 0]",23,3
FF5339,"[3, 4, 4, 1, 2, 4, 1, 4, 0, 0, 0, 0, 0, 0, 0, 0, 0, 0, 0, 0, 0, 0, 0, 0]",23,3
FF5637,"[3, 3, 3, 1, 2, 4, 1, 4, 0, 0, 0, 0, 0, 0, 0, 0, 0, 0, 0, 0, 0, 0, 0, -2]",19,2
FF5638,"[3, 2, 3, 1, 2, 4, 0, 4, 1, 0, 0, 0, 0, 0, 3, 3, 3, 0, 0, 0, 0, 0, 0, -2]",27,4
FF5639,"[3, 3, 4, 1, 2, 4, 0, 4, 0, 0, 0, 0, 0, 0, 0, 0, 0, 0, 0, 0, 0, 0, 0, -2]",19,2
FF5730,"[3, 4, 5, 1, 2, 3, 0, 5, 3, 0, 0, 0, 0, 0, 0, 0, 0, 0, 0, 0, 0, 0, 0, -1]",25,3
FF5731,"[3, 4, 5, 1, 2, 2, 1, 5, 3, 0, 0, 0, 0, 0, 0, 0, 0, 0, 0, 0, 0, 0, 0, -1]",25,3
FF5732,"[2, 4, 5, 1, 2, 2, 0, 4, 0, 0, 0, 0, 0, 0, 0, 0, 0, 0, 0, 0, 0, 0, 0, -1]",19,2
FF5733,"[3, 4, 4, 1, 2, 4, 0, 4, 0, 0, 0, 0, 0, 0, 0, 0, 0, 0, 0, 0, 0, 0, 0, -1]",21,2
FF5734,"[3, 2, 3, 1, 2, 4, 1, 4, 0, 0, 0, 0, 0, 0, 3, 0, 0, 0, 0, 0, 0, 0, 0, -1]",22,3
FF5735,"[4, 3, 3, 1, 2, 4, 1, 5, 0, 0, 0, 0, 0, 0, 0, 0, 0, 0, 0, 0, 0, 0, 0, -1]",22,3
FF5736,"[4, 3, 4, 1, 3, 4, 2, 4, 0, 0, 0, 0, 0, 0, 0, 0, 0, 0, 0, 0, 0, 0, 0, -2]",23,3
FF5737,"[4, 4, 4, 1, 3, 4, 2, 5, 0, 0, 0, 0, 0, 0, 0, 0, 0, 0, 0, 0, 0, 0, 0, -2]",25,3
FF5738,"[4, 3, 3, 1, 4, 4, 1, 5, 0, 0, 0, 0, 0, 0, 0, 0, 0, 0, 0, 0, 0, 0, 0, -1]",24,3
FF5739,"[3, 3, 3, 1, 3, 4, 1, 5, 0, 0, 0, 0, 0, 0, 0, 0, 0, 0, 0, 0, 0, 0, 0, -1]",22,3
FF5830,"[2, 3, 3, 1, 3, 5, 1, 4, 0, 0, 0, 0, 0, 0, 0, 0, 0, 0, 0, 0, 0, 0, 0, 0]",22,3
FF5831,"[2, 2, 2, 1, 3, 5, 0, 0, 0, 0, 0, 0, 0, 0, 0, 0, 0, 0, 0, 0, 0, 0, -2, -1]",12,1
FF5832,"[3, 4, 5, 1, 2, 3, 0, 4, 0, 0, 0, 0, 0, 0, 0, 3, 3, 0, 0, 0, 0, 0, -2, -1]",25,3
FF5833,"[1, 4, 5, 1, 1, 3, 1, 0, 0, 0, 0, 0, 0, 0, 0, 0, 0, 0, 0, 0, 0, 0, 0, 0]",16,2
FF5834,"[3, 2, 3, 1, 2, 4, 2, 4, 0, 0, 0, 0, 0, 0, 0, 0, 0, 0, 0, 0, 0, 0, 0, -1]",20,2
FF5835,"[3, 2, 3, 1, 1, 4, 1, 4, 0, 0, 0, 0, 0, 0, 0, 0, 0, 0, 0, 0, 0, 0, -1, -1]",17,2
FF5836,"[4, 2, 4, 1, 2, 3, 0, 4, 0, 0, 0, 0, 0, 0, 0, 0, 0, 0, 0, 0, 0, 0, -2, -1]",17,2
FF5837,"[3, 3, 3, 1, 2, 4, 0, 0, 0, 0, 0, 0, 0, 0, 0, 0, 0, 0, 0, 0, 0, 0, 0, -1]",15,1
FF5838,"[2, 2, 3, 1, 1, 5, 0, 4, 0, 0, 0, 0, 0, 0, 0, 0, 0, 0, 0, 0, 0, 0, 0, -2]",16,2
FF5839,"[1, 2, 3, 1, 3, 5, 1, 4, 0, 0, 0, 0, 0, 0, 3, 0, 0, 0, 0, 0, 0, 0, 0, -1]",22,3
FF5930,"[3, 3, 3, 1, 4, 4, 2, 0, 4, 0, 0, 0, 0, 0, 0, 0, 0, 0, 0, 0, 0, 0, 0, -3]",21,2
FF5931,"[3, 3, 3, 1, 5, 4, 2, 0, 4, 0, 0, 0, 0, 0, 3, 0, 0, 0, 0, 0, 0, 0, 0, -1]",27,4
FF5932,"[3, 2, 2, 1, 2, 4, 1, 0, 4, 0, 0, 0, 0, 0, 0, 4, 4, 0, 0, 0, 0, 0, -2, -2]",23,3
FF5933,"[3, 2, 3, 1, 1, 4, 0, 4, 0, 0, 0, 0, 0, 0, 0, 0, 0, 0, 0, 0, 0, 0, 0, -1]",17,2
FF5934,"[2, 4, 5, 1, 1, 4, 1, 0, 0, 0, 0, 0, 0, 0, 0, 0, 0, 0, 0, 0, 0, 0, 0, 0]",18,2
FF5935,"[2, 5, 5, 1, 1, 3, 2, 0, 0, 0, 0, 0, 0, 0, 0, 0, 0, 0, 0, 0, 0, 0, 0, 0]",19,2
FF5936,"[1, 0, 5, 1, 1, 3, 2, 0, 3, 0, 0, 0, 0, 0, 0, 0, 0, 0, 0, 0, 0, 0, 0, 0]",16,2
FF5937,"[1, 4, 5, 1, 1, 2, 2, 0, 3, 0, 0, 0, 0, 0, 0, 0, 0, 0, 0, 0, 0, 0, 0, 0]",19,2
FF5938,"[1, 5, 5, 1, 1, 3, 2, 0, 0, 0, 0, 0, 0, 0, 0, 3, 3, 0, 0, 0, 0, 0, 0, 0]",24,3
FF5939,"[1, 5, 5, 1, 1, 3, 1, 0, 0, 0, 0, 0, 0, 0, 0, 0, 0, 0, 0, 0, 0, 0, 0, 0]",17,2
FF5029,"[3, 3, 3, 1, 2, 4, 3, 0, 4, 0, 0, 0, 0, 0, 0, 0, 0, 0, 0, 0, 0, 0, 0, -1]",22,3
FF5120,"[2, 4, 3, 1, 2, 5, 2, 4, 4, 0, 0, 0, 0, 0, 0, 0, 0, 0, 0, 0, 0, 0, -1, -3]",23,3
FF5121,"[4, 3, 3, 1, 1, 4, 1, 4, 4, 0, 0, 0, 0, 0, 5, 0, 0, 0, 0, 0, 0, 0, -2, -1]",27,4
FF5122,"[3, 3, 4, 1, 1, 3, 1, 4, 0, 0, 0, 0, 0, 0, 0, 0, 0, 0, 0, 0, 0, 0, -2, -1]",17,2
FF5123,"[3, 3, 4, 1, 2, 3, 0, 4, 0, 0, 0, 0, 0, 0, 0, 0, 0, 0, 0, 0, 0, 0, -1, -3]",16,2
FF5124,"[1, 0, 5, 1, 2, 4, 0, 0, 0, 0, 0, 0, 0, 0, 0, 0, 0, 0, 0, 0, 0, 0, 0, 0]",13,1
FF5125,"[1, 0, 5, 1, 2, 4, 0, 0, 0, 0, 0, 0, 0, 0, 0, 0, 0, 0, 0, 0, 0, 0, 0, 0]",13,1
FF5126,"[2, 3, 5, 1, 3, 4, 1, 4, 0, 0, 0, 0, 0, 0, 0, 3, 0, 0, 0, 0, -5, 0, 0, -1]",20,2
FF5127,"[3, 3, 4, 1, 4, 4, 1, 4, 0, 0, 0, 0, 0, 0, 0, 1, 0, 0, 0, 0, -5, 0, 0, -2]",18,2
FF5128,"[2, 4, 5, 1, 3, 3, 1, 4, 0, 0, 0, 0, 0, 0, 0, 0, 0, 0, 0, 0, 0, 0, 0, -1]",22,3
FF5129,"[1, 4, 5, 1, 2, 4, 2, 4, 0, 0, 0, 0, 0, 0, 0, 0, 0, 0, 0, 0, 0, 0, 0, -4]",19,2
FF5220,"[3, 3, 4, 1, 2, 4, 3, 4, 0, 0, 0, 0, 0, 0, 0, 0, 0, 0, 0, 0, 0, 0, 0, -1]",23,3
FF5221,"[3, 3, 3, 1, 2, 5, 1, 4, 0, 0, 0, 0, 0, 0, 0, 0, 0, 0, 0, 0, 0, 0, 0, -2]",20,2
FF5222,"[3, 4, 5, 1, 2, 4, 1, 4, 0, 0, 0, 0, 0, 0, 0, 0, 0, 0, 0, 0, 0, 0, 0, -2]",22,3
FF5223,"[2, 4, 5, 1, 2, 4, 2, 0, 0, 0, 0, 0, 0, 0, 0, 0, 0, 0, 0, 0, 0, 0, 0, -2]",18,2
FF5224,"[3, 4, 4, 1, 1, 4, 1, 5, 4, 0, 0, 0, 0, 0, 0, 0, 0, 0, 0, 0, 0, 0, 0, -2]",25,3
FF5225,"[1, 4, 5, 1, 2, 3, 2, 0, 4, 0, 0, 0, 0, 0, 0, 0, 0, 0, 0, 0, 0, 0, 0, 0]",22,3
FF5226,"[1, 5, 5, 1, 1, 3, 1, 0, 4, 0, 0, 0, 0, 0, 0, 0, 0, 0, 0, 0, 0, 0, 0, 0]",21,2
FF5227,"[1, 4, 5, 1, 2, 3, 1, 0, 4, 0, 0, 0, 0, 0, 3, 0, 0, 0, 0, 0, 0, 0, -2, -1]",21,2
FF5228,"[2, 5, 5, 1, 1, 3, 2, 0, 4, 0, 0, 0, 0, 0, 0, 0, 0, 0, 0, 0, 0, 0, 0, 0]",23,3
FF5229,"[3, 5, 4, 1, 1, 4, 2, 0, 5, 0, 0, 0, 0, 0, 0, 0, 0, 0, 0, 0, 0, 0, 0, 0]",25,3
FF5320,"[2, 5, 5, 1, 1, 3, 3, 5, 5, 0, 0, 0, 0, 0, 0, 0, 0, 0, 0, 0, 0, 0, 0, 0]",30,4
FF5321,"[3, 5, 5, 1, 1, 3, 2, 5, 5, 0, 0, 0, 0, 0, 0, 0, 0, 0, 0, 0, 0, 0, 0, 0]",30,4
FF5322,"[1, 5, 5, 1, 1, 4, 1, 5, 5, 0, 0, 0, 0, 0, 0, 0, 0, 0, 0, 0, 0, 0, 0, 0]",28,4
FF5323,"[1, 5, 5, 1, 1, 4, 1, 5, 5, 0, 0, 0, 0, 0, 0, 0, 0, 0, 0, 0, 0, 0, 0, 0]",28,4
FF5324,"[2, 5, 5, 1, 2, 4, 3, 5, 5, 0, 0, 0, 0, 0, 0, 0, 0, 0, 0, 0, 0, 0, 0, 0]",32,4
FF5325,"[3, 5, 4, 1, 2, 4, 2, 0, 4, 0, 0, 0, 0, 0, 0, 0, 0, 0, 0, 0, 0, 0, 0, 0]",25,3
FF5326,"[1, 5, 5, 1, 2, 3, 1, 0, 4, 0, 0, 0, 0, 0, 0, 0, 0, 0, 0, 0, 0, 0, 0, 0]",22,3
FF5327,"[3, 4, 4, 1, 2, 4, 3, 4, 4, 0, 0, 0, 0, 0, 0, 0, 0, 0, 0, 0, 0, 0, 0, -5]",24,3
FF5328,"[3, 2, 2, 1, 4, 4, 2, 4, 4, 0, 0, 0, 0, 0, 2, 0, 0, 0, 0, 0, 0, 0, 0, 0]",28,4
FF5329,"[2, 4, 3, 1, 3, 5, 0, 4, 0, 0, 0, 0, 0, 0, 0, 0, 0, 0, 0, 0, 0, 0, 0, -4]",18,2
FF5627,"[4, 2, 3, 1, 3, 4, 1, 4, 0, 0, 0, 0, 0, 0, 0, 0, 0, 0, 0, 0, 0, 0, 0, -1]",21,2
FF5628,"[4, 2, 4, 1, 2, 4, 0, 4, 0, 0, 0, 0, 0, 0, 0, 3, 3, 0, 0, 0, 0, 0, 0, -1]",26,3
FF5629,"[2, 4, 5, 1, 3, 4, 0, 0, 0, 0, 0, 0, 0, 0, 0, 0, 0, 0, 0, 0, 0, 0, 0, 0]",19,2
FF5720,"[1, 5, 5, 1, 2, 4, 0, 0, 0, 0, 0, 0, 0, 0, 0, 0, 0, 0, 0, 0, 0, 0, 0, 0]",18,2
FF5721,"[1, 5, 5, 1, 2, 3, 1, 0, 0, 0, 0, 0, 0, 0, 0, 0, 0, 0, 0, 0, 0, 0, 0, 0]",18,2
FF5722,"[1, 0, 5, 1, 2, 3, 0, 0, 0, 0, 0, 0, 0, 0, 0, 0, 0, 0, 0, 0, 0, 0, 0, 0]",12,1
FF5723,"[1, 5, 5, 1, 2, 3, 0, 0, 0, 0, 0, 0, 0, 0, 0, 0, 0, 0, 0, 0, 0, 0, 0, 0]",17,2
FF5724,"[1, 3, 5, 1, 1, 3, 1, 4, 0, 0, 0, 0, 0, 0, 0, 0, 0, 0, 0, 0, 0, 0, 0, -1]",18,2
FF5725,"[1, 5, 5, 1, 1, 3, 1, 5, 0, 0, 0, 0, 0, 0, 0, 0, 0, 0, 0, 0, 0, 0, 0, 0]",22,3
FF5726,"[1, 4, 5, 1, 1, 4, 0, 4, 0, 0, 0, 0, 0, 0, 5, 0, 0, 0, 0, 0, 0, 0, 0, 0]",25,3
FF5727,"[3, 3, 4, 1, 1, 3, 0, 4, 0, 0, 0, 0, 0, 0, 2, 0, 0, 0, 0, 0, 0, 0, 0, -1]",20,2
FF5728,"[4, 3, 4, 1, 2, 4, 0, 4, 0, 0, 0, 0, 0, 0, 0, 0, 0, 0, 0, 0, 0, 0, 0, -1]",21,2
FF5729,"[3, 3, 4, 1, 2, 4, 0, 4, 0, 0, 0, 0, 0, 0, 5, 0, 0, 0, 0, 0, 0, 0, 0, -1]",25,3
FF5820,"[2, 2, 3, 1, 2, 5, 1, 0, 0, 0, 0, 0, 0, 0, 3, 0, 0, 0, 0, 0, 0, 0, 0, -4]",15,1
FF5821,"[3, 3, 3, 1, 3, 5, 1, 5, 0, 0, 0, 0, 0, 0, 0, 0, 0, 0, 0, 0, 0, 0, 0, -1]",23,3
FF5822,"[5, 5, 4, 1, 3, 3, 0, 5, 0, 0, 0, 0, 0, 0, 0, 2, 2, 0, 0, 0, 0, 0, -2, -5]",23,3
FF5823,"[1, 5, 5, 1, 1, 3, 0, 0, 0, 0, 0, 0, 0, 0, 3, 0, 0, 0, 0, 0, 0, 0, 0, 0]",19,2
FF5824,"[3, 3, 4, 1, 1, 4, 1, 0, 0, 0, 0, 0, 0, 0, 0, 0, 0, 0, 0, 0, 0, 0, 0, -1]",16,2
FF5825,"[3, 2, 2, 1, 2, 4, 1, 4, 0, 0, 0, 0, 0, 0, 0, 0, 0, 0, 0, 0, 0, 0, -2, -1]",16,2
FF5826,"[3, 2, 3, 1, 2, 5, 1, 4, 0, 0, 0, 0, 0, 0, 0, 0, 0, 0, 0, 0, 0, 0, 0, -1]",20,2
FF5827,"[1, 2, 3, 1, 3, 5, 0, 0, 0, 0, 0, 0, 0, 0, 0, 0, 0, 0, 0, 0, 0, 0, 0, 0]",15,1
FF5828,"[1, 2, 3, 1, 3, 5, 1, 0, 0, 0, 0, 0, 0, 0, 0, 0, 0, 0, 0, 0, 0, 0, 0, -1]",15,1
FF5829,"[1, 1, 2, 1, 3, 5, 1, 0, 0, 0, 0, 0, 0, 0, 0, 0, 0, 0, 0, 0, 0, 0, 0, -1]",13,1
FF5920,"[2, 4, 3, 1, 3, 5, 1, 0, 4, 0, 0, 0, 0, 0, 0, 0, 0, 0, 0, 0, 0, 0, 0, 0]",23,3
FF5921,"[2, 3, 3, 1, 3, 5, 1, 4, 0, 0, 0, 0, 0, 0, 0, 0, 0, 0, 0, 0, 0, 0, 0, -2]",20,2
FF5922,"[4, 3, 3, 1, 3, 4, 2, 0, 0, 0, 0, 0, 0, 0, 3, 4, 4, 0, 0, 0, 0, 0, -2, -1]",28,4
FF5923,"[2, 3, 3, 1, 1, 5, 1, 0, 3, 0, 0, 0, 0, 0, 0, 2, 2, 0, 0, 0, 0, 0, 0, -2]",21,2
FF5924,"[1, 3, 5, 1, 1, 3, 0, 0, 0, 0, 0, 0, 0, 0, 0, 0, 0, 0, 0, 0, 0, 0, 0, -4]",10,1
FF5925,"[1, 5, 5, 1, 1, 3, 1, 0, 0, 0, 0, 0, 0, 0, 0, 0, 0, 0, 0, 0, 0, 0, 0, 0]",17,2
FF5926,"[1, 0, 5, 1, 1, 2, 1, 0, 0, 0, 0, 0, 0, 0, 0, 0, 0, 0, 0, 0, 0, 0, 0, 0]",11,1
FF5927,"[2, 5, 5, 1, 1, 3, 1, 0, 3, 0, 0, 0, 0, 0, 0, 0, 0, 0, 0, 0, 0, 0, 0, 0]",21,2
FF5928,"[2, 4, 5, 1, 1, 3, 1, 0, 0, 0, 0, 0, 0, 0, 0, 3, 3, 0, 0, 0, 0, 0, 0, -3]",20,2
FF5929,"[1, 3, 5, 1, 1, 3, 0, 0, 0, 0, 0, 0, 0, 0, 0, 5, 4, 0, 0, 0, 0, 0, 0, 0]",23,3
FF3919,"[3, 5, 5, 1, 2, 3, 1, 4, 0, 0, 0, 0, 0, 0, 0, 0, 0, 0, 0, 0, 0, 0, 0, 0]",24,3
FF3929,"[2, 4, 5, 1, 2, 4, 0, 0, 0, 0, 0, 0, 0, 0, 0, 0, 0, 0, 0, 0, 0, 0, 0, 0]",18,2
FF3939,"[1, 3, 5, 1, 2, 4, 1, 0, 3, 0, 0, 0, 0, 0, 0, 0, 0, 0, 0, 0, 0, 0, 0, 0]",20,2
FF3949,"[1, 4, 5, 1, 2, 3, 2, 4, 1, 0, 0, 0, 0, 0, 0, 0, 0, 0, 0, 0, 0, 0, 0, -3]",20,2
FF3959,"[3, 3, 4, 1, 2, 3, 1, 4, 0, 0, 0, 0, 0, 0, 0, 0, 0, 0, 0, 0, 0, 0, 0, -1]",20,2
FF3969,"[2, 4, 4, 1, 4, 5, 2, 0, 0, 0, 0, 0, 0, 0, 0, 0, 0, 0, 0, 0, 0, 0, 0, 0]",22,3
FF3979,"[4, 3, 4, 1, 4, 4, 3, 4, 0, 0, 0, 0, 0, 0, 0, 0, 0, 0, 0, 0, 0, 0, 0, -2]",25,3
FF3989,"[2, 3, 5, 1, 3, 3, 2, 0, 0, 0, 0, 0, 0, 0, 0, 0, 0, 0, 0, 0, 0, 0, 0, -1]",18,2
FF3999,"[1, 5, 5, 1, 3, 3, 3, 4, 0, 0, 0, 0, 0, 0, 0, 0, 0, 0, 0, 0, 0, 0, 0, 0]",25,3
FF4909,"[1, 5, 5, 1, 2, 3, 2, 0, 4, 0, 0, 0, 0, 0, 0, 0, 0, 0, 0, 0, 0, 0, 0, 0]",23,3
FF4919,"[1, 0, 5, 1, 1, 2, 3, 0, 4, 0, 0, 0, 0, 0, 0, 0, 0, 0, 0, 0, 0, 0, 0, 0]",17,2
FF4929,"[1, 0, 5, 1, 1, 2, 3, 0, 4, 0, 0, 0, 0, 0, 0, 0, 0, 0, 0, 0, 0, 0, 0, 0]",17,2
FF4939,"[1, 5, 5, 1, 2, 3, 3, 0, 4, 0, 0, 0, 0, 0, 0, 0, 0, 0, 0, 0, 0, 0, 0, 0]",24,3
FF4949,"[1, 5, 5, 1, 2, 3, 3, 0, 4, 0, 0, 0, 0, 0, 0, 0, 0, 0, 0, 0, 0, 0, 0, 0]",24,3
FF4959,"[1, 5, 5, 1, 2, 3, 3, 5, 4, 0, 0, 0, 0, 0, 0, 0, 0, 0, 0, 0, 0, 0, 0, 0]",29,4
FF4969,"[1, 0, 5, 1, 2, 3, 2, 0, 4, 0, 0, 0, 0, 0, 0, 3, 3, 0, 0, 0, 0, 0, -2, 0]",22,3
FF4979,"[1, 0, 5, 1, 2, 3, 1, 0, 4, 0, 0, 0, 0, 0, 0, 0, 0, 0, 0, 0, 0, 0, 0, 0]",17,2
FF4989,"[1, 4, 5, 1, 1, 3, 2, 0, 4, 0, 0, 0, 0, 0, 0, 0, 0, 0, 0, 0, 0, 0, 0, 0]",21,2
FF4999,"[2, 3, 5, 1, 1, 4, 1, 4, 4, 0, 0, 0, 0, 0, 0, 0, 0, 0, 0, 0, 0, 0, 0, -1]",24,3
FF5909,"[4, 3, 4, 1, 2, 2, 1, 5, 4, 0, 0, 0, 0, 0, 0, 3, 3, 0, 5, 0, 0, 0, 0, 0]",37,5
FF5919,"[4, 3, 3, 1, 4, 3, 2, 0, 0, 0, 0, 0, 0, 0, 2, 5, 5, 0, 0, 0, 0, 0, 0, 0]",32,4
FF3918,"[4, 5, 3, 1, 4, 5, 2, 0, 0, 0, 0, 0, 0, 0, 0, 0, 0, 0, 0, 0, 0, 0, 0, 0]",24,3
FF3928,"[2, 4, 5, 1, 3, 4, 0, 0, 0, 0, 0, 0, 0, 0, 0, 0, 0, 0, 0, 0, 0, 0, 0, 0]",19,2
FF3938,"[2, 4, 5, 1, 3, 4, 1, 4, 0, 0, 0, 0, 0, 0, 0, 0, 0, 0, 0, 0, 0, 0, 0, 0]",24,3
FF3948,"[3, 3, 3, 1, 4, 4, 2, 4, 0, 0, 0, 0, 0, 0, 5, 0, 0, 0, 0, 0, 0, 0, 0, 0]",29,4
FF3958,"[3, 3, 3, 1, 3, 4, 1, 4, 0, 0, 0, 0, 0, 0, 0, 0, 0, 0, 0, 0, 0, 0, 0, 0]",22,3
FF3968,"[3, 4, 4, 1, 4, 5, 1, 0, 0, 0, 0, 0, 0, 0, 0, 0, 0, 0, 0, 0, 0, 0, 0, 0]",22,3
FF3978,"[3, 4, 3, 1, 4, 4, 2, 5, 0, 0, 0, 0, 0, 0, 0, 0, 0, 0, 0, 0, 0, 0, 0, -3]",23,3
FF3988,"[2, 4, 5, 1, 3, 3, 1, 4, 0, 0, 0, 0, 0, 0, 0, 0, 0, 0, 0, 0, 0, 0, 0, 0]",23,3
FF3998,"[1, 5, 5, 1, 2, 3, 1, 5, 0, 0, 0, 0, 0, 0, 0, 0, 0, 0, 0, 0, 0, 0, 0, 0]",23,3
FF4908,"[3, 5, 5, 1, 2, 3, 2, 5, 0, 0, 0, 0, 0, 0, 0, 0, 0, 0, 0, 0, 0, 0, 0, 0]",26,3
FF4918,"[3, 4, 4, 1, 1, 4, 2, 0, 4, 0, 0, 0, 0, 0, 0, 0, 0, 0, 0, 0, 0, 0, 0, 0]",23,3
FF4928,"[1, 4, 5, 1, 1, 3, 3, 4, 4, 0, 0, 0, 0, 0, 0, 0, 0, 0, 0, 0, 0, 0, 0, -3]",23,3
FF4938,"[1, 0, 5, 1, 1, 3, 2, 0, 4, 0, 0, 0, 0, 0, 0, 0, 0, 0, 0, 0, 0, 0, 0, 0]",17,2
FF4948,"[1, 0, 5, 1, 1, 3, 1, 0, 4, 0, 0, 0, 0, 0, 0, 0, 0, 0, 0, 0, 0, 0, 0, 0]",16,2
FF4958,"[1, 5, 5, 1, 2, 3, 3, 0, 4, 0, 0, 0, 0, 0, 0, 2, 2, 0, 0, 0, 0, 0, -1, 0]",27,4
FF4968,"[1, 0, 5, 1, 2, 3, 1, 0, 4, 0, 0, 0, 0, 0, 0, 2, 2, 0, 0, 0, 0, 0, -1, 0]",20,2
FF4978,"[1, 0, 5, 1, 3, 3, 1, 0, 4, 0, 0, 0, 0, 0, 0, 0, 0, 0, 0, 0, 0, 0, 0, 0]",18,2
FF4988,"[1, 5, 5, 1, 1, 2, 4, 0, 4, 0, 0, 0, 0, 0, 0, 0, 0, 0, 0, 0, 0, 0, 0, 0]",23,3
FF4998,"[1, 5, 5, 1, 1, 3, 2, 0, 4, 0, 0, 0, 0, 0, 0, 0, 0, 0, 0, 0, 0, 0, 0, 0]",22,3
FF5908,"[4, 3, 3, 1, 3, 3, 2, 5, 4, 0, 0, 0, 0, 0, 0, 3, 3, 0, 0, 0, 0, 0, 0, 0]",34,5
FF5918,"[4, 2, 3, 1, 2, 4, 1, 5, 0, 0, 0, 0, 0, 0, 0, 3, 3, 0, 0, 0, 0, 0, 0, -1]",27,4
FF5019,"[4, 3, 3, 1, 2, 4, 2, 0, 4, 0, 0, 0, 0, 0, 0, 0, 0, 0, 0, 0, 0, 0, -2, -1]",20,2
FF5110,"[3, 3, 3, 1, 1, 4, 2, 4, 0, 0, 0, 0, 0, 0, 0, 0, 0, 0, 0, 0, 0, 0, -2, -2]",17,2
FF5111,"[3, 3, 4, 1, 1, 4, 1, 4, 0, 0, 0, 0, 0, 0, 3, 0, 0, 0, 0, 0, 0, 0, 0, -2]",22,3
FF5112,"[2, 4, 5, 1, 2, 3, 1, 4, 0, 0, 0, 0, 0, 0, 0, 0, 0, 0, 0, 0, 0, 0, 0, -4]",18,2
FF5113,"[1, 4, 5, 1, 1, 4, 0, 0, 0, 0, 0, 0, 0, 0, 0, 0, 0, 0, 0, 0, 0, 0, 0, -4]",12,1
FF5114,"[1, 5, 5, 1, 2, 4, 0, 5, 3, 0, 0, 0, 0, 0, 0, 0, 0, 0, 0, 0, 0, 0, 0, 0]",26,3
FF5115,"[1, 0, 5, 1, 2, 4, 0, 0, 0, 0, 0, 0, 0, 0, 0, 0, 0, 0, 0, 0, 0, 0, 0, 0]",13,1
FF5116,"[1, 0, 5, 1, 3, 4, 0, 0, 0, 0, 0, 0, 0, 0, 0, 1, 0, 0, 0, 0, 0, 0, 0, 0]",15,1
FF5117,"[2, 4, 5, 1, 3, 4, 0, 5, 3, 0, 0, 0, 0, 0, 0, 3, 0, 0, 0, 0, 0, 0, 0, -2]",28,4
FF5118,"[2, 4, 5, 1, 2, 4, 2, 0, 3, 0, 0, 0, 0, 0, 0, 0, 0, 0, 0, 0, 0, 0, 0, -1]",22,3
FF5119,"[1, 5, 5, 1, 1, 4, 2, 0, 0, 0, 0, 0, 0, 0, 0, 0, 0, 0, 0, 0, 0, 0, 0, 0]",19,2
FF5210,"[3, 2, 3, 1, 3, 4, 1, 4, 1, 0, 0, 0, 0, 0, 0, 0, 0, 0, 0, 0, 0, 0, 0, -2]",20,2
FF5211,"[3, 3, 4, 1, 3, 4, 1, 4, 0, 0, 0, 0, 0, 0, 0, 0, 0, 0, 0, 0, 0, 0, 0, -3]",20,2
FF5212,"[3, 4, 4, 1, 3, 4, 2, 5, 1, 0, 0, 0, 0, 0, 0, 0, 0, 0, 0, 0, 0, 0, 0, -3]",24,3
FF5213,"[3, 4, 4, 1, 2, 4, 2, 5, 0, 0, 0, 0, 0, 0, 0, 0, 0, 0, 0, 0, 0, 0, 0, -4]",21,2
FF5214,"[3, 3, 3, 1, 3, 5, 1, 4, 4, 0, 0, 0, 0, 0, 0, 0, 0, 0, 0, 0, 0, 0, 0, -3]",24,3
FF5215,"[2, 4, 5, 1, 2, 4, 1, 4, 4, 0, 0, 0, 0, 0, 0, 0, 0, 0, 0, 0, 0, 0, 0, -3]",24,3
FF5216,"[2, 4, 5, 1, 2, 4, 1, 0, 4, 0, 0, 0, 0, 0, 0, 0, 0, 0, 0, 0, 0, 0, 0, -3]",20,2
FF5217,"[1, 5, 5, 1, 2, 4, 1, 0, 4, 0, 0, 0, 0, 0, 0, 0, 0, 0, 0, 0, 0, 0, -2, 0]",21,2
FF5218,"[1, 5, 5, 1, 2, 4, 3, 0, 4, 0, 0, 0, 0, 0, 0, 0, 0, 0, 0, 0, 0, 0, 0, 0]",25,3
FF5219,"[2, 4, 5, 1, 1, 3, 2, 0, 5, 0, 0, 0, 0, 0, 0, 0, 0, 0, 0, 0, 0, 0, 0, 0]",23,3
FF5310,"[1, 5, 5, 1, 1, 3, 2, 5, 5, 0, 0, 0, 0, 0, 0, 0, 0, 0, 0, 0, 0, 0, 0, 0]",28,4
FF5311,"[2, 5, 5, 1, 2, 2, 1, 5, 5, 0, 0, 0, 0, 0, 0, 0, 0, 0, 0, 0, 0, 0, 0, 0]",28,4
FF5312,"[2, 5, 5, 1, 2, 2, 1, 5, 5, 0, 0, 0, 0, 0, 0, 0, 0, 0, 0, 0, 0, 0, 0, 0]",28,4
FF5313,"[1, 5, 5, 1, 2, 4, 1, 5, 5, 0, 0, 0, 0, 0, 0, 0, 0, 0, 0, 0, 0, 0, 0, 0]",29,4
FF5314,"[2, 5, 5, 1, 2, 2, 1, 5, 5, 0, 0, 0, 0, 0, 0, 0, 0, 0, 0, 0, 0, 0, 0, 0]",28,4
FF5315,"[2, 5, 5, 1, 2, 3, 2, 0, 5, 0, 0, 0, 0, 0, 0, 0, 0, 0, 0, 0, 0, 0, 0, 0]",25,3
FF5316,"[1, 5, 5, 1, 2, 2, 1, 0, 4, 0, 0, 0, 0, 0, 0, 0, 0, 0, 0, 0, 0, 0, 0, 0]",21,2
FF5317,"[3, 2, 4, 1, 3, 4, 2, 4, 4, 0, 0, 0, 0, 0, 5, 0, 0, 0, 0, 0, 0, 0, 0, -1]",31,4
FF5318,"[3, 3, 3, 1, 4, 4, 2, 4, 1, 0, 0, 0, 0, 0, 3, 0, 0, 0, 0, 0, 0, 0, 0, 0]",28,4
FF5319,"[3, 3, 4, 1, 3, 4, 1, 0, 0, 0, 0, 0, 0, 0, 3, 0, 0, 0, 0, 0, 0, 0, 0, 0]",22,3
FF5616,"[2, 4, 5, 1, 3, 4, 0, 4, 0, 0, 0, 0, 0, 0, 0, 0, 0, 0, 0, 0, -5, 0, 0, 0]",18,2
FF5617,"[4, 3, 3, 1, 3, 4, 1, 5, 0, 0, 0, 0, 0, 0, 0, 2, 2, 0, 0, 0, 0, 0, 0, -1]",27,4
FF5618,"[4, 3, 3, 1, 3, 4, 0, 4, 0, 0, 0, 0, 0, 0, 0, 2, 2, 0, 0, 0, 0, 0, 0, -1]",25,3
FF5619,"[3, 4, 4, 1, 4, 4, 0, 4, 0, 0, 0, 0, 0, 0, 0, 0, 0, 0, 0, 0, 0, 0, 0, 0]",24,3
FF5710,"[1, 5, 5, 1, 2, 3, 0, 0, 0, 0, 0, 0, 0, 0, 0, 0, 0, 0, 0, 0, 0, 0, 0, 0]",17,2
FF5711,"[1, 0, 5, 1, 3, 3, 0, 0, 0, 0, 0, 0, 0, 0, 0, 0, 0, 0, 0, 0, 0, 0, 0, 0]",13,1
FF5712,"[1, 0, 5, 1, 3, 3, 0, 0, 0, 0, 0, 0, 0, 0, 0, 0, 0, 0, 0, 0, 0, 0, 0, 0]",13,1
FF5713,"[1, 3, 5, 1, 2, 4, 1, 0, 0, 0, 0, 0, 0, 0, 0, 0, 0, 0, 0, 0, 0, 0, 0, -5]",12,1
FF5714,"[3, 2, 4, 1, 3, 3, 1, 0, 0, 0, 0, 0, 0, 0, 2, 0, 0, 0, 0, 0, 0, 0, 0, 0]",19,2
FF5715,"[1, 0, 5, 1, 3, 3, 0, 0, 0, 0, 0, 0, 0, 0, 0, 0, 0, 0, 0, 0, 0, 0, 0, 0]",13,1
FF5716,"[3, 4, 4, 1, 2, 4, 0, 0, 0, 0, 0, 0, 0, 0, 0, 0, 0, 0, 0, 0, 0, 0, 0, 0]",18,2
FF5717,"[3, 4, 4, 1, 1, 3, 1, 4, 0, 0, 0, 0, 0, 0, 0, 0, 0, 0, 0, 0, 0, 0, 0, -3]",18,2
FF5718,"[4, 3, 4, 1, 1, 4, 1, 5, 0, 0, 0, 0, 0, 0, 0, 0, 0, 0, 0, 0, 0, 0, 0, -1]",22,3
FF5719,"[3, 4, 5, 1, 2, 3, 1, 4, 0, 0, 0, 0, 0, 0, 3, 0, 0, 0, 0, 0, 0, 0, 0, -2]",24,3
FF5810,"[2, 4, 3, 1, 1, 5, 2, 4, 0, 0, 0, 0, 0, 0, 0, 0, 0, 0, 0, 0, 0, 0, 0, -2]",20,2
FF5811,"[4, 2, 2, 1, 3, 4, 1, 4, 0, 0, 0, 0, 0, 0, 0, 0, 0, 0, 0, 0, 0, 0, 0, -1]",20,2
FF5812,"[3, 3, 3, 1, 4, 4, 1, 0, 0, 0, 0, 0, 0, 0, 3, 0, 0, 0, 0, 0, 0, 0, -1, 0]",21,2
FF5813,"[3, 3, 4, 1, 2, 3, 0, 0, 0, 0, 0, 0, 0, 0, 0, 0, 0, 0, 0, 0, 0, 0, -2, 0]",14,1
FF5814,"[4, 2, 4, 1, 1, 4, 0, 0, 0, 0, 0, 0, 0, 0, 3, 0, 0, 0, 0, 0, 0, 0, -2, -1]",16,2
FF5815,"[2, 2, 3, 1, 1, 5, 0, 4, 0, 0, 0, 0, 0, 0, 0, 0, 0, 0, 0, 0, -5, 0, -2, -1]",10,1
FF5816,"[2, 2, 2, 1, 3, 5, 1, 4, 0, 0, 0, 0, 0, 0, 3, 0, 0, 0, 0, 0, 0, 0, 0, -1]",22,3
FF5817,"[2, 2, 3, 1, 4, 5, 1, 4, 4, 0, 0, 0, 0, 0, 3, 0, 0, 0, 0, 0, 0, 0, 0, -1]",28,4
FF5818,"[2, 4, 3, 1, 4, 5, 2, 0, 4, 0, 0, 0, 0, 0, 3, 0, 0, 0, 0, 0, 0, 0, 0, -2]",26,3
FF5819,"[3, 4, 3, 1, 4, 5, 2, 0, 4, 0, 0, 0, 0, 0, 0, 0, 0, 0, 0, 0, 0, 0, 0, -1]",25,3
FF5910,"[3, 4, 4, 1, 3, 4, 2, 0, 4, 0, 0, 0, 0, 0, 0, 0, 0, 0, 0, 0, 0, 0, 0, 0]",25,3
FF5911,"[2, 4, 5, 1, 1, 3, 1, 4, 0, 0, 0, 0, 0, 0, 2, 3, 3, 0, 0, 0, 0, 0, -2, -4]",23,3
FF5912,"[3, 3, 4, 1, 3, 4, 2, 4, 0, 0, 0, 0, 0, 0, 0, 1, 1, 0, 0, 0, 0, 0, -1, -1]",24,3
FF5913,"[3, 4, 5, 1, 3, 2, 3, 0, 3, 0, 0, 0, 0, 0, 0, 2, 2, 0, 0, 0, 0, 0, 0, -1]",27,4
FF5914,"[2, 4, 5, 1, 2, 2, 1, 0, 3, 0, 0, 0, 0, 0, 0, 3, 3, 0, 0, 0, 0, 0, 0, -2]",24,3
FF5915,"[1, 5, 5, 1, 1, 3, 0, 0, 3, 0, 0, 0, 0, 0, 0, 0, 0, 0, 0, 0, 0, 0, 0, 0]",19,2
FF5916,"[1, 0, 5, 1, 1, 3, 0, 0, 0, 0, 0, 0, 0, 0, 0, 1, 1, 0, 0, 0, 0, 0, 0, 0]",13,1
FF5917,"[2, 3, 5, 1, 2, 3, 1, 4, 0, 0, 0, 0, 0, 0, 0, 3, 3, 0, 0, 0, 0, 0, 0, 0]",27,4
FF3917,"[4, 4, 4, 1, 3, 5, 1, 0, 0, 0, 0, 0, 0, 0, 0, 0, 0, 0, 0, 0, 0, 0, 0, 0]",22,3
FF3927,"[1, 5, 5, 1, 3, 2, 2, 4, 0, 0, 0, 0, 0, 0, 0, 0, 0, 0, 0, 0, 0, 0, 0, 0]",23,3
FF3937,"[3, 3, 4, 1, 3, 4, 1, 4, 0, 0, 0, 0, 0, 0, 0, 0, 0, 0, 0, 0, 0, 0, 0, -1]",22,3
FF3947,"[4, 3, 4, 1, 3, 4, 1, 4, 0, 0, 0, 0, 0, 0, 5, 0, 0, 0, 0, 0, -5, 0, 0, -1]",23,3
FF3957,"[4, 3, 3, 1, 4, 4, 1, 4, 0, 0, 0, 0, 0, 0, 0, 0, 0, 0, 0, 0, 0, 0, 0, -1]",23,3
FF3967,"[3, 4, 4, 1, 3, 5, 0, 0, 0, 0, 0, 0, 0, 0, 0, 0, 0, 0, 0, 0, 0, 0, 0, 0]",20,2
FF3977,"[3, 4, 4, 1, 4, 4, 2, 5, 0, 0, 0, 0, 0, 0, 0, 0, 0, 0, 0, 0, 0, 0, 0, -2]",25,3
FF3987,"[3, 3, 4, 1, 4, 4, 1, 4, 0, 0, 0, 0, 0, 0, 0, 0, 0, 0, 0, 0, 0, 0, 0, -1]",23,3
FF3997,"[1, 5, 5, 1, 3, 3, 2, 5, 0, 0, 0, 0, 0, 0, 0, 0, 0, 0, 0, 0, 0, 0, 0, 0]",25,3
FF4907,"[4, 5, 5, 1, 3, 2, 2, 5, 0, 0, 0, 0, 0, 0, 0, 0, 0, 0, 0, 0, -5, 0, 0, 0]",22,3
FF4917,"[1, 2, 3, 1, 4, 5, 1, 4, 0, 0, 0, 0, 0, 0, 0, 0, 0, 0, 0, 0, -5, 0, 0, -1]",15,1
FF4927,"[2, 4, 5, 1, 2, 4, 3, 4, 4, 0, 0, 0, 0, 0, 0, 0, 0, 0, 0, 0, 0, 0, 0, -2]",27,4
FF4937,"[1, 0, 5, 1, 1, 3, 1, 0, 5, 0, 0, 0, 0, 0, 0, 0, 0, 0, 0, 0, 0, 0, 0, 0]",17,2
FF4947,"[1, 0, 5, 1, 2, 3, 1, 0, 4, 0, 0, 0, 0, 0, 0, 0, 0, 0, 0, 0, 0, 0, 0, 0]",17,2
FF4957,"[1, 0, 5, 1, 2, 3, 1, 0, 4, 0, 0, 0, 0, 0, 0, 3, 3, 0, 0, 0, 0, 0, -2, 0]",21,2
FF4967,"[1, 5, 5, 1, 3, 3, 2, 0, 4, 0, 0, 0, 0, 0, 0, 0, 0, 0, 0, 0, 0, 0, 0, 0]",24,3
FF4977,"[1, 5, 5, 1, 2, 2, 2, 0, 4, 0, 0, 0, 0, 0, 0, 0, 0, 0, 0, 0, 0, 0, 0, 0]",22,3
FF4987,"[1, 5, 5, 1, 1, 3, 2, 4, 4, 0, 0, 0, 0, 0, 0, 0, 0, 0, 0, 0, 0, 0, 0, 0]",26,3
FF4997,"[1, 3, 5, 1, 1, 3, 2, 0, 4, 0, 0, 0, 0, 0, 0, 0, 0, 0, 0, 0, 0, 0, 0, 0]",20,2
FF5907,"[3, 4, 5, 1, 3, 3, 2, 4, 4, 0, 0, 0, 0, 0, 0, 0, 0, 0, 0, 0, 0, 0, 0, 0]",29,4
FF9294,"[3, 4, 4, 1, 4, 4, 2, 4, 0, 0, 0, 0, 0, 0, 0, 0, 0, 0, 0, 0, 0, 0, 0, -1]",25,3
FF9295,"[3, 2, 3, 1, 2, 4, 2, 4, 0, 0, 0, 0, 0, 0, 0, 0, 0, 0, 0, 0, 0, 0, -2, -1]",18,2
FF9296,"[3, 2, 3, 1, 4, 5, 2, 4, 4, 0, 0, 0, 0, 0, 0, 0, 0, 0, 0, 0, 0, 0, 0, -1]",27,4
FF9297,"[2, 1, 2, 1, 1, 5, 2, 0, 0, 0, 0, 0, 0, 0, 0, 0, 0, 0, 0, 0, 0, 0, 0, -1]",13,1
FF9298,"[1, 2, 3, 1, 3, 5, 2, 0, 0, 0, 0, 0, 0, 0, 0, 0, 0, 0, 0, 0, 0, 0, 0, -2]",15,1
FF9299,"[3, 1, 2, 1, 4, 5, 2, 4, 0, 0, 0, 0, 0, 0, 0, 0, 0, 0, 0, 0, -5, 0, 0, -1]",16,2
FF9390,"[4, 2, 3, 3, 5, 5, 1, 4, 0, 0, 0, 0, 0, 0, 0, 4, 0, 0, 0, 0, -5, 0, 0, -2]",24,3
FF9391,"[4, 3, 4, 3, 5, 4, 3, 4, 0, 0, 3, 0, 0, 0, 0, 0, 0, 0, 0, 0, 0, 0, 0, -3]",30,4
FF9392,"[4, 3, 3, 2, 5, 4, 3, 4, 0, 0, 0, 0, 0, 0, 3, 0, 0, 0, 0, 0, 0, 0, -2, -2]",27,4
FF9393,"[4, 3, 3, 2, 5, 4, 2, 4, 0, 0, 0, 0, 0, 0, 0, 0, 0, 0, 0, 0, 0, 0, 0, -2]",25,3
FF9394,"[4, 2, 3, 2, 5, 5, 3, 4, 0, 0, 0, 0, 0, 0, 0, 0, 0, 0, 0, 0, 0, 0, 0, -1]",27,4
FF9395,"[4, 3, 4, 4, 5, 4, 3, 0, 0, 0, 0, 0, 0, 0, 0, 0, 0, 0, 0, 0, 0, 0, 0, -2]",25,3
FF9396,"[4, 3, 4, 4, 5, 4, 2, 4, 4, 0, 0, 0, 0, 0, 0, 0, 0, 0, 0, 0, 0, 0, 0, -3]",31,4
FF9397,"[4, 3, 4, 3, 4, 4, 2, 0, 4, 0, 0, 0, 0, 0, 0, 0, 0, 0, 0, 0, 0, 0, 0, -2]",26,3
FF9398,"[3, 3, 4, 2, 4, 4, 3, 4, 0, 0, 0, 0, 0, 0, 0, 0, 0, 0, 0, 0, 0, 0, 0, -3]",24,3
FF9399,"[4, 3, 4, 2, 5, 3, 2, 0, 1, 0, 4, 0, 0, 0, 0, 0, 0, 0, 0, 0, 0, 0, -3, -1]",24,3
FF9490,"[2, 4, 5, 3, 4, 3, 2, 0, 0, 0, 0, 0, 0, 0, 0, 0, 0, 0, 0, 0, 0, 0, -2, -2]",19,2
FF9491,"[3, 3, 4, 2, 4, 4, 3, 4, 0, 0, 0, 0, 0, 0, 0, 0, 0, 0, 0, 0, 0, 0, 0, -1]",26,3
FF9492,"[3, 2, 3, 1, 5, 4, 3, 0, 0, 0, 0, 0, 0, 0, 0, 0, 0, 0, 0, 0, 0, 0, 0, -1]",20,2
FF9493,"[2, 2, 3, 1, 5, 5, 2, 4, 0, 0, 0, 0, 0, 0, 0, 0, 0, 0, 0, 0, 0, 0, 0, -2]",22,3
FF9494,"[2, 4, 3, 1, 5, 5, 3, 0, 0, 0, 0, 0, 0, 0, 0, 0, 0, 0, 0, 0, 0, 0, 0, -2]",21,2
FF9495,"[2, 2, 3, 1, 5, 5, 1, 0, 0, 0, 0, 0, 0, 0, 0, 0, 0, 0, 0, 0, 0, 0, 0, -1]",18,2
FF9496,"[3, 2, 2, 1, 3, 4, 2, 0, 0, 0, 0, 0, 0, 0, 3, 0, 0, 0, 0, 0, 0, 0, -2, 0]",18,2
FF9498,"[3, 3, 2, 1, 5, 4, 1, 0, 0, 0, 0, 0, 0, 0, 0, 0, 0, 0, 0, 0, -5, 0, 0, -4]",10,1
FF9499,"[3, 2, 2, 2, 5, 4, 1, 4, 0, 0, 0, 0, 0, 0, 3, 0, 0, 0, 0, 0, 0, 0, 0, 0]",26,3
FF9590,"[4, 2, 3, 3, 5, 4, 1, 0, 0, 0, 0, 0, 0, 0, 3, 0, 0, 0, 0, 0, 0, 0, 0, 0]",25,3
FF9591,"[3, 4, 5, 3, 4, 3, 2, 4, 0, 0, 0, 0, 0, 0, 0, 0, 0, 0, 0, 0, 0, 0, 0, 0]",28,4
FF9592,"[2, 4, 5, 3, 4, 3, 2, 0, 0, 0, 0, 0, 0, 0, 0, 0, 0, 0, 0, 0, 0, 0, 0, 0]",23,3
FF9593,"[1, 5, 5, 2, 3, 3, 4, 0, 0, 0, 0, 0, 0, 0, 0, 0, 0, 0, 0, 0, 0, 0, 0, 0]",23,3
FF9594,"[3, 3, 4, 2, 5, 4, 2, 0, 0, 0, 0, 0, 0, 0, 0, 0, 0, 0, 0, 0, 0, 0, 0, -1]",22,3
FF9595,"[3, 3, 3, 2, 5, 4, 3, 4, 0, 0, 0, 0, 0, 0, 0, 0, 0, 0, 0, 0, -5, 0, 0, -1]",21,2
FF9596,"[3, 4, 4, 3, 4, 4, 2, 0, 0, 0, 0, 0, 0, 0, 2, 0, 0, 0, 0, 0, 0, 0, 0, -2]",24,3
FF9597,"[2, 4, 5, 3, 4, 4, 3, 0, 0, 0, 0, 0, 0, 0, 0, 0, 0, 0, 0, 0, 0, 0, 0, -4]",21,2
FF9598,"[3, 3, 5, 3, 4, 4, 3, 4, 0, 0, 0, 0, 0, 0, 0, 0, 0, 0, 0, 0, 0, 0, 0, -2]",27,4
FF9599,"[2, 4, 5, 3, 4, 3, 3, 4, 0, 0, 0, 0, 0, 0, 0, 0, 0, 0, 0, 0, 0, 0, 0, -2]",26,3
FF9690,"[3, 3, 5, 3, 4, 4, 2, 4, 0, 0, 0, 0, 0, 0, 0, 0, 0, 0, 0, 0, 0, 0, 0, -4]",24,3
FF9283,"[3, 2, 3, 1, 5, 4, 1, 0, 1, 0, 0, 0, 0, 0, 0, 0, 0, 0, 0, 0, 0, 0, 0, -2]",18,2
FF9284,"[4, 2, 2, 1, 5, 4, 1, 0, 0, 0, 0, 0, 0, 0, 0, 0, 0, 0, 0, 0, 0, 0, -1, -1]",17,2
FF9285,"[3, 1, 2, 1, 3, 5, 1, 0, 0, 0, 0, 0, 0, 0, 0, 0, 0, 0, 0, 0, 0, 0, -2, -1]",13,1
FF9286,"[3, 3, 3, 1, 4, 4, 3, 4, 4, 0, 0, 0, 0, 0, 0, 0, 0, 0, 0, 0, 0, 0, 0, -1]",28,4
FF9287,"[3, 1, 2, 1, 4, 4, 2, 0, 0, 0, 0, 0, 0, 0, 5, 0, 0, 0, 0, 0, 0, 0, 0, -1]",21,2
FF9288,"[3, 2, 2, 1, 5, 5, 1, 0, 0, 0, 0, 0, 0, 0, 3, 0, 0, 0, 0, 0, 0, 0, 0, -1]",21,2
FF9289,"[3, 2, 3, 2, 5, 5, 3, 0, 4, 0, 0, 0, 0, 0, 0, 0, 0, 0, 0, 0, 0, 0, 0, -2]",25,3
FF9380,"[4, 3, 4, 4, 5, 4, 2, 0, 4, 0, 4, 0, 0, 5, 5, 4, 0, 0, 0, 0, 0, 0, 0, -2]",46,5
FF9381,"[3, 3, 5, 3, 4, 4, 3, 0, 5, 0, 3, 0, 0, 0, 2, 4, 0, 0, 0, 0, 0, 0, -1, -2]",36,5
FF9382,"[4, 3, 4, 4, 4, 3, 2, 0, 5, 0, 3, 0, 0, 0, 0, 1, 0, 0, 0, 0, 0, 0, -3, -2]",28,4
FF9383,"[3, 3, 4, 4, 3, 3, 1, 0, 4, 0, 0, 0, 0, 0, 0, 0, 0, 0, 0, 0, 0, 0, 0, -3]",22,3
FF9384,"[4, 3, 4, 4, 4, 4, 2, 4, 4, 0, 0, 0, 0, 0, 0, 0, 0, 5, 0, 0, 0, 0, 0, -3]",35,5
FF9385,"[3, 3, 5, 3, 3, 3, 3, 0, 4, 0, 3, 0, 0, 0, 0, 0, 0, 0, 0, 0, 0, 0, 0, -3]",27,4
FF9386,"[1, 4, 5, 3, 3, 3, 3, 0, 4, 0, 3, 0, 0, 0, 0, 0, 0, 0, 0, 0, 0, 0, 0, -4]",25,3
FF9387,"[3, 4, 5, 3, 4, 3, 2, 0, 4, 0, 3, 0, 0, 0, 0, 0, 0, 0, 0, 0, 0, 0, 0, -4]",27,4
FF9388,"[4, 3, 4, 3, 4, 3, 3, 0, 4, 0, 3, 0, 0, 0, 0, 0, 0, 0, 0, 0, 0, 0, 0, -2]",29,4
FF9389,"[3, 3, 4, 3, 4, 3, 3, 0, 1, 0, 3, 0, 0, 0, 0, 0, 0, 0, 0, 0, 0, 0, -2, -2]",23,3
FF9480,"[3, 3, 4, 2, 4, 3, 2, 0, 0, 0, 0, 0, 0, 0, 0, 0, 0, 0, 0, 0, 0, 0, -2, -1]",18,2
FF9481,"[3, 3, 3, 2, 5, 4, 2, 0, 0, 0, 0, 0, 0, 0, 0, 0, 0, 0, 0, 0, 0, 0, -2, -2]",18,2
FF9482,"[3, 2, 3, 2, 5, 4, 4, 0, 0, 0, 0, 0, 0, 0, 0, 0, 0, 0, 0, 0, 0, 0, 0, -1]",22,3
FF9483,"[3, 4, 4, 2, 5, 4, 4, 0, 0, 0, 0, 0, 0, 0, 0, 0, 0, 0, 0, 0, 0, 0, 0, -3]",23,3
FF9484,"[3, 3, 3, 2, 5, 4, 2, 4, 0, 0, 0, 0, 0, 0, 0, 0, 0, 0, 0, 0, 0, 0, 0, -1]",25,3
FF9489,"[3, 4, 4, 3, 4, 4, 2, 4, 0, 0, 0, 0, 0, 0, 0, 0, 0, 0, 0, 0, 0, 0, 0, 0]",28,4
FF9580,"[4, 2, 3, 3, 4, 4, 3, 0, 0, 0, 4, 0, 0, 0, 5, 0, 0, 0, 0, 0, 0, 0, 0, 0]",32,4
FF9581,"[4, 2, 3, 3, 4, 4, 3, 0, 0, 0, 0, 0, 0, 0, 0, 0, 0, 0, 0, 0, 0, 0, 0, 0]",23,3
FF9582,"[3, 4, 4, 2, 4, 3, 3, 0, 0, 0, 0, 0, 0, 0, 0, 0, 0, 0, 0, 0, 0, 0, 0, -1]",22,3
FF9583,"[3, 2, 4, 2, 4, 4, 3, 4, 0, 0, 0, 0, 0, 0, 0, 0, 0, 0, 0, 0, 0, 0, 0, -1]",25,3
FF9584,"[3, 4, 4, 2, 4, 4, 2, 0, 0, 0, 0, 0, 0, 0, 0, 0, 0, 0, 0, 0, -5, 0, 0, -1]",17,2
FF9585,"[3, 4, 4, 3, 5, 4, 2, 0, 0, 0, 0, 0, 0, 0, 0, 0, 0, 0, 0, 0, 0, 0, 0, 0]",25,3
FF9586,"[3, 4, 4, 3, 4, 4, 2, 0, 0, 0, 0, 0, 0, 0, 0, 0, 0, 0, 0, 0, 0, 0, 0, -1]",23,3
FF9587,"[3, 3, 4, 2, 4, 4, 3, 4, 0, 0, 0, 0, 0, 0, 0, 0, 0, 0, 0, 0, 0, 0, 0, -1]",26,3
FF9588,"[1, 4, 5, 2, 4, 3, 4, 0, 0, 0, 0, 0, 0, 0, 0, 0, 0, 0, 0, 0, 0, 0, 0, 0]",23,3
FF9589,"[2, 4, 5, 2, 3, 3, 4, 4, 0, 0, 0, 0, 0, 0, 0, 0, 0, 0, 0, 0, 0, 0, 0, -4]",23,3
FF9680,"[3, 3, 4, 3, 4, 3, 2, 0, 0, 0, 0, 0, 0, 0, 0, 0, 0, 0, 0, 0, 0, 0, 0, -3]",19,2
FF9681,"[3, 3, 4, 3, 4, 4, 2, 0, 0, 0, 0, 0, 0, 0, 3, 0, 0, 0, 0, 0, 0, 0, -2, -2]",22,3
FF9682,"[4, 4, 4, 3, 3, 3, 2, 0, 4, 0, 0, 0, 0, 0, 0, 4, 4, 0, 0, 0, 0, 0, -2, -1]",32,4
FF9683,"[2, 5, 5, 3, 3, 3, 2, 0, 0, 0, 0, 0, 0, 0, 0, 0, 0, 0, 0, 0, 0, 0, 0, 0]",23,3
FF9684,"[1, 0, 5, 3, 3, 3, 1, 0, 0, 0, 0, 0, 0, 0, 0, 0, 0, 0, 0, 0, 0, 0, 0, 0]",16,2
FF9685,"[1, 4, 5, 3, 3, 3, 2, 0, 0, 0, 0, 0, 0, 0, 0, 0, 0, 0, 0, 0, 0, 0, 0, 0]",21,2
FF9686,"[3, 3, 4, 2, 4, 4, 3, 4, 0, 0, 0, 0, 0, 0, 0, 3, 3, 0, 0, 0, 0, 0, 0, -2]",31,4
FF9687,"[3, 4, 4, 3, 4, 4, 3, 4, 0, 0, 0, 0, 0, 0, 0, 3, 3, 0, 0, 0, 0, 0, 0, -4]",31,4
FF9688,"[3, 3, 4, 3, 5, 4, 2, 4, 4, 0, 0, 0, 0, 0, 0, 3, 3, 0, 0, 0, 0, 0, 0, -5]",33,5
FF9689,"[2, 4, 3, 3, 5, 5, 2, 0, 4, 0, 0, 0, 0, 0, 0, 2, 2, 0, 0, 0, 0, 0, 0, -4]",28,4
FF9780,"[3, 3, 3, 2, 4, 5, 3, 4, 4, 0, 0, 0, 0, 0, 5, 3, 3, 0, 0, 0, 0, 0, 0, -1]",41,5
FF9273,"[2, 2, 3, 1, 5, 5, 1, 0, 0, 0, 0, 0, 0, 0, 0, 0, 0, 0, 0, 0, 0, 0, 0, -2]",17,2
FF9274,"[4, 2, 2, 1, 4, 4, 2, 4, 4, 0, 0, 0, 0, 0, 5, 0, 0, 0, 0, 0, 0, 0, -2, -1]",29,4
FF9275,"[2, 3, 3, 1, 3, 5, 3, 4, 4, 0, 0, 0, 0, 0, 0, 0, 0, 0, 0, 0, 0, 0, 0, -2]",26,3
FF9276,"[2, 2, 2, 1, 3, 5, 2, 0, 4, 0, 0, 0, 0, 0, 0, 0, 0, 0, 0, 0, 0, 0, 0, -1]",20,2
FF9277,"[2, 3, 3, 2, 4, 5, 2, 4, 0, 0, 0, 0, 0, 0, 0, 0, 0, 0, 0, 0, 0, 0, 0, -1]",24,3
FF9278,"[4, 2, 3, 2, 5, 4, 2, 4, 4, 0, 3, 0, 0, 0, 0, 0, 0, 0, 0, 0, 0, 0, 0, -1]",32,4
FF9279,"[3, 3, 4, 4, 4, 4, 3, 0, 4, 0, 0, 0, 0, 0, 0, 0, 0, 0, 0, 0, 0, 0, 0, -3]",26,3
FF9370,"[1, 4, 5, 4, 3, 3, 3, 0, 4, 0, 4, 0, 0, 0, 3, 0, 0, 0, 0, 0, 0, 0, 0, -4]",30,4
FF9373,"[3, 3, 4, 3, 4, 3, 2, 4, 5, 0, 3, 0, 0, 0, 3, 3, 0, 0, 0, 0, 0, 0, 0, -2]",38,5
FF9374,"[2, 3, 5, 4, 3, 3, 2, 4, 4, 0, 0, 0, 0, 0, 0, 0, 0, 0, 0, 0, 0, 0, 0, -2]",28,4
FF9375,"[1, 4, 5, 4, 3, 3, 2, 0, 4, 0, 0, 0, 0, 0, 0, 0, 0, 0, 0, 0, 0, 0, 0, -3]",23,3
FF9376,"[1, 5, 5, 4, 3, 3, 2, 4, 4, 0, 0, 0, 0, 0, 0, 0, 0, 0, 0, 0, 0, 0, 0, 0]",31,4
FF9379,"[2, 4, 5, 3, 3, 3, 3, 0, 0, 0, 0, 0, 0, 0, 0, 0, 0, 0, 0, 0, 0, 0, 0, -4]",19,2
FF9470,"[4, 3, 4, 2, 4, 3, 3, 0, 0, 0, 0, 0, 0, 0, 3, 0, 0, 0, 0, 0, 0, 0, -2, -1]",23,3
FF9471,"[4, 3, 3, 1, 5, 4, 2, 0, 0, 0, 0, 0, 0, 0, 0, 0, 0, 0, 0, 0, 0, 0, -1, -1]",20,2
FF9472,"[3, 3, 3, 1, 5, 5, 2, 0, 0, 0, 0, 0, 0, 0, 2, 0, 0, 0, 0, 0, 0, 0, -2, -3]",19,2
FF9473,"[3, 4, 4, 2, 5, 4, 2, 0, 0, 0, 0, 0, 0, 0, 0, 0, 0, 0, 0, 0, 0, 0, 0, 0]",24,3
FF9479,"[2, 4, 5, 3, 3, 3, 2, 0, 0, 0, 0, 0, 0, 0, 0, 0, 0, 0, 0, 0, 0, 0, 0, 0]",22,3
FF9570,"[3, 4, 4, 2, 4, 4, 1, 0, 0, 0, 0, 0, 0, 0, 0, 0, 0, 0, 0, 0, 0, 0, 0, 0]",22,3
FF9571,"[4, 3, 4, 3, 4, 3, 2, 0, 0, 0, 0, 0, 0, 0, 0, 0, 0, 0, 0, 0, 0, 0, 0, 0]",23,3
FF9572,"[3, 3, 4, 2, 4, 3, 2, 0, 0, 0, 4, 0, 0, 0, 0, 0, 0, 0, 0, 0, 0, 0, 0, -1]",24,3
FF9573,"[3, 3, 3, 2, 5, 4, 2, 0, 0, 0, 0, 0, 0, 0, 0, 0, 0, 0, 0, 0, 0, 0, 0, -1]",21,2
FF9574,"[2, 4, 3, 3, 5, 5, 1, 0, 0, 0, 0, 0, 0, 0, 0, 0, 0, 0, 0, 0, 0, 0, 0, 0]",23,3
FF9575,"[3, 3, 4, 3, 4, 4, 3, 4, 0, 0, 0, 0, 0, 0, 0, 0, 0, 0, 0, 0, 0, 0, 0, -1]",27,4
FF9576,"[3, 3, 3, 2, 4, 4, 2, 0, 0, 0, 0, 0, 0, 0, 0, 0, 0, 0, 0, 0, 0, 0, 0, -1]",20,2
FF9577,"[3, 4, 4, 2, 3, 3, 4, 0, 0, 0, 0, 0, 0, 0, 0, 0, 0, 0, 0, 0, 0, 0, 0, -2]",21,2
FF9578,"[1, 5, 5, 2, 3, 3, 3, 0, 0, 0, 0, 0, 0, 0, 0, 0, 0, 0, 0, 0, 0, 0, 0, 0]",22,3
FF9579,"[1, 0, 5, 3, 3, 3, 3, 0, 0, 0, 0, 0, 0, 0, 0, 0, 0, 0, 0, 0, 0, 0, 0, 0]",18,2
FF9670,"[2, 5, 5, 4, 3, 3, 1, 0, 3, 0, 0, 0, 0, 0, 0, 0, 0, 0, 0, 0, 0, 0, 0, 0]",26,3
FF9671,"[4, 4, 3, 2, 4, 4, 2, 5, 4, 0, 0, 0, 0, 0, 3, 4, 4, 0, 0, 0, 0, 0, -2, -1]",40,5
FF9672,"[2, 4, 5, 3, 4, 3, 1, 4, 4, 0, 0, 0, 0, 0, 3, 3, 3, 0, 0, 0, 0, 0, 0, 0]",39,5
FF9673,"[1, 5, 5, 3, 3, 3, 2, 0, 0, 0, 0, 0, 0, 0, 0, 0, 0, 0, 0, 0, 0, 0, 0, 0]",22,3
FF9674,"[3, 4, 5, 3, 3, 4, 3, 4, 0, 0, 0, 0, 0, 0, 0, 3, 3, 0, 0, 0, 0, 0, 0, -5]",30,4
FF9675,"[3, 3, 4, 3, 4, 4, 3, 4, 0, 0, 0, 0, 0, 0, 0, 3, 3, 0, 0, 0, 0, 0, 0, -3]",31,4
FF9676,"[3, 3, 4, 3, 4, 4, 2, 0, 0, 0, 0, 0, 0, 0, 0, 1, 1, 0, 0, 0, -5, 0, 0, -2]",18,2
FF9677,"[2, 4, 5, 3, 4, 3, 2, 0, 0, 0, 0, 0, 0, 0, 0, 1, 1, 0, 0, 0, 0, 0, 0, 0]",25,3
FF9678,"[3, 3, 3, 2, 5, 4, 2, 0, 4, 0, 0, 0, 0, 0, 2, 4, 4, 0, 0, 0, 0, 0, 0, -2]",34,5
FF9679,"[3, 3, 4, 2, 4, 4, 2, 4, 4, 0, 0, 0, 0, 0, 2, 4, 4, 0, 0, 0, 0, 0, 0, -2]",38,5
FF9977,"[1, 0, 5, 2, 3, 3, 3, 0, 4, 0, 0, 0, 0, 0, 0, 0, 0, 0, 0, 0, 0, 0, 0, 0]",21,2
FF9978,"[3, 5, 4, 3, 4, 4, 1, 0, 4, 0, 0, 0, 0, 0, 0, 0, 0, 0, 0, 0, 0, 0, 0, 0]",28,4
FF9979,"[1, 2, 3, 2, 5, 5, 1, 4, 4, 0, 0, 0, 0, 0, 0, 0, 0, 0, 0, 0, -5, 0, 0, -1]",21,2
FF9262,"[3, 1, 2, 1, 3, 5, 1, 4, 0, 0, 0, 0, 0, 0, 3, 0, 0, 0, 0, 0, 0, 0, 0, -2]",21,2
FF9263,"[3, 2, 2, 1, 3, 4, 1, 0, 4, 0, 0, 0, 0, 0, 0, 0, 0, 0, 0, 0, 0, 0, -2, -1]",17,2
FF9264,"[2, 3, 3, 1, 3, 5, 3, 4, 4, 0, 0, 0, 0, 0, 0, 0, 0, 0, 0, 0, 0, 0, -1, -1]",26,3
FF9265,"[3, 2, 2, 1, 4, 4, 2, 0, 4, 0, 0, 0, 0, 0, 5, 0, 0, 0, 0, 0, 0, 0, 0, -1]",26,3
FF9266,"[3, 2, 3, 2, 5, 5, 2, 4, 4, 0, 0, 0, 0, 0, 0, 0, 0, 0, 0, 0, 0, 0, 0, -1]",29,4
FF9267,"[3, 3, 4, 3, 4, 4, 2, 0, 4, 0, 0, 0, 0, 0, 0, 0, 0, 0, 0, 0, 0, 0, 0, -2]",25,3
FF9268,"[3, 3, 5, 4, 4, 3, 2, 0, 4, 0, 0, 0, 0, 0, 0, 0, 0, 0, 0, 0, 0, 0, 0, -2]",26,3
FF9269,"[1, 5, 5, 5, 3, 3, 2, 0, 4, 0, 0, 0, 0, 0, 0, 2, 0, 0, 0, 0, 0, 0, 0, 0]",30,4
FF9369,"[3, 3, 3, 2, 4, 4, 2, 4, 0, 0, 0, 0, 0, 0, 2, 0, 0, 0, 0, 0, 0, 0, 0, -1]",26,3
FF9460,"[3, 3, 3, 2, 4, 4, 2, 4, 0, 0, 0, 0, 0, 0, 0, 0, 0, 0, 0, 0, 0, 0, -2, -1]",22,3
FF9461,"[3, 2, 2, 2, 5, 4, 2, 4, 0, 0, 0, 0, 0, 0, 0, 0, 0, 0, 0, 0, 0, 0, -1, -1]",22,3
FF9462,"[3, 2, 3, 2, 4, 4, 3, 5, 1, 0, 0, 0, 0, 0, 5, 0, 0, 0, 0, 0, 0, 0, -1, -1]",30,4
FF9463,"[3, 3, 3, 2, 4, 4, 2, 0, 0, 0, 0, 0, 0, 0, 0, 0, 0, 0, 0, 0, 0, 0, -2, -1]",18,2
FF9561,"[3, 4, 5, 2, 3, 3, 3, 0, 0, 0, 3, 0, 0, 0, 0, 0, 0, 0, 0, 0, 0, 0, 0, -1]",25,3
FF9562,"[2, 4, 5, 2, 4, 4, 3, 0, 0, 0, 0, 0, 0, 0, 0, 0, 0, 0, 0, 0, 0, 0, 0, 0]",24,3
FF9563,"[2, 3, 3, 2, 5, 5, 1, 0, 0, 0, 0, 0, 0, 0, 0, 0, 0, 0, 0, 0, 0, 0, 0, 0]",21,2
FF9564,"[3, 3, 3, 3, 4, 4, 3, 4, 0, 0, 0, 0, 0, 0, 5, 0, 0, 0, 0, 0, 0, 0, 0, -1]",31,4
FF9565,"[3, 3, 3, 2, 4, 4, 2, 4, 0, 0, 0, 0, 0, 0, 0, 0, 0, 0, 0, 0, 0, 0, 0, -1]",24,3
FF9566,"[3, 4, 4, 3, 4, 4, 3, 4, 0, 0, 0, 0, 0, 0, 0, 0, 0, 0, 0, 0, 0, 0, 0, -3]",26,3
FF9567,"[1, 4, 5, 3, 3, 3, 3, 4, 0, 0, 0, 0, 0, 0, 0, 0, 0, 0, 0, 0, 0, 0, 0, 0]",26,3
FF9568,"[1, 5, 5, 3, 3, 3, 2, 0, 0, 0, 0, 0, 0, 0, 0, 0, 0, 0, 0, 0, 0, 0, 0, 0]",22,3
FF9569,"[1, 4, 5, 3, 3, 3, 4, 0, 1, 0, 0, 0, 0, 0, 0, 0, 0, 0, 0, 0, 0, 0, 0, 0]",24,3
FF9660,"[3, 4, 4, 2, 4, 4, 1, 0, 0, 0, 0, 0, 0, 0, 0, 0, 0, 0, 0, 0, 0, 0, 0, 0]",22,3
FF9661,"[4, 5, 5, 3, 3, 3, 2, 5, 4, 0, 0, 0, 0, 0, 0, 0, 0, 0, 0, 0, 0, 0, -2, 0]",32,4
FF9662,"[4, 5, 4, 2, 4, 3, 1, 5, 4, 0, 0, 0, 0, 0, 3, 4, 4, 0, 0, 0, 0, 0, -1, 0]",42,5
FF9663,"[3, 3, 4, 3, 4, 4, 2, 0, 4, 0, 0, 0, 0, 0, 0, 4, 4, 0, 0, 0, 0, 0, 0, -2]",33,5
FF9664,"[3, 4, 5, 3, 4, 4, 2, 4, 0, 0, 0, 0, 0, 0, 0, 1, 1, 0, 0, 0, 0, 0, 0, 0]",31,4
FF9665,"[2, 5, 5, 3, 4, 3, 2, 0, 0, 0, 0, 0, 0, 0, 0, 0, 0, 0, 0, 0, 0, 0, 0, 0]",24,3
FF9666,"[3, 3, 4, 3, 4, 4, 3, 4, 0, 0, 0, 0, 0, 0, 0, 0, 0, 0, 0, 0, -5, 0, 0, -1]",22,3
FF9667,"[2, 4, 5, 3, 4, 3, 2, 0, 4, 0, 0, 0, 0, 0, 0, 0, 0, 0, 0, 0, 0, 0, 0, -3]",24,3
FF9668,"[1, 5, 5, 2, 3, 3, 3, 0, 4, 0, 0, 0, 0, 0, 0, 3, 3, 0, 0, 0, 0, 0, 0, 0]",32,4
FF9669,"[1, 5, 5, 2, 3, 3, 3, 0, 4, 0, 0, 0, 0, 0, 0, 3, 3, 0, 0, 0, 0, 0, 0, 0]",32,4
FF9967,"[1, 5, 5, 2, 3, 3, 3, 0, 4, 0, 0, 0, 0, 0, 0, 0, 0, 0, 0, 0, 0, 0, 0, 0]",26,3
FF9968,"[4, 2, 3, 3, 4, 4, 2, 4, 4, 0, 0, 0, 0, 0, 2, 0, 0, 0, 0, 0, 0, 0, 0, -1]",31,4
FF9969,"[2, 2, 3, 1, 5, 5, 2, 0, 0, 0, 0, 0, 0, 0, 0, 0, 0, 0, 0, 0, -5, 0, 0, -1]",14,1
FF9251,"[2, 2, 2, 1, 3, 5, 2, 4, 0, 0, 0, 0, 0, 0, 0, 0, 0, 0, 0, 0, -5, 0, 0, -2]",14,1
FF9252,"[2, 1, 2, 1, 4, 5, 1, 4, 0, 0, 0, 0, 0, 0, 0, 0, 0, 0, 0, 0, 0, 0, -1, -1]",18,2
FF9253,"[2, 2, 2, 1, 3, 5, 2, 4, 4, 0, 0, 0, 0, 0, 0, 0, 0, 0, 0, 0, 0, 0, -2, -1]",22,3
FF9254,"[3, 2, 3, 2, 3, 5, 2, 4, 0, 0, 0, 0, 0, 0, 0, 0, 0, 0, 0, 0, 0, 0, 0, -2]",22,3
FF9255,"[3, 3, 4, 2, 4, 4, 1, 4, 0, 0, 0, 0, 0, 0, 0, 0, 0, 0, 0, 0, 0, 0, 0, -2]",23,3
FF9256,"[2, 3, 5, 3, 3, 3, 3, 0, 4, 0, 3, 0, 0, 0, 0, 0, 0, 0, 0, 0, 0, 0, 0, -4]",25,3
FF9257,"[3, 3, 5, 2, 4, 4, 2, 0, 4, 0, 0, 0, 0, 0, 0, 0, 0, 0, 0, 0, 0, 0, 0, -2]",25,3
FF9258,"[1, 5, 5, 4, 3, 3, 2, 0, 4, 0, 0, 0, 0, 0, 0, 3, 0, 0, 0, 0, 0, 0, 0, 0]",30,4
FF9359,"[3, 4, 4, 2, 4, 4, 2, 0, 0, 0, 0, 0, 0, 0, 0, 0, 0, 0, 0, 0, 0, 0, 0, -5]",18,2
FF9450,"[3, 3, 3, 2, 5, 4, 2, 0, 0, 0, 0, 0, 0, 0, 0, 0, 0, 0, 0, 0, 0, 0, 0, -2]",20,2
FF9451,"[3, 3, 3, 2, 5, 4, 2, 0, 0, 0, 0, 0, 0, 0, 3, 0, 0, 0, 0, 0, 0, 0, -2, -2]",21,2
FF9452,"[3, 2, 3, 1, 5, 5, 3, 5, 1, 0, 3, 0, 0, 0, 2, 0, 0, 0, 0, 0, 0, 0, -2, -2]",29,4
FF9453,"[3, 2, 2, 2, 3, 4, 2, 4, 0, 0, 0, 0, 0, 0, 2, 0, 0, 0, 0, 0, 0, 0, -3, -1]",20,2
FF9553,"[3, 2, 3, 2, 4, 4, 2, 0, 0, 0, 0, 0, 0, 0, 0, 0, 0, 0, 0, 0, 0, 0, 0, -1]",19,2
FF9554,"[4, 3, 4, 2, 4, 4, 1, 4, 0, 0, 0, 0, 0, 0, 5, 0, 0, 0, 0, 0, 0, 0, 0, -1]",30,4
FF9555,"[3, 3, 5, 2, 4, 3, 3, 4, 0, 0, 0, 0, 0, 0, 0, 0, 0, 0, 0, 0, 0, 0, 0, -2]",25,3
FF9556,"[4, 3, 4, 3, 4, 4, 3, 4, 0, 0, 0, 0, 0, 0, 0, 0, 0, 0, 0, 0, 0, 0, 0, -1]",28,4
FF9557,"[2, 3, 5, 3, 3, 3, 3, 4, 0, 0, 0, 0, 0, 0, 0, 0, 0, 0, 0, 0, 0, 0, 0, -1]",25,3
FF9558,"[3, 3, 4, 3, 3, 3, 3, 0, 0, 0, 0, 0, 0, 0, 0, 0, 0, 0, 0, 0, 0, 0, 0, -1]",21,2
FF9559,"[3, 3, 3, 3, 4, 4, 2, 4, 0, 0, 0, 0, 0, 0, 0, 0, 0, 0, 0, 0, 0, 0, 0, -1]",25,3
FF9650,"[3, 2, 3, 2, 4, 4, 2, 0, 0, 0, 0, 0, 0, 0, 3, 0, 0, 0, 0, 0, 0, 0, 0, -1]",22,3
FF9651,"[3, 3, 3, 2, 4, 4, 2, 0, 0, 0, 3, 0, 0, 0, 2, 0, 0, 0, 0, 0, 0, 0, 0, -1]",25,3
FF9652,"[3, 3, 3, 1, 3, 4, 2, 5, 4, 0, 0, 0, 0, 0, 0, 0, 0, 0, 0, 0, 0, 0, -2, -1]",25,3
FF9653,"[4, 3, 3, 3, 4, 4, 3, 5, 4, 0, 0, 0, 0, 0, 0, 4, 4, 0, 0, 0, 0, 0, 0, -1]",40,5
FF9654,"[3, 4, 4, 4, 4, 4, 2, 0, 0, 0, 0, 0, 0, 0, 0, 0, 0, 0, 0, 0, 0, 0, 0, -4]",21,2
FF9655,"[2, 4, 5, 3, 4, 3, 2, 0, 0, 0, 0, 0, 0, 0, 0, 0, 0, 0, 0, 0, 0, 0, 0, 0]",23,3
FF9656,"[1, 0, 5, 3, 3, 3, 2, 0, 0, 0, 0, 0, 0, 0, 0, 0, 0, 0, 0, 0, 0, 0, 0, 0]",17,2
FF9657,"[1, 5, 5, 3, 3, 3, 2, 0, 4, 0, 0, 0, 0, 0, 0, 3, 3, 0, 0, 0, 0, 0, 0, 0]",32,4
FF9658,"[1, 0, 5, 3, 3, 3, 1, 0, 4, 0, 0, 0, 0, 0, 0, 2, 1, 0, 0, 0, 0, 0, 0, 0]",23,3
FF9659,"[1, 5, 5, 2, 3, 3, 1, 0, 4, 0, 0, 0, 0, 0, 0, 3, 0, 0, 0, 0, 0, 0, 0, 0]",27,4
FF9957,"[1, 5, 5, 2, 3, 3, 2, 0, 4, 0, 0, 0, 0, 0, 0, 4, 0, 0, 0, 0, 0, 0, 0, 0]",29,4
FF9958,"[2, 5, 5, 3, 3, 3, 2, 0, 4, 0, 0, 0, 0, 0, 0, 0, 0, 0, 0, 0, 0, 0, 0, 0]",27,4
FF9959,"[3, 2, 3, 2, 5, 5, 2, 0, 4, 0, 0, 0, 0, 0, 0, 2, 1, 0, 0, 0, 0, 0, 0, -1]",28,4
FF9240,"[3, 3, 3, 2, 5, 4, 2, 4, 0, 0, 0, 0, 0, 0, 0, 0, 0, 0, 0, 0, 0, 0, 0, -2]",24,3
FF9241,"[2, 2, 2, 1, 5, 5, 2, 0, 0, 0, 0, 0, 0, 0, 0, 0, 0, 0, 0, 0, 0, 0, 0, -2]",17,2
FF9242,"[3, 1, 2, 1, 4, 4, 2, 0, 0, 0, 0, 0, 0, 0, 3, 0, 0, 0, 0, 0, 0, 0, -2, -1]",17,2
FF9243,"[3, 3, 3, 2, 4, 4, 2, 4, 4, 0, 3, 0, 0, 0, 2, 0, 0, 0, 0, 0, 0, -5, 0, -1]",28,4
FF9244,"[2, 4, 5, 3, 4, 3, 1, 4, 0, 0, 0, 0, 0, 0, 0, 0, 0, 0, 0, 0, 0, 0, 0, -3]",23,3
FF9245,"[1, 3, 5, 2, 3, 3, 3, 0, 0, 0, 0, 0, 0, 0, 0, 0, 0, 0, 0, 0, 0, 0, 0, -2]",18,2
FF9349,"[2, 3, 5, 2, 4, 3, 3, 0, 0, 0, 0, 0, 0, 0, 0, 0, 0, 0, 0, 0, 0, 0, 0, -2]",20,2
FF9440,"[4, 3, 4, 2, 5, 4, 2, 0, 0, 0, 0, 0, 0, 0, 0, 0, 0, 0, 0, 0, 0, 0, 0, -1]",23,3
FF9441,"[3, 3, 4, 2, 4, 4, 2, 0, 0, 0, 0, 0, 0, 0, 0, 0, 0, 0, 0, 0, 0, 0, -2, -1]",19,2
FF9442,"[4, 3, 3, 2, 4, 4, 2, 4, 0, 0, 3, 0, 0, 0, 3, 0, 0, 0, 0, 0, 0, 0, -5, -1]",26,3
FF9443,"[3, 3, 4, 3, 4, 3, 1, 4, 0, 0, 0, 0, 0, 0, 0, 0, 0, 0, 0, 0, 0, 0, -1, -1]",23,3
FF9545,"[3, 4, 4, 2, 5, 4, 1, 0, 0, 0, 0, 0, 0, 0, 0, 0, 0, 0, 0, 0, 0, 0, 0, -2]",21,2
FF9546,"[3, 4, 4, 3, 4, 4, 2, 0, 0, 0, 0, 0, 0, 0, 0, 0, 0, 0, 0, 0, 0, 0, 0, 0]",24,3
FF9547,"[3, 3, 3, 2, 5, 4, 2, 0, 0, 0, 0, 0, 0, 0, 0, 0, 0, 0, 0, 0, 0, 0, 0, -1]",21,2
FF9548,"[3, 3, 3, 3, 5, 5, 3, 0, 0, 0, 0, 0, 0, 0, 0, 0, 0, 0, 0, 0, 0, 0, 0, -2]",23,3
FF9549,"[3, 3, 3, 2, 5, 5, 3, 0, 0, 0, 0, 0, 0, 0, 0, 0, 0, 0, 0, 0, 0, 0, 0, -3]",21,2
FF9640,"[3, 4, 4, 2, 5, 4, 1, 0, 0, 0, 0, 0, 0, 0, 0, 0, 0, 0, 0, 0, 0, 0, 0, -4]",19,2
FF9641,"[3, 3, 3, 2, 5, 4, 2, 4, 0, 0, 0, 0, 0, 0, 3, 0, 0, 0, 0, 0, 0, -5, -2, -1]",21,2
FF9642,"[4, 3, 3, 1, 4, 4, 1, 5, 4, 0, 0, 0, 0, 0, 0, 3, 3, 0, 0, 0, 0, 0, -1, -1]",33,5
FF9643,"[4, 3, 4, 3, 4, 4, 0, 5, 0, 0, 0, 0, 0, 0, 2, 4, 4, 0, 0, 0, 0, 0, 0, -1]",36,5
FF9644,"[3, 4, 4, 3, 4, 4, 1, 0, 0, 0, 0, 0, 0, 0, 0, 0, 0, 0, 0, 0, 0, 0, 0, 0]",23,3
FF9645,"[1, 5, 5, 3, 3, 3, 3, 0, 4, 0, 0, 0, 0, 0, 0, 0, 0, 0, 0, 0, 0, 0, 0, 0]",27,4
FF9646,"[2, 4, 5, 3, 3, 3, 4, 0, 4, 0, 0, 0, 0, 0, 0, 0, 0, 0, 0, 0, 0, 0, 0, 0]",28,4
FF9647,"[3, 3, 4, 3, 4, 4, 2, 0, 4, 0, 0, 0, 0, 0, 0, 4, 3, 0, 0, 0, 0, 0, 0, -2]",32,4
FF9648,"[3, 4, 4, 2, 4, 4, 2, 0, 4, 0, 0, 0, 0, 0, 0, 3, 0, 0, 0, 0, 0, 0, 0, 0]",30,4
FF9945,"[3, 3, 4, 2, 4, 4, 2, 0, 4, 0, 0, 0, 0, 0, 0, 0, 0, 0, 0, 0, 0, 0, 0, -4]",22,3
FF9946,"[1, 5, 5, 2, 3, 3, 3, 0, 4, 0, 0, 0, 0, 0, 0, 0, 0, 0, 0, 0, 0, 0, 0, 0]",26,3
FF9947,"[1, 0, 5, 3, 3, 3, 3, 0, 4, 0, 0, 0, 0, 0, 0, 1, 0, 0, 0, 0, 0, 0, 0, 0]",23,3
FF9948,"[1, 5, 5, 2, 3, 3, 1, 0, 4, 0, 0, 5, 0, 0, 5, 4, 1, 0, 0, 0, 0, 0, 0, 0]",39,5
FF9949,"[2, 3, 5, 3, 3, 3, 2, 0, 4, 0, 0, 0, 0, 0, 0, 4, 3, 0, 0, 0, 0, 0, 0, -3]",29,4
FF9230,"[3, 2, 3, 2, 5, 5, 2, 4, 0, 0, 0, 0, 0, 0, 3, 0, 0, 0, 0, 0, 0, 0, 0, -1]",28,4
FF9231,"[2, 2, 2, 1, 4, 5, 2, 0, 4, 0, 0, 0, 0, 0, 2, 0, 0, 0, 0, 0, 0, 0, -2, -2]",20,2
FF9232,"[2, 2, 3, 1, 3, 5, 2, 0, 4, 0, 0, 0, 0, 0, 0, 0, 0, 0, 0, 0, 0, 0, -1, -1]",20,2
FF9233,"[3, 2, 2, 2, 5, 5, 2, 4, 4, 0, 0, 0, 0, 0, 5, 0, 0, 0, 0, 0, 0, 0, 0, -1]",33,5
FF9234,"[3, 3, 4, 3, 4, 4, 2, 4, 0, 0, 0, 0, 0, 0, 5, 0, 0, 0, 0, 0, 0, 0, 0, -2]",30,4
FF9339,"[1, 4, 5, 2, 3, 3, 2, 0, 0, 0, 0, 0, 0, 0, 0, 0, 0, 0, 0, 0, 0, 0, 0, -1]",19,2
FF9430,"[2, 4, 5, 2, 3, 3, 3, 0, 0, 0, 0, 0, 0, 0, 0, 0, 0, 0, 0, 0, 0, 0, 0, -4]",18,2
FF9431,"[2, 4, 5, 2, 3, 3, 1, 0, 0, 0, 0, 0, 0, 0, 0, 0, 0, 0, 0, 0, 0, 0, 0, -1]",19,2
FF9432,"[4, 3, 4, 3, 4, 3, 2, 4, 4, 0, 5, 0, 0, 0, 0, 0, 0, 0, 0, 0, 0, 0, -3, -1]",32,4
FF9433,"[1, 5, 5, 3, 3, 3, 2, 0, 0, 0, 0, 0, 0, 0, 0, 0, 0, 0, 0, 0, 0, 0, -1, 0]",21,2
FF9536,"[3, 3, 3, 3, 4, 4, 3, 0, 0, 0, 0, 0, 0, 0, 0, 0, 0, 0, 0, 0, 0, 0, 0, -2]",21,2
FF9537,"[3, 3, 3, 2, 4, 4, 3, 4, 0, 0, 0, 0, 0, 0, 0, 0, 0, 0, 0, 0, 0, 0, 0, -1]",25,3
FF9538,"[3, 3, 4, 3, 4, 3, 2, 4, 0, 0, 0, 0, 0, 0, 0, 0, 0, 0, 0, 0, 0, 0, 0, -2]",24,3
FF9539,"[3, 2, 2, 2, 5, 4, 3, 4, 0, 0, 0, 0, 0, 0, 3, 0, 0, 0, 0, 0, 0, 0, 0, -1]",27,4
FF9630,"[4, 3, 3, 2, 4, 4, 2, 4, 0, 0, 0, 0, 0, 0, 5, 0, 0, 0, 0, 0, 0, 0, 0, -1]",30,4
FF9631,"[4, 2, 2, 2, 5, 4, 2, 4, 4, 0, 0, 0, 0, 0, 5, 3, 3, 0, 0, 0, 0, 0, -2, -1]",37,5
FF9632,"[4, 4, 4, 3, 4, 4, 1, 4, 4, 0, 0, 0, 0, 0, 0, 5, 5, 0, 0, 0, 0, 0, 0, -4]",38,5
FF9633,"[3, 4, 4, 3, 4, 4, 1, 0, 4, 0, 0, 0, 0, 0, 3, 0, 0, 0, 0, 0, 0, 0, 0, 0]",30,4
FF9634,"[3, 3, 5, 3, 3, 3, 3, 4, 4, 0, 0, 0, 0, 0, 0, 0, 0, 0, 0, 0, 0, 0, 0, -1]",30,4
FF9635,"[3, 3, 5, 3, 3, 3, 3, 0, 4, 0, 0, 0, 0, 0, 0, 0, 0, 0, 0, 0, 0, 0, 0, -2]",25,3
FF9636,"[3, 4, 4, 3, 5, 4, 1, 0, 4, 0, 0, 0, 0, 0, 0, 3, 0, 0, 0, 0, 0, 0, 0, 0]",31,4
FF9637,"[3, 2, 3, 2, 5, 5, 2, 4, 4, 0, 0, 0, 0, 0, 0, 3, 3, 0, 0, 0, 0, 0, 0, -1]",35,5
FF9935,"[2, 3, 5, 3, 3, 3, 2, 0, 4, 0, 0, 0, 0, 0, 0, 0, 0, 0, 0, 0, 0, 0, 0, -3]",22,3
FF9936,"[1, 4, 5, 3, 3, 2, 2, 0, 4, 0, 0, 0, 0, 0, 0, 0, 0, 0, 0, 0, 0, 0, 0, 0]",24,3
FF9937,"[1, 5, 5, 3, 3, 3, 2, 0, 4, 0, 0, 0, 0, 0, 0, 0, 0, 0, 0, 0, 0, 0, 0, 0]",26,3
FF9938,"[1, 5, 5, 3, 3, 3, 2, 0, 4, 0, 0, 5, 0, 0, 2, 5, 3, 0, 0, 0, 0, 0, 0, 0]",41,5
FF9939,"[1, 5, 5, 3, 3, 3, 2, 0, 4, 0, 0, 0, 0, 0, 0, 2, 0, 0, 0, 0, 0, 0, 0, 0]",28,4
FF9129,"[3, 3, 4, 2, 5, 4, 2, 0, 0, 0, 0, 0, 0, 0, 0, 0, 0, 0, 0, 0, 0, 0, 0, -2]",21,2
FF9220,"[3, 2, 2, 2, 5, 5, 2, 0, 4, 0, 0, 0, 0, 0, 0, 0, 0, 0, 0, 0, 0, 0, -2, -1]",22,3
FF9221,"[2, 3, 3, 1, 4, 5, 3, 0, 4, 0, 0, 0, 0, 0, 3, 0, 0, 0, 0, 0, 0, 0, -2, -2]",24,3
FF9222,"[1, 2, 3, 1, 3, 5, 2, 0, 4, 0, 0, 0, 0, 0, 0, 0, 0, 0, 0, 0, 0, 0, 0, -1]",20,2
FF9223,"[3, 2, 3, 3, 5, 4, 1, 4, 0, 0, 0, 0, 0, 0, 3, 0, 0, 0, 0, 0, 0, 0, 0, -1]",27,4
FF9224,"[2, 3, 5, 2, 4, 3, 1, 0, 0, 0, 0, 0, 0, 0, 0, 0, 0, 0, 0, 0, 0, 0, 0, -3]",17,2
FF9329,"[2, 4, 5, 3, 4, 3, 1, 0, 0, 0, 0, 0, 0, 0, 0, 0, 0, 0, 0, 0, 0, 0, 0, 0]",22,3
FF9420,"[2, 4, 5, 3, 4, 4, 1, 0, 0, 0, 0, 0, 0, 0, 0, 0, 0, 0, 0, 0, 0, 0, 0, 0]",23,3
FF9421,"[4, 2, 3, 3, 5, 4, 2, 4, 4, 0, 0, 0, 0, 0, 0, 0, 0, 0, 0, 0, 0, 0, 0, -1]",30,4
FF9422,"[4, 2, 2, 1, 4, 4, 3, 4, 4, 0, 0, 0, 0, 0, 5, 0, 0, 0, 0, 0, 0, 0, -2, 0]",31,4
FF9423,"[3, 2, 3, 2, 3, 4, 3, 4, 0, 0, 0, 0, 0, 0, 0, 0, 0, 0, 0, 0, 0, 0, -2, 0]",22,3
FF9525,"[3, 2, 4, 3, 4, 4, 3, 4, 0, 0, 0, 0, 0, 0, 0, 0, 0, 0, 0, 0, 0, 0, 0, -1]",26,3
FF9526,"[2, 4, 5, 3, 4, 3, 2, 0, 0, 0, 0, 0, 0, 0, 0, 0, 0, 0, 0, 0, 0, 0, 0, -1]",22,3
FF9527,"[3, 4, 4, 2, 4, 4, 3, 0, 0, 0, 0, 0, 0, 0, 0, 0, 0, 0, 0, 0, 0, 0, 0, 0]",24,3
FF9528,"[3, 4, 4, 3, 4, 4, 2, 0, 0, 0, 0, 0, 0, 0, 0, 0, 0, 0, 0, 0, 0, 0, 0, 0]",24,3
FF9529,"[3, 4, 4, 3, 4, 4, 2, 0, 0, 0, 0, 0, 0, 0, 0, 0, 0, 0, 0, 0, 0, 0, 0, 0]",24,3
FF9620,"[3, 4, 4, 3, 4, 4, 1, 0, 0, 0, 0, 0, 0, 0, 0, 0, 0, 0, 0, 0, 0, 0, 0, -1]",22,3
FF9621,"[4, 3, 3, 2, 4, 4, 2, 4, 4, 0, 0, 0, 0, 0, 2, 3, 3, 0, 0, 0, 0, 0, -3, -1]",34,5
FF9622,"[3, 2, 3, 3, 4, 4, 2, 4, 4, 0, 0, 0, 0, 0, 0, 4, 4, 0, 0, 0, 0, 0, -1, -1]",35,5
FF9623,"[3, 3, 4, 3, 4, 3, 3, 0, 4, 0, 0, 0, 0, 0, 5, 3, 3, 0, 0, 0, 0, 0, 0, -1]",37,5
FF9624,"[2, 4, 5, 3, 3, 3, 2, 0, 4, 0, 0, 0, 0, 0, 0, 0, 0, 0, 0, 0, 0, 0, 0, 0]",26,3
FF9625,"[2, 4, 5, 3, 4, 3, 2, 4, 4, 0, 0, 0, 0, 0, 0, 2, 0, 0, 0, 0, 0, 0, 0, -1]",32,4
FF9923,"[1, 4, 5, 3, 3, 3, 2, 0, 4, 0, 0, 0, 0, 0, 0, 0, 0, 0, 0, 0, 0, 0, 0, -5]",20,2
FF9924,"[2, 4, 5, 3, 4, 3, 2, 0, 4, 0, 0, 0, 0, 0, 0, 0, 0, 0, 0, 0, 0, 0, 0, -5]",22,3
FF9925,"[3, 3, 5, 2, 3, 3, 3, 0, 4, 0, 0, 0, 0, 0, 0, 4, 3, 0, 0, 0, 0, 0, 0, -1]",32,4
FF9926,"[3, 3, 4, 3, 4, 3, 1, 0, 4, 0, 0, 5, 0, 0, 2, 5, 3, 0, 0, 0, 0, 0, 0, -2]",38,5
FF9927,"[3, 3, 5, 3, 3, 3, 3, 4, 4, 0, 0, 10, 0, 0, 3, 5, 3, 0, 0, 0, 0, 0, 0, -2]",50,5
FF9928,"[4, 3, 4, 3, 4, 4, 1, 4, 4, 0, 0, 0, 0, 0, 2, 5, 3, 0, 0, 0, 0, 0, 0, -1]",40,5
FF9929,"[4, 3, 4, 3, 4, 4, 2, 4, 4, 0, 0, 5, 0, 0, 2, 3, 0, 0, 0, 0, 0, 0, 0, -1]",41,5
FF9118,"[3, 3, 3, 2, 5, 4, 2, 4, 0, 0, 0, 0, 0, 0, 0, 0, 0, 0, 0, 0, -5, 0, 0, -2]",19,2
FF9119,"[3, 3, 4, 2, 5, 4, 1, 0, 0, 0, 0, 0, 0, 0, 0, 0, 0, 0, 0, 0, 0, 0, -1, -1]",20,2
FF9210,"[3, 3, 3, 1, 4, 5, 2, 0, 4, 0, 0, 0, 0, 0, 0, 0, 0, 0, 0, 0, 0, 0, -2, -2]",21,2
FF9211,"[2, 1, 2, 2, 4, 5, 2, 0, 0, 0, 0, 0, 0, 0, 0, 0, 0, 0, 0, 0, 0, 0, 0, -1]",17,2
FF9212,"[3, 2, 2, 2, 5, 4, 2, 4, 0, 0, 3, 0, 0, 0, 5, 0, 0, 0, 0, 0, 0, 0, 0, -1]",31,4
FF9213,"[3, 3, 4, 3, 4, 4, 2, 0, 0, 0, 5, 0, 0, 0, 3, 0, 0, 0, 0, 0, 0, 0, 0, -2]",29,4
FF9214,"[3, 3, 4, 3, 4, 4, 3, 4, 0, 0, 0, 0, 0, 0, 0, 0, 0, 0, 0, 0, 0, 0, 0, -2]",26,3
FF9319,"[3, 3, 3, 2, 5, 5, 2, 4, 4, 0, 0, 0, 0, 0, 0, 0, 0, 0, 0, 0, 0, 0, 0, -1]",30,4
FF9410,"[2, 2, 2, 2, 4, 5, 2, 4, 4, 0, 0, 0, 0, 0, 0, 0, 0, 0, 0, 0, 0, 0, -1, -1]",25,3
FF9411,"[3, 2, 2, 2, 3, 4, 2, 4, 4, 0, 0, 0, 0, 0, 0, 0, 0, 0, 0, 0, 0, 0, -3, -1]",22,3
FF9412,"[4, 3, 3, 3, 4, 4, 2, 4, 4, 0, 0, 0, 0, 0, 2, 0, 0, 0, 0, 0, 0, 0, -5, 0]",28,4
FF9514,"[3, 3, 4, 2, 4, 4, 3, 4, 0, 0, 0, 0, 0, 0, 3, 0, 0, 0, 0, 0, 0, 0, 0, -1]",29,4
FF9515,"[3, 4, 4, 2, 4, 4, 2, 4, 0, 0, 0, 0, 0, 0, 0, 0, 0, 0, 0, 0, 0, -5, 0, -5]",17,2
FF9516,"[2, 5, 5, 2, 3, 3, 3, 0, 0, 0, 0, 0, 0, 0, 0, 0, 0, 0, 0, 0, 0, 0, 0, 0]",23,3
FF9517,"[3, 5, 5, 2, 4, 3, 2, 0, 0, 0, 0, 0, 0, 0, 0, 0, 0, 0, 0, 0, 0, 0, 0, 0]",24,3
FF9518,"[3, 4, 3, 3, 5, 5, 2, 0, 0, 0, 0, 0, 0, 0, 0, 1, 1, 0, 0, 0, 0, 0, 0, -1]",26,3
FF9519,"[3, 3, 3, 3, 4, 4, 3, 4, 0, 0, 0, 0, 0, 0, 0, 3, 3, 0, 0, 0, 0, 0, 0, -1]",32,4
FF9610,"[3, 3, 4, 3, 4, 4, 2, 0, 0, 0, 0, 0, 0, 0, 3, 3, 3, 0, 0, 0, 0, 0, 0, -1]",31,4
FF9611,"[3, 3, 4, 3, 4, 4, 2, 4, 0, 0, 0, 0, 0, 0, 5, 2, 2, 0, 0, 0, 0, 0, 0, -2]",34,5
FF9612,"[3, 3, 4, 3, 3, 4, 2, 0, 4, 0, 0, 0, 0, 0, 3, 0, 0, 0, 0, 0, 0, 0, -2, -1]",26,3
FF9613,"[4, 3, 4, 3, 4, 4, 3, 0, 4, 0, 0, 0, 0, 0, 0, 4, 4, 0, 0, 0, 0, 0, -1, -1]",35,5
FF9614,"[1, 4, 5, 3, 4, 3, 2, 0, 4, 0, 0, 0, 0, 0, 0, 2, 0, 0, 0, 0, 0, 0, 0, -5]",23,3
FF9816,"[3, 4, 4, 2, 4, 4, 3, 4, 4, 0, 0, 0, 0, 0, 0, 0, 0, 0, 0, 0, 0, 0, 0, 0]",32,4
FF9817,"[3, 3, 3, 3, 5, 4, 2, 4, 4, 0, 0, 0, 0, 0, 0, 0, 0, 0, 0, 0, 0, 0, 0, 0]",31,4
FF9912,"[3, 3, 3, 1, 4, 4, 2, 5, 4, 0, 0, 0, 5, 0, 5, 2, 2, 5, 0, 0, 0, 0, -1, 0]",47,5
FF9913,"[4, 2, 3, 3, 4, 3, 2, 0, 4, 0, 0, 0, 5, 0, 5, 5, 4, 0, 0, 0, 0, 0, -2, -1]",41,5
FF9914,"[3, 3, 4, 2, 4, 3, 3, 4, 4, 0, 0, 0, 0, 0, 0, 4, 4, 0, 0, 0, 0, 0, -2, -1]",35,5
FF9915,"[4, 2, 3, 3, 4, 3, 3, 0, 4, 0, 0, 0, 0, 0, 0, 5, 5, 0, 0, 0, 0, 0, -3, -1]",32,4
FF9916,"[3, 4, 5, 4, 3, 3, 3, 4, 4, 0, 0, 0, 0, 0, 0, 4, 4, 0, 0, 0, 0, 0, -2, -1]",38,5
FF9917,"[4, 3, 4, 3, 4, 3, 2, 4, 4, 0, 0, 0, 0, 0, 0, 4, 4, 0, 0, 0, 0, 0, -2, -1]",36,5
FF9918,"[4, 1, 2, 2, 4, 3, 2, 0, 4, 0, 0, 0, 0, 0, 5, 4, 4, 0, 0, 0, 0, 0, -2, 0]",33,5
FF9919,"[5, 2, 2, 3, 4, 4, 2, 5, 1, 0, 0, 0, 0, 0, 5, 4, 4, 0, 0, 0, 0, 0, -2, -1]",38,5
FF9108,"[3, 2, 3, 2, 5, 4, 2, 0, 0, 0, 0, 0, 0, 0, 3, 0, 0, 0, 0, 0, 0, 0, -3, -2]",19,2
FF9109,"[4, 3, 3, 2, 5, 4, 2, 0, 4, 0, 0, 0, 0, 0, 3, 0, 0, 0, 0, 0, -5, 0, -3, -1]",21,2
FF9200,"[2, 2, 3, 1, 4, 5, 2, 4, 4, 0, 0, 0, 0, 0, 0, 0, 0, 0, 0, 0, 0, 0, 0, -1]",26,3
FF9201,"[4, 3, 3, 2, 4, 4, 1, 0, 0, 0, 0, 0, 0, 0, 0, 0, 0, 0, 0, 0, 0, 0, 0, -1]",20,2
FF9202,"[3, 3, 3, 2, 4, 4, 1, 0, 0, 0, 0, 0, 0, 0, 0, 0, 0, 0, 0, 0, 0, 0, 0, -3]",17,2
FF9203,"[2, 3, 5, 3, 4, 3, 3, 0, 0, 0, 0, 0, 0, 0, 0, 0, 0, 0, 0, 0, 0, 0, 0, 0]",23,3
FF9309,"[4, 3, 3, 3, 4, 4, 2, 4, 4, 0, 0, 0, 0, 0, 3, 0, 0, 0, 0, 0, 0, 0, -2, -1]",31,4
FF9400,"[3, 2, 3, 2, 4, 4, 2, 4, 4, 0, 0, 0, 0, 0, 3, 0, 0, 0, 0, 0, 0, 0, -3, -1]",27,4
FF9401,"[3, 3, 3, 2, 4, 4, 2, 0, 0, 0, 0, 0, 0, 0, 0, 0, 0, 0, 0, 0, 0, 0, -2, -1]",18,2
FF9402,"[3, 4, 5, 3, 4, 3, 2, 0, 0, 0, 0, 0, 0, 0, 0, 0, 0, 0, 0, 0, 0, 0, -2, -4]",18,2
FF9403,"[3, 3, 4, 2, 4, 4, 1, 0, 0, 0, 0, 0, 0, 0, 0, 0, 0, 0, 0, 0, 0, 0, -2, -2]",17,2
FF9404,"[1, 4, 5, 3, 3, 3, 3, 0, 0, 0, 0, 0, 0, 0, 0, 0, 0, 0, 0, 0, 0, 0, 0, 0]",22,3
FF9405,"[2, 5, 5, 3, 3, 3, 2, 0, 0, 0, 3, 0, 0, 0, 0, 0, 0, 0, 0, 0, 0, 0, 0, 0]",26,3
FF9406,"[1, 4, 5, 3, 3, 3, 3, 0, 0, 0, 0, 0, 0, 0, 0, 0, 0, 0, 0, 0, 0, 0, 0, -2]",20,2
FF9407,"[3, 3, 4, 3, 4, 3, 2, 0, 0, 0, 0, 0, 0, 0, 0, 0, 0, 0, 0, 0, 0, 0, -2, -1]",19,2
FF9408,"[2, 4, 5, 3, 4, 4, 2, 0, 0, 0, 0, 0, 0, 0, 0, 0, 0, 0, 0, 0, -5, 0, 0, 0]",19,2
FF9503,"[4, 2, 3, 2, 4, 4, 2, 4, 0, 0, 0, 0, 0, 0, 3, 0, 0, 0, 0, 0, 0, 0, 0, -1]",27,4
FF9504,"[3, 4, 4, 3, 4, 3, 3, 4, 0, 0, 0, 0, 0, 0, 0, 0, 0, 0, 0, 0, 0, -5, 0, -2]",21,2
FF9505,"[3, 4, 4, 2, 4, 4, 3, 0, 0, 0, 0, 0, 0, 0, 0, 0, 0, 0, 0, 0, -5, -5, 0, 0]",14,1
FF9506,"[3, 4, 4, 3, 4, 4, 3, 0, 0, 0, 0, 0, 0, 0, 0, 0, 0, 0, 0, 0, -5, 0, 0, 0]",20,2
FF9507,"[3, 4, 4, 3, 5, 4, 2, 0, 0, 0, 0, 0, 0, 0, 0, 0, 0, 0, 0, 0, 0, 0, 0, -1]",24,3
FF9508,"[3, 2, 3, 2, 4, 4, 3, 4, 0, 0, 0, 0, 0, 0, 0, 3, 3, 0, 0, 0, -5, 0, 0, -1]",25,3
FF9509,"[2, 4, 4, 3, 5, 4, 2, 0, 0, 0, 0, 0, 0, 0, 0, 0, 0, 0, 0, 0, 0, 0, 0, 0]",24,3
FF9600,"[3, 4, 4, 2, 4, 3, 1, 0, 0, 0, 0, 0, 0, 0, 0, 0, 0, 0, 0, -5, 0, 0, 0, 0]",16,2
FF9601,"[3, 4, 5, 2, 4, 4, 2, 0, 0, 0, 0, 0, 0, 0, 0, 0, 0, 0, 0, 0, 0, 0, 0, 0]",24,3
FF9602,"[3, 4, 4, 2, 4, 4, 1, 0, 0, 0, 0, 0, 0, 0, 0, 0, 0, 5, 0, 0, 0, 0, 0, 0]",27,4
FF9603,"[4, 3, 3, 2, 4, 4, 3, 0, 4, 0, 0, 0, 0, 0, 3, 5, 5, 0, 0, 0, 0, 0, -2, -1]",37,5
FF9604,"[2, 4, 5, 4, 4, 4, 2, 0, 4, 0, 0, 0, 0, 0, 0, 3, 0, 0, 0, 0, 0, 0, 0, -2]",30,4
FF9705,"[2, 4, 5, 2, 4, 3, 1, 0, 4, 0, 0, 0, 0, 0, 0, 0, 0, 0, 0, 0, 0, 0, 0, 0]",25,3
FF9706,"[2, 4, 5, 3, 4, 3, 2, 4, 4, 0, 0, 0, 0, 0, 0, 0, 0, 0, 0, 0, 0, 0, 0, 0]",31,4
FF9803,"[1, 5, 5, 4, 3, 3, 3, 0, 4, 0, 0, 0, 0, 0, 0, 0, 0, 0, 0, 0, 0, 0, 0, 0]",28,4
FF9804,"[4, 3, 3, 3, 3, 4, 2, 0, 4, 0, 0, 0, 0, 0, 0, 0, 0, 0, 0, 0, 0, 0, 0, -1]",25,3
FF9805,"[3, 3, 3, 2, 3, 5, 2, 0, 4, 0, 0, 0, 0, 0, 0, 0, 0, 0, 0, 0, 0, 0, 0, -3]",22,3
FF9806,"[3, 4, 4, 3, 4, 4, 1, 0, 4, 0, 0, 0, 0, 0, 3, 1, 1, 0, 0, 0, 0, 0, -1, -3]",28,4
FF9807,"[4, 2, 3, 2, 5, 4, 1, 4, 4, 0, 0, 0, 0, 0, 5, 3, 3, 0, 0, 0, 0, 0, -2, -1]",37,5
FF9808,"[3, 3, 3, 3, 5, 4, 2, 4, 4, 0, 0, 0, 0, 0, 0, 3, 3, 0, 0, 0, 0, 0, -2, -2]",33,5
FF9809,"[3, 3, 5, 2, 4, 3, 2, 0, 4, 0, 0, 0, 0, 0, 0, 3, 3, 0, 0, 0, 0, 0, -2, -2]",28,4
FF9902,"[3, 2, 3, 1, 3, 4, 1, 4, 4, 0, 0, 0, 0, 0, 5, 4, 3, 0, 0, 0, 0, 0, 0, -1]",36,5
FF9903,"[3, 4, 5, 3, 3, 3, 2, 0, 4, 0, 0, 0, 0, 0, 3, 2, 1, 0, 0, 0, 0, 0, 0, 0]",33,5
FF9904,"[3, 3, 4, 2, 4, 3, 2, 0, 4, 0, 0, 0, 0, 0, 3, 3, 0, 0, 0, 0, -5, 0, 0, -3]",23,3
FF9905,"[4, 3, 3, 1, 5, 4, 3, 5, 4, 0, 0, 0, 0, 0, 3, 3, 0, 0, 0, 0, -5, 0, 0, -1]",32,4
FF9906,"[4, 3, 3, 1, 3, 3, 1, 5, 4, 0, 0, 0, 0, 0, 0, 0, 0, 0, 0, 0, 0, 0, 0, -1]",26,3
FF9907,"[3, 1, 2, 1, 4, 4, 2, 4, 4, 0, 0, 0, 0, 0, 5, 0, 0, 0, 0, 0, 0, 0, 0, 0]",30,4
FF9908,"[4, 2, 2, 1, 4, 4, 2, 4, 4, 0, 0, 0, 0, 0, 0, 2, 2, 0, 0, 0, 0, 0, -1, 0]",30,4
FF9909,"[5, 3, 2, 2, 4, 4, 1, 5, 4, 0, 0, 10, 0, 0, 5, 3, 3, 0, 0, 0, 0, 0, -2, 0]",49,5
FF8198,"[4, 2, 2, 2, 5, 4, 1, 0, 0, 0, 0, 0, 0, 0, 2, 0, 0, 0, 0, 0, 0, 0, -2, -1]",19,2
FF8199,"[3, 3, 3, 1, 4, 5, 2, 0, 4, 0, 0, 0, 0, 0, 0, 0, 0, 0, 0, 0, 0, 0, -2, -2]",21,2
FF8290,"[4, 2, 3, 2, 4, 4, 2, 4, 0, 0, 0, 0, 0, 0, 0, 0, 0, 0, 0, 0, 0, 0, 0, -1]",24,3
FF8291,"[3, 3, 4, 2, 4, 4, 2, 4, 0, 0, 0, 0, 0, 0, 0, 0, 0, 0, 0, 0, 0, 0, 0, -3]",23,3
FF8399,"[2, 4, 5, 3, 3, 3, 2, 0, 0, 0, 0, 0, 0, 0, 0, 0, 0, 0, 0, 0, 0, 0, 0, 0]",22,3
FF8490,"[3, 4, 4, 3, 4, 4, 3, 4, 0, 0, 0, 0, 0, 0, 0, 0, 0, 0, 0, 0, 0, 0, -1, -2]",26,3
FF8491,"[3, 4, 4, 3, 4, 4, 2, 0, 0, 0, 0, 0, 0, 0, 0, 0, 0, 0, 0, 0, 0, 0, 0, -3]",21,2
FF8492,"[3, 3, 5, 3, 3, 3, 2, 0, 0, 0, 0, 0, 0, 0, 0, 0, 0, 0, 0, 0, 0, 0, 0, -2]",20,2
FF8493,"[2, 3, 5, 3, 3, 3, 2, 4, 0, 0, 0, 0, 0, 0, 0, 0, 0, 0, 0, 0, 0, 0, -1, -2]",22,3
FF8494,"[3, 3, 5, 3, 4, 3, 2, 0, 0, 0, 0, 0, 0, 0, 0, 0, 0, 0, 0, 0, 0, 0, -2, -1]",20,2
FF8495,"[4, 3, 4, 3, 5, 4, 2, 0, 0, 0, 0, 0, 0, 0, 0, 0, 0, 0, 0, 0, 0, 0, -2, -2]",21,2
FF8496,"[3, 3, 4, 2, 4, 4, 2, 0, 0, 0, 0, 0, 0, 0, 0, 0, 0, 0, 0, 0, 0, 0, -2, -2]",18,2
FF8497,"[3, 3, 4, 2, 4, 4, 3, 4, 0, 0, 0, 0, 0, 0, 0, 0, 0, 0, 0, 0, 0, 0, -1, -2]",24,3
FF8498,"[3, 1, 2, 2, 5, 4, 2, 0, 0, 0, 0, 0, 0, 0, 2, 0, 0, 0, 0, 0, 0, 0, -2, -1]",18,2
FF8499,"[4, 2, 3, 2, 4, 4, 3, 4, 0, 0, 0, 0, 0, 0, 0, 0, 0, 0, 0, 0, 0, -5, -2, -1]",18,2
FF8592,"[3, 4, 4, 3, 4, 4, 2, 0, 0, 0, 0, 0, 0, 0, 0, 0, 0, 0, 0, 0, 0, -5, 0, -3]",16,2
FF8593,"[2, 5, 5, 3, 3, 3, 2, 0, 0, 0, 0, 0, 0, 0, 0, 0, 0, 0, 0, 0, 0, -5, 0, 0]",18,2
FF8594,"[2, 4, 5, 3, 4, 4, 3, 0, 0, 0, 0, 0, 0, 0, 0, 2, 0, 0, 0, 0, 0, -5, 0, 0]",22,3
FF8595,"[2, 4, 5, 2, 4, 4, 3, 0, 0, 0, 0, 0, 0, 0, 0, 3, 0, 0, 0, 0, 0, 0, 0, 0]",27,4
FF8596,"[2, 4, 5, 3, 4, 3, 3, 0, 0, 0, 0, 0, 0, 0, 0, 2, 0, 0, 0, 0, 0, 0, 0, 0]",26,3
FF8597,"[3, 3, 4, 3, 4, 4, 3, 0, 0, 0, 0, 0, 0, 0, 3, 3, 2, 0, 0, 0, 0, 0, 0, -1]",31,4
FF8598,"[3, 3, 4, 3, 4, 3, 3, 4, 0, 0, 0, 0, 0, 0, 5, 4, 2, 0, 0, 0, 0, 0, 0, -1]",37,5
FF8599,"[3, 4, 4, 2, 5, 4, 2, 0, 0, 0, 0, 0, 0, 0, 0, 3, 0, 0, 0, 0, 0, 0, 0, 0]",27,4
FF8690,"[3, 4, 4, 2, 4, 3, 3, 0, 0, 0, 0, 0, 0, 0, 0, 3, 0, 0, 0, -5, -5, 0, 0, 0]",16,2
FF8691,"[3, 4, 4, 2, 5, 4, 2, 0, 0, 0, 0, 0, 0, 0, 0, 1, 0, 0, 0, 0, -5, 0, 0, -1]",19,2
FF8698,"[3, 4, 4, 2, 4, 4, 2, 0, 4, 0, 0, 0, 0, 0, 0, 0, 0, 0, 0, 0, 0, 0, 0, -1]",26,3
FF8699,"[4, 4, 4, 3, 4, 4, 2, 4, 4, 0, 0, 0, 0, 0, 0, 4, 4, 0, 0, 0, 0, 0, 0, -2]",39,5
FF8790,"[4, 4, 4, 2, 3, 3, 2, 4, 5, 0, 0, 0, 0, 0, 0, 2, 2, 0, 0, 0, 0, 0, 0, -5]",30,4
FF8794,"[2, 4, 5, 3, 3, 3, 2, 4, 4, 0, 0, 0, 0, 0, 0, 0, 0, 0, 0, 0, 0, 0, 0, -2]",28,4
FF8795,"[2, 5, 5, 3, 3, 3, 1, 4, 4, 0, 0, 0, 0, 0, 0, 0, 0, 0, 0, 0, 0, 0, 0, 0]",30,4
FF8796,"[4, 4, 4, 2, 3, 4, 1, 0, 4, 0, 0, 0, 0, 0, 0, 0, 0, 0, 0, 0, 0, 0, 0, 0]",26,3
FF8797,"[3, 4, 4, 2, 3, 4, 1, 4, 4, 0, 0, 0, 0, 0, 0, 3, 3, 0, 0, 0, 0, 0, 0, -2]",33,5
FF8798,"[1, 4, 5, 3, 3, 3, 1, 0, 4, 0, 0, 0, 0, 0, 0, 0, 0, 0, 0, 0, 0, 0, 0, 0]",24,3
FF8891,"[3, 4, 4, 2, 4, 4, 1, 4, 4, 0, 0, 0, 0, 0, 0, 1, 1, 0, 0, 0, 0, 0, 0, -1]",31,4
FF8892,"[2, 5, 5, 3, 4, 3, 3, 0, 4, 0, 0, 0, 0, 0, 0, 0, 0, 0, 0, 0, 0, 0, 0, 0]",29,4
FF8893,"[4, 4, 4, 3, 3, 4, 3, 4, 4, 0, 0, 0, 0, 0, 0, 0, 0, 0, 0, 0, 0, 0, 0, -2]",31,4
FF8894,"[2, 4, 3, 1, 3, 5, 2, 4, 4, 0, 0, 0, 0, 0, 0, 2, 2, 0, 0, 0, 0, 0, -1, 0]",31,4
FF8895,"[4, 2, 2, 2, 4, 4, 2, 4, 4, 0, 0, 0, 0, 0, 5, 3, 3, 0, 0, 0, 0, 0, -2, -1]",36,5
FF8896,"[3, 4, 4, 3, 5, 4, 2, 4, 4, 0, 0, 0, 0, 0, 0, 3, 3, 5, 0, 0, 0, 0, -2, -4]",38,5
FF8897,"[3, 4, 4, 2, 4, 4, 2, 4, 4, 0, 0, 0, 0, 0, 0, 0, 0, 0, 0, 0, 0, 0, 0, -2]",29,4
FF8898,"[1, 3, 5, 3, 3, 3, 4, 0, 4, 0, 0, 0, 0, 0, 0, 0, 0, 0, 0, 0, 0, 0, 0, -2]",24,3
FF8899,"[1, 0, 5, 2, 3, 3, 2, 0, 5, 0, 0, 0, 0, 0, 0, 0, 0, 0, 0, 0, 0, 0, 0, 0]",21,2
FF8991,"[3, 3, 4, 3, 4, 4, 1, 0, 4, 0, 0, 0, 0, 0, 0, 0, 0, 0, 0, 0, 0, 0, -1, -2]",23,3
FF8992,"[3, 5, 3, 1, 3, 4, 1, 0, 4, 0, 0, 0, 0, 0, 0, 0, 0, 0, 0, 0, 0, 0, -1, 0]",23,3
FF8993,"[2, 5, 5, 3, 4, 3, 1, 0, 5, 0, 0, 0, 0, 0, 0, 0, 0, 0, 0, 0, 0, 0, 0, 0]",28,4
FF8994,"[3, 2, 3, 2, 5, 4, 1, 4, 5, 0, 0, 0, 0, 0, 0, 0, 0, 0, 0, 0, 0, 0, 0, -1]",28,4
FF8995,"[3, 2, 3, 1, 4, 4, 1, 5, 4, 0, 0, 0, 0, 0, 3, 0, 0, 0, 0, 0, 0, 0, 0, -1]",29,4
FF8996,"[4, 3, 3, 2, 4, 4, 1, 5, 4, 0, 0, 5, 0, 0, 2, 0, 0, 0, 5, 0, 0, 0, 0, -1]",41,5
FF8997,"[4, 1, 2, 1, 5, 3, 1, 4, 4, 0, 0, 5, 0, 0, 2, 2, 2, 0, 0, 0, 0, 0, -1, 0]",35,5
FF8998,"[5, 1, 2, 2, 5, 3, 2, 0, 0, 0, 0, 0, 0, 0, 0, 2, 2, 0, 0, 0, 0, 0, -2, 0]",22,3
FF8999,"[5, 2, 3, 2, 5, 4, 1, 0, 0, 0, 0, 10, 0, 0, 5, 0, 0, 0, 0, 0, 0, 0, 0, 0]",37,5
FF8188,"[4, 2, 2, 2, 4, 4, 2, 4, 4, 0, 0, 0, 0, 0, 5, 3, 3, 0, 0, 0, 0, 0, -2, -1]",36,5
FF8189,"[4, 3, 3, 3, 4, 4, 3, 0, 4, 0, 0, 0, 0, 0, 0, 2, 2, 0, 0, 0, 0, 0, 0, -2]",30,4
FF8280,"[2, 4, 5, 2, 4, 3, 2, 0, 0, 0, 0, 0, 0, 0, 0, 3, 3, 0, 0, 0, 0, 0, 0, -4]",24,3
FF8281,"[2, 3, 5, 2, 3, 3, 2, 0, 0, 0, 0, 0, 0, 0, 0, 3, 3, 0, 0, 0, 0, 0, 0, -4]",22,3
FF8389,"[3, 4, 4, 3, 4, 4, 2, 0, 0, 0, 0, 0, 0, 0, 0, 0, 0, 0, 0, 0, 0, 0, 0, -4]",20,2
FF8480,"[3, 3, 3, 2, 4, 4, 2, 4, 0, 0, 0, 0, 0, 0, 0, 0, 0, 0, 0, 0, 0, 0, 0, -2]",23,3
FF8481,"[2, 4, 5, 3, 3, 3, 2, 0, 0, 0, 0, 0, 0, 0, 0, 0, 0, 0, 0, 0, 0, 0, 0, -1]",21,2
FF8482,"[2, 4, 5, 3, 4, 3, 2, 0, 0, 0, 0, 0, 0, 0, 0, 0, 0, 0, 0, 0, 0, 0, 0, -1]",22,3
FF8483,"[3, 3, 4, 3, 4, 3, 2, 4, 0, 0, 0, 0, 0, 0, 3, 0, 0, 0, 0, 0, 0, 0, 0, -1]",28,4
FF8484,"[3, 3, 4, 3, 4, 4, 2, 0, 0, 0, 0, 0, 0, 0, 0, 0, 0, 0, 0, 0, 0, 0, 0, -3]",20,2
FF8485,"[4, 3, 4, 3, 4, 4, 3, 4, 0, 0, 0, 0, 0, 0, 2, 0, 0, 0, 0, 0, 0, 0, 0, -2]",29,4
FF8486,"[3, 3, 4, 3, 4, 4, 2, 4, 0, 0, 0, 0, 0, 0, 0, 0, 0, 0, 0, 0, 0, 0, 0, -2]",25,3
FF8487,"[3, 3, 3, 2, 5, 4, 1, 4, 0, 0, 0, 0, 0, 0, 0, 0, 0, 0, 0, 0, 0, 0, 0, -2]",23,3
FF8488,"[3, 4, 5, 3, 4, 4, 2, 0, 0, 0, 0, 0, 0, 0, 0, 0, 0, 0, 0, 0, 0, 0, 0, -2]",23,3
FF8489,"[3, 4, 4, 3, 4, 4, 2, 0, 0, 0, 0, 0, 0, 0, 0, 0, 0, 0, 0, 0, 0, 0, -2, -2]",20,2
FF8580,"[3, 2, 3, 2, 5, 4, 2, 4, 0, 0, 0, 0, 0, 0, 0, 0, 0, 0, 0, 0, 0, 0, -2, -2]",21,2
FF8581,"[3, 4, 5, 2, 4, 4, 2, 0, 0, 0, 0, 0, 0, 0, 0, 0, 0, 0, 0, 0, 0, -5, -1, 0]",18,2
FF8582,"[3, 4, 4, 2, 4, 4, 2, 0, 0, 0, 0, 0, 0, 0, 0, 0, 0, 0, 0, 0, 0, -5, 0, -5]",13,1
FF8583,"[2, 4, 5, 2, 3, 3, 3, 0, 0, 0, 0, 0, 0, 0, 0, 3, 0, 0, 0, 0, 0, 0, 0, -4]",21,2
FF8584,"[2, 4, 5, 2, 3, 3, 2, 0, 0, 0, 0, 0, 0, 0, 0, 2, 0, 0, 0, 0, 0, 0, 0, -5]",18,2
FF8585,"[1, 5, 5, 2, 3, 3, 4, 0, 0, 0, 0, 0, 0, 0, 0, 0, 0, 0, 0, 0, 0, 0, 0, 0]",23,3
FF8586,"[2, 4, 5, 2, 3, 3, 3, 0, 0, 0, 0, 0, 0, 0, 0, 2, 0, 0, 0, 0, 0, 0, 0, 0]",24,3
FF8587,"[3, 3, 3, 2, 4, 4, 2, 4, 0, 0, 0, 0, 0, 0, 0, 2, 2, 0, 0, 0, 0, 0, 0, -1]",28,4
FF8588,"[3, 3, 3, 2, 4, 4, 2, 0, 0, 0, 0, 0, 0, 0, 0, 3, 3, 0, 0, 0, 0, 0, 0, -1]",26,3
FF8589,"[3, 3, 4, 2, 4, 4, 2, 4, 0, 0, 0, 0, 0, 0, 0, 3, 3, 0, 0, 0, 0, 0, 0, -1]",31,4
FF8680,"[4, 3, 3, 2, 5, 4, 2, 4, 0, 0, 0, 0, 0, 0, 0, 3, 3, 0, 0, 0, 0, 0, 0, -2]",31,4
FF8681,"[4, 2, 2, 2, 5, 3, 2, 4, 0, 0, 0, 0, 0, 0, 3, 5, 4, 0, 0, 0, 0, 0, 0, 0]",36,5
FF8688,"[3, 3, 3, 2, 3, 5, 2, 0, 4, 0, 0, 0, 0, 0, 0, 4, 4, 0, 0, 0, 0, 0, 0, -3]",30,4
FF8689,"[2, 3, 3, 1, 2, 5, 3, 4, 4, 0, 0, 0, 0, 0, 5, 2, 2, 0, 0, 0, 0, 0, 0, -5]",31,4
FF8780,"[3, 3, 4, 2, 4, 4, 2, 4, 4, 0, 0, 0, 0, 0, 3, 0, 0, 0, 0, 0, 0, 0, 0, -3]",30,4
FF8781,"[3, 3, 4, 3, 3, 4, 1, 4, 5, 0, 0, 0, 0, 0, 0, 0, 0, 0, 0, 0, 0, 0, 0, -3]",27,4
FF8782,"[3, 3, 3, 2, 3, 5, 1, 4, 5, 0, 0, 0, 0, 0, 0, 0, 0, 0, 0, 0, 0, 0, 0, -2]",27,4
FF8783,"[4, 2, 3, 2, 4, 4, 1, 4, 4, 0, 0, 0, 0, 0, 5, 3, 3, 0, 0, 0, 0, 0, 0, -1]",38,5
FF8784,"[2, 2, 3, 2, 3, 5, 1, 4, 4, 0, 0, 0, 0, 0, 0, 0, 0, 0, 0, 0, 0, 0, 0, -1]",25,3
FF8785,"[3, 4, 3, 1, 3, 4, 2, 0, 4, 0, 0, 0, 0, 0, 0, 0, 0, 0, 0, 0, 0, 0, 0, 0]",24,3
FF8786,"[1, 1, 2, 1, 3, 5, 1, 0, 4, 0, 0, 0, 0, 0, 0, 2, 2, 0, 0, 0, 0, 0, 0, -1]",21,2
FF8787,"[3, 3, 4, 2, 4, 4, 2, 4, 4, 0, 0, 0, 0, 0, 0, 2, 2, 0, 0, 0, 0, 0, 0, -2]",32,4
FF8788,"[2, 4, 5, 2, 4, 3, 2, 0, 4, 0, 0, 0, 0, 0, 0, 0, 0, 0, 0, 0, 0, 0, 0, -5]",21,2
FF8789,"[4, 4, 4, 3, 4, 3, 3, 4, 4, 0, 0, 0, 0, 0, 0, 4, 4, 0, 0, 0, 0, 0, 0, -1]",40,5
FF8880,"[1, 3, 3, 1, 2, 5, 1, 0, 4, 0, 0, 0, 0, 0, 0, 2, 2, 0, 0, 0, 0, 0, 0, -5]",19,2
FF8881,"[2, 4, 3, 2, 3, 5, 1, 4, 4, 0, 0, 0, 0, 0, 0, 4, 4, 0, 0, 0, 0, 0, -1, -5]",30,4
FF8882,"[4, 3, 3, 2, 3, 4, 2, 0, 4, 0, 0, 0, 0, 0, 3, 4, 4, 0, 0, 0, 0, 0, -2, -1]",33,5
FF8883,"[3, 2, 2, 1, 3, 4, 2, 4, 4, 0, 0, 0, 0, 0, 5, 3, 3, 0, 0, 0, 0, 0, -2, -1]",33,5
FF8884,"[4, 3, 3, 3, 4, 4, 2, 4, 4, 0, 0, 0, 0, 0, 2, 2, 2, 0, 0, 0, 0, 0, -2, -1]",34,5
FF8885,"[3, 3, 3, 3, 5, 4, 1, 4, 0, 0, 0, 0, 0, 0, 2, 0, 0, 0, 0, 0, 0, 0, 0, -1]",27,4
FF8886,"[3, 2, 2, 1, 5, 4, 3, 4, 0, 0, 0, 0, 0, 0, 3, 0, 0, 0, 0, 0, 0, 0, 0, -1]",26,3
FF8887,"[3, 3, 3, 2, 4, 4, 2, 4, 4, 0, 0, 0, 0, 0, 5, 0, 0, 0, 0, 0, 0, 0, 0, -2]",32,4
FF8888,"[2, 3, 5, 3, 3, 3, 4, 4, 4, 0, 0, 0, 0, 0, 0, 0, 0, 0, 0, 0, 0, 0, 0, -1]",30,4
FF8889,"[1, 0, 5, 2, 3, 3, 3, 0, 4, 0, 0, 0, 0, 0, 0, 0, 0, 0, 0, 0, 0, 0, 0, 0]",21,2
FF8981,"[1, 5, 5, 4, 3, 3, 2, 0, 4, 0, 0, 0, 0, 0, 0, 0, 0, 0, 0, 0, 0, 0, 0, 0]",27,4
FF8982,"[4, 4, 4, 3, 3, 3, 2, 4, 4, 0, 0, 0, 0, 0, 0, 0, 0, 0, 0, 0, 0, 0, -2, -4]",25,3
FF8983,"[4, 4, 3, 2, 4, 4, 2, 0, 5, 0, 0, 0, 0, 0, 0, 0, 0, 0, 0, 0, 0, 0, -2, -1]",25,3
FF8984,"[4, 3, 3, 1, 4, 4, 2, 4, 4, 0, 0, 0, 0, 0, 3, 0, 0, 0, 0, 0, 0, 0, 0, -2]",30,4
FF8985,"[2, 4, 3, 1, 3, 5, 1, 0, 4, 0, 0, 0, 0, 0, 0, 0, 0, 0, 0, 0, 0, 0, 0, 0]",23,3
FF8986,"[2, 4, 3, 1, 3, 5, 1, 0, 4, 0, 0, 0, 0, 0, 0, 0, 0, 0, 0, 0, 0, 0, -1, -1]",21,2
FF8987,"[4, 2, 2, 2, 5, 4, 3, 4, 4, 0, 0, 0, 0, 0, 5, 4, 3, 0, 0, 0, 0, 0, -2, -1]",39,5
FF8988,"[2, 2, 3, 2, 5, 5, 2, 4, 0, 0, 0, 0, 0, 0, 0, 0, 0, 0, 0, 0, 0, 0, 0, -2]",23,3
FF8989,"[4, 3, 3, 2, 5, 4, 2, 4, 0, 0, 0, 10, 0, 0, 5, 0, 0, 0, 0, 0, 0, 0, 0, -1]",41,5
FF7128,"[3, 3, 3, 2, 5, 4, 2, 0, 0, 0, 0, 0, 0, 0, 0, 0, 0, 0, 0, 0, 0, 0, 0, -2]",20,2
FF7118,"[3, 4, 4, 2, 5, 4, 2, 0, 0, 0, 0, 0, 0, 0, 0, 0, 0, 0, 0, 0, 0, 0, 0, -2]",22,3
FF7129,"[3, 4, 4, 2, 5, 4, 3, 0, 0, 0, 0, 0, 0, 0, 0, 0, 0, 0, 0, 0, 0, 0, 0, -2]",23,3
FF7119,"[4, 3, 3, 2, 4, 4, 3, 0, 0, 0, 0, 0, 0, 0, 3, 0, 0, 0, 0, 0, 0, 0, 0, -1]",25,3
FF7220,"[3, 3, 4, 2, 5, 4, 2, 0, 0, 0, 0, 0, 0, 0, 0, 0, 0, 0, 0, 0, 0, 0, 0, -3]",20,2
FF7210,"[3, 3, 3, 2, 5, 5, 2, 0, 0, 0, 0, 0, 0, 0, 0, 0, 0, 0, 0, 0, 0, 0, 0, -2]",21,2
FF7221,"[3, 3, 4, 2, 4, 4, 2, 4, 0, 0, 0, 0, 0, 0, 0, 0, 0, 0, 0, 0, 0, 0, 0, -2]",24,3
FF7211,"[2, 4, 5, 2, 4, 3, 3, 0, 0, 0, 0, 0, 0, 0, 0, 0, 0, 0, 0, 0, 0, 0, 0, 0]",23,3
FF7222,"[1, 4, 5, 2, 3, 3, 3, 0, 0, 0, 0, 0, 0, 0, 0, 0, 0, 0, 0, 0, 0, 0, 0, 0]",21,2
FF7212,"[1, 3, 5, 2, 3, 3, 2, 0, 0, 0, 0, 0, 0, 0, 0, 0, 0, 0, 0, 0, 0, 0, 0, -4]",15,1
FF7223,"[3, 3, 3, 2, 5, 4, 3, 0, 0, 0, 0, 0, 0, 0, 0, 0, 0, 0, 0, 0, 0, 0, 0, -3]",20,2
FF7213,"[3, 3, 4, 2, 4, 4, 3, 4, 0, 0, 0, 0, 0, 0, 0, 0, 0, 0, 0, 0, 0, 0, 0, -2]",25,3
FF7224,"[3, 3, 3, 2, 5, 4, 2, 0, 0, 0, 0, 0, 0, 0, 0, 0, 0, 0, 0, 0, 0, 0, 0, -3]",19,2
FF7214,"[3, 2, 3, 2, 5, 4, 2, 0, 0, 0, 0, 0, 0, 0, 3, 0, 0, 0, 0, 0, 0, -5, 0, -2]",17,2
FF7225,"[3, 3, 4, 3, 4, 3, 3, 4, 0, 0, 0, 0, 0, 0, 0, 0, 0, 0, 0, 0, 0, 0, 0, -2]",25,3
FF7215,"[3, 3, 3, 2, 5, 4, 3, 4, 0, 0, 0, 0, 0, 0, 5, 0, 0, 0, 0, 0, 0, 0, 0, -2]",30,4
FF7226,"[3, 3, 4, 3, 4, 4, 2, 4, 0, 0, 0, 0, 0, 0, 0, 0, 0, 0, 0, 0, 0, 0, 0, -3]",24,3
FF7216,"[3, 3, 3, 3, 5, 5, 2, 0, 0, 0, 0, 0, 0, 0, 0, 0, 0, 0, 0, 0, 0, 0, 0, -3]",21,2
FF7227,"[3, 3, 3, 2, 5, 4, 1, 0, 5, 0, 0, 0, 0, 0, 2, 3, 3, 0, 0, 0, -5, 0, 0, -3]",26,3
FF7217,"[3, 3, 4, 3, 4, 4, 3, 4, 0, 0, 0, 0, 0, 0, 0, 0, 0, 0, 0, 0, 0, 0, 0, -4]",24,3
FF7228,"[2, 3, 5, 2, 3, 3, 2, 0, 5, 0, 0, 0, 0, 0, 5, 3, 3, 0, 0, 0, 0, 0, 0, -3]",33,5
FF7218,"[3, 3, 4, 2, 4, 4, 2, 0, 0, 0, 0, 0, 0, 0, 0, 0, 0, 0, 0, 0, 0, 0, 0, -2]",20,2
FF7229,"[1, 5, 5, 3, 3, 3, 2, 0, 5, 0, 0, 0, 0, 0, 0, 4, 4, 0, 0, 0, 0, 0, 0, 0]",35,5
FF7219,"[2, 3, 5, 2, 3, 3, 3, 4, 0, 0, 0, 0, 0, 0, 0, 2, 2, 0, 0, 0, 0, 0, 0, -3]",26,3
FF7320,"[1, 5, 5, 2, 3, 3, 2, 0, 0, 0, 0, 0, 0, 0, 0, 3, 3, 0, 0, 0, 0, 0, 0, 0]",27,4
FF7310,"[2, 3, 5, 2, 3, 3, 3, 4, 0, 0, 0, 0, 0, 0, 0, 1, 1, 0, 0, 0, 0, 0, 0, -3]",24,3
FF7321,"[3, 3, 5, 2, 4, 4, 2, 0, 0, 0, 0, 0, 0, 0, 3, 3, 3, 0, 0, 0, 0, 0, 0, -3]",29,4
FF7311,"[3, 3, 5, 2, 4, 3, 3, 4, 0, 0, 0, 0, 0, 0, 0, 0, 0, 0, 0, 0, 0, 0, 0, -1]",26,3
FF7322,"[3, 2, 5, 2, 4, 3, 3, 0, 0, 0, 0, 0, 0, 0, 5, 2, 2, 0, 0, 0, 0, 0, 0, -2]",29,4
FF7312,"[4, 3, 4, 2, 4, 4, 3, 0, 0, 0, 0, 0, 0, 0, 0, 0, 0, 0, 0, 0, 0, 0, 0, -3]",21,2
FF7323,"[3, 3, 4, 2, 4, 4, 3, 0, 0, 0, 0, 0, 0, 0, 0, 0, 0, 0, 0, 0, 0, 0, 0, -2]",21,2
FF7313,"[4, 3, 3, 2, 5, 4, 2, 4, 0, 0, 0, 0, 0, 0, 0, 0, 0, 0, 0, 0, 0, 0, 0, -1]",26,3
FF7324,"[3, 4, 5, 2, 4, 3, 2, 4, 1, 0, 0, 0, 0, 0, 0, 0, 0, 0, 0, 0, 0, 0, 0, -3]",25,3
FF7314,"[4, 2, 3, 2, 5, 4, 2, 4, 0, 0, 0, 0, 0, 0, 0, 0, 0, 0, 0, 0, 0, 0, 0, -1]",25,3
FF7325,"[3, 2, 5, 2, 3, 3, 3, 4, 0, 0, 0, 0, 0, 0, 0, 0, 0, 0, 0, 0, 0, 0, 0, -1]",24,3
FF7315,"[4, 2, 3, 2, 5, 4, 2, 0, 0, 0, 0, 0, 0, 0, 0, 0, 0, 0, 0, 0, 0, 0, 0, -1]",21,2
FF7326,"[4, 3, 4, 2, 5, 4, 2, 4, 0, 0, 0, 0, 0, 0, 0, 0, 0, 0, 0, 0, 0, 0, 0, -1]",27,4
FF7316,"[3, 2, 2, 1, 5, 4, 2, 0, 0, 0, 0, 0, 0, 0, 0, 0, 0, 0, 0, 0, 0, 0, 0, -1]",18,2
FF7327,"[4, 3, 2, 2, 5, 4, 3, 4, 0, 0, 0, 0, 0, 0, 0, 0, 0, 0, 0, 0, 0, 0, -2, -1]",24,3
FF7317,"[3, 1, 2, 1, 5, 4, 2, 0, 0, 0, 0, 0, 0, 0, 0, 0, 0, 0, 0, 0, 0, 0, 0, -1]",17,2
FF7328,"[4, 1, 1, 1, 5, 3, 2, 4, 0, 0, 0, 0, 0, 0, 0, 0, 0, 0, 0, 0, 0, 0, -1, 0]",20,2
FF7329,"[3, 1, 1, 1, 4, 3, 2, 0, 0, 0, 0, 0, 0, 0, 3, 0, 0, 0, 0, 0, 0, 0, -2, -1]",15,1
FF7420,"[2, 1, 2, 1, 1, 4, 1, 0, 0, 0, 0, 0, 0, 0, 0, 0, 0, 0, 0, 0, 0, 0, 0, -1]",11,1
FF7429,"[4, 2, 2, 1, 4, 4, 3, 4, 0, 0, 0, 0, 0, 0, 3, 0, 0, 0, 0, 0, 0, 0, -2, -1]",24,3
FF7419,"[3, 3, 4, 2, 4, 3, 2, 0, 0, 0, 0, 0, 0, 0, 0, 0, 0, 0, 0, 0, 0, 0, 0, -2]",19,2
FF7520,"[3, 2, 2, 1, 5, 4, 2, 0, 0, 0, 0, 0, 0, 0, 2, 0, 0, 0, 0, 0, 0, 0, -2, -1]",18,2
FF7510,"[4, 3, 3, 3, 5, 4, 2, 0, 0, 0, 0, 0, 0, 0, 0, 0, 0, 0, 0, 0, 0, 0, 0, -2]",22,3
FF7521,"[3, 2, 3, 2, 5, 4, 3, 4, 0, 0, 0, 0, 0, 0, 0, 0, 0, 0, 0, 0, 0, 0, -2, -2]",22,3
FF7511,"[3, 3, 3, 2, 4, 4, 3, 4, 0, 0, 0, 0, 0, 0, 3, 2, 0, 0, 0, 0, 0, 0, 0, -2]",29,4
FF7522,"[4, 3, 3, 3, 4, 4, 2, 0, 0, 0, 0, 0, 0, 0, 0, 1, 0, 0, 0, 0, 0, 0, -1, -2]",21,2
FF7512,"[4, 3, 3, 3, 4, 4, 2, 4, 0, 0, 0, 0, 0, 0, 0, 3, 0, 0, 0, 0, 0, 0, 0, -1]",29,4
FF7523,"[3, 3, 4, 2, 4, 4, 1, 0, 0, 0, 0, 0, 0, 0, 0, 3, 0, 0, 0, 0, 0, 0, 0, -2]",22,3
FF7513,"[3, 3, 4, 3, 4, 4, 1, 4, 0, 0, 0, 0, 0, 0, 5, 0, 0, 0, 0, 0, 0, 0, 0, -2]",29,4
FF7524,"[3, 3, 4, 2, 4, 3, 2, 4, 0, 0, 0, 0, 0, 0, 3, 2, 0, 0, 0, 0, 0, 0, 0, -1]",29,4
FF7514,"[3, 3, 4, 2, 4, 4, 2, 4, 0, 0, 0, 0, 0, 0, 0, 0, 0, 0, 0, 0, 0, 0, 0, -2]",24,3
FF7525,"[4, 3, 4, 2, 4, 4, 2, 4, 0, 0, 0, 0, 0, 0, 3, 0, 0, 0, 0, 0, 0, 0, 0, -1]",29,4
FF7515,"[3, 2, 3, 2, 5, 4, 3, 0, 0, 0, 0, 0, 0, 0, 5, 0, 0, 0, 0, 0, 0, 0, 0, -1]",26,3
FF7526,"[3, 3, 4, 2, 4, 4, 2, 4, 0, 0, 0, 0, 0, 0, 3, 0, 0, 0, 0, 0, 0, 0, 0, -2]",27,4
FF7516,"[3, 2, 2, 2, 5, 4, 3, 4, 0, 0, 0, 0, 0, 0, 2, 0, 0, 0, 0, 0, 0, 0, 0, -1]",26,3
FF7527,"[4, 2, 3, 2, 4, 4, 3, 4, 0, 0, 0, 0, 0, 0, 3, 0, 0, 0, 0, 0, 0, 0, 0, -1]",28,4
FF7517,"[3, 2, 3, 2, 5, 4, 2, 4, 0, 0, 0, 0, 0, 0, 5, 0, 0, 0, 0, 0, 0, 0, 0, -2]",28,4
FF7528,"[4, 3, 3, 2, 5, 4, 2, 0, 0, 0, 0, 0, 0, 0, 3, 0, 0, 0, 0, 0, 0, 0, 0, -2]",24,3
FF7518,"[4, 3, 4, 2, 5, 4, 2, 0, 0, 0, 0, 0, 0, 0, 2, 0, 0, 0, 0, 0, 0, 0, -2, -2]",22,3
FF7529,"[3, 2, 3, 2, 5, 4, 2, 4, 0, 0, 0, 0, 0, 0, 3, 0, 0, 0, 0, 0, 0, 0, -2, -2]",24,3
FF7519,"[4, 3, 3, 2, 4, 4, 3, 4, 0, 0, 0, 0, 0, 0, 5, 0, 0, 0, 0, 0, 0, 0, -1, -2]",29,4
FF7620,"[3, 3, 4, 3, 4, 4, 3, 4, 4, 0, 0, 0, 0, 0, 3, 0, 0, 0, 0, 0, 0, 0, 0, -2]",33,5
FF7610,"[3, 3, 4, 3, 4, 4, 2, 0, 4, 0, 0, 0, 0, 0, 0, 1, 0, 0, 0, 0, 0, 0, 0, -3]",25,3
FF7621,"[1, 5, 5, 3, 3, 3, 4, 0, 4, 0, 0, 0, 0, 0, 0, 0, 0, 0, 0, 0, 0, 0, 0, 0]",28,4
FF7611,"[3, 4, 4, 2, 4, 4, 4, 0, 4, 0, 0, 0, 0, 0, 0, 2, 0, 0, 0, 0, 0, 0, 0, -2]",29,4
FF7622,"[1, 5, 5, 2, 3, 3, 3, 0, 4, 0, 0, 0, 0, 0, 0, 0, 0, 0, 0, 0, 0, 0, 0, 0]",26,3
FF7612,"[1, 4, 5, 2, 3, 3, 3, 0, 4, 0, 0, 0, 0, 0, 0, 2, 0, 0, 0, 0, 0, 0, 0, -5]",22,3
FF7623,"[2, 4, 5, 2, 3, 3, 3, 0, 4, 0, 0, 0, 0, 0, 0, 0, 0, 0, 0, 0, -5, 0, 0, 0]",21,2
FF7613,"[3, 4, 4, 2, 4, 4, 3, 0, 4, 0, 0, 0, 0, 0, 0, 1, 0, 0, 0, 0, 0, 0, 0, -5]",24,3
FF7624,"[3, 3, 4, 2, 4, 4, 2, 4, 4, 0, 0, 0, 0, 0, 0, 0, 0, 0, 0, 0, -5, 0, 0, -2]",23,3
FF7614,"[4, 4, 4, 2, 4, 4, 3, 0, 4, 0, 0, 0, 0, 0, 0, 0, 0, 0, 0, 0, 0, 0, 0, -2]",27,4
FF7625,"[3, 3, 3, 2, 5, 5, 2, 0, 0, 0, 0, 0, 0, 0, 5, 0, 0, 0, 0, 0, 0, 0, 0, -1]",27,4
FF7615,"[3, 4, 4, 2, 4, 4, 3, 0, 0, 0, 0, 0, 0, 0, 0, 0, 0, 0, 0, 0, 0, 0, 0, -1]",23,3
FF7626,"[3, 4, 4, 3, 4, 4, 2, 4, 0, 0, 0, 0, 0, 0, 0, 0, 0, 0, 0, 0, 0, 0, 0, -4]",24,3
FF7616,"[4, 3, 3, 2, 5, 4, 3, 4, 0, 0, 0, 0, 0, 0, 3, 0, 0, 0, 0, 0, 0, 0, 0, -2]",29,4
FF7627,"[3, 3, 4, 2, 3, 3, 3, 4, 5, 0, 0, 0, 0, 0, 0, 0, 0, 0, 0, 0, 0, 0, 0, -2]",28,4
FF7617,"[3, 4, 4, 3, 4, 4, 3, 0, 5, 0, 0, 0, 0, 0, 0, 0, 0, 0, 0, 0, 0, 0, 0, -2]",28,4
FF7628,"[1, 3, 5, 2, 3, 3, 2, 0, 5, 0, 0, 0, 0, 0, 0, 0, 0, 0, 0, 0, 0, 0, 0, -5]",19,2
FF7618,"[1, 4, 5, 2, 3, 3, 2, 0, 5, 0, 0, 0, 0, 0, 0, 0, 0, 0, 0, 0, 0, 0, 0, 0]",25,3
FF7629,"[3, 3, 4, 2, 4, 4, 2, 0, 4, 0, 0, 0, 0, 0, 0, 0, 0, 0, 0, 0, -5, 0, 0, -2]",19,2
FF7108,"[3, 4, 4, 2, 5, 4, 2, 0, 0, 0, 0, 0, 0, 0, 0, 0, 0, 0, 0, 0, 0, 0, 0, -3]",21,2
FF7109,"[3, 3, 3, 2, 5, 5, 2, 4, 0, 0, 0, 0, 0, 0, 0, 0, 0, 0, 0, 0, 0, 0, 0, -2]",25,3
FF7200,"[3, 4, 3, 2, 5, 4, 2, 0, 0, 0, 0, 0, 0, 0, 0, 0, 0, 0, 0, 0, 0, 0, 0, -2]",21,2
FF7201,"[3, 4, 4, 2, 4, 4, 2, 0, 0, 0, 0, 0, 0, 0, 0, 0, 0, 0, 0, 0, 0, 0, 0, -2]",21,2
FF7202,"[3, 4, 4, 2, 4, 4, 2, 0, 0, 0, 0, 0, 0, 0, 0, 0, 0, 0, 0, 0, 0, 0, 0, -4]",19,2
FF7203,"[4, 3, 3, 2, 4, 4, 3, 0, 0, 0, 0, 0, 0, 0, 0, 0, 0, 0, 0, 0, 0, 0, 0, -2]",21,2
FF7204,"[3, 3, 4, 2, 4, 4, 3, 0, 0, 0, 0, 0, 0, 0, 0, 0, 0, 0, 0, 0, 0, 0, 0, -2]",21,2
FF7205,"[3, 3, 3, 2, 5, 4, 2, 0, 0, 0, 0, 0, 0, 0, 2, 0, 0, 0, 0, 0, 0, 0, 0, -1]",23,3
FF7206,"[3, 2, 3, 2, 5, 5, 2, 0, 0, 0, 0, 0, 0, 0, 0, 0, 0, 0, 0, 0, 0, 0, 0, -2]",20,2
FF7207,"[3, 3, 3, 3, 5, 5, 2, 0, 0, 0, 0, 0, 0, 0, 0, 0, 0, 0, 0, 0, 0, 0, 0, -4]",20,2
FF7208,"[3, 2, 4, 2, 4, 4, 2, 0, 0, 0, 0, 0, 0, 0, 0, 0, 0, 0, 0, 0, 0, 0, 0, -4]",17,2
FF7209,"[3, 3, 4, 2, 4, 4, 2, 4, 0, 0, 0, 0, 0, 0, 0, 0, 0, 0, 0, 0, 0, 0, 0, -2]",24,3
FF7300,"[4, 3, 3, 2, 5, 4, 3, 0, 0, 0, 0, 0, 0, 0, 0, 3, 3, 0, 0, 0, 0, 0, 0, -2]",28,4
FF7301,"[3, 2, 3, 2, 5, 4, 1, 0, 0, 0, 0, 0, 0, 0, 0, 1, 1, 0, 0, 0, 0, 0, 0, -1]",21,2
FF7302,"[3, 3, 4, 2, 4, 4, 3, 4, 0, 0, 0, 0, 0, 0, 0, 0, 0, 0, 0, 0, 0, 0, 0, -2]",25,3
FF7303,"[3, 4, 4, 3, 4, 4, 2, 0, 0, 0, 0, 0, 0, 0, 0, 0, 0, 0, 0, 0, 0, 0, 0, -4]",20,2
FF7304,"[3, 2, 3, 2, 5, 5, 2, 0, 0, 0, 0, 0, 0, 0, 0, 0, 0, 0, 0, 0, 0, 0, 0, -2]",20,2
FF7305,"[2, 2, 3, 1, 5, 5, 1, 4, 0, 0, 0, 0, 0, 0, 0, 0, 0, 0, 0, 0, 0, 0, 0, -1]",22,3
FF7500,"[3, 3, 4, 2, 4, 3, 2, 4, 0, 0, 0, 0, 0, 0, 0, 3, 0, 0, 0, 0, 0, 0, 0, -1]",27,4
FF7501,"[3, 3, 4, 2, 4, 4, 2, 4, 0, 0, 0, 0, 0, 0, 0, 2, 0, 0, 0, 0, 0, 0, 0, -2]",26,3
FF7502,"[3, 2, 3, 2, 4, 4, 3, 4, 0, 0, 0, 0, 0, 0, 0, 0, 0, 0, 0, 0, 0, 0, 0, -1]",24,3
FF7503,"[4, 2, 2, 1, 4, 4, 4, 4, 0, 0, 0, 0, 0, 0, 5, 0, 0, 0, 0, 0, 0, 0, 0, -1]",29,4
FF7504,"[4, 2, 3, 2, 5, 4, 3, 0, 0, 0, 0, 0, 0, 0, 2, 0, 0, 0, 0, 0, 0, 0, 0, -1]",24,3
FF7505,"[4, 3, 3, 3, 4, 4, 3, 0, 0, 0, 0, 0, 0, 0, 5, 0, 0, 0, 0, 0, 0, 0, 0, -2]",27,4
FF7506,"[3, 3, 3, 2, 5, 5, 1, 4, 0, 0, 0, 0, 0, 0, 0, 0, 0, 0, 0, 0, 0, 0, 0, -2]",24,3
FF7507,"[4, 3, 3, 2, 5, 4, 3, 4, 1, 0, 0, 0, 0, 0, 5, 0, 0, 0, 0, 0, 0, 0, 0, -2]",32,4
FF7508,"[4, 3, 3, 2, 5, 4, 2, 4, 0, 0, 0, 0, 0, 0, 5, 0, 0, 0, 0, 0, 0, 0, -1, -2]",29,4
FF7509,"[3, 3, 4, 2, 4, 4, 3, 0, 0, 0, 0, 0, 0, 0, 3, 0, 0, 0, 0, 0, 0, 0, -1, -2]",23,3
FF7600,"[4, 3, 3, 2, 4, 4, 3, 0, 0, 0, 0, 0, 0, 0, 0, 3, 0, 0, 0, 0, 0, 0, 0, -3]",23,3
FF7601,"[4, 3, 3, 3, 5, 5, 2, 0, 0, 0, 0, 0, 0, 0, 0, 1, 0, 0, 0, 0, 0, 0, 0, -2]",24,3
FF7602,"[3, 3, 4, 3, 4, 4, 4, 0, 4, 0, 0, 0, 0, 0, 0, 2, 0, 0, 0, 0, 0, 0, 0, -2]",29,4
FF7603,"[3, 3, 3, 2, 5, 4, 3, 4, 4, 0, 0, 0, 0, 0, 0, 3, 0, 0, 0, 0, 0, 0, 0, -2]",32,4
FF7604,"[2, 3, 3, 2, 5, 5, 2, 0, 0, 0, 0, 0, 0, 0, 0, 0, 0, 0, 0, 0, 0, 0, 0, -2]",20,2
FF7605,"[4, 2, 3, 2, 5, 5, 2, 0, 0, 0, 0, 0, 0, 0, 0, 0, 0, 0, 0, 0, 0, 0, 0, -1]",22,3
FF7606,"[4, 3, 3, 2, 5, 4, 1, 4, 4, 0, 0, 0, 0, 0, 5, 0, 0, 0, 0, 0, 0, 0, 0, -2]",33,5
FF7607,"[3, 4, 4, 2, 4, 4, 2, 4, 4, 0, 0, 0, 0, 0, 0, 0, 0, 0, 0, 0, 0, 0, 0, -4]",27,4
FF7608,"[3, 4, 4, 3, 4, 4, 3, 0, 4, 0, 0, 0, 0, 0, 0, 0, 0, 0, 0, 0, 0, 0, 0, 0]",29,4
FF7294,"[3, 2, 3, 2, 5, 4, 2, 0, 0, 0, 0, 0, 0, 0, 0, 3, 3, 0, 0, 0, 0, 0, 0, -1]",26,3
FF8205,"[3, 3, 3, 2, 5, 5, 3, 0, 0, 0, 0, 0, 0, 0, 0, 2, 2, 0, 0, 0, 0, 0, 0, -2]",26,3
FF7295,"[2, 2, 3, 2, 5, 5, 3, 0, 0, 0, 0, 0, 0, 0, 0, 0, 0, 0, 0, 0, 0, 0, 0, -1]",21,2
FF8206,"[3, 2, 3, 2, 4, 5, 3, 0, 0, 0, 0, 0, 0, 0, 0, 0, 0, 0, 0, 0, -5, 0, 0, -2]",15,1
FF7296,"[3, 2, 2, 2, 5, 4, 3, 0, 0, 0, 0, 0, 0, 0, 0, 0, 0, 0, 0, 0, 0, 0, 0, -2]",19,2
FF8207,"[4, 2, 3, 2, 5, 4, 2, 4, 0, 0, 0, 0, 0, 0, 0, 0, 0, 0, 0, 0, 0, 0, 0, -1]",25,3
FF7297,"[3, 3, 4, 3, 4, 4, 2, 0, 0, 0, 0, 0, 0, 0, 0, 4, 2, 0, 0, 0, 0, 0, 0, -1]",28,4
FF8208,"[3, 3, 4, 3, 5, 4, 1, 0, 0, 0, 0, 0, 0, 0, 0, 2, 2, 0, 0, 0, 0, 0, 0, -2]",25,3
FF7298,"[3, 3, 4, 3, 4, 4, 2, 0, 0, 0, 0, 0, 0, 0, 0, 4, 3, 0, 0, 0, 0, 0, 0, -2]",28,4
FF8209,"[3, 3, 5, 3, 3, 3, 3, 4, 0, 0, 0, 0, 0, 0, 0, 2, 2, 0, 0, 0, 0, 0, 0, -2]",29,4
FF7299,"[3, 3, 5, 2, 4, 4, 2, 0, 1, 0, 0, 0, 0, 0, 0, 5, 4, 0, 0, 0, 0, 0, 0, -2]",31,4
FF8300,"[2, 4, 5, 3, 3, 3, 1, 0, 0, 0, 0, 0, 0, 0, 0, 3, 3, 0, 0, 0, 0, 0, 0, -1]",26,3
FF7390,"[3, 3, 4, 3, 4, 4, 1, 0, 0, 0, 0, 0, 0, 0, 0, 4, 3, 0, 0, 0, 0, 0, 0, -4]",25,3
FF8301,"[3, 3, 4, 3, 4, 4, 2, 4, 0, 0, 0, 0, 0, 0, 0, 0, 0, 0, 0, 0, 0, 0, 0, -2]",25,3
FF7391,"[3, 4, 4, 3, 5, 4, 2, 0, 0, 0, 0, 0, 0, 0, 0, 4, 3, 0, 0, 0, -5, 0, 0, -4]",23,3
FF8302,"[3, 3, 3, 3, 5, 4, 3, 0, 0, 0, 0, 0, 0, 0, 0, 3, 3, 0, 0, 0, 0, 0, 0, -2]",28,4
FF7392,"[3, 3, 4, 3, 4, 4, 2, 0, 4, 0, 0, 0, 0, 0, 0, 1, 1, 0, 0, 0, 0, 0, 0, -2]",27,4
FF8303,"[4, 3, 2, 2, 5, 4, 3, 4, 4, 0, 0, 0, 0, 0, 3, 4, 4, 0, 0, 0, 0, 0, -2, -1]",39,5
FF7393,"[4, 3, 3, 3, 4, 4, 4, 0, 4, 0, 0, 0, 0, 0, 0, 0, 0, 0, 0, 0, 0, 0, -2, -1]",26,3
FF8304,"[3, 3, 4, 2, 4, 4, 2, 0, 0, 0, 0, 0, 0, 0, 0, 3, 3, 0, 0, 0, 0, 0, 0, -2]",26,3
FF7394,"[4, 3, 4, 2, 4, 4, 3, 0, 0, 0, 0, 0, 0, 0, 0, 0, 0, 0, 0, 0, -5, 0, 0, -3]",16,2
FF8308,"[3, 3, 4, 3, 4, 4, 2, 0, 0, 0, 0, 0, 0, 0, 2, 0, 0, 0, 0, 0, 0, 0, 0, -2]",23,3
FF8309,"[3, 3, 5, 3, 4, 3, 3, 0, 0, 0, 0, 0, 0, 0, 0, 0, 0, 0, 0, 0, 0, 0, 0, -2]",22,3
FF7399,"[3, 3, 4, 3, 4, 4, 3, 0, 0, 0, 3, 0, 0, 0, 0, 2, 0, 0, 0, 0, 0, 0, 0, -4]",25,3
FF8400,"[3, 3, 4, 2, 4, 4, 1, 0, 0, 0, 0, 0, 0, 0, 0, 3, 0, 0, 0, 0, 0, 0, 0, -2]",22,3
FF7490,"[3, 3, 4, 2, 4, 4, 2, 0, 0, 0, 0, 0, 0, 0, 0, 2, 0, 0, 0, 0, 0, 0, 0, -3]",21,2
FF8401,"[4, 3, 4, 3, 4, 4, 2, 4, 0, 0, 0, 0, 0, 0, 0, 0, 0, 0, 0, 0, 0, 0, 0, -1]",27,4
FF7491,"[4, 3, 3, 3, 4, 4, 2, 0, 0, 0, 0, 0, 0, 0, 0, 0, 0, 0, 0, 0, 0, 0, 0, -2]",21,2
FF8402,"[4, 3, 4, 3, 4, 4, 3, 4, 0, 0, 0, 0, 0, 0, 0, 0, 0, 0, 0, 0, -5, 0, 0, -2]",22,3
FF7492,"[4, 3, 3, 3, 4, 4, 3, 4, 0, 0, 0, 0, 0, 0, 0, 0, 0, 0, 0, 0, 0, 0, 0, -2]",26,3
FF8403,"[4, 3, 3, 3, 5, 5, 3, 0, 0, 0, 0, 0, 0, 0, 0, 0, 0, 0, 0, 0, 0, 0, 0, -2]",24,3
FF7493,"[4, 3, 3, 3, 4, 4, 3, 0, 0, 0, 0, 0, 0, 0, 0, 0, 0, 0, 0, 0, 0, 0, 0, -1]",23,3
FF8404,"[4, 3, 3, 2, 4, 4, 3, 4, 0, 0, 0, 0, 0, 0, 3, 0, 0, 0, 0, 0, 0, 0, 0, -1]",29,4
FF7494,"[4, 2, 3, 3, 5, 4, 3, 4, 0, 0, 0, 0, 0, 0, 5, 0, 0, 0, 0, 0, 0, 0, 0, -1]",32,4
FF8405,"[3, 2, 3, 2, 5, 4, 2, 4, 0, 0, 0, 0, 0, 0, 0, 0, 0, 0, 0, 0, 0, 0, 0, -2]",23,3
FF7495,"[3, 2, 2, 2, 5, 4, 3, 4, 0, 0, 0, 0, 0, 0, 0, 0, 0, 0, 0, 0, 0, 0, 0, -1]",24,3
FF8406,"[3, 3, 4, 2, 4, 3, 3, 4, 0, 0, 0, 0, 0, 0, 0, 0, 0, 0, 0, 0, 0, 0, 0, -1]",25,3
FF7496,"[3, 3, 3, 2, 5, 4, 3, 0, 0, 0, 3, 0, 0, 0, 3, 0, 0, 0, 0, 0, 0, 0, 0, -1]",28,4
FF8407,"[3, 3, 5, 2, 4, 4, 2, 0, 0, 0, 0, 0, 0, 0, 0, 3, 3, 0, 0, 0, 0, 0, 0, -4]",25,3
FF7497,"[1, 3, 5, 3, 3, 3, 2, 0, 0, 0, 0, 0, 0, 0, 0, 2, 2, 0, 0, 0, 0, 0, 0, -2]",22,3
FF8501,"[4, 3, 3, 2, 4, 4, 1, 0, 0, 0, 0, 0, 0, 0, 3, 0, 0, 0, 0, 0, 0, 0, 0, -2]",22,3
FF8502,"[4, 3, 3, 2, 5, 4, 2, 4, 0, 0, 0, 0, 0, 0, 2, 0, 0, 0, 0, 0, 0, 0, 0, -1]",28,4
FF8503,"[4, 3, 3, 3, 5, 4, 1, 0, 1, 0, 0, 0, 0, 0, 3, 0, 0, 0, 0, 0, 0, 0, 0, -1]",26,3
FF7593,"[4, 3, 4, 2, 4, 4, 2, 4, 0, 0, 0, 0, 0, 0, 0, 0, 0, 0, 0, 0, 0, 0, 0, -2]",25,3
FF8504,"[3, 4, 4, 2, 4, 4, 2, 0, 0, 0, 0, 0, 0, 0, 0, 2, 0, 0, 0, 0, 0, 0, 0, -2]",23,3
FF7594,"[4, 2, 4, 3, 4, 4, 3, 0, 0, 0, 0, 0, 0, 0, 0, 0, 0, 0, 0, 0, 0, 0, 0, -2]",22,3
FF8505,"[2, 4, 5, 2, 4, 3, 3, 0, 0, 0, 0, 0, 0, 0, 0, 3, 0, 0, 0, 0, 0, 0, 0, 0]",26,3
FF7595,"[2, 2, 5, 2, 3, 3, 2, 4, 0, 0, 0, 0, 0, 0, 0, 0, 0, 0, 0, 0, 0, 0, 0, -2]",21,2
FF8506,"[2, 4, 5, 2, 4, 4, 3, 0, 0, 0, 0, 0, 0, 0, 0, 3, 0, 0, 0, 0, 0, 0, 0, 0]",27,4
FF7596,"[1, 4, 5, 2, 3, 3, 2, 4, 0, 0, 0, 0, 0, 0, 0, 2, 0, 0, 0, 0, 0, 0, 0, 0]",26,3
FF8507,"[2, 4, 5, 2, 4, 4, 3, 0, 0, 0, 0, 0, 0, 0, 0, 3, 0, 0, 0, 0, 0, 0, 0, 0]",27,4
FF7597,"[2, 4, 5, 3, 3, 3, 2, 0, 0, 0, 0, 0, 0, 0, 0, 3, 0, 0, 0, 0, 0, 0, 0, -1]",24,3
FF8508,"[2, 4, 5, 2, 4, 3, 2, 0, 0, 0, 0, 0, 0, 0, 0, 3, 0, 0, 0, 0, 0, 0, 0, 0]",25,3
FF7598,"[3, 4, 4, 2, 4, 4, 2, 0, 0, 0, 0, 0, 0, 0, 0, 2, 0, 0, 0, 0, 0, 0, 0, -1]",24,3
FF8509,"[1, 5, 5, 2, 3, 3, 2, 0, 0, 0, 0, 0, 0, 0, 0, 0, 0, 0, 0, 0, 0, 0, 0, 0]",21,2
FF7599,"[3, 4, 4, 2, 4, 4, 3, 5, 0, 0, 0, 0, 0, 0, 0, 3, 0, 0, 0, 0, 0, 0, 0, -2]",30,4
FF8600,"[1, 4, 5, 2, 3, 3, 2, 4, 0, 0, 0, 0, 0, 0, 0, 0, 0, 0, 0, 0, 0, 0, 0, 0]",24,3
FF7690,"[4, 3, 4, 3, 4, 4, 1, 5, 0, 0, 0, 0, 0, 0, 3, 0, 0, 0, 0, 0, 0, 0, -1, -1]",29,4
FF8601,"[3, 3, 4, 2, 4, 4, 2, 0, 0, 0, 0, 0, 0, 0, 0, 0, 0, 0, 0, 0, 0, 0, 0, 0]",22,3
FF7691,"[3, 3, 3, 2, 5, 4, 2, 0, 0, 0, 0, 0, 0, 0, 3, 0, 0, 0, 0, 0, 0, 0, -4, -1]",20,2
FF8602,"[3, 2, 3, 2, 5, 5, 2, 0, 0, 0, 0, 0, 0, 0, 0, 0, 0, 0, 0, 0, 0, 0, -3, -1]",18,2
FF7692,"[3, 3, 4, 2, 5, 4, 2, 0, 4, 0, 0, 0, 0, 0, 0, 0, 0, 0, 0, 0, 0, 0, -1, -3]",23,3
FF8603,"[3, 4, 4, 2, 4, 4, 2, 0, 4, 0, 0, 0, 0, 0, 5, 0, 0, 0, 0, 0, 0, 0, -3, -4]",25,3
FF7693,"[3, 3, 3, 2, 5, 4, 2, 0, 4, 0, 0, 0, 0, 0, 0, 2, 0, 0, 0, 0, 0, 0, 0, -2]",26,3
FF8604,"[3, 3, 4, 2, 4, 4, 3, 4, 0, 0, 0, 0, 0, 0, 5, 0, 0, 0, 0, 0, 0, 0, -2, -2]",28,4
FF7694,"[3, 3, 4, 2, 5, 4, 2, 4, 0, 0, 0, 0, 0, 0, 0, 3, 0, 0, 0, 0, 0, 0, 0, -3]",27,4
FF8605,"[4, 2, 3, 3, 5, 4, 2, 0, 0, 0, 0, 0, 0, 0, 5, 1, 0, 0, 0, 0, 0, 0, -2, -1]",26,3
FF7695,"[3, 3, 3, 2, 5, 5, 1, 4, 0, 0, 0, 0, 0, 0, 3, 3, 0, 0, 0, 0, 0, 0, 0, -2]",30,4
FF8606,"[4, 2, 3, 3, 4, 4, 2, 0, 0, 0, 0, 0, 0, 0, 5, 3, 0, 0, 0, 0, 0, 0, -1, -1]",28,4
FF7696,"[4, 2, 3, 2, 4, 4, 3, 0, 0, 0, 0, 0, 0, 0, 5, 0, 0, 0, 0, 0, 0, 0, -2, -1]",24,3
FF8607,"[4, 3, 3, 3, 4, 4, 2, 0, 0, 0, 0, 0, 0, 0, 0, 0, 0, 0, 0, 0, 0, 0, 0, -1]",22,3
FF7697,"[3, 3, 3, 3, 5, 4, 1, 4, 0, 0, 0, 0, 0, 0, 5, 0, 0, 0, 0, 0, 0, 0, -1, -1]",29,4
FF8608,"[3, 4, 4, 2, 4, 4, 1, 0, 0, 0, 0, 0, 0, 0, 0, 0, 0, 0, 0, 0, 0, 0, 0, 0]",22,3
FF7698,"[3, 4, 4, 2, 4, 4, 3, 4, 0, 0, 0, 0, 0, 0, 0, 0, 0, 0, 0, 0, 0, 0, 0, -2]",26,3
FF8609,"[3, 4, 4, 2, 4, 4, 1, 4, 0, 0, 0, 0, 0, 0, 0, 3, 0, 0, 0, 0, 0, 0, 0, -3]",26,3
FF7699,"[3, 3, 4, 2, 4, 4, 2, 0, 0, 0, 0, 0, 0, 0, 3, 0, 0, 0, 0, 0, 0, 0, 0, -2]",23,3
FF8700,"[3, 4, 4, 2, 4, 4, 2, 4, 0, 0, 0, 0, 0, 0, 3, 3, 0, 0, 0, 0, 0, 0, 0, -3]",30,4
FF7790,"[3, 3, 4, 2, 4, 4, 3, 0, 0, 0, 0, 0, 0, 0, 0, 0, 0, 0, 0, 0, 0, 0, 0, -2]",21,2
FF8701,"[3, 3, 5, 2, 4, 3, 2, 4, 0, 0, 0, 0, 0, 0, 0, 3, 0, 0, 0, 0, 0, 0, 0, -2]",27,4
FF7791,"[3, 3, 4, 3, 4, 4, 2, 0, 0, 0, 0, 0, 0, 0, 0, 0, 0, 0, 0, 0, 0, 0, 0, -3]",20,2
FF8702,"[3, 3, 5, 2, 4, 4, 2, 4, 0, 0, 0, 0, 0, 0, 0, 2, 0, 0, 0, 0, 0, 0, 0, -4]",25,3
FF7792,"[3, 3, 5, 3, 4, 3, 2, 0, 0, 0, 0, 0, 0, 0, 0, 2, 0, 0, 0, 0, 0, 0, 0, -2]",23,3
FF8703,"[2, 4, 5, 2, 4, 3, 3, 0, 0, 0, 0, 0, 0, 0, 0, 0, 0, 0, 0, 0, 0, 0, 0, -2]",21,2
FF7793,"[1, 5, 5, 3, 3, 3, 3, 0, 0, 0, 0, 0, 0, 0, 0, 3, 0, 0, 0, 0, 0, 0, 0, 0]",26,3
FF8704,"[3, 3, 4, 2, 5, 3, 3, 0, 0, 0, 0, 0, 0, 0, 0, 0, 0, 0, 0, 0, 0, 0, 0, -2]",21,2
FF7794,"[3, 3, 4, 2, 4, 4, 1, 4, 0, 0, 0, 0, 0, 0, 0, 3, 0, 0, 0, 0, 0, 0, 0, -2]",26,3
FF8705,"[3, 2, 3, 2, 5, 4, 3, 0, 0, 0, 0, 0, 0, 0, 0, 3, 0, 0, 0, 0, 0, 0, 0, -2]",23,3
FF7795,"[3, 3, 5, 3, 4, 4, 2, 0, 0, 0, 0, 0, 0, 0, 0, 3, 0, 0, 0, 0, 0, 0, 0, -4]",23,3
FF8706,"[3, 3, 4, 2, 4, 4, 2, 0, 0, 0, 0, 0, 0, 0, 0, 3, 0, 0, 0, 0, 0, 0, 0, -2]",23,3
FF7796,"[3, 4, 4, 3, 4, 4, 2, 0, 0, 0, 0, 0, 0, 0, 0, 3, 0, 0, 0, 0, 0, 0, 0, -2]",25,3
FF8707,"[3, 4, 4, 2, 4, 4, 3, 0, 0, 0, 0, 0, 0, 0, 0, 1, 0, 0, 0, 0, 0, 0, 0, -1]",24,3
FF7797,"[3, 3, 3, 2, 5, 5, 2, 0, 0, 0, 0, 0, 0, 0, 0, 2, 0, 0, 0, 0, 0, 0, 0, -1]",24,3
FF8708,"[3, 3, 3, 2, 5, 5, 2, 0, 0, 0, 0, 0, 0, 0, 0, 0, 0, 0, 0, 0, 0, 0, 0, -1]",22,3
FF7798,"[4, 2, 3, 2, 5, 5, 2, 4, 0, 0, 0, 0, 0, 0, 0, 0, 0, 0, 0, 0, 0, 0, 0, -1]",26,3
FF8709,"[3, 3, 3, 2, 5, 5, 1, 4, 0, 0, 0, 0, 0, 0, 0, 0, 0, 0, 0, 0, 0, 0, 0, -1]",25,3
FF7799,"[4, 3, 3, 2, 5, 4, 2, 0, 0, 0, 0, 0, 0, 0, 0, 0, 0, 0, 0, 0, 0, 0, 0, -1]",22,3
FF8800,"[4, 2, 3, 2, 4, 4, 2, 4, 0, 0, 0, 0, 0, 0, 0, 0, 0, 0, 0, 0, 0, 0, 0, -1]",24,3
FF7890,"[2, 4, 3, 2, 5, 5, 1, 0, 0, 0, 0, 0, 0, 0, 0, 0, 0, 0, 0, 0, 0, 0, 0, 0]",22,3
FF8801,"[4, 2, 3, 2, 4, 4, 2, 4, 0, 0, 0, 0, 0, 0, 0, 0, 0, 0, 0, 0, 0, 0, 0, -1]",24,3
FF7891,"[4, 2, 3, 3, 4, 4, 2, 4, 0, 0, 0, 0, 0, 0, 0, 0, 0, 0, 0, 0, 0, 0, 0, -1]",25,3
FF8802,"[3, 2, 4, 3, 4, 4, 3, 0, 0, 0, 0, 0, 0, 0, 0, 0, 0, 0, 0, 0, 0, 0, 0, -1]",22,3
FF7892,"[3, 3, 3, 3, 5, 5, 2, 0, 0, 0, 0, 0, 0, 0, 3, 0, 0, 5, 0, 0, 0, 0, 0, -4]",28,4
FF8803,"[2, 4, 5, 3, 4, 3, 2, 0, 0, 0, 0, 0, 0, 0, 0, 0, 0, 0, 0, 0, 0, 0, 0, 0]",23,3
FF7893,"[2, 4, 5, 2, 3, 3, 2, 0, 0, 0, 0, 0, 0, 0, 0, 0, 0, 0, 0, 0, 0, 0, 0, -1]",20,2
FF8804,"[1, 5, 5, 3, 3, 3, 3, 0, 0, 0, 0, 0, 0, 0, 0, 0, 0, 0, 0, 0, 0, 0, 0, 0]",23,3
FF7894,"[2, 4, 5, 3, 4, 4, 2, 0, 0, 0, 0, 0, 0, 0, 0, 0, 0, 0, 0, 0, 0, 0, 0, 0]",24,3
FF8805,"[3, 4, 4, 3, 4, 4, 3, 0, 0, 0, 0, 0, 0, 0, 0, 0, 0, 0, 0, 0, 0, 0, 0, -1]",24,3
FF7895,"[3, 2, 3, 2, 4, 4, 2, 4, 0, 0, 0, 0, 0, 0, 2, 0, 0, 0, 0, 0, 0, 0, 0, -1]",25,3
FF8806,"[3, 2, 3, 3, 4, 4, 3, 4, 4, 0, 0, 0, 0, 0, 0, 0, 0, 0, 0, 0, 0, 0, 0, -1]",29,4
FF7896,"[3, 3, 3, 3, 5, 5, 1, 4, 0, 0, 0, 0, 0, 0, 0, 0, 0, 0, 0, 0, 0, 0, 0, -1]",26,3
FF8807,"[3, 4, 4, 2, 4, 4, 2, 4, 4, 0, 0, 0, 0, 0, 0, 0, 0, 0, 0, 0, 0, 0, 0, -4]",27,4
FF7897,"[3, 4, 4, 2, 5, 5, 2, 0, 0, 0, 0, 0, 0, 0, 0, 0, 0, 0, 0, 0, 0, 0, 0, -1]",24,3
FF8808,"[3, 3, 3, 2, 5, 4, 2, 0, 4, 0, 0, 0, 0, 0, 0, 0, 0, 0, 0, 0, 0, 0, 0, -4]",22,3
FF7898,"[3, 1, 2, 3, 5, 5, 2, 4, 0, 0, 0, 0, 0, 0, 0, 0, 0, 0, 0, 0, 0, 0, 0, -1]",24,3
FF8809,"[2, 4, 5, 2, 4, 4, 2, 0, 4, 0, 0, 0, 0, 0, 0, 0, 0, 0, 0, 0, 0, 0, 0, 0]",27,4
FF7899,"[2, 4, 3, 2, 4, 5, 2, 4, 4, 0, 0, 0, 0, 0, 0, 0, 0, 0, 0, 0, 0, 0, 0, 0]",30,4
FF8900,"[2, 4, 5, 2, 3, 3, 3, 0, 4, 0, 0, 0, 0, 0, 0, 0, 0, 0, 0, 0, 0, 0, 0, 0]",26,3
FF7990,"[2, 3, 3, 2, 4, 5, 2, 0, 4, 0, 0, 0, 0, 0, 0, 0, 0, 0, 0, 0, 0, 0, 0, 0]",25,3
FF8901,"[4, 2, 3, 2, 5, 4, 1, 0, 4, 0, 0, 0, 0, 0, 0, 0, 0, 0, 0, 0, 0, 0, 0, -2]",23,3
FF7991,"[3, 2, 3, 2, 5, 5, 2, 4, 4, 0, 0, 0, 0, 0, 0, 0, 0, 0, 0, 0, 0, 0, 0, -1]",29,4
FF8902,"[3, 2, 3, 2, 5, 5, 2, 0, 0, 0, 0, 0, 0, 0, 0, 0, 0, 0, 0, 0, 0, 0, 0, -1]",21,2
FF7992,"[3, 1, 2, 1, 5, 5, 1, 0, 0, 0, 0, 0, 0, 0, 0, 0, 0, 0, 0, 0, 0, 0, -1, -1]",16,2
FF8903,"[1, 2, 3, 1, 5, 5, 2, 0, 0, 0, 0, 0, 0, 0, 0, 0, 0, 0, 0, 0, 0, 0, 0, -4]",15,1
FF8904,"[1, 2, 3, 1, 5, 5, 2, 0, 0, 0, 0, 0, 0, 0, 0, 0, 0, 0, 0, 0, 0, 0, -2, -1]",16,2
FF8905,"[2, 2, 2, 1, 4, 5, 2, 0, 0, 0, 0, 0, 0, 0, 0, 0, 0, 0, 0, 0, 0, 0, -2, -1]",15,1
FF7284,"[2, 2, 3, 1, 5, 5, 1, 0, 0, 0, 0, 0, 0, 0, 0, 4, 3, 0, 0, 0, 0, 0, 0, -1]",25,3
FF7285,"[3, 3, 3, 2, 4, 4, 2, 0, 0, 0, 0, 0, 0, 0, 0, 3, 0, 0, 0, 0, 0, 0, 0, -1]",23,3
FF7286,"[3, 3, 4, 3, 5, 4, 3, 0, 0, 0, 0, 0, 0, 0, 0, 2, 2, 0, 0, 0, 0, 0, 0, -3]",26,3
FF7287,"[3, 3, 4, 3, 4, 4, 3, 0, 0, 0, 0, 0, 0, 0, 0, 3, 2, 0, 0, 0, 0, 0, 0, -3]",26,3
FF7288,"[3, 3, 4, 3, 5, 4, 2, 0, 0, 0, 0, 0, 0, 0, 0, 0, 0, 0, 0, 0, 0, 0, 0, -3]",21,2
FF7289,"[3, 4, 4, 3, 4, 4, 2, 0, 0, 0, 0, 0, 0, 0, 0, 0, 0, 0, 0, 0, 0, 0, 0, -3]",21,2
FF7380,"[3, 4, 4, 3, 4, 4, 2, 4, 0, 0, 0, 0, 0, 0, 0, 0, 0, 0, 0, 0, 0, 0, 0, -4]",24,3
FF7381,"[3, 4, 4, 3, 4, 4, 1, 0, 0, 0, 0, 0, 0, 0, 0, 3, 0, 0, 0, 0, 0, 0, 0, -4]",22,3
FF7382,"[4, 3, 3, 3, 4, 4, 3, 0, 4, 0, 0, 0, 0, 0, 0, 4, 3, 0, 0, 0, 0, 0, -1, -1]",33,5
FF7383,"[4, 3, 3, 3, 4, 4, 2, 0, 4, 0, 0, 0, 0, 0, 0, 4, 3, 0, 0, 0, 0, 0, -1, -1]",32,4
FF7384,"[3, 3, 4, 3, 4, 4, 2, 0, 0, 0, 0, 0, 0, 0, 0, 4, 3, 0, 0, 0, 0, 0, 0, -3]",27,4
FF7481,"[4, 3, 4, 2, 4, 4, 2, 0, 0, 0, 0, 0, 0, 0, 0, 0, 0, 0, 0, 0, 0, 0, 0, -2]",21,2
FF7482,"[4, 3, 3, 2, 4, 4, 3, 0, 0, 0, 0, 0, 0, 0, 2, 0, 0, 0, 0, 0, 0, 0, 0, -2]",23,3
FF7483,"[3, 3, 4, 3, 4, 3, 3, 4, 0, 0, 0, 0, 0, 0, 0, 0, 0, 0, 0, 0, 0, 0, 0, -3]",24,3
FF7484,"[3, 3, 4, 2, 4, 4, 3, 0, 0, 0, 0, 0, 0, 0, 0, 0, 0, 0, 0, 0, 0, 0, 0, -3]",20,2
FF7485,"[3, 3, 4, 2, 4, 4, 2, 4, 0, 0, 0, 0, 0, 0, 0, 0, 0, 0, 0, 0, 0, 0, 0, -3]",23,3
FF7486,"[3, 3, 4, 2, 4, 4, 2, 4, 0, 0, 0, 0, 0, 0, 0, 0, 0, 0, 0, 0, 0, 0, 0, -3]",23,3
FF7583,"[3, 4, 4, 3, 5, 5, 2, 4, 0, 0, 0, 0, 0, 0, 0, 0, 0, 0, 0, 0, 0, 0, 0, -2]",28,4
FF7584,"[3, 3, 4, 3, 4, 4, 2, 4, 0, 0, 0, 0, 0, 0, 0, 0, 0, 0, 0, 0, 0, 0, 0, -3]",24,3
FF7585,"[3, 3, 4, 3, 4, 4, 2, 4, 0, 0, 0, 0, 0, 0, 0, 0, 0, 0, 0, 0, 0, 0, 0, -2]",25,3
FF7586,"[2, 4, 5, 3, 4, 3, 2, 0, 0, 0, 0, 0, 0, 0, 0, 0, 0, 0, 0, 0, 0, 0, 0, -2]",21,2
FF7587,"[3, 4, 4, 2, 4, 4, 3, 4, 0, 0, 0, 0, 0, 0, 0, 2, 0, 0, 0, 0, 0, 0, 0, -3]",27,4
FF7588,"[3, 3, 3, 2, 5, 4, 2, 0, 0, 0, 0, 0, 0, 0, 0, 2, 0, 0, 0, 0, 0, 0, 0, -1]",23,3
FF7589,"[3, 2, 3, 2, 5, 4, 2, 0, 1, 0, 0, 0, 0, 0, 3, 2, 0, 0, 0, 0, 0, 0, -1, -1]",25,3
FF7680,"[4, 2, 3, 2, 4, 3, 3, 5, 0, 0, 3, 0, 0, 0, 5, 0, 0, 0, 0, 0, 0, 0, -2, -1]",31,4
FF7681,"[3, 4, 4, 2, 5, 4, 2, 0, 4, 0, 0, 0, 0, 0, 0, 0, 0, 0, 0, 0, 0, 0, 0, -3]",25,3
FF7682,"[1, 4, 5, 2, 3, 3, 3, 0, 4, 0, 0, 0, 0, 0, 0, 0, 0, 0, 0, 0, 0, 0, 0, -1]",24,3
FF7683,"[1, 4, 5, 2, 3, 3, 3, 0, 4, 0, 0, 0, 0, 0, 0, 3, 0, 0, 0, 0, 0, 0, 0, -1]",27,4
FF7684,"[3, 4, 4, 3, 4, 4, 2, 0, 4, 0, 0, 0, 0, 0, 0, 0, 0, 0, 0, 0, 0, 0, 0, -2]",26,3
FF7685,"[4, 3, 4, 2, 4, 4, 3, 4, 0, 0, 0, 0, 0, 0, 0, 0, 0, 0, 0, 0, 0, 0, 0, -1]",27,4
FF7686,"[3, 4, 4, 2, 5, 4, 1, 0, 0, 0, 0, 0, 0, 0, 2, 0, 0, 0, 0, 0, 0, 0, 0, -1]",24,3
FF7687,"[4, 3, 3, 2, 4, 4, 3, 4, 0, 0, 0, 0, 0, 0, 5, 0, 0, 0, 0, 0, 0, 0, -3, -1]",28,4
FF7688,"[4, 3, 4, 3, 4, 4, 2, 0, 0, 0, 0, 0, 0, 0, 0, 0, 0, 0, 0, 0, 0, 0, 0, -2]",22,3
FF7689,"[3, 3, 3, 2, 5, 4, 1, 0, 0, 0, 0, 0, 0, 0, 0, 0, 0, 0, 0, 0, 0, 0, 0, -1]",20,2
FF7782,"[1, 0, 5, 3, 3, 3, 3, 0, 0, 0, 0, 0, 0, 0, 0, 0, 0, 0, 0, 0, 0, 0, 0, 0]",18,2
FF7783,"[1, 5, 5, 2, 3, 2, 3, 0, 0, 0, 0, 0, 0, 0, 0, 0, 0, 0, 0, 0, 0, 0, 0, 0]",21,2
FF7784,"[2, 3, 5, 2, 3, 3, 2, 0, 0, 0, 0, 0, 0, 0, 0, 0, 0, 0, 0, 0, 0, 0, 0, -1]",19,2
FF7785,"[4, 3, 4, 2, 4, 4, 2, 4, 0, 0, 0, 0, 0, 0, 0, 0, 0, 0, 0, 0, 0, 0, 0, -1]",26,3
FF7786,"[4, 2, 3, 2, 4, 4, 3, 0, 0, 0, 0, 0, 0, 0, 0, 0, 0, 0, 0, 0, -5, 0, 0, -1]",16,2
FF7787,"[4, 3, 3, 3, 4, 4, 2, 4, 0, 0, 0, 0, 0, 0, 0, 2, 0, 0, 0, 0, 0, 0, 0, -1]",28,4
FF7788,"[3, 4, 3, 2, 5, 4, 1, 0, 1, 0, 0, 0, 0, 0, 5, 3, 0, 0, 0, 0, 0, 0, 0, -1]",30,4
FF7789,"[4, 2, 3, 2, 5, 4, 3, 0, 0, 0, 0, 0, 0, 0, 0, 3, 0, 0, 0, 0, 0, 0, 0, -1]",25,3
FF7880,"[1, 3, 3, 2, 5, 5, 1, 4, 0, 0, 0, 0, 0, 0, 0, 2, 0, 0, 0, 0, -5, 0, 0, -1]",20,2
FF7881,"[4, 2, 2, 2, 5, 4, 3, 0, 0, 0, 0, 0, 0, 0, 3, 0, 0, 0, 0, 0, 0, 0, 0, -1]",24,3
FF7882,"[3, 2, 2, 2, 5, 5, 2, 0, 0, 0, 0, 0, 0, 0, 3, 0, 0, 0, 0, 0, 0, 0, 0, -1]",23,3
FF7883,"[3, 4, 3, 3, 4, 5, 2, 4, 0, 0, 0, 0, 0, 0, 0, 0, 0, 0, 0, 0, 0, 0, 0, -1]",27,4
FF7884,"[2, 4, 3, 2, 5, 5, 1, 0, 0, 0, 0, 0, 0, 0, 0, 0, 0, 0, 0, 0, 0, 0, 0, 0]",22,3
FF7885,"[2, 2, 2, 2, 4, 5, 1, 4, 0, 0, 0, 0, 0, 0, 0, 0, 0, 0, 0, 0, 0, 0, 0, -1]",21,2
FF7888,"[3, 1, 2, 1, 5, 5, 2, 0, 0, 0, 0, 0, 0, 0, 5, 0, 0, 0, 0, 0, 0, 0, 0, -1]",23,3
FF7889,"[1, 2, 3, 2, 5, 5, 1, 4, 0, 0, 0, 0, 0, 0, 0, 0, 0, 0, 0, 0, 0, 0, 0, -1]",22,3
FF7980,"[1, 4, 3, 1, 5, 5, 2, 4, 0, 0, 0, 0, 0, 0, 0, 0, 0, 0, 0, 0, 0, 0, 0, -5]",20,2
FF7981,"[4, 2, 2, 1, 4, 4, 3, 4, 0, 0, 0, 0, 0, 0, 5, 0, 0, 0, 0, 0, 0, 0, -1, -1]",27,4
FF7271,"[3, 4, 4, 2, 4, 4, 3, 0, 0, 0, 0, 0, 0, 0, 0, 1, 0, 0, 0, 0, 0, 0, 0, -4]",21,2
FF7272,"[2, 4, 5, 2, 4, 4, 2, 0, 0, 0, 0, 0, 0, 0, 0, 3, 0, 0, 0, 0, 0, 0, 0, 0]",26,3
FF7273,"[3, 3, 3, 2, 4, 4, 2, 0, 0, 0, 0, 0, 0, 0, 0, 2, 2, 0, 0, 0, 0, -5, 0, -4]",16,2
FF7274,"[3, 3, 3, 2, 5, 4, 3, 0, 0, 0, 0, 0, 0, 0, 0, 2, 2, 0, 0, 0, 0, 0, 0, -2]",25,3
FF7275,"[3, 4, 4, 3, 4, 4, 2, 4, 0, 0, 0, 0, 0, 0, 0, 4, 3, 0, 0, 0, 0, 0, 0, -4]",31,4
FF7276,"[3, 3, 3, 2, 5, 4, 2, 0, 0, 0, 0, 0, 0, 0, 0, 3, 2, 0, 0, 0, 0, 0, 0, -4]",23,3
FF7277,"[3, 3, 4, 3, 4, 4, 2, 0, 0, 0, 0, 0, 0, 0, 5, 0, 0, 0, 0, 0, 0, 0, 0, -4]",24,3
FF7278,"[3, 3, 3, 3, 4, 4, 2, 4, 0, 0, 0, 0, 0, 0, 0, 0, 0, 0, 0, 0, 0, 0, 0, -3]",23,3
FF7279,"[3, 2, 2, 2, 5, 4, 2, 4, 0, 0, 0, 0, 0, 0, 2, 0, 0, 0, 0, 0, 0, 0, 0, -1]",25,3
FF7370,"[3, 2, 3, 2, 5, 4, 2, 4, 0, 0, 0, 0, 0, 0, 0, 0, 0, 0, 0, 0, 0, 0, 0, -1]",24,3
FF7371,"[3, 2, 3, 2, 5, 4, 2, 5, 4, 0, 0, 0, 0, 0, 3, 4, 3, 0, 0, 0, 0, 0, 0, -1]",39,5
FF7372,"[4, 2, 3, 2, 4, 4, 2, 5, 4, 0, 0, 0, 0, 0, 2, 2, 1, 0, 0, 0, 0, 0, -2, -1]",32,4
FF7373,"[3, 3, 4, 3, 4, 4, 2, 0, 1, 0, 0, 0, 0, 0, 3, 4, 2, 0, 0, 0, 0, 0, 0, -3]",30,4
FF7374,"[4, 2, 4, 2, 4, 3, 3, 4, 1, 0, 0, 0, 0, 0, 0, 3, 3, 0, 0, 0, 0, 0, 0, -1]",32,4
FF7375,"[3, 2, 2, 1, 4, 4, 3, 4, 4, 0, 0, 0, 0, 0, 0, 3, 3, 0, 0, 0, 0, 0, -1, -1]",31,4
FF7376,"[4, 3, 3, 2, 5, 4, 2, 0, 4, 0, 0, 0, 0, 0, 0, 3, 3, 0, 0, 0, 0, 0, -4, -1]",28,4
FF7377,"[4, 3, 4, 3, 5, 4, 2, 0, 0, 0, 0, 0, 0, 0, 0, 2, 0, 0, 0, 0, -5, 0, 0, -2]",20,2
FF7378,"[3, 3, 5, 3, 3, 3, 4, 4, 0, 0, 0, 0, 0, 0, 0, 2, 0, 0, 0, 0, 0, 0, 0, -1]",29,4
FF7573,"[3, 3, 4, 2, 4, 4, 1, 0, 0, 0, 0, 0, 0, 0, 0, 0, 0, 0, 0, 0, 0, 0, 0, -2]",19,2
FF7574,"[3, 4, 4, 2, 4, 4, 1, 0, 0, 0, 0, 0, 0, 0, 0, 0, 0, 0, 0, 0, 0, 0, 0, -2]",20,2
FF7575,"[3, 2, 3, 2, 5, 5, 3, 4, 0, 0, 0, 0, 0, 0, 0, 0, 0, 0, 0, 0, 0, 0, 0, -1]",26,3
FF7576,"[4, 3, 3, 2, 4, 4, 2, 4, 0, 0, 0, 0, 0, 0, 0, 2, 0, 0, 0, 0, 0, 0, 0, -1]",27,4
FF7577,"[3, 2, 3, 2, 5, 4, 2, 4, 0, 0, 0, 0, 0, 0, 2, 2, 0, 0, 0, 0, 0, 0, -1, -1]",27,4
FF7578,"[3, 1, 2, 2, 4, 4, 3, 4, 0, 0, 0, 0, 0, 0, 0, 0, 0, 0, 0, 0, 0, 0, -2, -1]",20,2
FF7579,"[4, 2, 3, 2, 5, 4, 2, 4, 0, 0, 0, 0, 0, 0, 0, 0, 0, 0, 0, 0, 0, 0, -3, -1]",22,3
FF7670,"[3, 3, 4, 3, 5, 4, 2, 4, 0, 0, 0, 0, 0, 0, 0, 0, 0, 0, 0, 0, 0, 0, 0, -2]",26,3
FF7671,"[3, 3, 4, 2, 4, 4, 3, 4, 4, 0, 0, 0, 0, 0, 0, 0, 0, 0, 0, 0, 0, 0, 0, -2]",29,4
FF7672,"[1, 4, 5, 2, 3, 3, 3, 0, 4, 0, 0, 0, 0, 0, 0, 2, 0, 0, 0, 0, 0, 0, 0, -5]",22,3
FF7673,"[1, 5, 5, 2, 3, 3, 3, 0, 4, 0, 0, 0, 0, 0, 0, 2, 0, 0, 0, 0, 0, 0, 0, 0]",28,4
FF7674,"[3, 4, 5, 3, 3, 3, 1, 5, 4, 0, 0, 0, 0, 0, 0, 0, 0, 0, 0, 0, 0, 0, 0, -4]",27,4
FF7675,"[3, 3, 3, 1, 4, 5, 3, 4, 0, 0, 0, 0, 0, 0, 5, 0, 0, 0, 0, 0, 0, 0, 0, -1]",30,4
FF7676,"[3, 2, 3, 2, 4, 4, 3, 0, 0, 0, 0, 0, 0, 0, 5, 0, 0, 0, 0, 0, 0, 0, -1, -1]",24,3
FF7677,"[4, 3, 3, 3, 4, 4, 2, 4, 0, 0, 0, 0, 0, 0, 5, 0, 0, 0, 0, 0, 0, 0, -2, -1]",29,4
FF7678,"[2, 4, 5, 3, 4, 4, 2, 0, 0, 0, 0, 0, 0, 0, 0, 0, 0, 0, 0, 0, 0, 0, 0, -5]",19,2
FF7776,"[3, 4, 4, 3, 4, 4, 1, 0, 0, 0, 0, 0, 0, 0, 0, 0, 0, 0, 0, 0, -5, 0, 0, 0]",18,2
FF7777,"[3, 3, 3, 2, 5, 5, 1, 0, 0, 0, 0, 0, 0, 0, 0, 0, 0, 0, 0, 0, 0, 0, 0, -1]",21,2
FF7778,"[3, 3, 3, 2, 4, 4, 1, 4, 0, 0, 0, 0, 0, 0, 0, 0, 0, 0, 0, 0, 0, 0, 0, -1]",23,3
FF7779,"[3, 2, 3, 2, 5, 5, 2, 0, 0, 0, 0, 0, 0, 0, 0, 0, 0, 0, 0, 0, 0, 0, 0, -2]",20,2
FF7870,"[3, 2, 3, 3, 5, 5, 1, 0, 0, 0, 0, 0, 0, 0, 0, 2, 0, 0, 0, 0, 0, 0, 0, -1]",23,3
FF7871,"[2, 2, 3, 2, 5, 5, 1, 0, 0, 0, 0, 0, 0, 0, 0, 3, 0, 0, 0, 0, 0, 0, 0, -1]",22,3
FF7872,"[4, 1, 1, 2, 5, 3, 2, 4, 1, 0, 0, 0, 0, 5, 5, 2, 0, 0, 0, 0, 0, 0, -2, 0]",33,5
FF7873,"[3, 1, 2, 2, 5, 4, 2, 4, 0, 0, 0, 0, 0, 0, 5, 0, 0, 0, 0, 0, 0, 0, -2, -1]",25,3
FF7874,"[3, 2, 2, 1, 4, 5, 3, 4, 1, 0, 0, 0, 0, 0, 5, 0, 0, 0, 0, 0, 0, 0, -3, -1]",26,3
FF7875,"[2, 2, 2, 1, 3, 5, 2, 4, 0, 0, 0, 0, 0, 0, 2, 0, 0, 0, 0, 0, 0, 0, -3, -2]",18,2
FF7260,"[3, 3, 4, 2, 5, 5, 1, 0, 0, 0, 0, 0, 0, 0, 0, 3, 0, 0, 0, 0, 0, 0, 0, -2]",24,3
FF7261,"[3, 2, 3, 2, 5, 5, 2, 0, 0, 0, 0, 0, 0, 0, 0, 3, 0, 0, 0, 0, 0, 0, 0, -1]",24,3
FF7262,"[3, 3, 3, 2, 5, 4, 2, 4, 0, 0, 0, 0, 0, 0, 0, 0, 0, 0, 0, 0, 0, 0, 0, -2]",24,3
FF7263,"[4, 3, 3, 2, 5, 4, 2, 4, 0, 0, 0, 0, 0, 0, 2, 3, 3, 0, 0, 0, 0, 0, 0, -1]",34,5
FF7264,"[3, 3, 4, 3, 4, 4, 2, 4, 0, 0, 0, 0, 0, 0, 0, 1, 1, 0, 0, 0, 0, 0, 0, -2]",27,4
FF7265,"[3, 3, 3, 2, 5, 5, 2, 0, 0, 0, 0, 0, 0, 0, 0, 3, 3, 0, 0, 0, 0, 0, 0, -4]",25,3
FF7266,"[3, 3, 3, 3, 5, 4, 2, 0, 0, 0, 0, 0, 0, 0, 0, 0, 0, 0, 0, 0, 0, 0, 0, -3]",20,2
FF7267,"[3, 3, 3, 2, 4, 4, 2, 4, 0, 0, 0, 0, 0, 0, 3, 0, 0, 0, 0, 0, -5, 0, 0, -3]",20,2
FF7268,"[3, 2, 3, 3, 4, 4, 2, 4, 0, 0, 0, 0, 0, 0, 5, 0, 0, 0, 0, 0, 0, 0, 0, -1]",29,4
FF7269,"[3, 3, 3, 2, 5, 4, 2, 0, 0, 0, 0, 0, 0, 0, 0, 0, 0, 0, 0, 0, 0, 0, 0, -2]",20,2
FF7360,"[3, 3, 4, 2, 4, 3, 3, 4, 1, 0, 0, 0, 0, 0, 0, 3, 3, 0, 0, 0, 0, 0, 0, -3]",30,4
FF7361,"[3, 2, 3, 2, 5, 4, 2, 5, 4, 0, 0, 0, 0, 0, 3, 4, 4, 0, 0, 0, 0, 0, 0, -1]",40,5
FF7362,"[4, 3, 3, 2, 4, 3, 3, 5, 4, 0, 0, 0, 0, 0, 2, 3, 3, 0, 0, 0, 0, 0, -2, -1]",36,5
FF7363,"[2, 4, 5, 3, 3, 3, 3, 4, 4, 0, 0, 0, 0, 0, 3, 4, 3, 0, 0, 0, 0, 0, 0, -2]",39,5
FF7364,"[4, 2, 2, 2, 5, 4, 2, 0, 4, 0, 0, 0, 0, 0, 3, 2, 2, 0, 0, 0, 0, 0, -2, -1]",29,4
FF7365,"[4, 2, 1, 2, 5, 3, 2, 4, 4, 0, 0, 0, 0, 0, 5, 2, 2, 0, 0, 0, 0, 0, -3, -1]",32,4
FF7366,"[4, 2, 1, 2, 5, 4, 3, 4, 4, 0, 0, 0, 0, 0, 0, 2, 2, 0, 0, 0, 0, 0, -3, -1]",29,4
FF7367,"[4, 2, 3, 2, 5, 4, 3, 4, 4, 0, 0, 0, 0, 0, 0, 3, 3, 0, 0, 0, 0, 0, -2, -1]",34,5
FF7368,"[5, 2, 3, 2, 4, 4, 3, 0, 4, 0, 0, 0, 0, 0, 5, 4, 2, 0, 0, 0, 0, 0, -2, -1]",35,5
FF7369,"[5, 2, 2, 3, 5, 4, 3, 0, 0, 0, 0, 0, 0, 0, 5, 0, 0, 0, 0, 0, 0, 0, 0, -1]",28,4
FF7562,"[3, 4, 4, 2, 5, 4, 1, 4, 0, 0, 0, 0, 0, 0, 0, 0, 0, 0, 0, 0, 0, 0, 0, -4]",23,3
FF7563,"[4, 2, 3, 2, 4, 4, 2, 4, 0, 0, 0, 0, 0, 0, 0, 0, 0, 0, 0, 0, 0, 0, -1, -2]",22,3
FF7564,"[3, 2, 2, 2, 4, 4, 2, 0, 0, 0, 0, 0, 0, 0, 0, 0, 0, 0, 0, 0, 0, 0, -2, -1]",16,2
FF7565,"[3, 1, 2, 2, 5, 4, 3, 4, 0, 0, 0, 0, 0, 0, 3, 0, 0, 0, 0, 0, 0, 0, -2, -1]",24,3
FF7566,"[4, 2, 2, 2, 4, 3, 2, 4, 1, 0, 0, 0, 0, 0, 5, 1, 0, 0, 0, 0, 0, 0, -2, -1]",27,4
FF7567,"[4, 2, 3, 3, 4, 4, 3, 4, 1, 0, 3, 0, 0, 0, 5, 3, 0, 0, 0, 0, 0, 0, -2, -1]",36,5
FF7568,"[3, 4, 4, 3, 5, 4, 2, 0, 0, 0, 0, 0, 0, 0, 0, 0, 0, 0, 0, 0, 0, 0, -1, -2]",22,3
FF7569,"[4, 2, 3, 2, 5, 4, 2, 0, 0, 0, 0, 0, 0, 0, 0, 0, 0, 0, 0, 0, 0, 0, -2, -1]",19,2
FF7660,"[4, 2, 3, 2, 5, 4, 2, 4, 4, 0, 0, 0, 0, 0, 0, 0, 0, 0, 0, 0, 0, -5, 0, -1]",24,3
FF7661,"[2, 3, 5, 2, 3, 3, 4, 4, 4, 0, 0, 0, 0, 0, 0, 0, 0, 0, 0, 0, 0, 0, 0, -2]",28,4
FF7662,"[1, 4, 5, 2, 3, 3, 3, 0, 4, 0, 0, 0, 0, 0, 0, 3, 0, 0, 0, 0, 0, 0, 0, -4]",24,3
FF7663,"[1, 5, 5, 2, 3, 3, 4, 0, 4, 0, 0, 0, 0, 0, 0, 0, 0, 0, 0, 0, 0, 0, 0, 0]",27,4
FF7664,"[2, 5, 5, 2, 3, 3, 2, 5, 4, 0, 0, 0, 0, 0, 0, 0, 0, 0, 0, 0, 0, 0, 0, 0]",31,4
FF7665,"[3, 4, 4, 2, 3, 3, 3, 0, 4, 0, 0, 0, 0, 0, 0, 0, 0, 0, 0, 0, 0, 0, 0, -1]",25,3
FF7666,"[3, 3, 4, 3, 4, 4, 2, 4, 0, 0, 0, 0, 0, 0, 0, 0, 0, 0, 0, 0, 0, 0, 0, -2]",25,3
FF7667,"[4, 3, 4, 2, 4, 4, 3, 4, 0, 0, 0, 0, 0, 0, 5, 0, 0, 0, 0, 0, 0, 0, -2, -1]",30,4
FF7668,"[3, 3, 3, 2, 4, 4, 3, 4, 0, 0, 0, 0, 0, 0, 5, 0, 0, 0, 0, 0, 0, 0, -2, -1]",28,4
FF7766,"[3, 3, 3, 2, 5, 5, 1, 4, 0, 0, 0, 0, 0, 0, 3, 0, 0, 0, 0, 0, 0, 0, 0, -1]",28,4
FF7767,"[3, 4, 3, 2, 5, 5, 2, 4, 0, 0, 0, 0, 0, 0, 0, 0, 0, 0, 0, 0, 0, 0, 0, -4]",24,3
FF7768,"[3, 3, 3, 2, 5, 5, 2, 0, 0, 0, 0, 0, 0, 0, 0, 0, 0, 0, 0, 0, 0, 0, 0, -3]",20,2
FF7769,"[2, 4, 3, 2, 5, 5, 1, 4, 0, 0, 0, 0, 0, 0, 0, 0, 0, 0, 0, 0, 0, 0, 0, -2]",24,3
FF7860,"[2, 3, 3, 1, 5, 5, 1, 0, 0, 0, 0, 0, 0, 0, 0, 0, 0, 0, 0, 0, 0, 0, 0, -1]",19,2
FF7861,"[2, 4, 3, 2, 4, 5, 2, 4, 0, 0, 0, 0, 0, 0, 0, 0, 0, 0, 0, 0, 0, 0, -1, 0]",25,3
FF7862,"[2, 3, 3, 2, 5, 5, 1, 4, 0, 0, 0, 0, 0, 0, 2, 0, 0, 0, 0, 0, 0, 0, -2, -3]",22,3
FF7863,"[2, 2, 3, 2, 5, 5, 1, 0, 0, 0, 0, 0, 0, 0, 0, 0, 0, 0, 0, 0, 0, 0, 0, -2]",18,2
FF7864,"[1, 2, 3, 2, 5, 5, 1, 0, 0, 0, 0, 0, 0, 0, 0, 0, 0, 0, 0, 0, 0, 0, 0, -1]",18,2
FF7865,"[2, 2, 2, 2, 5, 5, 1, 0, 0, 0, 0, 0, 0, 0, 3, 0, 0, 0, 0, 0, 0, 0, -2, -2]",18,2
FF7250,"[3, 2, 2, 2, 4, 4, 2, 4, 0, 0, 0, 0, 0, 0, 3, 0, 0, 0, 0, 0, 0, 0, 0, -1]",25,3
FF7251,"[3, 2, 3, 2, 4, 4, 2, 4, 0, 0, 0, 0, 0, 0, 0, 0, 0, 0, 0, 0, 0, 0, 0, -1]",23,3
FF7252,"[3, 3, 3, 3, 5, 4, 3, 4, 0, 0, 0, 0, 0, 0, 0, 0, 0, 0, 0, 0, 0, 0, 0, -2]",26,3
FF7253,"[3, 3, 4, 2, 4, 4, 3, 4, 0, 0, 0, 0, 0, 0, 0, 3, 3, 0, 0, 0, 0, 0, 0, -4]",29,4
FF7254,"[3, 4, 4, 2, 5, 4, 2, 0, 0, 0, 0, 0, 0, 0, 0, 3, 3, 0, 0, 0, 0, 0, 0, -5]",25,3
FF7255,"[3, 3, 3, 2, 5, 4, 3, 4, 0, 0, 0, 0, 0, 0, 0, 0, 0, 0, 0, 0, 0, 0, 0, -3]",24,3
FF7256,"[3, 2, 3, 3, 5, 4, 3, 4, 1, 0, 0, 0, 0, 0, 2, 0, 0, 0, 0, 0, 0, 0, 0, -2]",28,4
FF7257,"[4, 3, 3, 3, 4, 4, 3, 0, 0, 0, 0, 0, 0, 0, 5, 0, 0, 0, 0, 0, 0, 0, 0, -1]",28,4
FF7258,"[3, 3, 4, 3, 4, 4, 2, 0, 0, 0, 0, 0, 0, 0, 0, 0, 0, 0, 0, 0, -5, 0, 0, -3]",15,1
FF7259,"[3, 3, 4, 3, 4, 4, 2, 0, 0, 0, 0, 0, 0, 0, 0, 2, 2, 0, 0, 0, 0, 0, 0, -2]",25,3
FF7350,"[3, 3, 3, 2, 5, 4, 2, 0, 0, 0, 0, 0, 0, 0, 0, 2, 2, 0, 0, 0, 0, 0, 0, -3]",23,3
FF7351,"[3, 2, 3, 2, 5, 4, 1, 0, 0, 0, 0, 0, 0, 0, 2, 0, 0, 0, 0, 0, 0, 0, 0, -1]",21,2
FF7352,"[4, 1, 2, 2, 4, 4, 1, 0, 4, 0, 0, 0, 0, 0, 5, 3, 3, 0, 0, 0, 0, 0, -1, -1]",31,4
FF7353,"[4, 1, 1, 1, 4, 3, 1, 0, 4, 0, 0, 0, 0, 0, 5, 4, 3, 0, 0, 0, 0, 0, -2, 0]",29,4
FF7354,"[4, 1, 1, 2, 4, 3, 2, 4, 1, 0, 0, 0, 0, 0, 5, 5, 4, 0, 0, 0, -5, 0, -1, -1]",29,4
FF7355,"[3, 2, 4, 3, 4, 4, 2, 0, 0, 0, 0, 0, 0, 0, 2, 3, 3, 0, 0, 0, 0, 0, 0, -2]",28,4
FF7356,"[3, 3, 4, 3, 4, 4, 3, 0, 0, 0, 0, 0, 0, 0, 0, 4, 3, 0, 0, 0, 0, 0, 0, -2]",29,4
FF7357,"[4, 3, 3, 3, 5, 4, 2, 4, 0, 0, 0, 0, 0, 0, 3, 4, 3, 0, 0, 0, 0, 0, 0, -2]",36,5
FF7358,"[4, 2, 3, 2, 5, 4, 2, 0, 4, 0, 0, 0, 0, 0, 3, 2, 2, 0, 0, 0, 0, 0, -2, -1]",30,4
FF7359,"[3, 2, 2, 1, 4, 4, 2, 0, 4, 0, 0, 0, 0, 0, 0, 0, 0, 0, 0, 0, 0, 0, -1, -1]",20,2
FF7450,"[4, 3, 3, 3, 5, 4, 3, 4, 0, 0, 0, 0, 0, 0, 0, 0, 0, 0, 0, 0, 0, 0, 0, -1]",28,4
FF7551,"[3, 2, 3, 2, 5, 4, 2, 0, 0, 0, 0, 0, 0, 0, 0, 0, 0, 0, 0, 0, 0, 0, 0, -2]",19,2
FF7552,"[3, 2, 2, 2, 5, 5, 2, 4, 0, 0, 0, 0, 0, 0, 3, 0, 0, 0, 0, 0, 0, 0, -1, -1]",26,3
FF7553,"[3, 3, 3, 2, 4, 4, 3, 4, 0, 0, 3, 0, 0, 0, 3, 0, 0, 0, 0, 0, 0, 0, -2, -2]",28,4
FF7554,"[4, 3, 3, 3, 5, 4, 1, 4, 0, 0, 0, 0, 0, 0, 0, 0, 0, 0, 0, 0, 0, 0, 0, -3]",24,3
FF7555,"[3, 3, 3, 2, 4, 4, 1, 0, 0, 0, 0, 0, 0, 0, 0, 0, 0, 0, 0, 0, 0, 0, 0, -2]",18,2
FF7556,"[3, 4, 4, 3, 4, 4, 2, 4, 0, 0, 0, 0, 0, 0, 0, 0, 0, 0, 0, 0, 0, 0, 0, -1]",27,4
FF7557,"[4, 3, 4, 3, 4, 4, 2, 0, 0, 0, 0, 0, 0, 0, 0, 2, 0, 0, 0, 0, 0, 0, 0, -1]",25,3
FF7558,"[4, 2, 3, 2, 5, 4, 2, 0, 0, 0, 0, 0, 0, 0, 0, 4, 0, 0, 0, 0, 0, 0, -2, -2]",22,3
FF7559,"[3, 2, 3, 2, 5, 4, 2, 0, 0, 0, 0, 0, 0, 0, 3, 2, 0, 0, 0, 0, 0, 0, -1, -1]",24,3
FF7650,"[3, 3, 3, 2, 4, 4, 3, 4, 4, 0, 0, 0, 0, 0, 0, 0, 0, 0, 0, 0, 0, 0, 0, -2]",28,4
FF7651,"[3, 3, 4, 2, 4, 4, 3, 0, 4, 0, 0, 0, 0, 0, 0, 3, 0, 0, 0, 0, 0, 0, 0, -2]",28,4
FF7652,"[2, 3, 5, 2, 4, 3, 4, 0, 4, 0, 0, 0, 0, 0, 0, 3, 0, 0, 0, 0, 0, 0, 0, -2]",28,4
FF7653,"[1, 0, 5, 2, 3, 3, 2, 0, 4, 0, 0, 0, 0, 0, 0, 0, 0, 0, 0, 0, 0, 0, 0, 0]",20,2
FF7654,"[1, 5, 5, 2, 3, 3, 2, 4, 4, 0, 0, 0, 0, 0, 0, 0, 0, 0, 0, 0, 0, 0, 0, 0]",29,4
FF7655,"[3, 4, 4, 2, 3, 4, 3, 0, 4, 0, 0, 0, 0, 0, 0, 0, 0, 0, 0, 0, 0, 0, 0, -4]",23,3
FF7656,"[2, 5, 5, 2, 4, 3, 2, 0, 4, 0, 0, 0, 0, 0, 0, 0, 0, 0, 0, 0, 0, 0, 0, 0]",27,4
FF7657,"[3, 4, 4, 2, 4, 4, 2, 0, 4, 0, 0, 0, 0, 0, 0, 0, 0, 0, 0, 0, 0, 0, 0, -2]",25,3
FF7658,"[3, 4, 4, 2, 4, 4, 2, 0, 0, 0, 0, 0, 0, 0, 0, 0, 0, 0, 0, 0, 0, 0, 0, -4]",19,2
FF7758,"[3, 1, 2, 1, 5, 5, 1, 4, 0, 0, 0, 0, 0, 0, 0, 0, 0, 0, 0, 0, 0, 0, 0, -1]",21,2
FF7759,"[3, 3, 3, 1, 5, 5, 2, 0, 0, 0, 0, 0, 0, 0, 2, 0, 0, 0, 0, 0, 0, 0, 0, -1]",23,3
FF7850,"[4, 1, 2, 1, 5, 4, 3, 4, 1, 0, 0, 0, 0, 0, 5, 0, 0, 0, 0, 0, 0, 0, 0, -1]",29,4
FF7851,"[2, 3, 3, 2, 4, 5, 2, 4, 0, 0, 0, 0, 0, 0, 0, 0, 0, 0, 0, 0, 0, 0, -2, -3]",20,2
FF7852,"[1, 2, 3, 1, 5, 5, 1, 0, 0, 0, 0, 0, 0, 0, 3, 0, 0, 0, 0, 0, 0, 0, 0, 0]",21,2
FF7853,"[3, 1, 2, 2, 5, 5, 1, 0, 0, 0, 0, 0, 0, 0, 3, 0, 0, 0, 0, 0, 0, 0, 0, -1]",21,2
FF7854,"[1, 1, 3, 1, 5, 5, 1, 0, 0, 0, 0, 0, 0, 0, 0, 0, 0, 0, 0, 0, 0, 0, 0, 0]",17,2
FF7240,"[2, 3, 3, 2, 5, 5, 1, 0, 0, 0, 0, 0, 0, 0, 0, 0, 0, 0, 0, 0, 0, 0, 0, -4]",17,2
FF7241,"[3, 4, 4, 2, 4, 4, 3, 4, 0, 0, 0, 0, 0, 0, 0, 0, 0, 0, 0, 0, 0, 0, 0, -2]",26,3
FF7242,"[2, 4, 5, 3, 4, 3, 2, 0, 0, 0, 0, 0, 0, 0, 0, 0, 0, 0, 0, 0, 0, 0, 0, 0]",23,3
FF7243,"[3, 3, 4, 2, 4, 4, 2, 0, 0, 0, 0, 0, 0, 0, 5, 1, 1, 0, 0, 0, 0, 0, 0, -4]",25,3
FF7244,"[3, 3, 3, 2, 5, 4, 2, 4, 0, 0, 0, 0, 0, 0, 3, 0, 0, 0, 0, 0, 0, 0, 0, -3]",26,3
FF7245,"[3, 3, 3, 2, 4, 4, 3, 4, 0, 0, 0, 0, 0, 0, 5, 0, 0, 0, 0, 0, 0, 0, 0, -2]",29,4
FF7246,"[3, 4, 4, 2, 5, 4, 2, 0, 0, 0, 0, 0, 0, 0, 0, 0, 0, 0, 0, 0, 0, 0, 0, -3]",21,2
FF7247,"[3, 3, 4, 3, 4, 4, 2, 0, 1, 0, 0, 0, 0, 0, 5, 0, 0, 0, 0, 0, 0, 0, 0, -2]",27,4
FF7248,"[3, 3, 4, 3, 4, 4, 2, 0, 0, 0, 0, 0, 0, 0, 5, 3, 3, 0, 0, 0, 0, 0, 0, -2]",32,4
FF7249,"[3, 2, 4, 2, 4, 4, 2, 0, 0, 0, 0, 0, 0, 0, 5, 2, 2, 0, 0, 0, 0, 0, 0, -2]",28,4
FF7340,"[3, 3, 5, 3, 3, 3, 2, 4, 0, 0, 0, 0, 0, 0, 0, 0, 0, 0, 0, 0, 0, 0, 0, -1]",25,3
FF7341,"[3, 3, 3, 2, 5, 4, 2, 4, 0, 0, 0, 0, 0, 0, 0, 0, 0, 0, 0, 0, -5, 0, 0, -2]",19,2
FF7342,"[3, 3, 4, 3, 4, 4, 4, 0, 0, 0, 0, 0, 0, 0, 0, 0, 0, 0, 0, 0, -5, 0, 0, -3]",17,2
FF7343,"[4, 2, 3, 3, 5, 4, 2, 0, 0, 0, 0, 0, 0, 0, 3, 0, 0, 0, 0, 0, 0, 0, 0, -1]",25,3
FF7344,"[4, 2, 3, 2, 4, 4, 2, 4, 0, 0, 0, 0, 0, 0, 3, 4, 3, 0, 0, 0, 0, 0, 0, -2]",33,5
FF7345,"[2, 3, 5, 3, 4, 3, 2, 0, 0, 0, 0, 0, 0, 0, 0, 3, 0, 0, 0, 0, 0, 0, 0, -2]",23,3
FF7346,"[2, 3, 5, 3, 4, 3, 3, 0, 0, 0, 0, 0, 0, 0, 0, 3, 2, 0, 0, 0, 0, 0, -1, -2]",25,3
FF7347,"[3, 4, 4, 2, 4, 4, 2, 0, 0, 0, 0, 0, 0, 0, 0, 0, 0, 0, 0, 0, 0, 0, 0, -3]",20,2
FF7348,"[3, 3, 3, 2, 5, 4, 2, 0, 0, 0, 0, 0, 0, 0, 0, 0, 0, 0, 0, 0, 0, 0, 0, -1]",21,2
FF7349,"[4, 2, 2, 1, 4, 4, 3, 0, 4, 0, 0, 0, 0, 0, 0, 0, 0, 0, 0, 0, 0, 0, -2, 0]",22,3
FF7440,"[5, 2, 3, 2, 5, 4, 3, 4, 4, 0, 0, 0, 0, 0, 3, 0, 0, 0, 0, 0, 0, 0, 0, -1]",34,5
FF7541,"[3, 3, 3, 2, 5, 4, 1, 0, 0, 0, 0, 0, 0, 0, 0, 0, 0, 0, 0, 0, 0, 0, 0, -3]",18,2
FF7542,"[3, 2, 2, 2, 5, 4, 3, 4, 0, 0, 0, 0, 0, 0, 5, 0, 0, 0, 0, 0, 0, 0, -2, -1]",27,4
FF7543,"[3, 3, 4, 2, 4, 4, 2, 0, 0, 0, 0, 0, 0, 0, 0, 0, 0, 0, 0, 0, 0, 0, 0, -3]",19,2
FF7544,"[3, 3, 4, 2, 4, 4, 2, 0, 0, 0, 0, 0, 0, 0, 0, 0, 0, 0, 0, 0, 0, 0, 0, -3]",19,2
FF7545,"[3, 3, 4, 2, 4, 4, 3, 0, 0, 0, 0, 0, 0, 0, 0, 0, 0, 0, 0, 0, 0, 0, 0, -2]",21,2
FF7546,"[3, 3, 4, 2, 4, 4, 2, 4, 0, 0, 0, 0, 0, 0, 0, 2, 0, 0, 0, 0, 0, 0, 0, -2]",26,3
FF7547,"[3, 3, 4, 2, 4, 4, 1, 0, 0, 0, 0, 0, 0, 0, 0, 3, 0, 0, 0, 0, 0, 0, 0, -3]",21,2
FF7548,"[3, 4, 4, 3, 4, 4, 3, 0, 0, 0, 0, 0, 0, 0, 0, 0, 0, 0, 0, 0, 0, 0, -1, -3]",21,2
FF7549,"[3, 3, 4, 2, 4, 3, 3, 0, 4, 0, 0, 0, 0, 0, 5, 2, 0, 0, 0, 0, 0, 0, -2, -2]",29,4
FF7640,"[2, 3, 5, 2, 4, 3, 3, 0, 4, 0, 0, 0, 0, 0, 0, 3, 0, 0, 0, 0, 0, 0, 0, -2]",27,4
FF7641,"[1, 5, 5, 2, 3, 3, 4, 0, 4, 0, 0, 0, 0, 0, 0, 1, 0, 0, 0, 0, 0, 0, 0, 0]",28,4
FF7642,"[2, 5, 5, 2, 3, 3, 4, 5, 4, 0, 0, 0, 0, 0, 0, 0, 0, 0, 0, 0, 0, 0, 0, 0]",33,5
FF7643,"[1, 4, 5, 1, 3, 3, 3, 0, 4, 0, 0, 0, 0, 0, 0, 0, 0, 0, 0, 0, 0, 0, 0, 0]",24,3
FF7644,"[3, 4, 4, 2, 5, 4, 2, 0, 4, 0, 0, 0, 0, 0, 0, 0, 0, 0, 0, 0, 0, 0, 0, 0]",28,4
FF7645,"[3, 2, 3, 2, 5, 5, 2, 0, 4, 0, 0, 0, 0, 0, 0, 0, 0, 0, 0, 0, 0, 0, 0, -1]",25,3
FF7646,"[1, 4, 5, 2, 3, 3, 3, 0, 4, 0, 0, 0, 0, 0, 0, 0, 0, 0, 0, 0, 0, 0, 0, 0]",25,3
FF7647,"[2, 3, 5, 3, 3, 3, 2, 4, 4, 0, 0, 0, 0, 0, 0, 0, 0, 0, 0, 0, 0, 0, 0, -3]",26,3
FF7648,"[3, 3, 3, 2, 4, 4, 3, 4, 0, 0, 0, 0, 0, 0, 0, 0, 0, 0, 0, 0, 0, 0, 0, -2]",24,3
FF7649,"[3, 4, 4, 2, 4, 4, 3, 4, 0, 0, 0, 0, 0, 0, 0, 0, 0, 0, 0, 0, 0, 0, 0, -1]",27,4
FF7748,"[2, 3, 3, 1, 5, 5, 1, 0, 0, 0, 0, 0, 0, 0, 0, 0, 0, 0, 0, 0, 0, 0, 0, -3]",17,2
FF7749,"[2, 1, 3, 1, 5, 5, 3, 4, 0, 0, 0, 0, 0, 0, 0, 0, 0, 0, 0, 0, 0, 0, 0, -1]",23,3
FF7840,"[2, 2, 3, 1, 5, 5, 1, 4, 0, 0, 0, 0, 0, 0, 3, 0, 0, 0, 0, 0, 0, 0, -1, -1]",24,3
FF7841,"[3, 1, 2, 1, 4, 5, 2, 4, 0, 0, 0, 0, 0, 0, 0, 0, 0, 0, 0, 0, 0, 0, -2, -1]",19,2
FF7842,"[1, 2, 3, 1, 3, 5, 3, 4, 0, 0, 0, 0, 0, 0, 0, 0, 0, 0, 0, 0, 0, 0, 0, -1]",21,2
FF7843,"[3, 2, 3, 1, 4, 5, 3, 5, 1, 0, 0, 0, 0, 0, 5, 0, 0, 0, 0, 0, 0, 0, 0, -1]",31,4
FF7138,"[3, 4, 5, 2, 4, 4, 3, 4, 0, 0, 0, 0, 0, 0, 0, 0, 0, 0, 0, 0, 0, 0, 0, -3]",26,3
FF7139,"[3, 4, 5, 3, 4, 3, 3, 0, 0, 0, 0, 0, 0, 0, 0, 0, 0, 0, 0, 0, 0, 0, 0, -4]",21,2
FF7230,"[3, 4, 4, 3, 4, 4, 3, 0, 0, 0, 0, 0, 0, 0, 0, 0, 0, 0, 0, 0, 0, 0, 0, -2]",23,3
FF7231,"[2, 4, 5, 2, 3, 3, 4, 0, 0, 0, 0, 0, 0, 0, 0, 0, 0, 0, 0, 0, 0, 0, 0, -4]",19,2
FF7232,"[1, 5, 5, 3, 3, 2, 3, 0, 0, 0, 0, 0, 0, 0, 0, 0, 0, 0, 0, 0, 0, 0, 0, 0]",22,3
FF7233,"[3, 3, 5, 2, 4, 3, 3, 0, 0, 0, 0, 0, 0, 0, 0, 0, 0, 0, 0, 0, 0, 0, 0, -2]",21,2
FF7234,"[3, 3, 4, 2, 4, 4, 3, 0, 0, 0, 0, 0, 0, 0, 3, 0, 0, 0, 0, 0, 0, 0, 0, -3]",23,3
FF7235,"[3, 3, 4, 2, 4, 4, 2, 0, 0, 0, 0, 0, 0, 0, 0, 0, 0, 0, 0, 0, 0, 0, 0, -3]",19,2
FF7236,"[3, 4, 4, 3, 4, 4, 2, 0, 0, 0, 0, 0, 0, 0, 5, 0, 0, 0, 0, 0, 0, 0, 0, -4]",25,3
FF7237,"[3, 3, 4, 2, 4, 4, 3, 4, 0, 0, 0, 0, 0, 0, 5, 3, 3, 0, 0, 0, 0, 0, 0, -3]",35,5
FF7238,"[3, 3, 4, 2, 4, 4, 2, 4, 5, 0, 0, 0, 0, 0, 5, 1, 1, 0, 0, 0, 0, 0, 0, -3]",35,5
FF7239,"[1, 5, 5, 3, 3, 3, 2, 0, 5, 0, 0, 0, 0, 0, 0, 0, 0, 0, 0, 0, 0, 0, 0, 0]",27,4
FF7330,"[1, 4, 5, 3, 3, 2, 3, 0, 0, 0, 0, 0, 0, 0, 0, 0, 0, 0, 0, 0, 0, 0, 0, -2]",19,2
FF7331,"[3, 3, 4, 2, 4, 4, 3, 0, 0, 0, 0, 0, 0, 0, 5, 0, 0, 0, 0, 0, -5, 0, 0, -1]",22,3
FF7332,"[4, 3, 4, 3, 4, 4, 3, 0, 0, 0, 0, 0, 0, 0, 5, 2, 3, 0, 0, 0, -5, 0, 0, -2]",28,4
FF7333,"[3, 3, 3, 3, 5, 4, 3, 4, 0, 0, 0, 0, 0, 0, 3, 3, 3, 0, 0, 0, 0, 0, 0, -2]",35,5
FF7334,"[2, 3, 5, 2, 4, 3, 2, 4, 1, 0, 0, 0, 0, 0, 0, 2, 2, 0, 0, 0, 0, 0, 0, -2]",28,4
FF7335,"[1, 5, 5, 2, 3, 3, 3, 0, 1, 0, 0, 0, 0, 0, 0, 0, 0, 0, 0, 0, 0, 0, 0, 0]",23,3
FF7336,"[3, 5, 4, 2, 4, 3, 2, 0, 0, 0, 0, 0, 0, 0, 0, 0, 0, 0, 0, 0, 0, 0, -2, 0]",21,2
FF7337,"[4, 3, 3, 2, 4, 4, 2, 0, 1, 0, 0, 0, 0, 0, 0, 0, 0, 0, 0, 0, 0, 0, -1, -1]",21,2
FF7338,"[2, 2, 3, 1, 5, 5, 2, 4, 0, 0, 0, 0, 0, 0, 0, 0, 0, 0, 0, 0, 0, 0, 0, -2]",22,3
FF7339,"[4, 1, 2, 1, 3, 4, 3, 0, 0, 0, 0, 0, 0, 0, 0, 0, 0, 0, 0, 0, 0, 0, -2, -1]",15,1
FF7430,"[2, 3, 3, 1, 2, 5, 2, 4, 4, 0, 0, 0, 0, 0, 0, 0, 0, 0, 0, 0, 0, 0, 0, -1]",25,3
FF7530,"[4, 3, 3, 2, 4, 4, 3, 0, 0, 0, 0, 0, 0, 0, 0, 0, 0, 0, 0, 0, 0, 0, 0, -2]",21,2
FF7531,"[4, 2, 3, 2, 5, 4, 1, 4, 0, 0, 0, 0, 0, 5, 5, 0, 0, 0, 0, 0, 0, 0, 0, -2]",33,5
FF7532,"[3, 2, 2, 2, 5, 4, 4, 0, 1, 0, 0, 0, 0, 0, 3, 0, 0, 0, 0, 0, 0, 0, -2, -1]",23,3
FF7533,"[3, 3, 3, 3, 4, 4, 3, 0, 0, 0, 0, 0, 0, 0, 0, 0, 0, 0, 0, 0, 0, 0, 0, -2]",21,2
FF7534,"[3, 3, 4, 3, 4, 4, 3, 4, 0, 0, 0, 0, 0, 0, 0, 2, 0, 0, 0, 0, 0, 0, 0, -3]",27,4
FF7535,"[4, 3, 4, 2, 4, 4, 2, 0, 0, 0, 0, 0, 0, 0, 0, 3, 0, 0, 0, 0, 0, 0, 0, -1]",25,3
FF7536,"[3, 3, 4, 2, 4, 4, 2, 0, 0, 0, 0, 0, 0, 0, 0, 2, 0, 0, 0, 0, 0, 0, 0, -2]",22,3
FF7537,"[3, 4, 4, 2, 4, 4, 2, 0, 0, 0, 0, 0, 0, 0, 0, 0, 0, 0, 0, 0, 0, 0, 0, -4]",19,2
FF7538,"[3, 3, 3, 2, 4, 4, 3, 0, 0, 0, 0, 0, 0, 0, 0, 0, 0, 0, 0, 0, 0, 0, 0, -2]",20,2
FF7539,"[3, 2, 3, 2, 5, 4, 2, 4, 4, 0, 0, 0, 0, 0, 2, 0, 0, 0, 0, 0, 0, 0, -2, -2]",27,4
FF7630,"[4, 2, 4, 2, 4, 4, 3, 4, 4, 0, 0, 0, 0, 0, 3, 0, 0, 0, 0, 0, 0, 0, 0, -1]",33,5
FF7631,"[3, 4, 5, 2, 3, 3, 4, 5, 4, 0, 0, 0, 0, 0, 0, 0, 0, 0, 0, 0, 0, 0, 0, -2]",31,4
FF7632,"[1, 5, 5, 2, 3, 3, 4, 0, 4, 0, 0, 0, 0, 0, 0, 0, 0, 0, 0, 0, 0, 0, 0, 0]",27,4
FF7633,"[3, 4, 4, 2, 4, 4, 2, 5, 4, 0, 0, 0, 0, 0, 0, 0, 0, 0, 0, 0, -5, 0, 0, 0]",27,4
FF7634,"[2, 3, 3, 2, 5, 5, 2, 5, 0, 0, 0, 0, 0, 0, 0, 0, 0, 0, 0, 0, -5, 0, 0, -4]",18,2
FF7635,"[3, 3, 3, 2, 5, 4, 3, 0, 0, 0, 3, 0, 0, 0, 0, 0, 0, 0, 0, 0, 0, 0, 0, -1]",25,3
FF7636,"[3, 4, 4, 2, 4, 4, 3, 4, 4, 0, 0, 0, 0, 0, 0, 0, 0, 0, 0, 0, 0, 0, 0, -5]",27,4
FF7637,"[1, 4, 5, 3, 3, 3, 3, 0, 4, 0, 0, 0, 0, 0, 0, 0, 0, 0, 0, 0, 0, 0, 0, -4]",22,3
FF7638,"[3, 4, 5, 3, 3, 3, 2, 4, 4, 0, 0, 0, 0, 0, 0, 0, 0, 0, 0, 0, 0, 0, 0, -2]",29,4
FF7639,"[3, 3, 4, 3, 4, 4, 2, 0, 0, 0, 0, 0, 0, 0, 0, 0, 0, 0, 0, 0, -5, 0, 0, -2]",16,2
FF8379,"[3, 4, 4, 2, 5, 4, 1, 0, 0, 0, 0, 0, 0, 0, 0, 0, 0, 0, 0, 0, 0, 0, 0, -1]",22,3
FF8470,"[3, 3, 3, 2, 5, 4, 2, 0, 0, 0, 0, 0, 0, 0, 0, 0, 0, 0, 0, 0, 0, 0, 0, -1]",21,2
FF8471,"[3, 3, 3, 2, 4, 4, 2, 4, 1, 0, 0, 0, 0, 0, 0, 0, 0, 0, 0, 0, 0, 0, 0, -2]",24,3
FF8472,"[3, 3, 4, 3, 4, 4, 3, 0, 0, 0, 3, 0, 0, 0, 0, 0, 0, 0, 0, 0, 0, 0, 0, -2]",25,3
FF8473,"[3, 3, 4, 3, 4, 4, 3, 0, 0, 0, 0, 0, 0, 0, 0, 0, 0, 0, 0, 0, 0, 0, 0, -2]",22,3
FF8474,"[3, 3, 4, 3, 4, 4, 3, 0, 0, 0, 0, 0, 0, 0, 0, 0, 0, 0, 0, 0, 0, 0, 0, -2]",22,3
FF8475,"[4, 3, 3, 2, 4, 4, 3, 0, 0, 0, 0, 0, 0, 0, 5, 0, 0, 0, 0, 0, 0, 0, 0, -1]",27,4
FF8476,"[3, 3, 3, 3, 5, 4, 1, 4, 0, 0, 0, 0, 0, 0, 0, 0, 0, 0, 0, 0, 0, 0, 0, -2]",24,3
FF8477,"[3, 4, 4, 2, 4, 4, 2, 0, 5, 0, 0, 0, 0, 0, 0, 1, 0, 0, 0, 0, 0, 0, 0, -4]",25,3
FF8478,"[2, 4, 5, 3, 3, 3, 2, 0, 5, 0, 0, 0, 0, 0, 0, 0, 0, 0, 0, 0, 0, 0, 0, 0]",27,4
FF8479,"[1, 5, 5, 3, 3, 3, 3, 0, 0, 0, 0, 0, 0, 0, 0, 1, 0, 0, 0, 0, 0, 0, 0, 0]",24,3
FF8570,"[2, 3, 5, 3, 3, 3, 3, 0, 1, 0, 0, 0, 0, 0, 0, 3, 0, 0, 0, 0, 0, 0, 0, -4]",22,3
FF8571,"[3, 3, 4, 3, 4, 4, 3, 0, 0, 0, 0, 0, 0, 0, 0, 3, 0, 0, 0, 0, 0, 0, -2, -1]",24,3
FF8572,"[4, 2, 3, 2, 5, 4, 3, 0, 0, 0, 0, 0, 0, 0, 0, 3, 0, 0, 0, 0, 0, 0, -2, -1]",23,3
FF8573,"[3, 3, 4, 2, 4, 4, 4, 4, 0, 0, 0, 0, 0, 0, 0, 1, 0, 0, 0, 0, 0, 0, -2, -1]",26,3
FF8574,"[3, 3, 4, 2, 4, 4, 3, 4, 0, 0, 0, 0, 0, 0, 0, 0, 0, 0, 0, 0, 0, 0, -2, -2]",23,3
FF8575,"[3, 4, 5, 2, 4, 3, 4, 0, 0, 0, 0, 0, 0, 0, 0, 0, 0, 0, 0, 0, -5, 0, 0, -2]",18,2
FF8576,"[3, 3, 4, 2, 4, 4, 3, 0, 0, 0, 0, 0, 0, 0, 0, 0, 0, 0, 0, 0, -5, 0, 0, -2]",16,2
FF8577,"[3, 3, 3, 3, 4, 4, 2, 0, 0, 0, 0, 0, 0, 0, 0, 0, 0, 0, 0, 0, -5, 0, -1, -2]",14,1
FF8578,"[3, 4, 4, 2, 4, 4, 2, 0, 0, 0, 0, 0, 0, 0, 0, 0, 0, 0, 0, 0, 0, 0, -2, 0]",21,2
FF8579,"[3, 3, 3, 2, 5, 4, 2, 0, 0, 0, 0, 0, 0, 0, 3, 0, 0, 0, 0, 0, 0, 0, -2, -2]",21,2
FF8670,"[3, 3, 3, 2, 5, 4, 1, 4, 0, 0, 0, 0, 0, 0, 0, 3, 3, 0, 0, 0, -5, 0, -2, -2]",22,3
FF8671,"[3, 3, 3, 2, 4, 5, 1, 0, 0, 0, 0, 0, 0, 0, 0, 0, 0, 0, 0, 0, 0, 0, 0, -2]",19,2
FF8672,"[3, 1, 1, 1, 4, 3, 2, 4, 4, 0, 0, 0, 0, 0, 5, 4, 0, 0, 0, 0, 0, -5, 0, -1]",26,3
FF8673,"[3, 3, 3, 1, 3, 4, 2, 0, 4, 0, 0, 0, 0, 0, 5, 0, 0, 0, 0, 0, 0, -5, -2, -2]",19,2
FF8674,"[3, 4, 3, 2, 3, 4, 1, 4, 4, 0, 0, 0, 0, 0, 0, 0, 0, 0, 0, 0, 0, 0, 0, -1]",27,4
FF8675,"[2, 4, 3, 1, 3, 5, 1, 5, 4, 0, 0, 0, 0, 0, 0, 0, 0, 0, 0, 0, 0, 0, 0, -5]",23,3
FF8676,"[2, 4, 3, 1, 2, 5, 2, 4, 4, 0, 0, 0, 0, 0, 0, 0, 0, 0, 0, 0, 0, 0, 0, 0]",27,4
FF8677,"[3, 4, 3, 1, 3, 4, 3, 4, 4, 0, 0, 0, 0, 0, 0, 0, 0, 0, 0, 0, 0, 0, 0, 0]",29,4
FF8678,"[3, 3, 3, 2, 4, 5, 2, 0, 4, 0, 0, 0, 0, 0, 0, 0, 0, 0, 0, 0, 0, 0, -1, -2]",23,3
FF8679,"[3, 1, 2, 2, 4, 4, 2, 0, 4, 0, 0, 0, 0, 0, 2, 0, 0, 0, 0, 0, 0, 0, -2, -1]",21,2
FF8770,"[3, 2, 3, 2, 4, 4, 1, 4, 4, 0, 0, 0, 0, 0, 3, 0, 0, 0, 0, 0, 0, 0, -2, -1]",27,4
FF8771,"[4, 4, 4, 2, 2, 4, 0, 4, 5, 0, 0, 0, 0, 0, 0, 0, 0, 0, 0, 0, 0, 0, -1, -4]",24,3
FF8772,"[3, 2, 3, 1, 3, 4, 0, 4, 5, 0, 0, 0, 0, 0, 3, 0, 0, 0, 0, 0, 0, 0, 0, -2]",26,3
FF8773,"[2, 2, 3, 2, 2, 5, 1, 0, 4, 0, 0, 0, 0, 0, 3, 3, 3, 0, 0, 0, 0, 0, 0, -1]",29,4
FF8774,"[4, 3, 2, 1, 4, 3, 2, 4, 4, 0, 0, 0, 0, 0, 5, 3, 2, 0, 0, 0, 0, 0, -2, 0]",35,5
FF8775,"[3, 1, 2, 1, 5, 4, 1, 4, 4, 0, 0, 0, 0, 0, 2, 3, 3, 0, 0, 0, 0, 0, -2, -1]",30,4
FF8776,"[3, 2, 2, 2, 5, 4, 1, 0, 4, 0, 0, 0, 0, 0, 5, 3, 3, 0, 0, 0, 0, 0, -2, -1]",31,4
FF8777,"[3, 3, 3, 2, 4, 4, 1, 4, 4, 0, 0, 0, 0, 0, 0, 0, 0, 0, 0, 0, 0, 0, -2, -4]",22,3
FF8778,"[3, 4, 4, 2, 4, 3, 2, 4, 4, 0, 0, 0, 0, 0, 0, 0, 0, 0, 0, 0, 0, 0, -1, 0]",29,4
FF8779,"[3, 2, 3, 2, 5, 4, 2, 4, 4, 0, 0, 0, 0, 0, 5, 3, 3, 0, 0, 0, 0, 0, -1, -1]",38,5
FF8870,"[5, 3, 4, 3, 4, 3, 2, 0, 4, 0, 0, 0, 0, 0, 5, 4, 4, 0, 0, 0, 0, 0, -2, 0]",39,5
FF8871,"[3, 4, 4, 3, 4, 3, 2, 0, 4, 0, 0, 0, 0, 0, 0, 2, 2, 0, 0, 0, 0, 0, -1, -3]",27,4
FF8872,"[3, 4, 5, 2, 4, 4, 1, 4, 0, 0, 0, 0, 0, 0, 0, 0, 0, 0, 0, 0, 0, 0, 0, -1]",26,3
FF8873,"[3, 4, 4, 3, 4, 4, 1, 4, 0, 0, 0, 0, 0, 0, 0, 0, 0, 0, 0, 0, 0, 0, 0, -1]",26,3
FF8874,"[2, 4, 5, 3, 4, 3, 2, 4, 0, 0, 0, 0, 0, 0, 0, 0, 0, 0, 0, 0, 0, 0, 0, 0]",27,4
FF8875,"[1, 5, 5, 2, 3, 3, 3, 0, 0, 0, 0, 0, 0, 0, 0, 0, 0, 0, 0, 0, 0, 0, 0, 0]",22,3
FF8876,"[2, 4, 5, 2, 4, 4, 2, 0, 0, 0, 0, 0, 0, 0, 0, 0, 0, 0, 0, 0, 0, 0, 0, 0]",23,3
FF8877,"[3, 3, 4, 2, 4, 3, 2, 0, 4, 0, 0, 0, 0, 0, 0, 0, 0, 0, 0, 0, 0, 0, 0, -2]",23,3
FF8878,"[1, 4, 5, 2, 3, 3, 3, 0, 4, 0, 0, 0, 0, 0, 0, 0, 0, 0, 0, 0, 0, 0, 0, 0]",25,3
FF8879,"[1, 0, 5, 2, 3, 3, 3, 0, 4, 0, 0, 0, 0, 0, 0, 0, 0, 0, 0, 0, 0, 0, 0, 0]",21,2
FF8971,"[1, 0, 5, 3, 3, 2, 4, 0, 5, 0, 0, 0, 0, 0, 0, 0, 0, 0, 0, 0, 0, 0, 0, 0]",23,3
FF8972,"[1, 4, 5, 3, 3, 3, 2, 0, 4, 0, 0, 0, 0, 0, 0, 0, 0, 0, 0, 0, 0, 0, 0, 0]",25,3
FF8973,"[4, 2, 3, 3, 4, 4, 2, 4, 4, 0, 0, 0, 0, 0, 3, 0, 0, 0, 0, 0, 0, 0, -1, -1]",31,4
FF8974,"[4, 2, 3, 3, 4, 4, 1, 4, 4, 0, 0, 0, 0, 0, 2, 0, 0, 0, 0, 0, 0, 0, -2, -1]",28,4
FF8975,"[3, 4, 4, 3, 3, 3, 0, 0, 4, 0, 0, 0, 0, 0, 0, 0, 0, 0, 0, 0, 0, 0, -2, 0]",22,3
FF8976,"[4, 2, 3, 2, 4, 4, 2, 4, 4, 0, 0, 0, 0, 0, 3, 2, 0, 0, 0, 0, 0, 0, -2, -1]",31,4
FF8977,"[3, 3, 4, 3, 4, 4, 1, 4, 0, 0, 0, 5, 0, 0, 5, 5, 3, 0, 0, 0, 0, 0, 0, -3]",41,5
FF8978,"[3, 4, 4, 2, 5, 4, 2, 4, 0, 0, 0, 0, 0, 0, 0, 1, 1, 0, 0, 0, 0, 0, 0, -3]",27,4
FF8979,"[4, 2, 3, 2, 5, 3, 3, 4, 0, 0, 0, 10, 0, 0, 5, 3, 0, 0, 0, 0, 0, 0, 0, 0]",44,5
FF8368,"[4, 3, 3, 3, 4, 4, 3, 4, 0, 0, 0, 0, 0, 0, 5, 0, 0, 0, 0, 0, 0, 0, -1, -1]",31,4
FF8369,"[3, 3, 3, 3, 5, 4, 2, 4, 0, 0, 0, 0, 0, 0, 0, 0, 0, 0, 0, 0, 0, 0, 0, -1]",26,3
FF8460,"[3, 2, 2, 3, 4, 4, 2, 0, 0, 0, 0, 0, 0, 0, 0, 0, 0, 0, 0, 0, 0, 0, 0, -1]",19,2
FF8461,"[3, 3, 4, 3, 4, 4, 3, 4, 0, 0, 3, 0, 0, 0, 0, 0, 0, 0, 0, 0, 0, 0, 0, -2]",29,4
FF8462,"[3, 3, 3, 3, 4, 4, 2, 0, 0, 0, 0, 0, 0, 0, 0, 0, 0, 0, 0, 0, 0, 0, 0, -1]",21,2
FF8463,"[3, 3, 3, 3, 4, 4, 3, 0, 0, 0, 0, 0, 0, 0, 0, 0, 0, 0, 0, 0, 0, 0, 0, -2]",21,2
FF8464,"[4, 3, 3, 3, 4, 4, 3, 4, 0, 0, 0, 0, 0, 0, 5, 0, 0, 0, 0, 0, 0, 0, 0, -1]",32,4
FF8465,"[3, 3, 4, 3, 4, 3, 2, 0, 0, 0, 0, 0, 0, 0, 0, 0, 0, 0, 0, 0, 0, 0, 0, -2]",20,2
FF8466,"[3, 3, 4, 3, 4, 4, 2, 4, 5, 0, 0, 0, 0, 0, 0, 2, 0, 0, 0, 0, 0, 0, 0, -3]",31,4
FF8467,"[2, 4, 5, 2, 3, 3, 2, 0, 5, 0, 0, 0, 0, 0, 0, 4, 0, 0, 0, 0, 0, 0, 0, -4]",26,3
FF8468,"[2, 4, 5, 2, 3, 3, 4, 0, 5, 0, 0, 0, 0, 0, 0, 3, 0, 0, 0, 0, 0, 0, 0, 0]",31,4
FF8469,"[3, 3, 4, 2, 4, 4, 3, 0, 0, 0, 0, 0, 0, 0, 0, 2, 0, 0, 0, 0, 0, 0, 0, -2]",23,3
FF8560,"[3, 3, 4, 2, 4, 4, 3, 0, 0, 0, 0, 0, 0, 0, 0, 2, 0, 0, 0, 0, 0, 0, 0, -1]",24,3
FF8561,"[3, 4, 4, 3, 5, 4, 1, 0, 0, 0, 0, 0, 0, 0, 0, 0, 0, 0, 0, 0, 0, 0, 0, 0]",24,3
FF8562,"[3, 3, 4, 2, 4, 4, 2, 0, 5, 0, 0, 0, 0, 0, 0, 0, 0, 0, 0, 0, 0, 0, 0, -1]",26,3
FF8563,"[3, 3, 5, 3, 3, 3, 2, 4, 5, 0, 3, 0, 0, 0, 0, 0, 0, 0, 0, 0, 0, 0, 0, -2]",32,4
FF8564,"[2, 3, 5, 3, 3, 3, 4, 0, 5, 0, 0, 0, 0, 0, 0, 0, 0, 0, 0, 0, 0, 0, -1, 0]",27,4
FF8565,"[2, 3, 5, 2, 4, 3, 1, 0, 0, 0, 0, 0, 0, 0, 0, 0, 0, 0, 0, 0, 0, 0, -2, -2]",16,2
FF8566,"[3, 3, 4, 2, 5, 4, 2, 4, 0, 0, 0, 0, 0, 0, 0, 2, 2, 0, 0, 0, 0, -5, -2, -1]",23,3
FF8567,"[3, 3, 4, 3, 4, 4, 3, 4, 0, 0, 0, 0, 0, 0, 0, 3, 3, 0, 0, 0, 0, 0, -1, -2]",31,4
FF8568,"[3, 3, 4, 3, 4, 4, 3, 4, 0, 0, 0, 0, 0, 0, 0, 3, 3, 0, 0, 0, 0, 0, 0, -1]",33,5
FF8569,"[4, 2, 3, 2, 5, 4, 2, 0, 0, 0, 0, 0, 0, 0, 3, 3, 3, 0, 0, 0, 0, 0, 0, -1]",30,4
FF8660,"[3, 4, 4, 1, 4, 4, 3, 0, 0, 0, 0, 0, 0, 0, 0, 2, 2, 0, 0, 0, 0, 0, -1, -2]",24,3
FF8661,"[3, 3, 3, 1, 4, 4, 2, 5, 0, 0, 0, 0, 0, 0, 0, 0, 0, 0, 0, 0, 0, 0, -2, -2]",21,2
FF8662,"[2, 1, 2, 1, 5, 4, 3, 5, 4, 0, 0, 0, 0, 0, 5, 3, 0, 0, 0, 0, 0, 0, -2, -1]",32,4
FF8663,"[2, 2, 2, 1, 3, 5, 1, 5, 4, 0, 0, 0, 0, 0, 5, 4, 0, 0, 0, 0, 0, 0, -4, -2]",28,4
FF8664,"[2, 2, 3, 1, 2, 5, 1, 5, 4, 0, 0, 0, 0, 0, 5, 3, 0, 0, 0, 0, 0, 0, -2, -1]",30,4
FF8665,"[2, 1, 2, 1, 2, 5, 2, 0, 4, 0, 0, 0, 0, 0, 2, 0, 0, 0, 0, 0, 0, 0, -2, -1]",18,2
FF8666,"[3, 2, 3, 1, 3, 4, 2, 4, 4, 0, 0, 0, 0, 0, 0, 0, 0, 0, 0, 0, 0, 0, -2, -1]",23,3
FF8667,"[2, 3, 3, 2, 4, 5, 3, 0, 4, 0, 0, 0, 0, 0, 0, 0, 0, 0, 0, 0, 0, 0, -2, -1]",23,3
FF8668,"[2, 2, 3, 1, 5, 5, 1, 0, 4, 0, 0, 0, 0, 0, 3, 0, 0, 0, 0, 0, 0, 0, -1, -2]",23,3
FF8669,"[3, 2, 3, 3, 4, 4, 2, 4, 0, 0, 0, 0, 0, 0, 5, 0, 0, 0, 0, 0, 0, 0, 0, -1]",29,4
FF8760,"[3, 3, 4, 3, 4, 4, 0, 4, 0, 0, 0, 0, 0, 0, 0, 0, 0, 0, 0, 0, 0, 0, 0, -2]",23,3
FF8761,"[4, 3, 3, 2, 4, 4, 0, 4, 0, 0, 0, 0, 0, 0, 0, 0, 0, 0, 0, 0, 0, 0, -2, -1]",21,2
FF8762,"[4, 2, 2, 2, 3, 4, 1, 0, 0, 0, 3, 0, 0, 0, 0, 0, 0, 0, 0, 0, 0, -5, -2, -1]",13,1
FF8763,"[3, 1, 2, 1, 3, 4, 2, 0, 0, 0, 0, 0, 0, 0, 5, 1, 1, 0, 0, 0, -5, 0, -2, -1]",15,1
FF8764,"[4, 2, 3, 3, 5, 4, 1, 4, 1, 0, 0, 0, 0, 0, 5, 3, 1, 0, 0, 0, 0, 0, -1, 0]",35,5
FF8765,"[3, 4, 5, 3, 4, 4, 1, 0, 0, 0, 0, 0, 0, 0, 0, 2, 0, 0, 0, 0, 0, 0, 0, -2]",24,3
FF8766,"[3, 2, 3, 2, 4, 4, 2, 4, 0, 0, 0, 0, 0, 0, 2, 0, 0, 0, 0, 0, 0, 0, 0, -1]",25,3
FF8767,"[3, 3, 3, 2, 4, 4, 2, 0, 0, 0, 0, 0, 0, 0, 0, 0, 0, 0, 0, 0, 0, 0, 0, -2]",19,2
FF8768,"[3, 4, 4, 3, 5, 4, 2, 4, 4, 0, 0, 0, 0, 0, 3, 0, 0, 0, 0, 0, 0, 0, -2, -3]",31,4
FF8769,"[3, 3, 4, 3, 4, 4, 2, 4, 4, 0, 0, 0, 0, 0, 0, 3, 3, 0, 0, 0, 0, 0, -2, -2]",33,5
FF8860,"[2, 4, 5, 3, 4, 4, 1, 0, 0, 0, 0, 0, 0, 0, 0, 0, 0, 0, 0, 0, 0, 0, 0, -1]",22,3
FF8861,"[3, 3, 3, 3, 4, 4, 3, 4, 3, 0, 0, 0, 0, 0, 5, 2, 2, 0, 0, 0, 0, 0, 0, -2]",37,5
FF8862,"[3, 4, 4, 2, 4, 4, 2, 4, 0, 0, 0, 0, 0, 0, 0, 2, 2, 0, 0, 0, -5, 0, 0, -1]",25,3
FF8863,"[2, 4, 5, 2, 3, 3, 2, 0, 0, 0, 0, 0, 0, 0, 0, 0, 0, 0, 0, 0, 0, 0, 0, 0]",21,2
FF8864,"[1, 5, 5, 2, 3, 3, 4, 0, 0, 0, 0, 0, 0, 0, 0, 0, 0, 0, 0, 0, 0, 0, 0, 0]",23,3
FF8865,"[1, 5, 5, 2, 4, 3, 3, 0, 1, 0, 0, 0, 0, 0, 0, 0, 0, 0, 0, 0, 0, 0, 0, 0]",24,3
FF8866,"[2, 4, 5, 2, 4, 3, 3, 0, 0, 0, 0, 0, 0, 0, 0, 0, 0, 0, 0, 0, 0, 0, 0, 0]",23,3
FF8867,"[3, 3, 4, 3, 4, 4, 3, 0, 4, 0, 0, 0, 0, 0, 2, 0, 0, 0, 0, 0, 0, 0, 0, -2]",28,4
FF8868,"[1, 0, 5, 3, 3, 3, 3, 0, 4, 0, 0, 0, 0, 0, 0, 0, 0, 0, 0, 0, 0, 0, 0, 0]",22,3
FF8869,"[1, 0, 5, 2, 3, 3, 3, 0, 4, 0, 0, 0, 0, 0, 0, 0, 0, 0, 0, 0, 0, 0, 0, 0]",21,2
FF8960,"[1, 0, 5, 3, 3, 3, 3, 0, 5, 0, 0, 0, 0, 0, 0, 0, 0, 0, 0, 0, 0, 0, 0, 0]",23,3
FF8961,"[1, 0, 5, 3, 3, 3, 2, 0, 4, 0, 0, 0, 0, 0, 0, 3, 0, 0, 0, 0, 0, 0, 0, 0]",24,3
FF8962,"[1, 0, 5, 3, 3, 3, 2, 0, 4, 0, 0, 0, 0, 0, 0, 3, 0, 0, 0, 0, 0, 0, 0, 0]",24,3
FF8963,"[1, 3, 5, 2, 3, 3, 1, 0, 4, 0, 0, 0, 0, 0, 0, 3, 0, 0, 0, 0, 0, 0, 0, -4]",21,2
FF8964,"[1, 5, 5, 3, 3, 3, 0, 4, 4, 0, 0, 0, 0, 0, 3, 3, 0, 0, 0, 0, 0, 0, 0, 0]",34,5
FF8965,"[3, 2, 5, 3, 3, 3, 3, 0, 4, 0, 0, 0, 0, 0, 3, 3, 0, 0, 0, 0, 0, 0, 0, -1]",31,4
FF8966,"[3, 2, 4, 3, 4, 4, 2, 4, 0, 0, 0, 0, 0, 0, 0, 2, 0, 0, 0, 0, 0, 0, 0, -2]",26,3
FF8967,"[3, 4, 5, 3, 4, 4, 2, 0, 0, 0, 0, 5, 0, 0, 3, 3, 0, 0, 0, 0, 0, 0, 0, -4]",32,4
FF8968,"[4, 2, 4, 2, 4, 3, 1, 4, 0, 0, 0, 5, 0, 0, 2, 5, 3, 0, 0, 0, 0, 0, 0, -1]",38,5
FF8969,"[2, 2, 5, 2, 3, 3, 1, 0, 0, 0, 0, 0, 0, 0, 0, 2, 0, 0, 0, 0, 0, 0, 0, 0]",20,2
FF8357,"[3, 4, 4, 3, 4, 4, 1, 0, 0, 0, 0, 0, 0, 0, 0, 0, 0, 0, 0, 0, 0, 0, 0, -4]",19,2
FF8358,"[4, 2, 3, 3, 4, 3, 2, 4, 0, 0, 0, 0, 0, 0, 5, 0, 0, 0, 0, 0, 0, 0, -2, 0]",28,4
FF8359,"[4, 2, 3, 3, 4, 4, 2, 0, 0, 0, 0, 0, 0, 0, 3, 0, 0, 0, 0, 0, 0, 0, 0, -1]",24,3
FF8450,"[3, 3, 4, 3, 4, 4, 3, 0, 1, 0, 3, 0, 0, 0, 0, 0, 0, 0, 0, 0, 0, 0, 0, -1]",27,4
FF8451,"[2, 4, 5, 3, 3, 3, 2, 0, 0, 0, 3, 0, 0, 0, 0, 0, 0, 0, 0, 0, 0, 0, 0, 0]",25,3
FF8452,"[2, 4, 5, 3, 4, 3, 1, 0, 0, 0, 0, 0, 0, 0, 0, 0, 0, 0, 0, 0, 0, 0, 0, -2]",20,2
FF8453,"[3, 3, 4, 3, 4, 4, 3, 0, 0, 0, 5, 0, 0, 0, 0, 0, 0, 0, 0, 0, 0, 0, 0, -2]",27,4
FF8454,"[3, 3, 4, 3, 4, 4, 3, 0, 0, 0, 5, 0, 0, 0, 0, 2, 0, 0, 0, 0, 0, 0, 0, -2]",29,4
FF8455,"[2, 4, 5, 3, 3, 3, 2, 0, 5, 0, 3, 0, 0, 0, 0, 3, 0, 0, 0, 0, 0, 0, 0, -2]",31,4
FF8456,"[1, 5, 5, 3, 3, 3, 5, 0, 5, 0, 0, 0, 0, 0, 0, 2, 0, 0, 0, 0, 0, 0, 0, 0]",32,4
FF8457,"[1, 4, 5, 2, 3, 3, 3, 0, 5, 0, 0, 0, 0, 0, 0, 3, 0, 0, 0, 0, 0, 0, 0, 0]",29,4
FF8458,"[3, 3, 4, 3, 4, 4, 2, 4, 5, 0, 0, 0, 0, 0, 0, 0, 0, 0, 0, 0, 0, 0, 0, -2]",30,4
FF8459,"[3, 3, 4, 2, 5, 4, 2, 0, 1, 0, 0, 0, 0, 0, 0, 0, 0, 0, 0, 0, 0, 0, 0, -2]",22,3
FF8550,"[3, 2, 3, 2, 5, 4, 2, 0, 0, 0, 0, 0, 0, 0, 5, 0, 0, 0, 0, 0, 0, 0, 0, -1]",25,3
FF8551,"[3, 3, 3, 2, 4, 4, 3, 0, 0, 0, 0, 0, 0, 0, 0, 1, 0, 0, 0, 0, 0, 0, 0, -2]",21,2
FF8552,"[3, 2, 4, 3, 4, 4, 3, 0, 5, 0, 0, 0, 0, 0, 3, 2, 0, 0, 0, 0, 0, 0, 0, -3]",30,4
FF8553,"[1, 5, 5, 3, 3, 3, 5, 0, 5, 0, 0, 0, 0, 0, 0, 0, 0, 5, 0, 0, 0, 0, 0, 0]",35,5
FF8554,"[3, 4, 4, 2, 4, 4, 2, 0, 5, 0, 0, 0, 0, 0, 0, 0, 0, 0, 0, 0, 0, 0, 0, 0]",28,4
FF8555,"[3, 3, 3, 2, 5, 4, 2, 4, 0, 0, 0, 0, 0, 0, 5, 0, 0, 0, 0, 0, 0, 0, 0, -1]",30,4
FF8556,"[3, 3, 3, 2, 5, 4, 2, 4, 0, 0, 0, 0, 0, 0, 5, 3, 3, 0, 0, 0, 0, 0, 0, -1]",36,5
FF8557,"[3, 4, 4, 2, 4, 4, 3, 0, 0, 0, 0, 0, 0, 0, 0, 0, 0, 0, 0, 0, 0, 0, 0, 0]",24,3
FF8558,"[3, 4, 4, 2, 4, 3, 2, 0, 0, 0, 0, 0, 0, 0, 0, 0, 0, 0, 0, 0, 0, 0, 0, -1]",21,2
FF8559,"[3, 4, 4, 2, 4, 3, 2, 4, 0, 0, 0, 0, 0, 0, 0, 0, 0, 0, 0, 0, 0, 0, 0, -3]",23,3
FF8650,"[3, 3, 4, 2, 5, 4, 2, 4, 0, 0, 0, 0, 0, 0, 0, 0, 0, 0, 0, 0, 0, 0, 0, -4]",23,3
FF8651,"[3, 3, 4, 2, 5, 4, 1, 4, 0, 0, 0, 0, 0, 0, 0, 0, 0, 0, 0, 0, 0, 0, 0, -4]",22,3
FF8652,"[2, 2, 2, 2, 4, 5, 2, 4, 0, 0, 0, 0, 0, 0, 0, 0, 0, 0, 0, 0, 0, 0, 0, -1]",22,3
FF8653,"[2, 1, 2, 1, 5, 5, 1, 0, 0, 0, 0, 0, 0, 0, 5, 0, 0, 0, 0, 0, 0, 0, -2, -1]",19,2
FF8654,"[3, 2, 3, 2, 5, 4, 3, 4, 1, 0, 0, 0, 0, 0, 5, 4, 0, 0, 0, 0, 0, 0, 0, -1]",35,5
FF8655,"[3, 3, 4, 2, 4, 4, 2, 0, 0, 0, 0, 0, 0, 0, 3, 0, 0, 0, 0, 0, 0, 0, 0, 0]",25,3
FF8656,"[3, 4, 4, 2, 4, 4, 2, 0, 0, 0, 0, 0, 0, 0, 0, 0, 0, 0, 0, 0, 0, 0, 0, -5]",18,2
FF8657,"[3, 3, 3, 2, 4, 4, 2, 0, 0, 0, 0, 0, 0, 0, 0, 0, 0, 0, 0, 0, 0, 0, 0, -2]",19,2
FF8658,"[3, 3, 3, 2, 5, 5, 2, 0, 0, 0, 0, 0, 0, 0, 0, 0, 0, 0, 0, 0, 0, 0, 0, -2]",21,2
FF8659,"[3, 4, 5, 2, 4, 3, 2, 0, 0, 0, 0, 0, 0, 0, 3, 0, 0, 0, 0, 0, 0, 0, 0, -1]",25,3
FF8750,"[2, 4, 5, 2, 4, 3, 2, 4, 0, 0, 0, 0, 0, 0, 0, 0, 0, 0, 0, 0, 0, 0, 0, -2]",24,3
FF8751,"[3, 3, 4, 3, 4, 4, 2, 0, 0, 0, 0, 0, 0, 0, 0, 0, 0, 0, 0, 0, 0, 0, 0, -2]",21,2
FF8752,"[4, 2, 3, 3, 4, 4, 3, 0, 0, 0, 0, 0, 0, 0, 5, 0, 0, 0, 0, 0, 0, 0, 0, -1]",27,4
FF8753,"[3, 3, 4, 3, 4, 4, 2, 4, 0, 0, 0, 0, 0, 0, 0, 0, 0, 0, 0, 0, 0, 0, 0, -2]",25,3
FF8754,"[3, 3, 4, 2, 3, 4, 3, 4, 0, 0, 0, 0, 0, 0, 2, 0, 0, 0, 0, 0, 0, 0, 0, -2]",26,3
FF8755,"[3, 3, 4, 3, 4, 3, 2, 4, 0, 0, 0, 0, 0, 0, 3, 2, 0, 0, 0, 0, 0, 0, 0, -1]",30,4
FF8756,"[3, 3, 4, 2, 4, 4, 2, 4, 0, 0, 0, 0, 0, 0, 0, 2, 0, 0, 0, 0, 0, 0, 0, -2]",26,3
FF8757,"[3, 3, 4, 3, 4, 4, 2, 4, 0, 0, 0, 0, 0, 0, 3, 0, 0, 0, 0, 0, 0, 0, 0, -1]",29,4
FF8758,"[3, 4, 4, 3, 4, 4, 2, 0, 0, 0, 0, 0, 0, 0, 0, 0, 0, 0, 0, 0, 0, 0, 0, -2]",22,3
FF8759,"[3, 2, 5, 3, 4, 3, 3, 0, 0, 0, 0, 0, 0, 0, 0, 3, 3, 0, 0, 0, 0, 0, 0, -1]",28,4
FF8850,"[3, 4, 5, 3, 3, 4, 3, 4, 0, 0, 0, 0, 0, 0, 0, 2, 2, 0, 0, 0, 0, 0, 0, -4]",29,4
FF8851,"[3, 3, 3, 3, 5, 4, 1, 4, 0, 0, 0, 0, 0, 0, 0, 2, 2, 0, 0, 0, 0, 0, 0, -2]",28,4
FF8852,"[3, 4, 4, 3, 4, 4, 3, 4, 0, 0, 0, 0, 0, 0, 0, 3, 3, 0, 0, 0, -5, 0, 0, -2]",28,4
FF8853,"[2, 4, 5, 2, 3, 3, 3, 0, 0, 0, 0, 0, 0, 0, 0, 0, 0, 0, 0, 0, -5, 0, 0, 0]",17,2
FF8854,"[1, 0, 5, 2, 3, 3, 2, 0, 0, 0, 0, 0, 0, 0, 0, 0, 0, 0, 0, 0, 0, 0, 0, 0]",16,2
FF8855,"[1, 0, 5, 2, 3, 3, 4, 0, 0, 0, 0, 0, 0, 0, 0, 0, 0, 0, 0, 0, 0, 0, 0, 0]",18,2
FF8856,"[3, 3, 4, 3, 4, 4, 3, 4, 0, 0, 0, 0, 0, 0, 0, 0, 0, 0, 0, 0, 0, 0, 0, -1]",27,4
FF8857,"[3, 4, 4, 3, 4, 4, 3, 0, 4, 0, 0, 0, 0, 0, 5, 0, 0, 0, 0, 0, 0, 0, 0, -1]",33,5
FF8858,"[1, 0, 5, 2, 3, 3, 2, 0, 4, 0, 0, 0, 0, 0, 0, 2, 0, 0, 0, 0, 0, 0, 0, 0]",22,3
FF8859,"[1, 0, 5, 2, 3, 3, 3, 0, 4, 0, 0, 0, 0, 0, 0, 3, 0, 0, 0, 0, 0, 0, 0, 0]",24,3
FF8950,"[1, 5, 5, 2, 3, 3, 3, 4, 4, 0, 0, 0, 0, 0, 0, 3, 0, 0, 0, 0, 0, 0, 0, 0]",33,5
FF8951,"[1, 0, 5, 2, 3, 3, 3, 0, 4, 0, 0, 0, 0, 0, 0, 1, 0, 0, 0, 0, 0, 0, 0, 0]",22,3
FF8952,"[1, 5, 5, 3, 3, 3, 3, 0, 4, 0, 0, 0, 0, 0, 3, 0, 0, 0, 0, 0, 0, 0, 0, 0]",30,4
FF8953,"[3, 3, 5, 3, 3, 3, 3, 4, 4, 0, 0, 0, 0, 0, 3, 0, 0, 0, 0, 0, 0, 0, 0, -2]",32,4
FF8954,"[3, 3, 4, 3, 4, 4, 3, 4, 4, 0, 0, 0, 0, 0, 3, 0, 0, 0, 0, 0, 0, 0, 0, -1]",34,5
FF8955,"[2, 2, 5, 3, 3, 3, 2, 4, 4, 0, 0, 0, 0, 0, 0, 0, 0, 0, 0, 0, 0, 0, 0, -2]",26,3
FF8956,"[2, 3, 5, 2, 4, 3, 2, 4, 0, 0, 0, 0, 0, 0, 0, 0, 0, 0, 0, 0, 0, 0, 0, -4]",21,2
FF8957,"[3, 4, 4, 2, 4, 4, 2, 0, 0, 0, 0, 10, 0, 0, 2, 2, 1, 0, 0, 0, 0, 0, 0, 0]",38,5
FF8958,"[3, 3, 5, 2, 4, 3, 1, 0, 0, 0, 0, 10, 0, 0, 0, 4, 3, 0, 0, 0, 0, 0, 0, 0]",38,5
FF8959,"[2, 4, 5, 2, 3, 3, 2, 0, 0, 0, 0, 0, 0, 0, 0, 0, 0, 0, 0, 0, 0, 0, 0, -1]",20,2
FF8341,"[4, 2, 2, 2, 5, 4, 2, 0, 4, 0, 0, 0, 0, 0, 2, 0, 0, 0, 0, 0, 0, 0, -2, -1]",24,3
FF8342,"[4, 2, 2, 2, 4, 4, 3, 0, 4, 0, 0, 0, 0, 0, 0, 0, 0, 0, 0, 0, 0, 0, -2, -1]",22,3
FF8347,"[3, 4, 4, 3, 4, 4, 2, 4, 0, 0, 3, 0, 0, 0, 0, 0, 0, 0, 0, -5, 0, 0, 0, -2]",24,3
FF8348,"[4, 3, 3, 3, 4, 3, 3, 4, 0, 0, 3, 0, 0, 0, 3, 0, 0, 0, 0, 0, 0, 0, -2, -1]",30,4
FF8349,"[3, 3, 3, 3, 4, 4, 2, 0, 0, 0, 0, 0, 0, 0, 2, 0, 0, 0, 0, 0, 0, 0, 0, -1]",23,3
FF8440,"[3, 3, 4, 2, 4, 4, 1, 0, 0, 0, 0, 0, 0, 0, 2, 0, 0, 0, 0, 0, 0, 0, 0, -1]",22,3
FF8441,"[3, 3, 3, 3, 4, 4, 2, 0, 0, 0, 4, 0, 0, 0, 0, 0, 0, 0, 0, 0, 0, 0, 0, -2]",24,3
FF8442,"[3, 3, 4, 3, 5, 4, 2, 0, 0, 0, 4, 0, 0, 0, 0, 0, 0, 0, 0, 0, 0, 0, 0, -3]",25,3
FF8443,"[3, 4, 4, 2, 4, 4, 3, 0, 0, 0, 0, 0, 0, 0, 0, 3, 0, 0, 0, 0, 0, 0, 0, -2]",25,3
FF8444,"[2, 3, 5, 2, 4, 3, 2, 0, 0, 0, 0, 0, 0, 0, 0, 3, 0, 0, 0, 0, 0, 0, 0, -4]",20,2
FF8445,"[1, 4, 5, 2, 3, 3, 4, 0, 0, 0, 0, 0, 0, 0, 0, 0, 0, 0, 0, 0, 0, 0, 0, -5]",17,2
FF8446,"[2, 3, 5, 3, 3, 3, 3, 4, 5, 0, 0, 0, 0, 0, 0, 0, 0, 0, 0, 0, -5, 0, 0, -2]",24,3
FF8447,"[3, 3, 4, 3, 4, 4, 3, 4, 5, 0, 0, 0, 0, 0, 0, 2, 0, 0, 0, 0, 0, 0, 0, -3]",32,4
FF8448,"[3, 2, 3, 2, 5, 5, 2, 4, 0, 0, 0, 0, 0, 0, 0, 3, 0, 0, 0, 0, 0, 0, 0, -2]",27,4
FF8449,"[3, 3, 3, 2, 4, 4, 2, 0, 0, 0, 0, 0, 0, 0, 0, 2, 0, 0, 0, 0, 0, 0, 0, -4]",19,2
FF8540,"[4, 3, 3, 2, 4, 4, 2, 0, 0, 0, 0, 0, 0, 0, 5, 3, 0, 0, 0, 0, 0, 0, 0, -1]",29,4
FF8541,"[3, 3, 4, 2, 5, 4, 1, 0, 0, 0, 0, 0, 0, 0, 0, 3, 0, 0, 0, 0, 0, 0, 0, -2]",23,3
FF8542,"[2, 4, 5, 2, 4, 3, 3, 0, 5, 0, 0, 0, 0, 0, 3, 3, 0, 0, 0, 0, 0, 0, 0, -4]",30,4
FF8543,"[3, 3, 5, 3, 3, 3, 3, 4, 5, 0, 0, 0, 0, 0, 0, 0, 0, 0, 0, 0, 0, 0, 0, -3]",29,4
FF8544,"[3, 3, 4, 2, 4, 4, 2, 0, 5, 0, 0, 0, 0, 0, 5, 0, 0, 0, 0, 0, 0, 0, 0, -4]",28,4
FF8545,"[3, 2, 2, 2, 5, 4, 3, 4, 0, 0, 0, 0, 0, 0, 5, 0, 0, 5, 0, 0, 0, 0, 0, -1]",34,5
FF8546,"[2, 4, 3, 2, 5, 5, 2, 0, 0, 0, 0, 0, 0, 0, 0, 3, 3, 0, 0, 0, 0, 0, 0, -2]",27,4
FF8547,"[2, 4, 5, 2, 4, 3, 1, 0, 0, 0, 0, 0, 0, 0, 0, 0, 0, 0, 0, 0, 0, 0, 0, 0]",21,2
FF8548,"[2, 4, 5, 2, 4, 4, 2, 0, 0, 0, 0, 0, 0, 0, 0, 0, 0, 0, 0, 0, 0, 0, 0, 0]",23,3
FF8549,"[2, 4, 4, 3, 4, 4, 2, 0, 0, 0, 0, 0, 0, 0, 0, 0, 0, 0, 0, 0, 0, 0, 0, 0]",23,3
FF8640,"[3, 3, 3, 2, 5, 5, 2, 0, 0, 0, 0, 0, 0, 0, 0, 0, 0, 0, 0, 0, 0, 0, 0, -2]",21,2
FF8641,"[3, 2, 2, 2, 5, 4, 3, 0, 0, 0, 0, 0, 0, 0, 2, 0, 0, 0, 0, 0, 0, 0, 0, -1]",22,3
FF8642,"[2, 2, 2, 2, 5, 5, 2, 4, 0, 0, 0, 0, 0, 0, 5, 0, 0, 0, 0, 0, 0, 0, 0, -2]",27,4
FF8643,"[2, 3, 3, 2, 4, 5, 2, 4, 0, 0, 0, 0, 0, 0, 5, 0, 0, 0, 0, 0, 0, 0, -2, -4]",24,3
FF8644,"[1, 4, 5, 3, 3, 3, 3, 0, 0, 0, 0, 0, 0, 0, 0, 4, 0, 0, 0, 0, 0, 0, 0, 0]",26,3
FF8645,"[2, 4, 5, 2, 4, 3, 2, 0, 0, 0, 0, 0, 0, 0, 0, 0, 0, 0, 0, 0, 0, 0, 0, 0]",22,3
FF8646,"[3, 3, 4, 2, 4, 4, 3, 4, 0, 0, 0, 0, 0, 0, 0, 0, 0, 0, 0, 0, 0, 0, 0, -1]",26,3
FF8647,"[3, 3, 4, 2, 4, 4, 3, 4, 0, 0, 0, 0, 0, 0, 0, 0, 0, 0, 0, 0, 0, 0, 0, -2]",25,3
FF8648,"[3, 4, 4, 2, 5, 4, 2, 4, 0, 0, 0, 0, 0, 0, 3, 0, 0, 0, 0, 0, 0, 0, 0, -1]",30,4
FF8649,"[3, 3, 4, 3, 4, 3, 3, 4, 0, 0, 0, 0, 0, 0, 5, 0, 0, 0, 0, 0, 0, 0, 0, -2]",30,4
FF8740,"[2, 4, 5, 3, 4, 3, 3, 0, 0, 0, 0, 0, 0, 0, 0, 0, 0, 0, 0, 0, 0, 0, 0, -4]",20,2
FF8741,"[3, 3, 4, 3, 4, 4, 3, 4, 0, 0, 0, 0, 0, 0, 3, 0, 0, 0, 0, 0, 0, 0, 0, -2]",29,4
FF8742,"[3, 4, 4, 3, 4, 4, 2, 0, 0, 0, 0, 0, 0, 0, 3, 0, 0, 0, 0, 0, 0, 0, 0, -4]",23,3
FF8743,"[3, 4, 5, 3, 4, 4, 2, 4, 0, 0, 0, 0, 0, 0, 0, 0, 0, 0, 0, 0, 0, 0, 0, -4]",25,3
FF8744,"[3, 3, 4, 3, 4, 4, 2, 0, 0, 0, 0, 0, 0, 0, 0, 0, 0, 0, 0, 0, 0, 0, 0, -2]",21,2
FF8745,"[3, 3, 3, 2, 4, 4, 2, 4, 1, 0, 0, 0, 0, 0, 0, 1, 0, 0, 0, 0, 0, 0, 0, -2]",25,3
FF8746,"[3, 3, 3, 2, 4, 4, 2, 0, 0, 0, 0, 0, 0, 0, 0, 2, 0, 0, 0, 0, 0, 0, 0, -1]",22,3
FF8747,"[3, 3, 4, 4, 4, 3, 3, 0, 0, 0, 0, 0, 0, 0, 3, 0, 0, 0, 0, 0, 0, 0, 0, -1]",26,3
FF8748,"[3, 4, 4, 2, 4, 4, 2, 0, 0, 0, 0, 0, 0, 0, 0, 4, 2, 0, 0, 0, 0, 0, 0, -4]",25,3
FF8749,"[2, 3, 5, 3, 3, 3, 3, 4, 0, 0, 0, 0, 0, 0, 0, 4, 3, 0, 0, 0, 0, 0, 0, -2]",31,4
FF8840,"[1, 4, 5, 2, 3, 3, 3, 0, 0, 0, 0, 0, 0, 0, 0, 4, 3, 0, 0, 0, 0, 0, 0, 0]",28,4
FF8841,"[2, 4, 5, 1, 4, 4, 2, 0, 0, 0, 0, 0, 0, 0, 0, 3, 0, 0, 0, 0, 0, 0, 0, 0]",25,3
FF8842,"[4, 3, 4, 2, 4, 4, 1, 4, 0, 0, 0, 0, 0, 0, 0, 4, 3, 0, 0, 0, 0, 0, 0, -1]",32,4
FF8843,"[2, 4, 5, 2, 3, 3, 3, 4, 0, 0, 0, 0, 0, 0, 0, 3, 1, 0, 0, 0, 0, 0, 0, -4]",26,3
FF8844,"[1, 0, 5, 2, 3, 3, 3, 0, 0, 0, 0, 0, 0, 0, 0, 3, 0, 0, 0, 0, 0, 0, 0, 0]",20,2
FF8845,"[1, 0, 5, 3, 3, 3, 3, 0, 0, 0, 0, 0, 0, 0, 0, 3, 0, 0, 0, 0, 0, 0, 0, 0]",21,2
FF8846,"[2, 3, 5, 2, 4, 3, 3, 0, 4, 0, 0, 0, 0, 0, 0, 4, 2, 0, 0, 0, 0, 0, 0, 0]",32,4
FF8847,"[2, 4, 5, 2, 4, 3, 3, 0, 4, 0, 0, 0, 0, 0, 0, 3, 0, 0, 0, 0, 0, 0, 0, 0]",30,4
FF8848,"[1, 0, 5, 2, 3, 3, 2, 0, 4, 0, 0, 0, 0, 0, 0, 2, 0, 0, 0, 0, 0, 0, 0, 0]",22,3
FF8849,"[1, 0, 5, 2, 3, 3, 4, 0, 4, 0, 0, 0, 0, 0, 0, 0, 0, 0, 0, 0, 0, 0, 0, 0]",22,3
FF8940,"[1, 5, 5, 2, 3, 2, 4, 4, 4, 0, 0, 0, 0, 0, 0, 0, 0, 0, 0, 0, 0, 0, 0, 0]",30,4
FF8941,"[1, 4, 5, 2, 3, 2, 3, 0, 4, 0, 0, 0, 0, 0, 0, 0, 0, 0, 0, 0, 0, 0, 0, 0]",24,3
FF8942,"[4, 4, 4, 2, 4, 4, 3, 0, 4, 0, 0, 0, 0, 0, 0, 0, 0, 0, 0, 0, 0, 0, 0, -4]",25,3
FF8943,"[1, 4, 5, 2, 3, 3, 1, 0, 0, 0, 0, 0, 0, 0, 0, 0, 0, 0, 0, 0, 0, 0, 0, 0]",19,2
FF8944,"[1, 5, 5, 2, 3, 3, 2, 0, 0, 0, 0, 0, 0, 0, 0, 0, 0, 0, 0, 0, 0, 0, 0, 0]",21,2
FF8945,"[3, 3, 4, 2, 4, 4, 2, 4, 0, 0, 0, 0, 0, 0, 0, 0, 0, 0, 0, 0, 0, 0, 0, -2]",24,3
FF8946,"[4, 2, 3, 2, 5, 4, 2, 0, 0, 0, 0, 0, 0, 0, 0, 0, 0, 0, 0, 0, 0, 0, 0, -1]",21,2
FF8947,"[3, 2, 3, 2, 5, 5, 2, 0, 0, 0, 0, 0, 0, 0, 5, 0, 0, 0, 0, 0, 0, 0, 0, -1]",26,3
FF8948,"[3, 2, 2, 2, 5, 5, 2, 0, 0, 0, 0, 10, 0, 0, 2, 2, 2, 0, 0, 0, 0, 0, 0, -2]",35,5
FF8949,"[3, 3, 4, 1, 4, 4, 1, 0, 0, 0, 0, 10, 0, 0, 5, 4, 3, 0, 0, 0, 0, 0, 0, -4]",38,5
FF8239,"[4, 1, 2, 2, 4, 3, 1, 0, 1, 0, 0, 0, 0, 0, 5, 3, 3, 0, 0, 0, 0, 0, -1, 0]",28,4
FF8330,"[4, 1, 1, 2, 5, 2, 1, 0, 1, 0, 0, 0, 0, 0, 5, 1, 0, 0, 0, 0, 0, 0, -1, 0]",22,3
FF8331,"[4, 1, 1, 2, 5, 3, 1, 0, 0, 0, 0, 0, 0, 0, 5, 2, 0, 0, 0, 0, 0, 0, 0, 0]",24,3
FF8332,"[4, 3, 2, 2, 4, 4, 2, 4, 4, 0, 0, 0, 0, 0, 5, 0, 0, 0, 0, 0, 0, 0, -2, -1]",31,4
FF8333,"[3, 3, 4, 3, 4, 4, 2, 0, 4, 0, 0, 0, 0, 0, 3, 0, 0, 0, 0, 0, 0, 0, 0, -1]",29,4
FF8337,"[4, 3, 3, 2, 4, 4, 2, 4, 0, 0, 4, 0, 0, 0, 2, 0, 0, 0, 0, 0, 0, 0, 0, -1]",31,4
FF8338,"[4, 3, 3, 3, 4, 4, 2, 4, 0, 0, 0, 0, 0, 0, 0, 0, 0, 0, 0, 0, 0, 0, -2, -1]",24,3
FF8339,"[3, 4, 4, 3, 4, 4, 2, 0, 0, 0, 0, 0, 0, 0, 0, 0, 0, 0, 0, 0, 0, 0, 0, -2]",22,3
FF8430,"[2, 4, 5, 3, 3, 3, 2, 0, 0, 0, 0, 0, 0, 0, 0, 0, 0, 0, 0, 0, 0, 0, 0, -4]",18,2
FF8431,"[3, 3, 3, 3, 5, 5, 2, 0, 0, 0, 3, 0, 0, 0, 0, 0, 0, 0, 0, 0, 0, 0, 0, -1]",26,3
FF8432,"[3, 3, 4, 3, 4, 4, 2, 0, 0, 0, 0, 0, 0, 0, 0, 3, 0, 0, 0, 0, 0, 0, 0, -2]",24,3
FF8433,"[1, 3, 5, 2, 3, 3, 1, 0, 0, 0, 0, 0, 0, 0, 0, 1, 0, 0, 0, 0, 0, 0, 0, -5]",14,1
FF8434,"[3, 3, 5, 2, 3, 3, 3, 0, 1, 0, 0, 0, 0, 0, 0, 0, 0, 0, 0, 0, 0, 0, 0, -2]",21,2
FF8435,"[3, 3, 3, 2, 5, 4, 1, 0, 0, 0, 0, 0, 0, 0, 0, 0, 0, 0, 0, 0, 0, 0, 0, -3]",18,2
FF8436,"[3, 3, 3, 2, 5, 4, 3, 0, 0, 0, 3, 0, 0, 0, 0, 0, 0, 0, 0, 0, 0, 0, 0, -3]",23,3
FF8437,"[3, 2, 3, 2, 4, 4, 3, 0, 0, 0, 0, 0, 0, 0, 3, 0, 0, 0, 0, 0, 0, 0, 0, -2]",22,3
FF8438,"[4, 3, 3, 2, 4, 4, 3, 4, 0, 0, 0, 0, 0, 0, 0, 0, 0, 0, 0, 0, 0, 0, 0, -1]",26,3
FF8439,"[3, 3, 3, 3, 5, 5, 2, 0, 0, 0, 0, 0, 0, 0, 5, 2, 0, 0, 0, 0, 0, 0, 0, -2]",29,4
FF8530,"[3, 3, 3, 2, 5, 4, 3, 4, 0, 0, 0, 0, 0, 0, 0, 0, 0, 0, 0, 0, 0, 0, 0, -1]",26,3
FF8531,"[3, 4, 4, 2, 4, 4, 1, 0, 0, 0, 0, 0, 0, 0, 0, 3, 0, 0, 0, 0, 0, 0, 0, -3]",22,3
FF8532,"[3, 3, 4, 2, 4, 4, 2, 4, 0, 0, 0, 0, 0, 0, 0, 1, 0, 0, 0, 0, -5, 0, 0, -4]",18,2
FF8533,"[3, 4, 4, 2, 4, 4, 2, 4, 0, 0, 0, 0, 0, 0, 0, 0, 0, 0, 0, 0, 0, 0, 0, -3]",24,3
FF8534,"[3, 3, 3, 2, 5, 4, 2, 4, 0, 0, 0, 0, 0, 0, 5, 0, 0, 0, 0, 0, 0, 0, 0, -1]",30,4
FF8535,"[3, 2, 3, 2, 5, 4, 2, 0, 0, 0, 0, 0, 0, 0, 5, 3, 3, 0, 0, 0, 0, 0, 0, -1]",31,4
FF8536,"[3, 4, 4, 2, 4, 4, 2, 0, 0, 0, 0, 0, 0, 0, 0, 1, 1, 0, 0, 0, 0, 0, 0, 0]",25,3
FF8537,"[3, 4, 4, 2, 4, 4, 1, 4, 0, 0, 0, 0, 0, 0, 0, 0, 0, 0, 0, 0, 0, 0, 0, -5]",21,2
FF8538,"[3, 4, 4, 2, 4, 4, 3, 4, 0, 0, 0, 0, 0, 0, 0, 0, 0, 0, 0, 0, 0, 0, 0, 0]",28,4
FF8539,"[2, 2, 3, 2, 5, 5, 2, 0, 0, 0, 0, 0, 0, 0, 0, 0, 0, 0, 0, 0, 0, 0, 0, -2]",19,2
FF8630,"[3, 2, 2, 2, 4, 4, 3, 4, 0, 0, 0, 0, 0, 0, 3, 0, 0, 0, 0, 0, 0, 0, 0, -1]",26,3
FF8631,"[3, 3, 4, 3, 4, 4, 2, 4, 0, 0, 0, 0, 0, 0, 0, 0, 0, 0, 0, 0, 0, 0, 0, -3]",24,3
FF8632,"[3, 4, 4, 3, 5, 4, 1, 0, 0, 0, 0, 0, 0, 0, 0, 0, 0, 0, 0, 0, 0, 0, 0, -4]",20,2
FF8633,"[3, 2, 3, 2, 5, 4, 3, 4, 0, 0, 0, 0, 0, 0, 5, 0, 0, 0, 0, 0, 0, 0, -2, -2]",27,4
FF8634,"[2, 3, 5, 3, 4, 3, 3, 0, 0, 0, 0, 0, 0, 0, 0, 3, 0, 0, 0, 0, 0, 0, 0, -2]",24,3
FF8635,"[3, 3, 4, 2, 5, 4, 2, 0, 0, 0, 0, 0, 0, 0, 0, 3, 0, 0, 0, 0, 0, 0, 0, -4]",22,3
FF8636,"[3, 3, 3, 2, 4, 4, 3, 0, 0, 0, 0, 0, 0, 0, 3, 5, 0, 0, 0, 0, 0, 0, 0, -2]",28,4
FF8637,"[3, 4, 4, 3, 4, 4, 2, 0, 0, 0, 0, 0, 0, 0, 0, 2, 0, 0, 0, 0, 0, 0, 0, -2]",24,3
FF8638,"[3, 3, 4, 3, 4, 4, 3, 0, 0, 0, 0, 0, 0, 0, 0, 0, 0, 0, 0, 0, 0, 0, 0, -1]",23,3
FF8639,"[3, 4, 5, 3, 4, 4, 2, 4, 0, 0, 0, 0, 0, 0, 0, 0, 0, 0, 0, 0, 0, 0, 0, -4]",25,3
FF8730,"[3, 4, 5, 3, 4, 3, 2, 0, 0, 0, 0, 0, 0, 0, 3, 0, 0, 0, 0, 0, 0, 0, 0, -4]",23,3
FF8731,"[4, 3, 4, 3, 4, 3, 3, 4, 0, 0, 0, 0, 0, 0, 5, 0, 0, 0, 0, 0, 0, 0, 0, -2]",31,4
FF8732,"[2, 4, 5, 3, 4, 3, 2, 0, 0, 0, 0, 0, 0, 0, 0, 0, 0, 0, 0, 0, 0, 0, 0, -5]",18,2
FF8733,"[2, 3, 5, 2, 3, 3, 2, 0, 0, 0, 0, 0, 0, 0, 0, 0, 0, 0, 0, 0, 0, 0, 0, -2]",18,2
FF8734,"[3, 4, 4, 2, 4, 4, 2, 0, 0, 0, 0, 0, 0, 0, 0, 0, 0, 0, 0, 0, 0, 0, 0, -3]",20,2
FF8735,"[3, 3, 3, 2, 5, 4, 2, 4, 0, 0, 0, 0, 0, 0, 0, 3, 0, 0, 0, 0, 0, 0, 0, -2]",27,4
FF8736,"[3, 3, 4, 2, 4, 3, 2, 0, 0, 0, 0, 0, 0, 0, 0, 0, 0, 0, 0, 0, 0, 0, 0, -2]",19,2
FF8737,"[1, 4, 5, 3, 3, 3, 2, 0, 0, 0, 0, 0, 0, 0, 0, 2, 0, 0, 0, 0, 0, 0, 0, -3]",20,2
FF8738,"[1, 5, 5, 2, 3, 3, 4, 0, 0, 0, 0, 0, 0, 0, 0, 2, 0, 0, 0, 0, 0, 0, 0, 0]",25,3
FF8739,"[1, 4, 5, 2, 3, 3, 4, 4, 0, 0, 0, 0, 0, 0, 0, 0, 0, 0, 0, 0, 0, 0, 0, -4]",22,3
FF8830,"[3, 3, 5, 2, 3, 3, 3, 4, 0, 0, 0, 0, 0, 0, 0, 0, 0, 0, 0, 0, 0, 0, 0, -1]",25,3
FF8831,"[3, 3, 3, 2, 4, 4, 2, 4, 0, 0, 0, 0, 0, 0, 0, 0, 0, 0, 0, 0, 0, 0, 0, -1]",24,3
FF8832,"[3, 4, 4, 2, 4, 4, 2, 4, 0, 0, 0, 0, 0, 0, 0, 0, 0, 0, 0, 0, 0, 0, 0, 0]",27,4
FF8833,"[1, 5, 5, 2, 3, 3, 3, 0, 0, 0, 0, 0, 0, 0, 0, 2, 2, 0, 0, 0, 0, 0, 0, 0]",26,3
FF8834,"[2, 4, 5, 2, 3, 3, 3, 4, 0, 0, 0, 0, 0, 0, 0, 3, 3, 0, 0, 0, 0, 0, 0, -3]",29,4
FF8835,"[3, 2, 3, 2, 4, 4, 3, 4, 0, 0, 0, 0, 0, 0, 0, 3, 3, 0, 0, 0, 0, 0, 0, -2]",29,4
FF8836,"[3, 2, 4, 2, 4, 4, 3, 0, 4, 0, 0, 0, 0, 0, 0, 2, 2, 0, 0, 0, 0, 0, 0, -2]",28,4
FF8837,"[1, 0, 5, 2, 3, 3, 3, 0, 4, 0, 0, 0, 0, 0, 0, 0, 0, 0, 0, 0, 0, 0, 0, 0]",21,2
FF8838,"[1, 0, 5, 2, 3, 3, 4, 0, 4, 0, 0, 0, 0, 0, 0, 0, 0, 0, 0, 0, 0, 0, 0, 0]",22,3
FF8839,"[1, 5, 5, 2, 3, 3, 5, 0, 4, 0, 0, 0, 0, 0, 0, 0, 0, 0, 0, 0, 0, 0, 0, 0]",28,4
FF8930,"[1, 0, 5, 2, 3, 3, 3, 0, 4, 0, 0, 0, 0, 0, 0, 0, 0, 0, 0, 0, 0, 0, 0, 0]",21,2
FF8931,"[1, 5, 5, 2, 3, 3, 2, 0, 4, 0, 0, 0, 0, 0, 0, 0, 0, 0, 0, 0, 0, 0, 0, 0]",25,3
FF8932,"[3, 3, 3, 2, 5, 5, 2, 4, 4, 0, 0, 0, 0, 0, 0, 0, 0, 0, 0, 0, 0, 0, 0, -2]",29,4
FF8933,"[3, 3, 3, 2, 5, 4, 2, 0, 0, 0, 0, 0, 0, 0, 3, 0, 0, 0, 0, 0, 0, 0, 0, -2]",23,3
FF8934,"[2, 3, 5, 2, 3, 3, 2, 0, 0, 0, 0, 0, 0, 0, 0, 0, 0, 0, 0, 0, 0, 0, 0, -2]",18,2
FF8935,"[3, 3, 4, 2, 5, 4, 2, 0, 0, 0, 0, 0, 0, 0, 0, 0, 0, 0, 0, 0, 0, 0, 0, -4]",19,2
FF8936,"[1, 3, 3, 2, 5, 5, 1, 4, 0, 0, 0, 0, 0, 0, 0, 0, 0, 0, 0, 0, 0, 0, 0, -1]",23,3
FF8937,"[1, 2, 3, 2, 5, 5, 1, 0, 0, 0, 0, 0, 0, 0, 3, 0, 0, 0, 0, 0, 0, 0, 0, -1]",21,2
FF8938,"[2, 2, 2, 1, 5, 5, 1, 0, 0, 0, 0, 0, 0, 0, 0, 0, 0, 0, 0, 0, 0, 0, -1, -1]",16,2
FF8939,"[4, 2, 2, 2, 4, 4, 2, 4, 0, 0, 0, 5, 0, 0, 2, 0, 0, 0, 0, 0, 0, 0, -2, -1]",28,4
FF8226,"[3, 3, 3, 2, 5, 4, 1, 0, 0, 0, 0, 0, 0, 0, 0, 2, 2, 0, 0, 0, 0, 0, 0, -2]",23,3
FF8227,"[2, 3, 3, 1, 5, 5, 2, 4, 0, 0, 0, 0, 0, 0, 0, 0, 0, 0, 0, 0, 0, 0, 0, -1]",24,3
FF8228,"[4, 3, 3, 3, 4, 4, 1, 5, 0, 0, 0, 0, 0, 0, 0, 0, 0, 0, 0, 0, 0, 0, 0, -1]",26,3
FF8229,"[3, 4, 4, 3, 4, 3, 1, 4, 0, 0, 0, 0, 0, 0, 0, 3, 3, 0, 0, 0, 0, 0, 0, -1]",31,4
FF8320,"[3, 3, 4, 3, 4, 4, 1, 0, 0, 0, 0, 0, 0, 0, 0, 3, 3, 0, 0, 0, 0, 0, 0, -1]",27,4
FF8321,"[3, 3, 4, 3, 5, 4, 1, 0, 0, 0, 0, 0, 0, 0, 0, 0, 0, 0, 0, 0, 0, 0, 0, -2]",21,2
FF8322,"[4, 3, 3, 3, 4, 4, 2, 0, 4, 0, 0, 0, 0, 0, 5, 0, 0, 0, 0, 0, 0, 0, -2, -1]",29,4
FF8323,"[3, 3, 4, 4, 4, 4, 3, 0, 0, 0, 0, 0, 0, 0, 0, 0, 0, 0, 0, 0, 0, 0, -1, -2]",22,3
FF8327,"[3, 3, 4, 3, 4, 4, 1, 4, 0, 0, 0, 0, 0, 0, 0, 0, 0, 0, 0, 0, 0, 0, 0, -3]",23,3
FF8328,"[4, 3, 3, 3, 4, 4, 2, 4, 0, 0, 0, 0, 0, 0, 5, 0, 0, 0, 0, 0, 0, 0, -2, -1]",29,4
FF8329,"[3, 3, 3, 2, 4, 4, 2, 0, 0, 0, 0, 0, 0, 0, 2, 0, 0, 0, 0, 0, 0, 0, 0, -2]",21,2
FF8420,"[3, 3, 5, 3, 3, 3, 2, 0, 0, 0, 0, 0, 0, 0, 0, 0, 0, 0, 0, 0, 0, 0, 0, -2]",20,2
FF8421,"[2, 4, 5, 3, 4, 4, 2, 0, 0, 0, 0, 0, 0, 0, 0, 3, 0, 0, 0, 0, 0, 0, 0, -3]",24,3
FF8422,"[1, 5, 5, 3, 3, 3, 2, 0, 0, 0, 0, 0, 0, 0, 0, 1, 0, 0, 0, 0, 0, 0, 0, 0]",23,3
FF8423,"[1, 5, 5, 2, 3, 3, 3, 0, 0, 0, 0, 0, 0, 0, 0, 0, 0, 0, 0, 0, 0, 0, 0, 0]",22,3
FF8424,"[3, 3, 4, 2, 4, 4, 3, 0, 0, 0, 0, 0, 0, 0, 0, 0, 0, 0, 0, 0, 0, 0, 0, -3]",20,2
FF8425,"[3, 2, 3, 2, 4, 4, 4, 0, 0, 0, 0, 0, 0, 0, 0, 0, 0, 0, 0, 0, 0, 0, 0, -1]",21,2
FF8426,"[3, 2, 2, 2, 5, 4, 2, 0, 0, 0, 3, 0, 0, 0, 3, 0, 0, 0, 0, 0, 0, 0, 0, -1]",25,3
FF8427,"[3, 2, 3, 2, 5, 4, 1, 0, 0, 0, 0, 0, 0, 0, 3, 0, 0, 0, 0, 0, 0, 0, 0, -1]",22,3
FF8428,"[3, 3, 4, 2, 5, 4, 1, 4, 0, 0, 0, 0, 0, 0, 5, 0, 0, 0, 0, 0, -5, 0, 0, -3]",23,3
FF8429,"[3, 3, 3, 2, 5, 4, 1, 0, 0, 0, 0, 0, 0, 0, 5, 0, 0, 0, 0, 0, -5, 0, 0, -1]",20,2
FF8520,"[4, 3, 3, 2, 4, 4, 3, 4, 0, 0, 0, 0, 0, 0, 0, 0, 0, 0, 0, 0, 0, 0, 0, -1]",26,3
FF8521,"[4, 2, 3, 2, 4, 4, 3, 4, 0, 0, 0, 0, 0, 0, 0, 1, 0, 0, 0, 0, 0, 0, 0, -1]",26,3
FF8522,"[4, 3, 3, 2, 4, 4, 2, 0, 0, 0, 0, 0, 0, 0, 0, 3, 2, 0, 0, 0, 0, 0, 0, -1]",26,3
FF8523,"[3, 3, 3, 2, 5, 4, 2, 4, 0, 0, 0, 0, 0, 0, 0, 3, 3, 0, 0, 0, 0, 0, 0, -2]",30,4
FF8524,"[3, 2, 3, 2, 4, 4, 3, 4, 0, 0, 3, 0, 0, 0, 0, 3, 3, 0, 0, 0, 0, 0, 0, -1]",33,5
FF8525,"[3, 2, 3, 2, 5, 4, 3, 0, 0, 0, 0, 0, 0, 0, 0, 2, 2, 0, 0, 0, 0, 0, 0, -1]",25,3
FF8526,"[3, 3, 3, 2, 4, 4, 2, 4, 0, 0, 0, 0, 0, 0, 0, 0, 0, 0, 0, 0, 0, 0, 0, -1]",24,3
FF8527,"[3, 3, 3, 2, 5, 4, 1, 4, 0, 0, 0, 0, 0, 0, 3, 0, 0, 0, 0, 0, 0, -5, 0, -2]",21,2
FF8528,"[3, 2, 2, 2, 5, 4, 3, 4, 0, 0, 0, 0, 0, 0, 3, 0, 0, 0, 0, 0, 0, 0, 0, -1]",27,4
FF8529,"[3, 2, 3, 2, 5, 4, 2, 4, 0, 0, 0, 0, 0, 0, 0, 0, 0, 0, 0, 0, 0, 0, 0, -1]",24,3
FF8620,"[3, 4, 4, 3, 4, 4, 2, 4, 0, 0, 0, 0, 0, 0, 0, 0, 0, 0, 0, 0, 0, 0, 0, -4]",24,3
FF8621,"[2, 4, 5, 2, 4, 3, 2, 0, 0, 0, 0, 0, 0, 0, 0, 0, 0, 0, 0, 0, -5, 0, 0, -4]",13,1
FF8622,"[3, 3, 5, 2, 3, 4, 3, 4, 0, 0, 0, 0, 0, 0, 0, 0, 0, 0, 0, 0, 0, 0, 0, -3]",24,3
FF8623,"[3, 2, 3, 2, 4, 4, 3, 4, 0, 0, 0, 0, 0, 0, 5, 0, 0, 0, 0, 0, 0, 0, -2, -1]",27,4
FF8624,"[1, 4, 5, 3, 3, 3, 3, 0, 0, 0, 0, 0, 0, 0, 0, 0, 0, 0, 0, 0, 0, 0, 0, -1]",21,2
FF8625,"[2, 4, 5, 2, 4, 3, 3, 0, 0, 0, 0, 0, 0, 0, 0, 2, 0, 0, 0, 0, 0, 0, 0, 0]",25,3
FF8626,"[3, 4, 4, 3, 4, 4, 2, 0, 0, 0, 0, 0, 0, 0, 0, 3, 0, 0, 0, 0, 0, 0, 0, -2]",25,3
FF8627,"[2, 4, 5, 2, 4, 3, 2, 0, 0, 0, 0, 0, 0, 0, 0, 4, 0, 0, 0, 0, 0, 0, 0, -4]",22,3
FF8628,"[2, 4, 5, 2, 4, 3, 3, 0, 0, 0, 0, 0, 0, 0, 0, 3, 0, 0, 0, 0, 0, 0, 0, -4]",22,3
FF8629,"[2, 4, 5, 3, 4, 3, 2, 0, 0, 0, 0, 0, 0, 0, 0, 1, 0, 0, 0, 0, 0, 0, 0, -4]",20,2
FF8720,"[3, 3, 4, 2, 4, 3, 3, 4, 0, 0, 0, 0, 0, 0, 3, 0, 0, 0, 0, 0, 0, 0, 0, -2]",27,4
FF8721,"[3, 3, 4, 3, 4, 4, 2, 4, 0, 0, 0, 0, 0, 0, 0, 0, 0, 0, 0, 0, 0, 0, 0, -2]",25,3
FF8722,"[4, 3, 4, 2, 4, 4, 3, 5, 0, 0, 0, 0, 0, 0, 0, 0, 0, 0, 0, 0, 0, 0, 0, -2]",27,4
FF8723,"[2, 3, 5, 2, 3, 3, 2, 0, 0, 0, 0, 0, 0, 0, 0, 0, 0, 0, 0, 0, 0, 0, 0, -3]",17,2
FF8724,"[2, 3, 5, 3, 3, 2, 2, 0, 0, 0, 0, 0, 0, 0, 0, 2, 0, 0, 0, 0, 0, 0, 0, -1]",21,2
FF8725,"[3, 3, 4, 3, 4, 4, 2, 0, 0, 0, 0, 0, 0, 0, 0, 3, 0, 0, 0, 0, 0, 0, 0, -2]",24,3
FF8726,"[2, 4, 5, 2, 3, 3, 2, 4, 0, 0, 0, 0, 0, 0, 0, 0, 0, 0, 0, 0, 0, 0, 0, -3]",22,3
FF8727,"[1, 0, 5, 2, 3, 3, 5, 0, 0, 0, 0, 0, 0, 0, 0, 0, 0, 0, 0, 0, 0, 0, 0, 0]",19,2
FF8728,"[1, 5, 5, 2, 3, 3, 3, 0, 0, 0, 0, 0, 0, 0, 0, 3, 0, 0, 0, 0, 0, 0, 0, 0]",25,3
FF8729,"[3, 4, 4, 2, 4, 4, 2, 0, 0, 0, 0, 0, 0, 0, 0, 0, 0, 0, 0, 0, 0, 0, 0, -5]",18,2
FF8820,"[3, 3, 4, 2, 4, 4, 2, 0, 0, 0, 0, 0, 0, 0, 0, 0, 0, 0, 0, 0, 0, 0, 0, -1]",21,2
FF8821,"[3, 2, 3, 1, 5, 4, 3, 4, 0, 0, 0, 0, 0, 0, 5, 0, 0, 0, 0, 0, 0, 0, 0, -1]",29,4
FF8822,"[3, 2, 3, 2, 5, 4, 3, 4, 0, 0, 0, 0, 0, 0, 0, 0, 0, 0, 0, 0, 0, 0, 0, -1]",25,3
FF8823,"[2, 3, 5, 2, 4, 3, 3, 0, 0, 0, 0, 0, 0, 0, 0, 0, 0, 0, 0, 0, 0, 0, 0, -1]",21,2
FF8824,"[1, 5, 5, 2, 3, 3, 3, 0, 0, 0, 0, 0, 0, 0, 0, 0, 0, 0, 0, 0, 0, 0, 0, 0]",22,3
FF8825,"[3, 2, 3, 2, 4, 4, 2, 0, 0, 0, 0, 0, 0, 0, 3, 0, 0, 0, 0, 0, 0, 0, 0, -1]",22,3
FF8826,"[3, 2, 3, 2, 4, 4, 2, 4, 4, 0, 0, 0, 0, 0, 0, 0, 0, 0, 0, 0, 0, 0, 0, -2]",26,3
FF8827,"[2, 4, 5, 3, 3, 3, 4, 4, 4, 0, 0, 0, 0, 0, 0, 0, 0, 0, 0, 0, 0, 0, 0, -2]",30,4
FF8828,"[1, 5, 5, 2, 3, 2, 5, 0, 4, 0, 0, 0, 0, 0, 0, 0, 0, 0, 0, 0, 0, 0, 0, 0]",27,4
FF8829,"[1, 5, 5, 2, 3, 3, 4, 0, 4, 0, 0, 0, 0, 0, 0, 0, 0, 0, 0, 0, 0, 0, 0, 0]",27,4
FF8920,"[1, 3, 5, 2, 3, 3, 3, 0, 4, 0, 0, 0, 0, 0, 0, 0, 0, 0, 0, 0, 0, 0, 0, -2]",22,3
FF8921,"[2, 3, 5, 2, 3, 3, 3, 0, 4, 0, 0, 0, 0, 0, 0, 0, 0, 0, 0, 0, 0, 0, 0, -3]",22,3
FF8922,"[3, 2, 4, 2, 4, 4, 1, 0, 4, 0, 0, 0, 0, 0, 0, 0, 0, 0, 0, 0, 0, 0, 0, -2]",22,3
FF8923,"[4, 2, 4, 2, 4, 4, 1, 0, 4, 0, 0, 0, 0, 0, 0, 0, 0, 0, 0, 0, -5, 0, 0, -1]",19,2
FF8924,"[3, 3, 3, 2, 5, 4, 1, 4, 4, 0, 0, 0, 0, 0, 0, 0, 0, 0, 0, 0, 0, 0, 0, -1]",28,4
FF8925,"[3, 2, 3, 1, 5, 5, 1, 0, 0, 0, 0, 0, 0, 0, 0, 0, 0, 0, 0, 0, 0, 0, 0, -1]",19,2
FF8926,"[3, 2, 2, 1, 5, 4, 2, 0, 0, 0, 0, 0, 0, 0, 2, 0, 0, 0, 0, 0, 0, 0, -1, -1]",19,2
FF8927,"[3, 2, 3, 1, 4, 5, 2, 4, 0, 0, 0, 0, 0, 0, 5, 0, 0, 0, 0, 0, 0, 0, -2, -2]",25,3
FF8928,"[1, 2, 2, 1, 5, 5, 2, 0, 0, 0, 0, 0, 0, 0, 3, 0, 0, 0, 0, 0, 0, 0, -2, 0]",19,2
FF8929,"[2, 2, 3, 1, 5, 5, 1, 4, 0, 0, 0, 0, 0, 0, 3, 0, 0, 0, 0, 0, 0, 0, 0, -1]",25,3
FF8216,"[3, 3, 4, 2, 5, 4, 2, 4, 0, 0, 0, 0, 0, 0, 0, 2, 2, 0, 0, 0, 0, 0, 0, -4]",27,4
FF8217,"[3, 2, 3, 2, 4, 5, 2, 4, 0, 0, 0, 0, 0, 0, 0, 0, 0, 0, 0, 0, 0, 0, 0, -1]",24,3
FF8218,"[3, 3, 4, 3, 4, 4, 2, 0, 0, 0, 0, 0, 0, 0, 3, 0, 0, 0, 0, 0, 0, 0, 0, -1]",25,3
FF8219,"[3, 3, 4, 3, 3, 3, 2, 0, 0, 0, 0, 0, 0, 0, 0, 3, 3, 0, 0, 0, 0, 0, 0, -2]",25,3
FF8310,"[3, 2, 4, 2, 4, 4, 1, 0, 0, 0, 0, 0, 0, 0, 0, 3, 3, 0, 0, 0, 0, 0, 0, -1]",25,3
FF8311,"[3, 4, 4, 3, 4, 4, 2, 4, 0, 0, 0, 0, 0, 0, 0, 0, 0, 0, 0, 0, 0, 0, 0, -3]",25,3
FF8312,"[4, 3, 3, 2, 5, 4, 3, 4, 4, 0, 0, 0, 0, 0, 0, 0, 0, 0, 0, 0, 0, 0, 0, -1]",31,4
FF8313,"[4, 3, 3, 4, 4, 4, 2, 0, 4, 0, 0, 0, 0, 0, 2, 0, 0, 0, 0, 0, 0, 0, -2, -1]",27,4
FF8314,"[3, 3, 4, 4, 4, 4, 3, 0, 0, 0, 0, 0, 0, 0, 0, 2, 2, 0, 0, 0, 0, 0, -1, -2]",26,3
FF8317,"[3, 3, 4, 3, 4, 4, 2, 0, 0, 0, 0, 0, 0, 0, 0, 0, 0, 0, 0, 0, 0, 0, -1, -1]",21,2
FF8318,"[4, 2, 2, 2, 5, 4, 3, 0, 0, 0, 0, 0, 0, 0, 3, 0, 0, 0, 0, 0, 0, 0, -2, -1]",22,3
FF8319,"[3, 3, 4, 3, 4, 4, 3, 4, 0, 0, 0, 0, 0, 0, 0, 0, 0, 0, 0, 0, 0, 0, 0, -2]",26,3
FF8410,"[3, 3, 3, 3, 5, 4, 2, 4, 0, 0, 0, 0, 0, 0, 0, 2, 0, 0, 0, 0, 0, 0, 0, -2]",27,4
FF8411,"[3, 3, 4, 3, 4, 4, 3, 0, 0, 0, 0, 0, 0, 0, 0, 2, 0, 0, 0, 0, 0, 0, 0, -2]",24,3
FF8412,"[2, 4, 5, 3, 3, 3, 2, 0, 0, 0, 0, 0, 0, 0, 0, 0, 0, 0, 0, 0, 0, 0, 0, -3]",19,2
FF8413,"[3, 3, 4, 2, 3, 3, 4, 4, 0, 0, 0, 0, 0, 0, 0, 0, 0, 0, 0, 0, 0, 0, 0, -2]",24,3
FF8414,"[4, 2, 3, 3, 5, 4, 3, 4, 0, 0, 0, 0, 0, 0, 0, 0, 0, 0, 0, 0, 0, 0, 0, -2]",26,3
FF8415,"[4, 3, 4, 3, 4, 4, 2, 0, 0, 0, 3, 0, 0, 0, 0, 0, 0, 0, 0, 0, 0, 0, 0, -4]",23,3
FF8416,"[3, 3, 4, 2, 4, 4, 2, 0, 0, 0, 0, 0, 0, 0, 0, 0, 0, 0, 0, 0, 0, 0, 0, -4]",18,2
FF8417,"[3, 4, 4, 2, 4, 4, 2, 4, 0, 0, 0, 0, 0, 0, 0, 1, 1, 0, 0, 0, 0, 0, 0, -4]",25,3
FF8419,"[3, 4, 4, 2, 4, 4, 2, 0, 0, 0, 0, 0, 0, 0, 0, 4, 3, 0, 0, 0, -5, 0, 0, -3]",22,3
FF8510,"[3, 4, 4, 2, 4, 4, 2, 0, 0, 0, 0, 0, 0, 0, 0, 4, 3, 0, 0, 0, 0, 0, 0, 0]",30,4
FF8511,"[3, 3, 3, 2, 5, 4, 1, 0, 0, 0, 0, 0, 0, 0, 3, 4, 3, 0, 0, 0, 0, 0, 0, -1]",30,4
FF8512,"[4, 2, 1, 2, 5, 2, 2, 4, 0, 0, 0, 0, 0, 0, 2, 5, 3, 0, 0, 0, 0, 0, 0, 0]",32,4
FF8513,"[4, 3, 4, 3, 5, 4, 1, 0, 0, 0, 0, 0, 0, 0, 0, 3, 0, 0, 0, 0, 0, 0, 0, -1]",26,3
FF8514,"[3, 3, 4, 2, 4, 4, 1, 0, 0, 0, 0, 0, 0, 0, 0, 2, 0, 0, 0, 0, 0, 0, 0, -1]",22,3
FF8515,"[3, 3, 3, 3, 4, 4, 2, 0, 0, 0, 0, 0, 0, 0, 3, 0, 0, 0, 0, 0, 0, 0, 0, -2]",23,3
FF8516,"[3, 3, 3, 2, 5, 4, 2, 0, 0, 0, 0, 0, 0, 0, 2, 0, 0, 0, 0, 0, 0, 0, 0, -1]",23,3
FF8517,"[3, 2, 3, 3, 5, 4, 3, 0, 0, 0, 0, 0, 0, 0, 0, 0, 0, 0, 0, 0, 0, 0, 0, -1]",22,3
FF8518,"[3, 4, 5, 2, 4, 4, 2, 4, 0, 0, 0, 0, 0, 0, 0, 0, 0, 0, 0, 0, 0, 0, 0, -2]",26,3
FF8519,"[2, 4, 5, 3, 4, 3, 2, 0, 0, 0, 0, 0, 0, 0, 0, 0, 0, 0, 0, 0, 0, 0, 0, 0]",23,3
FF8610,"[1, 5, 5, 3, 4, 3, 2, 4, 0, 0, 0, 0, 0, 0, 0, 0, 0, 0, 0, 0, 0, 0, 0, 0]",27,4
FF8611,"[1, 4, 5, 2, 3, 3, 3, 0, 0, 0, 0, 0, 0, 0, 0, 0, 0, 0, 0, 0, 0, 0, 0, -1]",20,2
FF8612,"[3, 3, 3, 2, 5, 4, 1, 4, 0, 0, 0, 0, 0, 0, 0, 0, 0, 0, 0, 0, 0, -5, -1, -2]",17,2
FF8613,"[3, 2, 3, 3, 5, 4, 3, 0, 4, 0, 0, 0, 0, 0, 5, 0, 0, 0, 0, 0, 0, 0, -2, -1]",29,4
FF8614,"[3, 3, 4, 2, 4, 4, 2, 0, 0, 0, 0, 0, 0, 0, 0, 0, 0, 0, 0, 0, 0, 0, 0, -2]",20,2
FF8615,"[3, 4, 4, 2, 4, 4, 2, 0, 0, 0, 0, 0, 0, 0, 0, 0, 0, 0, 0, 0, 0, 0, 0, -3]",20,2
FF8616,"[3, 4, 4, 2, 5, 4, 2, 0, 0, 0, 0, 0, 0, 0, 0, 3, 0, 0, 0, 0, 0, 0, 0, 0]",27,4
FF8617,"[3, 4, 4, 2, 4, 4, 3, 4, 0, 0, 0, 0, 0, 0, 0, 0, 0, 0, 0, 0, 0, 0, 0, -2]",26,3
FF8618,"[1, 4, 5, 3, 3, 3, 2, 0, 0, 0, 0, 0, 0, 0, 0, 0, 0, 0, 0, 0, 0, 0, 0, 0]",21,2
FF8619,"[3, 3, 4, 2, 5, 4, 2, 4, 0, 0, 0, 0, 0, 0, 0, 3, 0, 0, 0, 0, 0, 0, 0, -2]",28,4
FF8710,"[3, 3, 4, 2, 4, 4, 3, 4, 0, 0, 0, 0, 0, 0, 0, 0, 0, 0, 0, 0, -5, 0, 0, -2]",20,2
FF8711,"[3, 3, 4, 2, 4, 4, 2, 0, 0, 0, 0, 0, 0, 0, 0, 0, 0, 0, 0, 0, 0, 0, 0, -4]",18,2
FF8712,"[3, 3, 4, 3, 4, 3, 3, 4, 0, 0, 0, 0, 0, 0, 3, 0, 0, 0, 0, 0, 0, 0, 0, -2]",28,4
FF8713,"[1, 4, 5, 3, 3, 3, 2, 0, 0, 0, 0, 0, 0, 0, 0, 0, 0, 0, 0, 0, 0, 0, 0, 0]",21,2
FF8714,"[2, 4, 5, 2, 3, 3, 3, 0, 0, 0, 0, 0, 0, 0, 0, 1, 0, 0, 0, 0, 0, 0, 0, -3]",20,2
FF8715,"[3, 3, 3, 2, 5, 4, 4, 0, 0, 0, 0, 0, 0, 0, 0, 3, 0, 0, 0, 0, 0, 0, 0, -2]",25,3
FF8716,"[3, 4, 4, 3, 4, 3, 2, 0, 0, 0, 0, 0, 0, 0, 0, 0, 0, 0, 0, 0, 0, 0, 0, -2]",21,2
FF8717,"[1, 5, 5, 2, 3, 3, 3, 0, 0, 0, 0, 0, 0, 0, 0, 3, 0, 0, 0, 0, 0, 0, 0, 0]",25,3
FF8718,"[1, 5, 5, 2, 3, 3, 2, 0, 0, 0, 0, 0, 0, 0, 0, 2, 0, 0, 0, 0, 0, 0, 0, 0]",23,3
FF8719,"[2, 4, 5, 2, 3, 3, 3, 0, 0, 0, 0, 0, 0, 0, 0, 0, 0, 0, 0, 0, 0, 0, 0, -2]",20,2
FF8810,"[2, 3, 5, 2, 3, 3, 3, 4, 0, 0, 0, 0, 0, 0, 0, 0, 0, 0, 0, 0, 0, 0, 0, -2]",23,3
FF8811,"[3, 3, 4, 2, 4, 4, 2, 4, 0, 0, 0, 0, 0, 0, 0, 0, 0, 0, 0, 0, 0, 0, 0, -1]",25,3
FF8812,"[3, 2, 2, 2, 5, 4, 2, 0, 0, 0, 0, 0, 0, 0, 0, 0, 0, 0, 0, 0, 0, 0, 0, -1]",19,2
FF8813,"[3, 3, 4, 2, 4, 4, 3, 0, 0, 0, 0, 0, 0, 0, 0, 0, 0, 0, 0, 0, 0, 0, 0, -1]",22,3
FF8814,"[1, 5, 5, 2, 3, 3, 2, 0, 0, 0, 0, 0, 0, 0, 0, 0, 0, 0, 0, 0, 0, 0, 0, 0]",21,2
FF8815,"[3, 3, 4, 3, 4, 4, 2, 4, 0, 0, 0, 0, 0, 0, 0, 0, 0, 0, 0, 0, 0, 0, 0, -4]",23,3
FF8816,"[3, 2, 3, 2, 4, 4, 3, 4, 4, 0, 0, 0, 0, 0, 0, 0, 0, 0, 0, 0, 0, 0, 0, -1]",28,4
FF8817,"[1, 4, 5, 2, 3, 3, 2, 4, 4, 0, 0, 0, 0, 0, 0, 0, 0, 0, 0, 0, 0, 0, 0, 0]",28,4
FF8818,"[1, 5, 5, 2, 3, 3, 4, 0, 4, 0, 0, 0, 0, 0, 0, 0, 0, 0, 0, 0, 0, 0, 0, 0]",27,4
FF8819,"[1, 5, 5, 2, 3, 3, 3, 0, 4, 0, 0, 0, 0, 0, 0, 0, 0, 0, 0, 0, 0, 0, 0, 0]",26,3
FF8910,"[2, 4, 5, 2, 3, 3, 2, 0, 4, 0, 0, 0, 0, 0, 0, 0, 0, 0, 0, 0, 0, 0, 0, 0]",25,3
FF8911,"[4, 3, 3, 2, 4, 4, 3, 0, 4, 0, 0, 0, 0, 0, 3, 0, 0, 0, 0, 0, 0, 0, 0, -2]",28,4
FF8912,"[3, 3, 5, 2, 4, 3, 1, 0, 4, 0, 0, 0, 0, 0, 0, 0, 0, 0, 0, 0, 0, 0, 0, -2]",23,3
FF8913,"[3, 4, 4, 2, 4, 4, 1, 0, 4, 0, 0, 0, 0, 0, 0, 0, 0, 0, 0, 0, 0, 0, 0, 0]",26,3
FF8914,"[2, 4, 3, 1, 5, 5, 2, 0, 4, 0, 0, 0, 0, 0, 0, 0, 0, 0, 0, 0, 0, 0, 0, 0]",26,3
FF8915,"[1, 4, 3, 1, 5, 5, 1, 0, 0, 0, 0, 0, 0, 0, 0, 0, 0, 0, 0, 0, 0, 0, 0, 0]",20,2
FF8917,"[2, 3, 3, 1, 5, 5, 0, 0, 0, 0, 0, 0, 0, 0, 0, 0, 0, 0, 0, 0, -5, -5, 0, 0]",9,1
FF8918,"[1, 3, 3, 1, 5, 5, 0, 4, 0, 0, 0, 0, 0, 0, 3, 0, 0, 0, 0, 0, -5, 0, 0, 0]",20,2
FF6199,"[3, 3, 3, 2, 5, 5, 2, 0, 0, 0, 0, 0, 0, 0, 0, 0, 0, 0, 0, 0, 0, 0, 0, -3]",20,2
FF6290,"[3, 2, 3, 3, 5, 4, 2, 0, 0, 0, 0, 0, 0, 0, 0, 0, 0, 0, 0, 0, 0, 0, 0, -1]",21,2
FF6291,"[2, 4, 3, 2, 5, 5, 2, 0, 0, 0, 0, 0, 0, 0, 0, 0, 0, 0, 0, 0, 0, 0, 0, -4]",19,2
FF6292,"[3, 4, 4, 2, 4, 4, 3, 0, 0, 0, 0, 0, 0, 0, 0, 0, 0, 0, 0, 0, 0, 0, 0, -2]",22,3
FF6293,"[3, 4, 4, 2, 4, 4, 2, 0, 0, 0, 0, 0, 0, 0, 0, 0, 0, 0, 0, 0, 0, 0, 0, -4]",19,2
FF6294,"[3, 3, 4, 2, 4, 4, 2, 0, 0, 0, 0, 0, 0, 0, 0, 0, 0, 0, 0, 0, 0, 0, 0, -2]",20,2
FF6295,"[3, 3, 4, 2, 5, 4, 2, 4, 0, 0, 3, 0, 0, 0, 0, 0, 0, 0, 0, 0, 0, 0, 0, -3]",27,4
FF6296,"[2, 2, 2, 2, 5, 5, 2, 0, 0, 0, 0, 0, 0, 0, 0, 0, 0, 0, 0, 0, 0, 0, 0, -1]",19,2
FF6297,"[3, 2, 2, 2, 4, 4, 2, 4, 0, 0, 0, 0, 0, 0, 3, 0, 0, 0, 0, 0, 0, 0, 0, -1]",25,3
FF6298,"[3, 3, 3, 2, 5, 5, 1, 0, 0, 0, 0, 0, 0, 0, 0, 0, 0, 0, 0, 0, -5, 0, 0, -2]",15,1
FF6299,"[3, 2, 3, 1, 5, 4, 2, 0, 0, 0, 0, 0, 0, 0, 0, 0, 0, 0, 0, 0, 0, 0, 0, -2]",18,2
FF6390,"[1, 2, 3, 1, 5, 5, 1, 4, 0, 0, 0, 0, 0, 0, 0, 0, 0, 0, 0, 0, 0, 0, 0, -3]",19,2
FF6391,"[3, 1, 2, 1, 5, 4, 2, 0, 0, 0, 0, 0, 0, 0, 5, 0, 0, 0, 0, 0, 0, 0, 0, -1]",22,3
FF6392,"[2, 2, 3, 1, 5, 5, 3, 0, 0, 0, 0, 0, 0, 0, 0, 0, 0, 0, 0, 0, 0, 0, 0, -1]",20,2
FF6393,"[2, 3, 3, 1, 5, 5, 1, 0, 0, 0, 0, 0, 0, 0, 0, 0, 0, 0, 0, 0, 0, 0, 0, -5]",15,1
FF6592,"[4, 2, 2, 2, 5, 4, 3, 4, 0, 0, 0, 0, 0, 0, 3, 0, 0, 0, 0, 0, 0, 0, 0, -1]",28,4
FF6593,"[4, 2, 3, 3, 5, 4, 2, 4, 0, 0, 0, 0, 0, 0, 0, 0, 0, 0, 0, 0, 0, 0, 0, -1]",26,3
FF6594,"[4, 3, 4, 3, 4, 4, 2, 0, 0, 0, 0, 0, 0, 0, 0, 0, 0, 0, 0, 0, 0, 0, 0, -3]",21,2
FF6595,"[3, 3, 3, 2, 5, 4, 1, 0, 0, 0, 0, 0, 0, 0, 0, 0, 0, 0, 0, 0, 0, 0, 0, -2]",19,2
FF6596,"[3, 3, 3, 2, 4, 4, 3, 0, 0, 0, 0, 0, 0, 0, 5, 0, 0, 0, 0, 0, 0, 0, 0, -2]",25,3
FF6597,"[4, 3, 3, 3, 4, 4, 3, 4, 0, 0, 0, 0, 0, 0, 5, 0, 0, 0, 0, 0, 0, 0, 0, -1]",32,4
FF6598,"[4, 3, 3, 3, 5, 4, 2, 0, 0, 0, 0, 0, 0, 0, 2, 0, 0, 0, 0, 0, 0, 0, -2, -2]",22,3
FF6599,"[3, 4, 4, 2, 5, 4, 2, 0, 0, 0, 0, 0, 0, 0, 0, 2, 0, 0, 0, 0, 0, 0, -1, -4]",21,2
FF6690,"[4, 2, 3, 3, 5, 5, 2, 0, 0, 0, 0, 0, 0, 0, 3, 2, 0, 0, 0, 0, 0, 0, 0, -2]",27,4
FF6691,"[4, 2, 3, 3, 5, 4, 2, 4, 0, 0, 0, 0, 0, 0, 5, 0, 0, 0, 0, 0, 0, 0, 0, -1]",31,4
FF6692,"[3, 3, 3, 3, 5, 5, 2, 0, 4, 0, 0, 0, 0, 0, 0, 0, 0, 0, 0, 0, 0, 0, 0, -3]",25,3
FF6693,"[3, 2, 3, 2, 5, 4, 1, 0, 4, 0, 0, 0, 0, 0, 3, 3, 0, 0, 0, 0, 0, 0, 0, -1]",29,4
FF6694,"[4, 1, 2, 2, 5, 4, 2, 0, 0, 0, 0, 0, 0, 0, 3, 2, 0, 0, 0, 0, 0, 0, 0, -1]",24,3
FF6695,"[4, 1, 2, 2, 5, 4, 1, 0, 0, 0, 0, 0, 0, 0, 0, 0, 0, 0, 0, 0, 0, 0, 0, -1]",18,2
FF6696,"[3, 4, 4, 3, 4, 4, 3, 4, 4, 0, 0, 0, 0, 0, 0, 0, 0, 0, 0, 0, 0, 0, 0, -1]",32,4
FF6697,"[3, 4, 5, 3, 4, 3, 2, 0, 4, 0, 0, 0, 0, 0, 0, 0, 0, 0, 0, 0, 0, 0, 0, -2]",26,3
FF6698,"[4, 2, 3, 2, 5, 5, 1, 0, 4, 0, 0, 0, 0, 0, 0, 0, 0, 0, 0, 0, 0, 0, 0, -1]",25,3
FF6189,"[3, 3, 3, 2, 5, 4, 3, 0, 0, 0, 0, 0, 0, 0, 0, 0, 0, 0, 0, 0, 0, 0, 0, -2]",21,2
FF6280,"[3, 2, 3, 2, 5, 4, 2, 0, 0, 0, 0, 0, 0, 0, 5, 0, 0, 0, 0, 0, 0, 0, 0, -1]",25,3
FF6281,"[3, 2, 3, 2, 5, 4, 3, 0, 0, 0, 0, 0, 0, 0, 3, 0, 0, 0, 0, 0, 0, 0, 0, -1]",24,3
FF6282,"[3, 4, 4, 3, 4, 4, 3, 0, 0, 0, 0, 0, 0, 0, 0, 0, 0, 0, 0, 0, 0, 0, 0, -1]",24,3
FF6283,"[3, 3, 4, 2, 4, 4, 2, 4, 0, 0, 0, 0, 0, 0, 0, 0, 0, 0, 0, 0, 0, 0, 0, -2]",24,3
FF6284,"[3, 4, 4, 2, 4, 4, 2, 4, 0, 0, 0, 0, 0, 0, 0, 0, 0, 0, 0, 0, 0, 0, 0, -5]",22,3
FF6285,"[2, 2, 3, 1, 5, 5, 2, 4, 0, 0, 0, 0, 0, 0, 0, 0, 0, 0, 0, 0, -5, 0, 0, -2]",17,2
FF6286,"[1, 2, 3, 1, 5, 5, 1, 0, 0, 0, 0, 0, 0, 0, 0, 0, 0, 0, 0, 0, 0, 0, 0, -4]",14,1
FF6287,"[3, 1, 2, 1, 4, 4, 1, 0, 0, 0, 0, 0, 0, 0, 5, 0, 0, 0, 0, 0, 0, 0, 0, -1]",20,2
FF6288,"[2, 2, 3, 1, 5, 5, 1, 0, 0, 0, 0, 0, 0, 0, 0, 0, 0, 0, 0, 0, 0, 0, 0, -2]",17,2
FF6289,"[1, 1, 3, 1, 5, 5, 1, 0, 0, 0, 0, 0, 0, 0, 0, 0, 0, 0, 0, 0, 0, 0, 0, -2]",15,1
FF6380,"[2, 2, 3, 1, 5, 5, 1, 0, 0, 0, 0, 0, 0, 0, 0, 0, 0, 0, 0, 0, 0, 0, 0, -2]",17,2
FF6381,"[2, 2, 2, 1, 5, 5, 2, 0, 0, 0, 0, 0, 0, 0, 0, 0, 0, 0, 0, 0, 0, 0, 0, -1]",18,2
FF6587,"[3, 4, 4, 2, 4, 4, 3, 0, 0, 0, 0, 0, 0, 0, 0, 0, 0, 0, 0, 0, 0, 0, 0, -3]",21,2
FF6588,"[3, 2, 3, 2, 5, 4, 1, 4, 0, 0, 0, 0, 0, 0, 0, 3, 0, 0, 0, 0, 0, 0, -1, -2]",24,3
FF6589,"[4, 3, 3, 3, 5, 4, 2, 4, 0, 0, 0, 0, 0, 0, 5, 3, 0, 0, 0, 0, 0, 0, -2, -2]",32,4
FF6680,"[4, 2, 3, 3, 4, 4, 3, 4, 0, 0, 0, 0, 0, 0, 0, 0, 0, 0, 0, 0, 0, 0, 0, -2]",25,3
FF6682,"[4, 3, 3, 2, 5, 4, 2, 0, 0, 0, 0, 0, 0, 0, 0, 0, 0, 0, 0, 0, 0, 0, 0, -3]",20,2
FF6683,"[3, 4, 4, 3, 4, 4, 2, 4, 0, 0, 0, 0, 0, 0, 0, 0, 0, 0, 0, 0, 0, 0, 0, -4]",24,3
FF6684,"[3, 3, 4, 3, 5, 4, 2, 4, 0, 0, 0, 0, 0, 0, 0, 3, 0, 0, 0, 0, 0, 0, 0, -2]",29,4
FF6685,"[3, 4, 4, 3, 4, 5, 2, 0, 0, 0, 0, 0, 0, 0, 0, 1, 0, 0, 0, 0, 0, 0, 0, 0]",26,3
FF6686,"[3, 4, 3, 2, 5, 5, 2, 0, 4, 0, 0, 0, 0, 0, 0, 0, 0, 0, 0, 0, 0, 0, 0, 0]",28,4
FF6179,"[3, 3, 3, 2, 5, 5, 2, 0, 0, 0, 0, 0, 0, 0, 0, 0, 0, 0, 0, 0, 0, 0, 0, -1]",22,3
FF6270,"[3, 3, 3, 3, 5, 4, 2, 0, 0, 0, 0, 0, 0, 0, 0, 0, 0, 0, 0, 0, 0, 0, 0, -2]",21,2
FF6271,"[3, 2, 3, 3, 4, 4, 3, 0, 0, 0, 0, 0, 0, 0, 3, 0, 0, 0, 0, 0, 0, 0, 0, -1]",24,3
FF6272,"[3, 3, 3, 2, 4, 4, 2, 0, 0, 0, 0, 0, 0, 0, 0, 0, 0, 0, 0, 0, 0, 0, 0, -1]",20,2
FF6273,"[3, 4, 4, 2, 4, 4, 3, 0, 0, 0, 0, 0, 0, 0, 0, 0, 0, 0, 0, 0, 0, 0, 0, 0]",24,3
FF6274,"[2, 4, 5, 2, 3, 3, 3, 0, 0, 0, 0, 0, 0, 0, 0, 0, 0, 0, 0, 0, 0, 0, 0, 0]",22,3
FF6275,"[3, 3, 3, 2, 4, 5, 2, 4, 0, 0, 0, 0, 0, 0, 0, 0, 0, 0, 0, 0, 0, 0, 0, -4]",22,3
FF6276,"[1, 1, 2, 1, 5, 5, 2, 0, 0, 0, 0, 0, 0, 0, 0, 0, 0, 0, 0, 0, 0, 0, 0, -1]",16,2
FF6279,"[1, 1, 2, 1, 4, 5, 2, 0, 0, 0, 0, 0, 0, 0, 0, 0, 0, 0, 0, 0, 0, 0, 0, -2]",14,1
FF6370,"[3, 2, 3, 1, 5, 5, 1, 0, 0, 0, 0, 0, 0, 0, 0, 0, 0, 0, 0, 0, 0, 0, 0, -1]",19,2
FF6578,"[3, 3, 4, 2, 4, 3, 3, 0, 0, 0, 0, 0, 0, 0, 3, 1, 0, 0, 0, 0, 0, 0, 0, -2]",24,3
FF6579,"[3, 4, 4, 2, 4, 4, 2, 0, 0, 0, 0, 0, 0, 0, 0, 0, 0, 0, 0, 0, 0, 0, -2, -2]",19,2
FF6670,"[4, 2, 2, 2, 5, 4, 2, 0, 0, 0, 0, 0, 0, 0, 2, 0, 0, 0, 0, 0, 0, 0, -2, -1]",20,2
FF5707,"[2, 3, 3, 1, 3, 5, 1, 4, 0, 0, 0, 0, 0, 0, 0, 0, 0, 0, 0, 0, 0, 0, 0, 0]",22,3
FF5708,"[4, 2, 3, 1, 3, 4, 1, 5, 0, 0, 0, 0, 0, 0, 5, 0, 0, 0, 5, 0, 0, 0, 0, 0]",33,5
FF2736,"[1, 4, 3, 1, 2, 5, 0, 4, 0, 0, 0, 0, 0, 0, 0, 0, 0, 0, 0, 0, 0, 0, 0, 0]",20,2
FF2746,"[1, 3, 3, 1, 3, 5, 0, 0, 0, 0, 0, 0, 0, 0, 0, 0, 0, 0, 0, 0, 0, 0, 0, 0]",16,2
FF2756,"[4, 2, 3, 1, 2, 4, 0, 0, 0, 0, 0, 0, 0, 0, 0, 0, 0, 0, 0, 0, 0, 0, -2, 0]",14,1
FF2757,"[3, 3, 3, 1, 2, 5, 0, 5, 0, 0, 0, 0, 0, 0, 0, 0, 0, 0, 0, 0, 0, 0, -1, 0]",21,2
FF2766,"[2, 4, 5, 1, 3, 4, 0, 0, 0, 0, 0, 0, 0, 0, 0, 0, 0, 0, 0, 0, 0, 0, 0, 0]",19,2
FF2767,"[3, 3, 5, 1, 2, 4, 0, 5, 0, 0, 0, 0, 0, 0, 0, 0, 0, 0, 0, 0, 0, 0, -1, 0]",22,3
FF2776,"[1, 4, 3, 1, 5, 5, 0, 0, 0, 0, 0, 0, 0, 0, 0, 0, 0, 0, 0, 0, -5, 0, 0, 0]",14,1
FF2777,"[2, 4, 5, 1, 3, 4, 0, 0, 0, 0, 0, 0, 0, 0, 0, 0, 0, 0, 0, 0, 0, 0, -1, 0]",18,2
FF2786,"[3, 4, 4, 1, 3, 4, 0, 0, 0, 0, 0, 0, 0, 0, 0, 0, 0, 0, 0, 0, -5, 0, 0, 0]",14,1
FF2787,"[1, 5, 5, 1, 2, 4, 0, 0, 0, 0, 0, 0, 0, 0, 0, 0, 0, 0, 0, 0, 0, 0, -1, 0]",17,2
FF2796,"[2, 3, 3, 1, 1, 5, 0, 4, 0, 0, 0, 0, 0, 0, 0, 0, 0, 0, 0, 0, 0, 0, 0, 0]",19,2
FF2797,"[3, 3, 4, 1, 1, 4, 0, 4, 0, 0, 0, 0, 0, 0, 0, 0, 0, 0, 0, 0, 0, 0, 0, 0]",20,2
FF3706,"[2, 3, 3, 1, 2, 5, 2, 0, 4, 0, 0, 0, 0, 0, 0, 1, 0, 0, 0, 0, 0, 0, 0, -1]",22,3
FF3707,"[2, 3, 3, 1, 1, 5, 2, 4, 0, 0, 0, 0, 0, 0, 0, 0, 0, 0, 0, 0, 0, 0, -1, -1]",19,2
FF3716,"[1, 2, 3, 1, 1, 5, 0, 0, 4, 0, 0, 0, 0, 0, 0, 0, 0, 0, 0, 0, 0, 0, 0, 0]",17,2
FF3717,"[1, 2, 2, 1, 2, 5, 1, 0, 4, 0, 0, 0, 0, 0, 0, 0, 0, 0, 0, 0, 0, 0, -2, -1]",15,1
FF3726,"[2, 2, 2, 1, 2, 5, 2, 4, 0, 0, 0, 0, 0, 0, 0, 0, 0, 0, 0, 0, 0, 0, 0, -1]",19,2
FF3727,"[2, 2, 3, 1, 2, 5, 1, 0, 0, 0, 0, 0, 0, 0, 0, 0, 0, 0, 0, 0, 0, 0, -2, -1]",13,1
FF3736,"[3, 2, 2, 1, 3, 4, 1, 4, 4, 0, 0, 0, 0, 0, 5, 2, 0, 0, 0, 0, 0, 0, -1, 0]",30,4
FF3737,"[3, 1, 2, 1, 1, 4, 0, 0, 0, 0, 0, 0, 0, 0, 3, 0, 0, 0, 0, 0, 0, 0, -2, -1]",12,1
FF3746,"[3, 3, 2, 1, 3, 4, 1, 0, 0, 0, 0, 0, 0, 0, 2, 2, 0, 0, 0, 0, 0, 0, -2, 0]",19,2
FF3747,"[3, 2, 2, 1, 2, 5, 1, 0, 0, 0, 0, 0, 0, 0, 5, 0, 0, 0, 0, 0, 0, 0, 0, -1]",20,2
FF3756,"[2, 3, 3, 1, 3, 5, 1, 0, 4, 0, 0, 0, 0, 0, 0, 0, 0, 0, 0, 0, 0, 0, 0, 0]",22,3
FF3757,"[2, 2, 2, 1, 3, 5, 1, 4, 0, 0, 0, 0, 0, 0, 5, 0, 0, 0, 0, 0, 0, 0, 0, 0]",25,3
FF3766,"[3, 4, 4, 1, 3, 4, 1, 4, 4, 0, 0, 0, 0, 0, 0, 0, 0, 0, 0, 0, 0, 0, 0, 0]",28,4
FF3767,"[1, 2, 3, 1, 3, 5, 0, 0, 4, 0, 0, 0, 0, 0, 0, 0, 0, 0, 0, 0, 0, 0, 0, 0]",19,2
FF3777,"[3, 4, 3, 1, 3, 4, 1, 0, 4, 0, 0, 0, 0, 0, 0, 0, 0, 0, 0, 0, 0, 0, 0, 0]",23,3
FF4777,"[2, 3, 3, 1, 5, 5, 0, 0, 0, 0, 0, 0, 0, 0, 0, 0, 0, 0, 0, 0, 0, 0, 0, -1]",18,2
FF4787,"[3, 3, 3, 2, 5, 4, 1, 0, 0, 0, 0, 0, 0, 0, 0, 0, 0, 0, 0, 0, 0, 0, 0, 0]",21,2
FF4796,"[1, 2, 3, 1, 5, 5, 0, 4, 0, 0, 0, 0, 0, 0, 0, 0, 0, 0, 0, 0, 0, 0, 0, 0]",21,2
FF4797,"[4, 2, 2, 1, 5, 4, 1, 4, 0, 0, 0, 0, 0, 0, 5, 0, 0, 0, 0, 0, 0, 0, 0, 0]",28,4
FF5706,"[2, 3, 3, 1, 3, 5, 1, 0, 0, 0, 0, 0, 0, 0, 0, 0, 0, 0, 0, 0, 0, 0, 0, 0]",18,2
FF5009,"[3, 3, 3, 1, 1, 4, 1, 4, 0, 0, 0, 0, 0, 0, 0, 0, 0, 0, 0, 0, -5, 0, 0, -1]",14,1
FF5100,"[2, 3, 3, 1, 1, 5, 1, 0, 0, 0, 0, 0, 0, 0, 0, 0, 0, 0, 0, 0, 0, 0, 0, -1]",15,1
FF5101,"[2, 4, 5, 1, 1, 3, 0, 0, 0, 0, 0, 0, 0, 0, 0, 0, 0, 0, 0, 0, 0, 0, 0, -5]",11,1
FF5102,"[1, 4, 5, 1, 2, 3, 0, 0, 3, 0, 0, 0, 0, 0, 0, 0, 0, 0, 0, 0, 0, 0, 0, -5]",14,1
FF5103,"[2, 5, 5, 1, 1, 3, 0, 0, 3, 0, 0, 0, 0, 0, 0, 0, 0, 0, 0, 0, 0, 0, 0, 0]",20,2
FF5104,"[2, 5, 5, 1, 1, 3, 0, 5, 3, 0, 0, 0, 0, 0, 0, 0, 0, 0, 0, 0, 0, 0, 0, 0]",25,3
FF5105,"[1, 5, 5, 1, 1, 3, 1, 0, 0, 0, 0, 0, 0, 0, 0, 0, 0, 0, 0, 0, 0, 0, 0, 0]",17,2
FF5106,"[1, 3, 5, 1, 2, 4, 1, 4, 0, 0, 0, 0, 0, 0, 0, 3, 0, 0, 0, 0, 0, 0, 0, -5]",19,2
FF5107,"[1, 5, 5, 1, 3, 4, 2, 0, 0, 0, 0, 0, 0, 0, 0, 1, 0, 0, 0, 0, 0, 0, 0, 0]",22,3
FF5108,"[1, 5, 5, 1, 2, 4, 2, 0, 0, 0, 0, 0, 0, 0, 0, 0, 0, 0, 0, 0, 0, 0, 0, 0]",20,2
FF5109,"[3, 4, 4, 1, 3, 4, 1, 4, 0, 0, 0, 0, 0, 0, 0, 0, 0, 0, 0, 0, 0, 0, 0, -3]",21,2
FF5200,"[3, 3, 3, 1, 4, 5, 0, 4, 0, 0, 0, 0, 0, 0, 0, 0, 0, 0, 0, 0, 0, 0, 0, -2]",21,2
FF5201,"[3, 4, 4, 1, 2, 4, 0, 4, 0, 0, 0, 0, 0, 0, 0, 0, 0, 0, 0, 0, 0, 0, 0, -4]",18,2
FF5202,"[3, 4, 4, 1, 2, 4, 1, 5, 0, 0, 0, 0, 0, 0, 0, 0, 0, 0, 0, 0, 0, 0, 0, -4]",20,2
FF5203,"[3, 4, 4, 1, 1, 4, 1, 5, 0, 0, 0, 0, 0, 0, 0, 0, 0, 0, 0, 0, 0, 0, 0, -3]",20,2
FF5204,"[3, 3, 4, 1, 2, 4, 0, 4, 4, 0, 0, 0, 0, 0, 0, 0, 0, 0, 0, 0, -5, 0, 0, -3]",17,2
FF5205,"[2, 4, 5, 1, 3, 4, 0, 0, 4, 0, 0, 0, 0, 0, 0, 0, 0, 0, 0, 0, 0, 0, 0, -5]",18,2
FF5206,"[3, 4, 4, 1, 2, 4, 0, 4, 4, 0, 0, 0, 0, 0, 0, 0, 0, 0, 0, 0, 0, 0, 0, -4]",22,3
FF5207,"[1, 5, 5, 1, 2, 3, 1, 0, 4, 0, 0, 0, 0, 0, 0, 0, 0, 0, 0, 0, 0, 0, -2, 0]",20,2
FF5208,"[1, 5, 5, 1, 2, 4, 1, 0, 4, 0, 0, 0, 0, 0, 0, 0, 0, 0, 0, 0, 0, 0, 0, 0]",23,3
FF5209,"[3, 4, 4, 1, 1, 4, 1, 0, 4, 0, 0, 0, 0, 0, 0, 0, 0, 0, 0, 0, 0, 0, 0, 0]",22,3
FF5300,"[3, 4, 4, 1, 2, 4, 0, 4, 4, 0, 0, 0, 0, 0, 0, 0, 0, 0, 0, 0, 0, 0, 0, -4]",22,3
FF5301,"[2, 3, 5, 1, 2, 4, 0, 0, 4, 0, 0, 0, 0, 0, 0, 0, 0, 0, 0, 0, 0, 0, 0, -3]",18,2
FF5302,"[1, 3, 5, 1, 2, 4, 1, 0, 4, 0, 3, 0, 0, 0, 0, 0, 0, 0, 0, 0, 0, 0, 0, -5]",19,2
FF5303,"[1, 0, 5, 1, 2, 4, 1, 0, 5, 0, 0, 0, 0, 0, 0, 0, 0, 0, 0, 0, 0, 0, 0, 0]",19,2
FF5304,"[1, 5, 5, 1, 2, 3, 2, 5, 5, 0, 0, 0, 0, 0, 0, 0, 0, 0, 0, 0, 0, 0, 0, 0]",29,4
FF5305,"[2, 4, 5, 1, 2, 3, 2, 4, 5, 0, 0, 0, 0, 0, 0, 0, 0, 0, 0, 0, 0, 0, 0, -1]",27,4
FF5306,"[4, 2, 3, 1, 4, 4, 1, 0, 4, 0, 0, 0, 0, 0, 3, 0, 0, 0, 0, 0, 0, 0, 0, -1]",25,3
FF5307,"[4, 2, 3, 1, 4, 4, 1, 4, 4, 0, 0, 0, 0, 0, 0, 0, 0, 0, 0, 0, 0, 0, 0, -1]",26,3
FF5308,"[3, 3, 4, 1, 3, 4, 1, 4, 4, 0, 0, 0, 0, 0, 3, 0, 0, 0, 0, 0, 0, 0, 0, -1]",29,4
FF5606,"[4, 2, 3, 1, 3, 3, 1, 4, 0, 0, 0, 0, 0, 0, 5, 2, 2, 0, 0, 0, -5, 0, 0, -1]",24,3
FF5607,"[3, 2, 2, 1, 5, 4, 1, 5, 3, 0, 0, 0, 0, 0, 0, 3, 3, 0, 0, 0, 0, 0, 0, -1]",31,4
FF5608,"[3, 4, 4, 1, 2, 4, 1, 4, 3, 0, 0, 0, 0, 0, 0, 0, 0, 0, 0, 0, 0, 0, 0, -2]",24,3
FF5609,"[1, 4, 5, 1, 3, 3, 0, 0, 0, 0, 0, 0, 0, 0, 0, 0, 0, 0, 0, 0, 0, 0, 0, 0]",17,2
FF5700,"[3, 3, 4, 1, 3, 4, 0, 4, 0, 0, 0, 0, 0, 0, 0, 0, 0, 0, 0, 0, 0, 0, 0, -2]",20,2
FF5701,"[3, 3, 4, 1, 3, 4, 0, 0, 0, 0, 0, 0, 0, 0, 0, 0, 0, 0, 0, 0, 0, 0, 0, -2]",16,2
FF5702,"[2, 3, 5, 1, 3, 3, 0, 0, 1, 0, 0, 0, 0, 0, 0, 0, 0, 0, 0, 0, 0, 0, 0, -1]",17,2
FF5703,"[4, 2, 3, 1, 4, 4, 0, 4, 5, 0, 0, 0, 0, 0, 2, 0, 0, 0, 0, 0, 0, 0, 0, 0]",29,4
FF5704,"[2, 2, 3, 1, 5, 5, 0, 4, 0, 0, 0, 0, 0, 0, 3, 0, 0, 0, 0, 0, 0, 0, 0, -1]",24,3
FF5705,"[3, 3, 4, 1, 4, 4, 0, 4, 0, 0, 0, 0, 0, 0, 0, 0, 0, 0, 0, 0, 0, 0, 0, 0]",23,3
FF2725,"[1, 3, 3, 1, 1, 5, 0, 0, 0, 0, 0, 0, 0, 0, 0, 0, 0, 0, 0, 0, 0, 0, 0, 0]",14,1
FF2735,"[2, 4, 4, 1, 2, 5, 0, 0, 0, 0, 0, 0, 0, 0, 0, 0, 0, 0, 0, 0, 0, 0, 0, 0]",18,2
FF2745,"[3, 4, 5, 1, 1, 4, 0, 4, 3, 0, 0, 0, 0, 0, 0, 0, 0, 0, 0, 0, 0, 0, -1, 0]",24,3
FF2755,"[2, 3, 5, 1, 2, 4, 0, 4, 0, 0, 0, 0, 0, 0, 0, 0, 0, 0, 0, 0, 0, 0, -2, 0]",19,2
FF2765,"[1, 4, 5, 1, 3, 4, 0, 0, 0, 0, 0, 0, 0, 0, 0, 0, 0, 0, 0, 0, -5, 0, 0, 0]",13,1
FF2775,"[2, 3, 3, 1, 2, 5, 0, 0, 0, 0, 0, 0, 0, 0, 0, 0, 0, 0, 0, 0, -5, 0, 0, 0]",11,1
FF2785,"[1, 3, 3, 1, 1, 5, 0, 0, 0, 0, 0, 0, 0, 0, 0, 2, 0, 0, 0, 0, -5, 0, 0, 0]",11,1
FF2795,"[3, 4, 4, 1, 2, 4, 0, 5, 4, 0, 0, 0, 0, 0, 0, 4, 2, 0, 0, 0, 0, 0, 0, 0]",33,5
FF3705,"[1, 3, 3, 1, 2, 5, 2, 0, 4, 0, 0, 0, 0, 0, 0, 3, 0, 0, 0, 0, 0, 0, 0, 0]",24,3
FF3715,"[1, 2, 3, 1, 3, 5, 1, 0, 4, 0, 0, 0, 0, 0, 0, 2, 0, 0, 0, 0, 0, 0, 0, 0]",22,3
FF4765,"[3, 1, 2, 1, 5, 4, 1, 4, 0, 0, 0, 0, 0, 0, 3, 0, 0, 0, 0, 0, 0, 0, 0, 0]",24,3
FF4775,"[2, 2, 3, 1, 5, 5, 0, 4, 0, 0, 0, 0, 0, 0, 0, 0, 0, 0, 0, 0, 0, 0, 0, -1]",21,2
FF4785,"[2, 3, 3, 1, 5, 5, 0, 4, 0, 0, 0, 0, 0, 0, 3, 0, 0, 0, 0, 0, 0, 0, 0, -4]",22,3
FF4795,"[3, 3, 3, 1, 4, 5, 0, 4, 0, 0, 0, 0, 0, 0, 0, 0, 0, 0, 0, 0, 0, 0, 0, 0]",23,3
FF2714,"[2, 3, 3, 1, 1, 5, 0, 0, 0, 0, 0, 0, 0, 0, 0, 0, 0, 0, 0, 0, 0, 0, 0, 0]",15,1
FF2724,"[2, 4, 3, 1, 2, 5, 0, 0, 0, 0, 0, 0, 0, 0, 0, 0, 0, 0, 0, 0, 0, 0, 0, 0]",17,2
FF2734,"[3, 5, 4, 1, 2, 5, 0, 0, 0, 0, 0, 0, 0, 0, 0, 0, 0, 0, 0, 0, 0, 0, -1, 0]",19,2
FF2744,"[1, 5, 5, 1, 1, 4, 0, 0, 0, 0, 0, 0, 0, 0, 0, 0, 0, 0, 0, 0, 0, 0, -2, 0]",15,1
FF2754,"[2, 4, 5, 1, 3, 4, 0, 0, 0, 0, 0, 0, 0, 0, 0, 0, 0, 0, 0, 0, 0, 0, 0, 0]",19,2
FF2764,"[2, 4, 5, 1, 3, 4, 0, 4, 0, 0, 0, 0, 0, 0, 0, 0, 0, 0, 0, -5, 0, 0, 0, 0]",18,2
FF2774,"[2, 4, 3, 1, 1, 5, 0, 0, 0, 0, 0, 0, 0, 0, 0, 3, 0, 0, 0, 0, -5, 0, 0, 0]",14,1
FF2784,"[3, 3, 3, 1, 1, 5, 0, 5, 0, 0, 0, 0, 0, 0, 0, 4, 2, 0, 0, 0, 0, 0, 0, 0]",27,4
FF2794,"[3, 3, 3, 1, 2, 4, 0, 5, 4, 0, 0, 0, 0, 0, 0, 3, 3, 0, 0, 0, 0, 0, 0, 0]",31,4
FF3704,"[2, 4, 3, 1, 3, 4, 1, 0, 4, 0, 0, 0, 0, 0, 0, 0, 0, 0, 0, 0, 0, 0, 0, 0]",22,3
FF3794,"[5, 1, 2, 1, 5, 3, 0, 4, 0, 0, 0, 0, 0, 0, 5, 0, 0, 0, 0, 0, 0, 0, 0, 0]",26,3
FF4704,"[3, 1, 2, 1, 5, 5, 1, 0, 0, 0, 0, 0, 0, 0, 0, 0, 0, 0, 0, 0, 0, 0, -2, -1]",15,1
FF4714,"[3, 1, 2, 1, 4, 4, 1, 4, 0, 0, 0, 0, 0, 0, 5, 0, 0, 0, 0, 0, 0, 0, 0, -1]",24,3
FF4764,"[3, 1, 2, 1, 5, 5, 1, 4, 0, 0, 0, 0, 0, 0, 0, 0, 0, 0, 0, 0, 0, 0, 0, 0]",22,3
FF4774,"[2, 4, 3, 1, 5, 5, 0, 4, 0, 0, 0, 0, 0, 0, 0, 0, 0, 0, 0, 0, 0, 0, 0, 0]",24,3
FF4784,"[3, 4, 3, 1, 5, 5, 0, 4, 0, 0, 0, 0, 0, 0, 0, 0, 0, 0, 0, 0, 0, 0, 0, 0]",25,3
FF4794,"[4, 3, 3, 1, 5, 5, 0, 4, 0, 0, 0, 0, 0, 0, 0, 0, 0, 0, 0, 0, 0, 0, 0, -1]",24,3
FF2713,"[1, 2, 3, 1, 3, 5, 0, 0, 0, 0, 0, 0, 0, 0, 0, 0, 0, 0, 0, 0, 0, 0, 0, 0]",15,1
FF2723,"[1, 2, 3, 1, 3, 5, 0, 0, 0, 0, 0, 0, 0, 0, 0, 0, 0, 0, 0, 0, 0, 0, 0, 0]",15,1
FF2733,"[2, 5, 5, 1, 2, 4, 0, 0, 0, 0, 0, 0, 0, 0, 0, 0, 0, 0, 0, 0, 0, 0, -2, 0]",17,2
FF2743,"[1, 5, 5, 1, 3, 4, 0, 0, 0, 0, 0, 0, 0, 0, 0, 0, 0, 0, 0, 0, 0, 0, 0, 0]",19,2
FF2753,"[3, 4, 3, 1, 4, 5, 0, 5, 0, 0, 0, 0, 0, 0, 0, 0, 0, 0, 0, 0, 0, 0, 0, 0]",25,3
FF2763,"[5, 4, 3, 1, 4, 4, 1, 5, 0, 0, 0, 0, 0, 0, 0, 4, 2, 0, 0, -5, 0, 0, 0, -1]",27,4
FF2773,"[5, 3, 4, 1, 2, 3, 1, 5, 0, 0, 0, 0, 0, 0, 2, 4, 3, 0, 0, 0, 0, 0, 0, 0]",33,5
FF2783,"[4, 3, 4, 1, 3, 3, 0, 5, 0, 0, 0, 0, 0, 0, 0, 2, 2, 0, 0, 0, 0, 0, 0, 0]",27,4
FF3783,"[4, 1, 1, 1, 4, 2, 0, 0, 0, 0, 0, 0, 0, 0, 5, 3, 0, 0, 0, 0, 0, 0, 0, 0]",21,2
FF3793,"[5, 1, 1, 1, 5, 4, 0, 0, 0, 0, 0, 0, 0, 0, 5, 0, 0, 0, 0, 0, 0, 0, -1, 0]",21,2
FF4703,"[4, 2, 2, 1, 4, 4, 1, 0, 0, 0, 0, 0, 0, 0, 3, 0, 0, 0, 0, 0, 0, 0, -3, -1]",17,2
FF4713,"[4, 1, 1, 1, 4, 3, 2, 0, 0, 0, 0, 0, 0, 0, 5, 0, 0, 0, 0, 0, 0, 0, -2, 0]",19,2
FF4723,"[2, 2, 3, 1, 5, 5, 0, 0, 0, 0, 0, 0, 0, 0, 0, 0, 0, 0, 0, 0, 0, 0, 0, -1]",17,2
FF4733,"[1, 3, 3, 1, 4, 5, 0, 0, 0, 0, 0, 0, 0, 0, 0, 0, 0, 0, 0, 0, 0, 0, 0, 0]",17,2
FF4763,"[3, 1, 2, 1, 5, 4, 1, 4, 0, 0, 0, 0, 0, 0, 3, 0, 0, 0, 0, 0, 0, 0, 0, 0]",24,3
FF4773,"[3, 4, 4, 1, 5, 5, 0, 0, 0, 0, 0, 0, 0, 0, 0, 0, 0, 0, 0, 0, 0, 0, 0, 0]",22,3
FF4783,"[4, 2, 4, 1, 5, 4, 0, 0, 0, 0, 0, 0, 0, 0, 0, 0, 0, 0, 0, 0, 0, 0, 0, -1]",19,2
FF4793,"[3, 3, 5, 1, 4, 3, 0, 4, 5, 0, 0, 0, 0, 0, 0, 0, 0, 0, 0, 0, 0, 0, 0, -1]",27,4
FF2712,"[1, 2, 3, 1, 2, 5, 1, 4, 0, 0, 0, 0, 0, 0, 0, 0, 0, 0, 0, 0, 0, 0, 0, 0]",19,2
FF2722,"[2, 3, 3, 1, 2, 5, 0, 4, 0, 0, 0, 0, 0, 0, 0, 0, 0, 0, 0, 0, 0, 0, 0, 0]",20,2
FF2732,"[2, 4, 5, 1, 2, 4, 0, 0, 0, 0, 0, 0, 0, 0, 0, 0, 0, 0, 0, 0, 0, 0, -2, -5]",11,1
FF2742,"[2, 4, 5, 1, 3, 4, 0, 0, 0, 0, 0, 0, 0, 0, 0, 0, 0, 0, 0, 0, 0, 0, 0, 0]",19,2
FF2752,"[3, 3, 3, 1, 3, 5, 0, 4, 0, 0, 0, 0, 0, 0, 0, 4, 2, 0, 0, 0, -5, 0, 0, 0]",23,3
FF3762,"[4, 4, 3, 1, 3, 3, 0, 4, 0, 0, 0, 0, 0, 0, 0, 3, 3, 0, 0, 0, 0, 0, -3, -1]",24,3
FF3772,"[4, 2, 2, 1, 4, 3, 1, 4, 0, 0, 0, 0, 3, 0, 5, 3, 3, 0, 0, 0, 0, 0, -2, 0]",33,5
FF3782,"[4, 3, 3, 1, 4, 4, 0, 0, 0, 0, 0, 0, 0, 0, 0, 4, 4, 0, 0, 0, 0, 0, -2, 0]",25,3
FF3792,"[3, 3, 3, 1, 4, 5, 0, 0, 0, 0, 0, 0, 0, 0, 0, 1, 1, 0, 0, 0, 0, 0, -1, 0]",20,2
FF4702,"[3, 4, 4, 1, 3, 4, 1, 4, 0, 0, 0, 0, 0, 0, 0, 0, 0, 0, 0, 0, 0, 0, 0, 0]",24,3
FF4712,"[3, 2, 4, 1, 3, 4, 1, 0, 0, 0, 0, 0, 0, 0, 0, 0, 0, 0, 0, 0, 0, 0, -1, 0]",17,2
FF4722,"[4, 2, 2, 1, 4, 3, 1, 4, 0, 0, 0, 0, 0, 0, 5, 0, 0, 0, 0, 0, 0, 0, -2, 0]",24,3
FF4732,"[2, 3, 3, 1, 3, 5, 0, 0, 0, 0, 0, 0, 0, 0, 0, 0, 0, 0, 0, 0, 0, 0, 0, 0]",17,2
FF4742,"[1, 3, 3, 1, 5, 5, 0, 0, 0, 0, 0, 0, 0, 0, 0, 0, 0, 0, 0, 0, 0, 0, 0, 0]",18,2
FF4762,"[3, 2, 2, 1, 5, 4, 1, 4, 0, 0, 0, 0, 0, 0, 5, 0, 0, 0, 0, 0, 0, 0, 0, 0]",27,4
FF4772,"[3, 2, 3, 1, 5, 5, 1, 4, 1, 0, 0, 0, 0, 0, 0, 0, 0, 0, 0, 0, 0, 0, 0, -1]",24,3
FF4782,"[3, 2, 5, 1, 4, 3, 0, 4, 0, 0, 0, 0, 0, 0, 0, 0, 0, 0, 0, 0, 0, 0, 0, -1]",21,2
FF4792,"[3, 3, 4, 1, 4, 4, 0, 4, 1, 0, 0, 0, 0, 0, 3, 0, 0, 0, 0, 0, 0, 0, 0, -2]",25,3
FF2721,"[1, 2, 3, 1, 2, 5, 1, 0, 0, 0, 0, 0, 0, 0, 0, 0, 0, 0, 0, 0, -5, -5, 0, 0]",5,1
FF2731,"[2, 3, 3, 1, 4, 5, 1, 4, 0, 0, 0, 0, 0, 0, 0, 0, 0, 0, 0, 0, 0, 0, -2, -2]",19,2
FF2741,"[2, 3, 3, 1, 4, 5, 0, 4, 0, 0, 0, 0, 0, 0, 0, 2, 0, 0, 0, 0, 0, 0, 0, 0]",24,3
FF3761,"[1, 5, 5, 1, 3, 4, 0, 0, 0, 0, 0, 0, 0, 0, 3, 0, 0, 0, 0, 0, 0, 0, -1, 0]",21,2
FF3771,"[2, 4, 5, 1, 3, 4, 1, 5, 0, 0, 0, 0, 0, 0, 0, 0, 0, 5, 5, 0, 0, 0, -3, -1]",31,4
FF3781,"[3, 5, 5, 1, 3, 4, 1, 5, 3, 0, 0, 0, 0, 0, 0, 2, 0, 0, 0, 0, 0, 0, 0, -1]",31,4
FF3791,"[3, 4, 5, 1, 3, 5, 0, 0, 0, 0, 0, 0, 0, 0, 0, 4, 3, 0, 0, 0, 0, 0, 0, 0]",28,4
FF4701,"[1, 0, 5, 1, 3, 4, 1, 0, 0, 0, 0, 0, 0, 0, 0, 0, 0, 0, 0, 0, 0, 0, 0, 0]",15,1
FF4711,"[2, 3, 5, 1, 3, 4, 1, 4, 0, 0, 0, 0, 0, 0, 0, 0, 0, 0, 0, 0, 0, 0, 0, -1]",22,3
FF4721,"[4, 2, 2, 1, 4, 4, 2, 4, 0, 0, 0, 0, 0, 0, 3, 0, 0, 0, 0, 0, 0, 0, -1, 0]",25,3
FF4731,"[4, 2, 3, 1, 4, 4, 1, 4, 0, 0, 0, 0, 0, 0, 5, 0, 0, 0, 0, 0, 0, 0, -2, -1]",25,3
FF4741,"[1, 2, 3, 1, 4, 5, 1, 0, 0, 0, 0, 0, 0, 0, 0, 0, 0, 0, 0, 0, 0, 0, 0, -1]",16,2
FF4751,"[2, 3, 3, 1, 4, 5, 0, 0, 0, 0, 0, 0, 0, 0, 0, 0, 0, 0, 0, 0, 0, 0, 0, -1]",17,2
FF4761,"[2, 3, 3, 1, 5, 5, 0, 4, 0, 0, 0, 0, 0, 0, 2, 0, 0, 0, 0, 0, 0, 0, 0, -1]",24,3
FF4771,"[3, 2, 3, 1, 5, 4, 1, 4, 1, 0, 0, 0, 0, 0, 0, 0, 0, 0, 0, 0, 0, 0, 0, -2]",22,3
FF4781,"[1, 5, 5, 1, 3, 3, 0, 4, 0, 0, 0, 0, 0, 0, 0, 0, 0, 0, 0, 0, 0, 0, 0, -2]",20,2
FF4791,"[3, 2, 3, 1, 5, 5, 0, 4, 0, 0, 0, 0, 0, 0, 2, 0, 0, 0, 0, 0, 0, 0, 0, -2]",23,3
FF3760,"[3, 4, 4, 1, 3, 5, 0, 0, 0, 0, 0, 0, 0, 0, 0, 0, 0, 0, 0, 0, 0, 0, 0, -2]",18,2
FF3770,"[2, 4, 5, 1, 3, 4, 0, 0, 0, 0, 0, 0, 0, 0, 0, 0, 0, 0, 0, 0, 0, 0, -1, 0]",18,2
FF3780,"[1, 5, 5, 1, 3, 4, 2, 4, 3, 0, 0, 0, 0, 0, 0, 0, 0, 0, 0, 0, 0, 0, -2, 0]",26,3
FF3790,"[1, 5, 5, 1, 3, 4, 1, 0, 0, 0, 0, 0, 0, 0, 0, 4, 3, 0, 0, 0, 0, 0, 0, 0]",27,4
FF4700,"[1, 5, 5, 1, 3, 4, 0, 0, 0, 0, 0, 0, 0, 0, 0, 2, 1, 0, 0, 0, 0, 0, 0, 0]",22,3
FF4710,"[1, 5, 5, 1, 3, 4, 1, 0, 3, 0, 0, 0, 0, 0, 0, 0, 0, 0, 0, 0, 0, 0, 0, 0]",23,3
FF4720,"[2, 4, 5, 1, 3, 4, 2, 0, 0, 0, 0, 0, 0, 0, 0, 0, 0, 0, 0, 0, 0, 0, 0, -4]",17,2
FF4730,"[3, 3, 5, 1, 3, 4, 1, 4, 0, 0, 0, 0, 0, 0, 0, 0, 0, 0, 0, 0, 0, 0, -1, -1]",22,3
FF4740,"[4, 2, 3, 1, 4, 4, 2, 4, 0, 0, 0, 0, 0, 0, 5, 0, 0, 0, 0, 0, 0, 0, -3, -1]",25,3
FF4750,"[2, 2, 3, 1, 4, 5, 1, 0, 0, 0, 0, 0, 0, 0, 0, 0, 0, 0, 0, 0, 0, 0, 0, -1]",17,2
FF4760,"[3, 2, 2, 1, 4, 5, 0, 4, 0, 0, 0, 0, 0, 0, 0, 0, 0, 0, 0, 0, 0, 0, 0, -1]",20,2
FF4770,"[3, 3, 4, 1, 4, 4, 1, 4, 0, 0, 0, 0, 0, 0, 0, 0, 0, 0, 0, 0, 0, 0, 0, -2]",22,3
FF4780,"[3, 2, 4, 1, 3, 3, 0, 4, 0, 0, 0, 0, 0, 0, 0, 0, 0, 0, 0, 0, 0, 0, 0, -2]",18,2
FF4790,"[3, 2, 3, 1, 4, 5, 0, 4, 0, 0, 0, 0, 0, 0, 0, 0, 0, 0, 0, 0, 0, 0, 0, -2]",20,2
FF3679,"[3, 3, 3, 1, 4, 5, 1, 4, 0, 0, 0, 0, 0, 0, 0, 0, 0, 0, 0, 0, 0, 0, 0, -1]",23,3
FF3689,"[2, 3, 5, 1, 3, 4, 0, 0, 0, 0, 0, 0, 0, 0, 0, 0, 0, 0, 0, 0, 0, 0, -2, -1]",15,1
FF3699,"[1, 5, 5, 1, 3, 4, 1, 4, 3, 0, 0, 0, 0, 0, 0, 1, 1, 0, 0, 0, 0, 0, 0, 0]",29,4
FF4609,"[1, 4, 5, 1, 1, 4, 1, 0, 0, 0, 0, 0, 0, 0, 0, 4, 3, 0, 0, 0, 0, 0, 0, 0]",24,3
FF4619,"[1, 5, 5, 1, 2, 4, 0, 0, 5, 0, 0, 0, 0, 0, 0, 2, 2, 0, 0, 0, 0, 0, 0, 0]",27,4
FF4629,"[2, 4, 5, 1, 2, 4, 1, 0, 0, 0, 0, 0, 0, 0, 0, 0, 0, 0, 0, -5, 0, 0, 0, 0]",14,1
FF4639,"[1, 5, 5, 1, 2, 4, 1, 0, 0, 0, 0, 0, 0, 0, 0, 0, 0, 0, 0, 0, 0, 0, 0, 0]",19,2
FF4649,"[2, 4, 5, 1, 3, 4, 1, 4, 0, 0, 0, 0, 0, 0, 0, 0, 0, 0, 0, 0, 0, 0, -1, -2]",21,2
FF4659,"[4, 3, 3, 1, 4, 4, 2, 4, 0, 0, 0, 0, 0, 0, 5, 0, 0, 0, 0, 0, 0, 0, -2, -1]",27,4
FF4669,"[2, 3, 3, 1, 3, 5, 0, 4, 0, 0, 0, 0, 0, 0, 3, 0, 0, 0, 0, 0, 0, 0, 0, -1]",23,3
FF4679,"[3, 2, 4, 1, 4, 4, 2, 4, 0, 0, 0, 0, 0, 0, 0, 0, 0, 0, 0, 0, 0, 0, 0, -2]",22,3
FF4689,"[3, 2, 3, 1, 5, 5, 0, 4, 0, 0, 0, 0, 0, 0, 0, 0, 0, 0, 0, 0, 0, 0, 0, -1]",22,3
FF4699,"[2, 4, 3, 1, 5, 5, 0, 4, 3, 0, 0, 0, 0, 0, 0, 0, 0, 0, 0, 0, 0, 0, 0, -3]",24,3
FF3678,"[4, 2, 3, 1, 3, 4, 2, 4, 0, 0, 0, 0, 0, 0, 3, 0, 0, 0, 0, 0, 0, 0, 0, -1]",25,3
FF3688,"[2, 4, 5, 1, 3, 3, 1, 0, 0, 0, 0, 0, 0, 0, 0, 0, 0, 0, 0, 0, 0, 0, -2, -1]",16,2
FF3698,"[1, 5, 5, 1, 2, 4, 1, 0, 3, 0, 0, 0, 0, 0, 0, 0, 0, 0, 0, 0, 0, 0, 0, 0]",22,3
FF4608,"[3, 3, 4, 1, 3, 4, 2, 4, 0, 0, 0, 0, 0, 0, 0, 0, 0, 0, 0, 0, 0, 0, 0, -1]",23,3
FF4618,"[2, 3, 3, 1, 4, 5, 1, 0, 0, 0, 0, 0, 0, 0, 0, 4, 3, 0, 0, 0, 0, 0, 0, 0]",26,3
FF4628,"[3, 3, 5, 1, 3, 4, 2, 0, 0, 0, 0, 0, 0, 0, 0, 1, 1, 0, 0, 0, 0, 0, 0, 0]",23,3
FF4638,"[1, 5, 5, 1, 2, 3, 1, 0, 0, 0, 0, 0, 0, 0, 0, 0, 0, 0, 0, 0, 0, 0, 0, 0]",18,2
FF4648,"[2, 3, 5, 1, 2, 3, 1, 4, 0, 0, 0, 0, 0, 0, 0, 0, 0, 0, 0, 0, 0, 0, 0, -2]",19,2
FF4658,"[4, 3, 3, 1, 4, 4, 2, 4, 0, 0, 0, 0, 0, 0, 2, 0, 0, 0, 0, 0, 0, 0, -2, -1]",24,3
FF4668,"[3, 3, 3, 1, 3, 4, 1, 4, 0, 0, 0, 0, 0, 0, 5, 0, 0, 0, 0, 0, 0, 0, -1, -1]",25,3
FF4678,"[2, 2, 3, 1, 3, 5, 1, 4, 0, 0, 0, 0, 0, 0, 0, 0, 0, 0, 0, 0, 0, 0, 0, -1]",20,2
FF4688,"[3, 4, 4, 1, 4, 4, 1, 4, 0, 0, 0, 0, 0, 0, 0, 0, 0, 0, 0, 0, 0, 0, 0, -3]",22,3
FF4698,"[3, 4, 4, 1, 4, 4, 1, 5, 3, 0, 0, 0, 0, 0, 0, 0, 0, 0, 0, 0, -5, 0, 0, 0]",24,3
FF3916,"[3, 4, 4, 1, 3, 5, 0, 0, 0, 0, 0, 0, 0, 0, 0, 0, 0, 0, 0, 0, 0, 0, 0, 0]",20,2
FF3926,"[1, 4, 5, 1, 3, 3, 1, 4, 0, 0, 0, 0, 0, 0, 0, 0, 0, 0, 0, 0, 0, 0, 0, 0]",22,3
FF3936,"[4, 3, 3, 1, 2, 4, 2, 4, 0, 0, 0, 0, 0, 0, 0, 0, 0, 0, 0, 0, 0, 0, 0, -2]",21,2
FF3946,"[2, 4, 3, 1, 3, 4, 0, 0, 0, 0, 0, 0, 0, 0, 0, 0, 0, 0, 0, 0, 0, 0, 0, 0]",17,2
FF3956,"[4, 3, 3, 1, 4, 4, 1, 4, 0, 0, 0, 0, 0, 0, 0, 0, 0, 0, 0, 0, 0, 0, 0, -1]",23,3
FF3966,"[2, 4, 5, 1, 2, 4, 0, 0, 0, 0, 0, 0, 0, 0, 0, 0, 0, 0, 0, 0, 0, 0, 0, 0]",18,2
FF3976,"[1, 4, 5, 1, 3, 4, 1, 4, 0, 0, 0, 0, 0, 0, 0, 0, 0, 0, 0, 0, 0, 0, 0, -4]",19,2
FF3986,"[3, 4, 3, 1, 4, 4, 2, 4, 0, 0, 0, 0, 0, 0, 0, 0, 0, 0, 0, 0, -5, 0, 0, -2]",18,2
FF3996,"[2, 3, 3, 1, 3, 5, 0, 4, 0, 0, 0, 0, 0, 0, 0, 0, 0, 0, 0, 0, -5, 0, 0, 0]",16,2
FF4906,"[3, 3, 3, 1, 4, 5, 1, 5, 0, 0, 0, 0, 0, 0, 3, 0, 0, 0, 0, 0, -5, 0, 0, -5]",18,2
FF4916,"[3, 2, 3, 1, 4, 5, 1, 0, 4, 0, 0, 0, 0, 0, 0, 0, 0, 0, 0, 0, 0, 0, 0, 0]",23,3
FF4926,"[1, 5, 5, 1, 2, 3, 1, 0, 4, 0, 0, 0, 0, 0, 0, 0, 0, 0, 0, 0, 0, 0, 0, 0]",22,3
FF4936,"[1, 0, 5, 1, 1, 3, 1, 0, 4, 0, 0, 0, 0, 0, 0, 0, 0, 0, 0, 0, 0, 0, 0, 0]",16,2
FF4946,"[1, 5, 5, 1, 2, 3, 0, 0, 4, 0, 0, 0, 0, 0, 0, 0, 0, 0, 0, 0, 0, 0, 0, 0]",21,2
FF4956,"[1, 5, 5, 1, 3, 3, 0, 0, 4, 0, 0, 0, 0, 0, 0, 3, 3, 0, 0, 0, 0, 0, -2, 0]",26,3
FF4966,"[1, 5, 5, 1, 2, 2, 1, 0, 4, 0, 0, 0, 0, 0, 0, 0, 0, 0, 0, 0, 0, 0, 0, 0]",21,2
FF4976,"[1, 0, 5, 1, 1, 3, 2, 0, 4, 0, 0, 0, 0, 0, 0, 0, 0, 0, 0, 0, 0, 0, 0, 0]",17,2
FF4986,"[1, 0, 5, 1, 2, 3, 0, 0, 4, 0, 0, 0, 0, 0, 0, 0, 0, 0, 0, 0, 0, 0, 0, 0]",16,2
FF4996,"[1, 4, 5, 1, 1, 2, 1, 0, 4, 0, 0, 0, 0, 0, 3, 0, 0, 0, 0, 0, 0, 0, 0, 0]",22,3
FF5906,"[2, 5, 5, 1, 3, 2, 1, 4, 4, 0, 0, 0, 0, 0, 0, 2, 2, 0, 0, 0, 0, 0, 0, -4]",27,4
FF3915,"[1, 5, 5, 1, 3, 4, 0, 0, 0, 0, 0, 0, 0, 0, 0, 0, 0, 0, 0, 0, 0, 0, -2, 0]",17,2
FF3925,"[1, 5, 5, 1, 2, 4, 1, 0, 0, 0, 0, 0, 0, 0, 0, 0, 0, 0, 0, 0, 0, 0, -2, 0]",17,2
FF3935,"[4, 3, 3, 1, 3, 3, 3, 4, 0, 0, 0, 0, 0, 0, 0, 0, 0, 0, 0, 0, 0, 0, -2, -1]",21,2
FF3945,"[2, 2, 3, 1, 3, 5, 1, 4, 0, 0, 0, 0, 0, 0, 0, 0, 0, 0, 0, 0, -5, 0, 0, -1]",15,1
FF3955,"[4, 3, 3, 1, 4, 4, 2, 4, 0, 0, 0, 0, 0, 0, 0, 0, 0, 0, 0, 0, -5, 0, 0, -1]",19,2
FF3965,"[1, 5, 5, 1, 2, 4, 0, 4, 0, 0, 0, 0, 0, 0, 0, 0, 0, 0, 0, 0, 0, 0, 0, 0]",22,3
FF3975,"[3, 3, 3, 1, 4, 5, 0, 4, 0, 0, 0, 0, 0, 0, 3, 0, 0, 0, 0, 0, 0, 0, 0, 0]",26,3
FF3985,"[2, 2, 2, 1, 4, 5, 1, 4, 0, 0, 0, 0, 0, 0, 0, 0, 0, 0, 0, 0, -5, 0, 0, -1]",15,1
FF3995,"[3, 3, 3, 1, 4, 5, 0, 4, 0, 0, 0, 0, 0, 0, 0, 0, 0, 0, 0, 0, -5, 0, 0, -4]",14,1
FF4905,"[1, 3, 3, 1, 4, 5, 1, 0, 0, 0, 0, 0, 0, 0, 0, 0, 0, 0, 0, 0, -5, 0, 0, -4]",9,1
FF4915,"[2, 4, 3, 1, 3, 5, 0, 0, 4, 0, 0, 0, 0, 0, 0, 0, 0, 0, 0, 0, -5, 0, 0, 0]",17,2
FF4925,"[2, 5, 5, 1, 2, 3, 0, 0, 4, 0, 0, 0, 0, 0, 0, 0, 0, 0, 0, 0, 0, 0, 0, 0]",22,3
FF4935,"[1, 0, 5, 1, 1, 3, 1, 0, 4, 0, 0, 0, 0, 0, 0, 0, 0, 0, 0, 0, 0, 0, 0, 0]",16,2
FF4945,"[1, 3, 5, 1, 2, 3, 0, 4, 4, 0, 0, 0, 0, 0, 0, 1, 1, 0, 0, 0, 0, 0, -1, -4]",20,2
FF4955,"[2, 5, 5, 1, 2, 3, 0, 0, 4, 0, 0, 0, 0, 0, 0, 2, 2, 0, 0, 0, 0, 0, -2, 0]",24,3
FF4965,"[2, 5, 5, 1, 1, 2, 2, 0, 4, 0, 0, 0, 0, 0, 0, 0, 0, 0, 0, 0, 0, 0, 0, 0]",22,3
FF4975,"[1, 5, 5, 1, 1, 3, 1, 0, 4, 0, 0, 0, 0, 0, 0, 0, 0, 0, 0, 0, 0, 0, 0, 0]",21,2
FF4985,"[2, 4, 5, 1, 2, 3, 1, 0, 4, 0, 0, 0, 0, 0, 0, 0, 0, 0, 0, 0, 0, 0, 0, 0]",22,3
FF4995,"[2, 3, 3, 1, 2, 5, 2, 0, 4, 0, 0, 0, 0, 0, 0, 0, 0, 0, 0, 0, 0, 0, 0, 0]",22,3
FF5905,"[4, 4, 4, 1, 3, 3, 2, 4, 4, 0, 0, 0, 0, 0, 0, 3, 3, 0, 0, 0, 0, 0, 0, -1]",34,5
FF3924,"[1, 5, 5, 1, 2, 3, 0, 0, 0, 0, 0, 0, 0, 0, 0, 0, 0, 0, 0, 0, 0, 0, 0, 0]",17,2
FF3934,"[4, 3, 4, 1, 2, 3, 3, 4, 0, 0, 0, 0, 0, 0, 3, 0, 0, 0, 0, 0, 0, 0, -1, 0]",26,3
FF3944,"[2, 3, 3, 1, 3, 5, 1, 4, 0, 0, 0, 0, 0, 0, 0, 0, 0, 0, 0, 0, 0, 0, -2, -1]",19,2
FF3954,"[2, 4, 4, 1, 3, 5, 1, 4, 0, 0, 0, 0, 0, 0, 0, 0, 0, 0, 0, 0, 0, 0, -2, -5]",17,2
FF3964,"[2, 4, 5, 1, 2, 3, 1, 4, 0, 0, 0, 0, 0, 0, 0, 0, 0, 0, 0, 0, 0, 0, -2, -3]",17,2
FF3974,"[3, 3, 3, 1, 4, 4, 1, 4, 0, 0, 0, 0, 0, 0, 3, 0, 0, 0, 0, 0, 0, 0, -1, -2]",23,3
FF3984,"[2, 3, 3, 1, 4, 5, 2, 4, 0, 0, 0, 0, 0, 0, 0, 0, 0, 0, 0, 0, 0, 0, 0, -1]",23,3
FF3994,"[3, 3, 3, 1, 4, 5, 1, 4, 0, 0, 0, 0, 0, 0, 0, 0, 0, 0, 0, 0, 0, 0, 0, -2]",22,3
FF4904,"[1, 2, 3, 1, 3, 5, 1, 4, 0, 0, 0, 0, 0, 0, 0, 0, 0, 0, 0, 0, -5, 0, 0, -1]",14,1
FF4914,"[1, 2, 3, 1, 3, 5, 0, 0, 0, 0, 0, 0, 0, 0, 0, 0, 0, 0, 0, 0, -5, 0, 0, 0]",10,1
FF4924,"[2, 4, 3, 1, 3, 5, 0, 5, 4, 0, 0, 0, 0, 0, 0, 0, 0, 0, 0, 0, -5, 0, 0, -5]",17,2
FF4934,"[2, 3, 5, 1, 3, 3, 1, 0, 4, 0, 0, 0, 0, 0, 0, 0, 0, 0, 0, 0, 0, 0, 0, 0]",22,3
FF4944,"[1, 0, 5, 1, 2, 3, 0, 0, 4, 0, 0, 0, 0, 0, 0, 3, 3, 0, 0, 0, 0, 0, -2, 0]",20,2
FF4954,"[1, 3, 5, 1, 2, 3, 0, 4, 4, 0, 0, 0, 0, 0, 0, 0, 0, 0, 0, 0, 0, 0, 0, -3]",20,2
FF4964,"[1, 5, 5, 1, 1, 3, 1, 5, 4, 0, 0, 0, 0, 0, 0, 0, 0, 0, 0, 0, 0, 0, 0, 0]",26,3
FF4974,"[2, 4, 5, 1, 2, 3, 1, 4, 4, 0, 0, 0, 0, 0, 0, 0, 0, 0, 0, 0, 0, 0, 0, -2]",24,3
FF4984,"[2, 3, 3, 1, 3, 5, 1, 4, 0, 0, 0, 0, 0, 0, 0, 0, 0, 0, 0, 0, 0, 0, 0, -1]",21,2
FF4994,"[2, 3, 3, 1, 1, 5, 2, 4, 0, 0, 0, 0, 0, 0, 0, 0, 0, 0, 0, 0, 0, 0, 0, 0]",21,2
FF5904,"[4, 3, 4, 1, 3, 3, 3, 4, 0, 0, 0, 0, 0, 0, 0, 2, 2, 0, 0, 0, 0, 0, 0, -2]",27,4
FF2853,"[1, 3, 3, 1, 4, 5, 0, 0, 0, 0, 0, 0, 0, 0, 0, 0, 0, 0, 0, 0, 0, 0, 0, 0]",17,2
FF2854,"[3, 3, 3, 1, 5, 5, 0, 4, 0, 0, 0, 0, 0, 0, 0, 0, 0, 0, 0, 0, 0, 0, 0, 0]",24,3
FF2863,"[2, 2, 2, 1, 3, 5, 1, 4, 0, 0, 0, 0, 0, 0, 0, 0, 0, 0, 0, 0, 0, 0, -2, 0]",18,2
FF2864,"[2, 2, 3, 1, 3, 5, 1, 4, 1, 0, 0, 0, 0, 0, 0, 0, 0, 0, 0, 0, 0, 0, -2, 0]",20,2
FF2873,"[3, 2, 3, 1, 4, 5, 1, 4, 0, 0, 0, 0, 0, 0, 0, 0, 0, 0, 0, 0, 0, 0, 0, 0]",23,3
FF2874,"[3, 4, 4, 1, 2, 4, 2, 4, 0, 0, 0, 0, 0, 0, 0, 0, 0, 0, 0, 0, 0, 0, 0, 0]",24,3
FF2883,"[3, 2, 2, 1, 3, 4, 0, 4, 0, 0, 0, 0, 0, 0, 5, 0, 0, 0, 0, 0, 0, 0, 0, 0]",24,3
FF2884,"[3, 4, 3, 1, 3, 5, 0, 4, 0, 0, 0, 0, 0, 0, 3, 0, 0, 0, 0, 0, 0, 0, 0, 0]",26,3
FF2893,"[2, 2, 3, 1, 2, 5, 0, 4, 0, 0, 0, 0, 0, 0, 5, 0, 0, 0, 0, 0, 0, 0, 0, -1]",23,3
FF2894,"[3, 3, 4, 1, 3, 4, 0, 4, 1, 0, 0, 0, 0, 0, 2, 0, 0, 0, 0, 0, 0, 0, 0, -1]",24,3
FF3803,"[3, 4, 5, 1, 3, 5, 1, 4, 0, 0, 0, 0, 0, 0, 0, 0, 0, 0, 0, 0, 0, 0, 0, -5]",21,2
FF3804,"[3, 2, 2, 1, 4, 4, 2, 5, 1, 0, 0, 0, 0, 0, 2, 0, 0, 0, 0, 0, -5, 0, 0, 0]",21,2
FF3813,"[2, 4, 5, 1, 2, 4, 1, 0, 0, 0, 0, 0, 0, 0, 0, 0, 0, 0, 0, 0, 0, 0, 0, 0]",19,2
FF3814,"[2, 2, 3, 1, 4, 5, 1, 5, 0, 0, 0, 0, 0, 0, 0, 0, 0, 0, 0, 0, -5, 0, 0, -1]",17,2
FF3823,"[2, 5, 5, 1, 1, 4, 1, 4, 0, 0, 0, 0, 0, 0, 0, 0, 0, 0, 0, 0, 0, 0, 0, 0]",23,3
FF3824,"[3, 4, 4, 1, 2, 3, 3, 5, 0, 0, 0, 0, 0, 0, 0, 0, 0, 0, 0, 0, 0, 0, 0, 0]",25,3
FF3833,"[2, 5, 5, 1, 2, 3, 3, 4, 0, 0, 0, 0, 0, 0, 0, 0, 0, 0, 0, 0, 0, 0, 0, -4]",21,2
FF3834,"[3, 4, 4, 1, 3, 4, 1, 4, 0, 0, 0, 0, 0, 0, 0, 0, 0, 0, 0, 0, 0, 0, 0, 0]",24,3
FF3843,"[4, 2, 4, 1, 2, 4, 0, 4, 0, 0, 0, 0, 0, 0, 5, 0, 0, 0, 0, 0, 0, 0, 0, 0]",26,3
FF3844,"[4, 3, 4, 1, 4, 4, 0, 4, 1, 0, 0, 0, 0, 0, 2, 0, 0, 0, 0, 0, -5, 0, 0, -1]",21,2
FF3853,"[1, 2, 3, 1, 3, 5, 0, 0, 0, 0, 0, 0, 0, 0, 0, 0, 0, 0, 0, 0, 0, 0, 0, 0]",15,1
FF3854,"[1, 3, 3, 1, 5, 5, 0, 0, 0, 0, 0, 0, 0, 0, 0, 0, 0, 0, 0, 0, -5, 0, 0, 0]",13,1
FF3863,"[1, 3, 3, 1, 2, 5, 1, 0, 0, 0, 0, 0, 0, 0, 0, 0, 0, 0, 0, 0, -5, 0, 0, 0]",11,1
FF3864,"[2, 4, 3, 1, 4, 5, 1, 4, 0, 0, 0, 0, 0, 0, 0, 0, 0, 0, 0, 0, 0, 0, 0, 0]",24,3
FF3873,"[3, 4, 4, 1, 1, 4, 1, 0, 0, 0, 0, 0, 0, 0, 0, 0, 0, 0, 0, 0, -5, 0, 0, 0]",13,1
FF3874,"[3, 4, 3, 1, 2, 5, 1, 4, 0, 0, 0, 0, 0, 0, 0, 0, 0, 0, 0, 0, 0, 0, 0, 0]",23,3
FF3883,"[3, 3, 5, 1, 2, 4, 1, 0, 0, 0, 0, 0, 0, 0, 2, 0, 0, 0, 0, 0, 0, 0, 0, -2]",19,2
FF3884,"[2, 3, 5, 1, 2, 4, 1, 0, 1, 0, 0, 0, 0, 0, 0, 0, 0, 0, 0, 0, 0, 0, 0, -3]",16,2
FF3893,"[1, 2, 3, 1, 1, 5, 1, 0, 0, 0, 0, 0, 0, 0, 0, 0, 0, 0, 0, 0, 0, 0, 0, 0]",14,1
FF3894,"[3, 3, 4, 1, 2, 4, 2, 4, 0, 0, 0, 0, 0, 0, 0, 0, 0, 0, 0, 0, 0, 0, 0, -2]",21,2
FF4803,"[1, 1, 2, 1, 1, 5, 0, 0, 0, 0, 0, 0, 0, 0, 0, 0, 0, 0, 0, 0, 0, 0, 0, -1]",10,1
FF4804,"[2, 2, 3, 1, 3, 5, 1, 4, 0, 0, 0, 0, 0, 0, 0, 0, 0, 0, 0, 0, 0, 0, 0, -1]",20,2
FF4813,"[1, 2, 3, 1, 2, 5, 1, 0, 0, 0, 0, 0, 0, 0, 0, 0, 0, 0, 0, 0, 0, 0, 0, -2]",13,1
FF4814,"[2, 2, 3, 1, 2, 5, 1, 4, 0, 0, 0, 0, 0, 0, 0, 0, 0, 0, 0, 0, 0, 0, 0, -1]",19,2
FF4823,"[1, 1, 2, 1, 2, 5, 0, 4, 0, 0, 0, 0, 0, 0, 0, 0, 0, 0, 0, 0, 0, 0, 0, -1]",15,1
FF4824,"[1, 2, 3, 1, 2, 5, 0, 4, 0, 0, 0, 0, 0, 0, 0, 0, 0, 0, 0, 0, 0, 0, 0, -3]",15,1
FF4833,"[1, 4, 3, 1, 2, 5, 1, 4, 0, 0, 0, 0, 0, 0, 0, 0, 0, 0, 0, 0, 0, 0, 0, 0]",21,2
FF4834,"[1, 2, 3, 1, 2, 5, 1, 0, 0, 0, 0, 0, 0, 0, 0, 0, 0, 0, 0, 0, 0, 0, 0, 0]",15,1
FF4843,"[3, 4, 3, 1, 3, 4, 2, 0, 4, 0, 0, 0, 0, 0, 0, 0, 0, 0, 0, 0, -5, 0, 0, -4]",15,1
FF4844,"[2, 4, 3, 1, 3, 5, 2, 0, 4, 0, 0, 0, 0, 0, 0, 0, 0, 0, 0, 0, 0, 0, 0, 0]",24,3
FF4853,"[3, 2, 3, 1, 4, 5, 1, 4, 0, 0, 0, 0, 0, 0, 0, 0, 0, 0, 0, 0, 0, 0, 0, -2]",21,2
FF4854,"[3, 3, 3, 1, 3, 4, 1, 0, 4, 0, 0, 0, 0, 0, 0, 0, 0, 0, 0, 0, 0, 0, 0, -1]",21,2
FF4863,"[3, 3, 3, 1, 3, 4, 1, 0, 0, 0, 0, 0, 0, 0, 0, 0, 0, 0, 0, 0, 0, 0, 0, -2]",16,2
FF4864,"[2, 2, 3, 1, 3, 5, 0, 4, 4, 0, 0, 0, 0, 0, 0, 0, 0, 0, 0, 0, 0, 0, 0, -2]",22,3
FF4873,"[3, 3, 3, 1, 4, 4, 1, 0, 0, 0, 0, 0, 0, 0, 0, 0, 0, 0, 0, 0, 0, 0, 0, -1]",18,2
FF4874,"[2, 2, 3, 1, 3, 5, 0, 0, 0, 0, 0, 0, 0, 0, 0, 0, 0, 0, 0, 0, 0, 0, 0, -2]",14,1
FF4883,"[3, 3, 3, 1, 4, 4, 1, 0, 0, 0, 0, 0, 0, 0, 3, 0, 0, 0, 0, 0, 0, 0, -2, 0]",20,2
FF4884,"[2, 1, 2, 1, 2, 5, 0, 0, 0, 0, 0, 0, 0, 0, 0, 0, 0, 0, 0, 0, 0, 0, 0, -1]",12,1
FF4893,"[4, 2, 2, 1, 3, 3, 0, 0, 0, 0, 0, 0, 0, 0, 5, 0, 0, 0, 0, 0, 0, 0, -2, 0]",18,2
FF4894,"[3, 3, 3, 1, 2, 4, 0, 4, 0, 0, 0, 0, 0, 0, 3, 0, 0, 0, 0, 0, 0, 0, -2, -2]",19,2
FF5803,"[3, 3, 3, 1, 2, 4, 0, 0, 0, 0, 0, 0, 0, 0, 0, 0, 0, 0, 0, 0, -5, 0, -2, -1]",8,1
FF5804,"[3, 4, 5, 1, 2, 4, 0, 5, 0, 0, 0, 0, 0, 0, 0, 0, 0, 0, 0, 0, 0, 0, -3, -4]",17,2
FF2862,"[2, 2, 2, 1, 3, 5, 0, 4, 0, 0, 0, 0, 0, 0, 0, 0, 0, 0, 0, 0, 0, 0, -2, 0]",17,2
FF2872,"[1, 2, 3, 1, 3, 5, 2, 4, 0, 0, 0, 0, 0, 0, 0, 0, 0, 0, 0, 0, 0, 0, 0, 0]",21,2
FF2882,"[2, 3, 3, 1, 5, 5, 0, 0, 0, 0, 0, 0, 0, 0, 0, 0, 0, 0, 0, 0, 0, 0, 0, 0]",19,2
FF2892,"[2, 3, 3, 1, 4, 5, 0, 4, 1, 0, 0, 0, 0, 0, 0, 0, 0, 0, 0, 0, 0, 0, 0, 0]",23,3
FF3802,"[1, 5, 5, 1, 3, 4, 0, 0, 5, 0, 0, 0, 0, 0, 0, 0, 0, 0, 0, 0, 0, 0, 0, 0]",24,3
FF3812,"[1, 0, 5, 1, 3, 4, 0, 0, 5, 0, 0, 0, 0, 0, 0, 0, 0, 0, 0, 0, 0, 0, 0, 0]",19,2
FF3822,"[1, 0, 5, 1, 2, 4, 0, 0, 5, 0, 0, 0, 0, 0, 0, 0, 0, 0, 0, 0, 0, 0, 0, 0]",18,2
FF3832,"[1, 5, 5, 1, 1, 3, 1, 4, 0, 0, 0, 0, 0, 0, 0, 0, 0, 0, 0, 0, 0, 0, 0, 0]",21,2
FF3842,"[3, 4, 4, 1, 1, 4, 1, 0, 0, 0, 0, 0, 0, 0, 0, 0, 0, 0, 0, 0, 0, 0, 0, -4]",14,1
FF3852,"[1, 2, 3, 1, 1, 5, 1, 0, 0, 0, 0, 0, 0, 0, 0, 0, 0, 0, 0, 0, -5, 0, 0, 0]",9,1
FF3862,"[3, 4, 4, 1, 1, 5, 1, 0, 0, 0, 0, 0, 0, 0, 0, 0, 0, 0, 0, 0, -5, 0, 0, 0]",14,1
FF3872,"[3, 3, 4, 1, 2, 4, 1, 0, 0, 0, 0, 0, 0, 0, 0, 0, 0, 0, 0, 0, -5, 0, 0, 0]",13,1
FF3882,"[1, 2, 3, 1, 2, 5, 2, 0, 0, 0, 0, 0, 0, 0, 0, 0, 0, 0, 0, 0, 0, 0, 0, 0]",16,2
FF3892,"[1, 3, 3, 1, 2, 5, 1, 0, 0, 0, 0, 0, 0, 0, 0, 0, 0, 0, 0, 0, 0, 0, 0, 0]",16,2
FF4802,"[1, 3, 3, 1, 1, 5, 1, 0, 0, 0, 0, 0, 0, 0, 3, 0, 0, 0, 0, 0, 0, 0, 0, 0]",18,2
FF4812,"[2, 1, 2, 1, 3, 5, 2, 0, 0, 0, 0, 0, 0, 0, 0, 0, 0, 0, 0, 0, 0, 0, 0, -1]",15,1
FF4822,"[1, 2, 3, 1, 3, 5, 2, 0, 0, 0, 0, 0, 0, 0, 0, 0, 0, 0, 0, 0, 0, 0, 0, 0]",17,2
FF4832,"[2, 5, 3, 1, 2, 5, 1, 4, 4, 0, 0, 0, 0, 0, 0, 0, 0, 0, 0, 0, 0, 0, 0, 0]",27,4
FF4842,"[3, 4, 3, 1, 3, 4, 2, 4, 4, 0, 0, 0, 0, 0, 0, 0, 0, 5, 0, 0, 0, 0, 0, 0]",33,5
FF4852,"[3, 3, 3, 1, 3, 5, 1, 0, 0, 0, 0, 0, 0, 0, 0, 0, 0, 0, 0, 0, 0, 0, -1, -1]",17,2
FF4862,"[1, 2, 2, 1, 3, 5, 0, 4, 0, 0, 0, 0, 0, 0, 0, 0, 0, 0, 0, 0, 0, 0, -2, -3]",13,1
FF4872,"[1, 1, 2, 1, 2, 5, 0, 0, 0, 0, 0, 0, 0, 0, 0, 0, 0, 0, 0, 0, -5, 0, -2, -3]",2,1
FF4882,"[2, 2, 2, 1, 3, 5, 1, 0, 0, 0, 0, 0, 0, 0, 0, 0, 0, 0, 0, 0, 0, 0, -1, -1]",14,1
FF4892,"[4, 4, 3, 1, 4, 4, 2, 5, 0, 0, 0, 0, 0, 0, 0, 0, 0, 0, 0, 0, 0, 0, 0, -1]",26,3
FF5802,"[2, 3, 3, 1, 4, 5, 1, 0, 0, 0, 0, 0, 0, 0, 5, 0, 0, 0, 0, 0, 0, 0, 0, -2]",22,3
FF2861,"[2, 1, 2, 1, 3, 5, 0, 0, 0, 0, 0, 0, 0, 0, 0, 0, 0, 0, 0, 0, 0, 0, -2, 0]",12,1
FF2871,"[3, 2, 3, 1, 4, 5, 2, 0, 0, 0, 0, 0, 0, 0, 3, 0, 0, 0, 0, 0, 0, 0, 0, -1]",22,3
FF2881,"[2, 2, 3, 1, 3, 5, 0, 0, 0, 0, 0, 0, 0, 0, 0, 0, 0, 0, 0, 0, 0, 0, 0, 0]",16,2
FF2891,"[3, 4, 5, 1, 3, 4, 0, 0, 0, 0, 0, 0, 0, 0, 0, 0, 0, 0, 0, 0, 0, 0, 0, 0]",20,2
FF3801,"[1, 0, 5, 1, 2, 4, 0, 0, 5, 0, 0, 0, 0, 0, 0, 0, 0, 0, 0, 0, 0, 0, 0, 0]",18,2
FF3811,"[1, 0, 5, 1, 3, 4, 0, 0, 5, 0, 0, 0, 0, 0, 0, 0, 0, 0, 0, 0, 0, 0, 0, 0]",19,2
FF3821,"[1, 5, 5, 1, 3, 4, 0, 0, 5, 0, 0, 0, 0, 0, 0, 0, 0, 0, 0, 0, 0, 0, 0, 0]",24,3
FF3831,"[2, 5, 5, 1, 1, 3, 0, 0, 0, 0, 0, 0, 0, 0, 0, 0, 0, 0, 0, 0, 0, 0, 0, 0]",17,2
FF3841,"[4, 3, 4, 1, 3, 4, 1, 4, 1, 0, 0, 0, 0, 0, 5, 0, 0, 0, 0, 0, 0, 0, 0, -1]",29,4
FF3851,"[3, 3, 3, 1, 2, 4, 1, 5, 0, 0, 0, 0, 0, 0, 5, 0, 0, 0, 0, 0, 0, 0, 0, -1]",26,3
FF3861,"[1, 5, 5, 1, 2, 4, 0, 0, 0, 0, 0, 0, 0, 0, 0, 0, 0, 0, 0, 0, 0, 0, 0, 0]",18,2
FF3871,"[2, 4, 5, 1, 2, 4, 0, 0, 0, 0, 0, 0, 0, 0, 0, 0, 0, 0, 0, 0, 0, 0, 0, 0]",18,2
FF3881,"[1, 2, 3, 1, 2, 5, 1, 4, 0, 0, 0, 0, 0, 0, 0, 0, 0, 0, 0, 0, 0, 0, 0, 0]",19,2
FF3891,"[1, 0, 3, 1, 1, 5, 0, 0, 0, 0, 0, 0, 0, 0, 0, 0, 0, 0, 0, 0, 0, 0, 0, 0]",11,1
FF4801,"[3, 1, 2, 1, 2, 4, 1, 0, 0, 0, 0, 0, 0, 0, 5, 0, 0, 0, 0, 0, 0, 0, 0, -1]",18,2
FF4811,"[1, 2, 3, 1, 3, 5, 1, 4, 4, 0, 0, 0, 0, 0, 0, 0, 0, 0, 0, 0, 0, 0, 0, -1]",23,3
FF4821,"[2, 4, 3, 1, 3, 4, 2, 0, 4, 0, 0, 0, 0, 0, 0, 0, 0, 0, 0, 0, 0, 0, 0, 0]",23,3
FF4831,"[2, 3, 3, 1, 3, 5, 1, 0, 4, 0, 0, 0, 0, 0, 0, 0, 0, 0, 0, 0, 0, 0, 0, -1]",21,2
FF4841,"[3, 1, 2, 1, 3, 4, 0, 0, 1, 0, 0, 0, 0, 0, 5, 0, 0, 0, 0, 0, 0, 0, -1, -1]",18,2
FF4851,"[3, 1, 2, 1, 2, 4, 0, 0, 0, 0, 0, 0, 0, 0, 3, 0, 0, 0, 0, 0, 0, 0, -2, -1]",13,1
FF4861,"[1, 2, 3, 1, 2, 5, 0, 0, 0, 0, 0, 0, 0, 0, 0, 0, 0, 0, 0, 0, 0, 0, 0, -2]",12,1
FF4871,"[3, 1, 2, 1, 1, 4, 1, 0, 0, 0, 0, 0, 0, 0, 0, 0, 0, 0, 0, 0, -5, 0, 0, -1]",7,1
FF4881,"[2, 2, 2, 1, 2, 5, 0, 0, 0, 0, 0, 0, 0, 0, 2, 0, 0, 0, 0, 0, 0, 0, 0, -1]",15,1
FF4891,"[3, 3, 3, 1, 3, 4, 1, 4, 0, 0, 0, 0, 0, 0, 0, 0, 0, 0, 0, 0, 0, 0, 0, -2]",20,2
FF5801,"[3, 2, 2, 1, 2, 5, 1, 4, 0, 0, 0, 0, 0, 0, 0, 0, 0, 0, 0, 0, 0, 0, 0, -1]",19,2
FF2953,"[2, 0, 2, 1, 1, 5, 1, 0, 0, 0, 0, 0, 0, 0, 0, 0, 0, 0, 0, 0, 0, 0, -2, 0]",10,1
FF2963,"[2, 2, 3, 1, 5, 5, 1, 0, 0, 0, 0, 0, 0, 0, 0, 0, 0, 0, 0, 0, 0, 0, -1, 0]",18,2
FF2973,"[2, 3, 3, 1, 3, 5, 0, 4, 0, 0, 0, 0, 0, 0, 0, 0, 0, 0, 0, 0, -5, 0, 0, 0]",16,2
FF2983,"[1, 3, 3, 1, 5, 5, 0, 0, 0, 0, 0, 0, 0, 0, 0, 0, 0, 0, 0, 0, 0, 0, 0, 0]",18,2
FF3923,"[1, 5, 5, 1, 3, 3, 0, 4, 0, 0, 0, 0, 0, 0, 0, 0, 0, 0, 0, 0, 0, 0, 0, 0]",22,3
FF3933,"[3, 4, 4, 1, 2, 3, 3, 4, 0, 0, 0, 0, 0, 0, 0, 0, 0, 0, 0, 0, 0, 0, 0, -1]",23,3
FF3943,"[3, 3, 4, 1, 2, 4, 0, 4, 1, 0, 0, 0, 0, 0, 0, 0, 0, 0, 0, 0, 0, 0, 0, -1]",21,2
FF3953,"[2, 4, 5, 1, 2, 4, 0, 0, 1, 0, 0, 0, 0, 0, 0, 0, 0, 0, 0, 0, 0, 0, 0, 0]",19,2
FF3963,"[2, 4, 3, 1, 2, 5, 1, 0, 0, 0, 0, 0, 0, 0, 0, 0, 0, 0, 0, 0, 0, 0, 0, 0]",18,2
FF3973,"[3, 1, 2, 1, 4, 4, 1, 4, 0, 0, 0, 0, 0, 0, 3, 0, 0, 0, 0, 0, 0, 0, -2, -1]",20,2
FF3983,"[3, 2, 2, 1, 3, 5, 1, 4, 0, 0, 0, 0, 0, 0, 3, 0, 0, 0, 0, 0, 0, 0, -1, -1]",22,3
FF3993,"[2, 4, 3, 1, 2, 5, 2, 0, 0, 0, 0, 0, 0, 0, 0, 0, 0, 0, 0, 0, 0, 0, 0, 0]",19,2
FF4903,"[2, 4, 4, 1, 2, 4, 2, 0, 0, 0, 0, 0, 0, 0, 0, 0, 0, 0, 0, 0, -5, 0, 0, 0]",14,1
FF4913,"[1, 2, 3, 1, 2, 5, 1, 0, 0, 0, 0, 0, 0, 0, 0, 0, 0, 0, 0, 0, -5, 0, 0, -2]",8,1
FF4923,"[1, 1, 2, 1, 4, 5, 0, 4, 0, 0, 0, 0, 0, 0, 0, 0, 0, 0, 0, 0, 0, 0, 0, -2]",16,2
FF4933,"[2, 2, 3, 1, 2, 5, 2, 4, 4, 0, 0, 0, 0, 0, 0, 0, 0, 0, 0, 0, 0, 0, 0, -2]",23,3
FF4943,"[3, 3, 3, 1, 3, 4, 0, 4, 4, 0, 0, 0, 0, 0, 3, 3, 3, 0, 0, 0, 0, 0, -2, -2]",30,4
FF4953,"[3, 3, 4, 1, 2, 4, 0, 4, 4, 0, 0, 0, 0, 0, 0, 0, 0, 0, 0, 0, 0, 0, 0, -1]",24,3
FF4963,"[1, 5, 5, 1, 2, 3, 1, 4, 4, 0, 0, 0, 0, 0, 0, 0, 0, 0, 0, 0, 0, 0, 0, 0]",26,3
FF4973,"[3, 3, 4, 1, 3, 4, 1, 4, 4, 0, 0, 0, 0, 0, 0, 0, 0, 0, 0, 0, 0, 0, 0, -1]",26,3
FF4983,"[2, 3, 3, 1, 4, 5, 1, 0, 0, 0, 0, 0, 0, 0, 0, 0, 0, 0, 0, 0, 0, 0, 0, 0]",19,2
FF4993,"[3, 3, 4, 1, 3, 5, 1, 0, 0, 0, 0, 0, 0, 0, 0, 0, 0, 0, 0, 0, 0, 0, 0, 0]",20,2
FF5903,"[3, 3, 3, 1, 3, 4, 3, 4, 0, 0, 0, 0, 0, 0, 5, 0, 0, 0, 0, 0, 0, 0, 0, -1]",28,4
FF2952,"[2, 1, 2, 1, 1, 5, 0, 4, 0, 0, 0, 0, 0, 0, 0, 0, 0, 0, 0, 0, 0, 0, -2, 0]",14,1
FF2962,"[1, 3, 3, 1, 4, 5, 1, 0, 0, 0, 0, 0, 0, 0, 0, 0, 0, 0, 0, 0, 0, 0, 0, 0]",18,2
FF2972,"[1, 0, 3, 1, 5, 5, 1, 0, 0, 0, 0, 0, 0, 0, 0, 0, 0, 0, 0, 0, 0, 0, 0, 0]",16,2
FF2982,"[1, 2, 3, 1, 5, 5, 0, 0, 0, 0, 0, 0, 0, 0, 0, 0, 0, 0, 0, 0, 0, 0, 0, 0]",17,2
FF2992,"[3, 2, 3, 1, 5, 4, 1, 0, 0, 0, 0, 0, 0, 0, 0, 0, 0, 0, 0, 0, 0, 0, 0, 0]",19,2
FF3922,"[1, 5, 5, 1, 2, 3, 0, 0, 0, 0, 0, 0, 0, 0, 0, 0, 0, 0, 0, 0, 0, 0, 0, 0]",17,2
FF3932,"[3, 4, 4, 1, 2, 4, 2, 5, 0, 0, 0, 0, 0, 0, 0, 0, 0, 0, 0, 0, 0, 0, 0, -5]",20,2
FF3942,"[1, 5, 5, 1, 3, 4, 1, 0, 5, 0, 0, 0, 0, 0, 0, 0, 0, 0, 0, 0, 0, 0, 0, 0]",25,3
FF3952,"[1, 5, 5, 1, 2, 4, 1, 0, 5, 0, 0, 0, 0, 0, 0, 0, 0, 0, 0, 0, 0, 0, 0, 0]",24,3
FF3962,"[3, 3, 4, 1, 3, 4, 2, 4, 1, 0, 0, 0, 0, 0, 0, 0, 0, 0, 0, 0, 0, 0, 0, -2]",23,3
FF3972,"[3, 2, 3, 1, 4, 4, 2, 4, 0, 0, 0, 0, 0, 0, 0, 0, 0, 0, 0, 0, 0, 0, 0, -1]",22,3
FF3982,"[2, 3, 3, 1, 3, 5, 1, 4, 0, 0, 0, 0, 0, 0, 0, 0, 0, 0, 0, 0, 0, 0, -2, 0]",20,2
FF3992,"[1, 2, 3, 1, 2, 5, 1, 0, 0, 0, 0, 0, 0, 0, 2, 0, 0, 0, 0, 0, 0, 0, -2, 0]",15,1
FF4902,"[1, 2, 3, 1, 2, 5, 0, 0, 0, 0, 0, 0, 0, 0, 0, 0, 0, 0, 0, 0, -5, 0, 0, 0]",9,1
FF4912,"[1, 3, 3, 1, 2, 5, 1, 0, 0, 0, 0, 0, 0, 0, 0, 0, 0, 0, 0, 0, -5, 0, 0, 0]",11,1
FF4922,"[3, 3, 4, 1, 1, 4, 1, 0, 0, 0, 0, 0, 0, 0, 0, 0, 0, 0, 0, 0, 0, 0, 0, 0]",17,2
FF4932,"[3, 4, 4, 1, 2, 3, 1, 4, 0, 0, 0, 0, 0, 0, 0, 0, 0, 0, 0, 0, 0, 0, 0, -4]",18,2
FF4942,"[3, 3, 4, 1, 3, 3, 1, 4, 0, 0, 0, 0, 0, 0, 0, 2, 2, 0, 0, 0, 0, 0, -2, -2]",22,3
FF4952,"[3, 4, 4, 1, 3, 4, 1, 0, 3, 0, 0, 0, 0, 0, 0, 1, 1, 0, 0, 0, 0, 0, -1, 0]",24,3
FF4962,"[3, 4, 4, 1, 3, 4, 2, 4, 0, 0, 0, 0, 0, 0, 0, 0, 0, 0, 0, 0, 0, 0, 0, -1]",24,3
FF4972,"[3, 2, 3, 1, 4, 5, 1, 4, 0, 0, 0, 0, 0, 0, 0, 0, 0, 0, 0, 0, 0, 0, 0, -1]",22,3
FF4982,"[3, 3, 3, 1, 4, 4, 1, 4, 0, 0, 0, 0, 0, 0, 0, 0, 0, 0, 0, 0, 0, 0, 0, -1]",22,3
FF4992,"[2, 4, 5, 1, 3, 3, 0, 4, 0, 0, 0, 0, 0, 0, 0, 0, 0, 0, 0, 0, 0, 0, 0, 0]",22,3
FF5902,"[3, 3, 4, 1, 3, 4, 0, 0, 0, 0, 0, 0, 0, 0, 0, 0, 0, 0, 0, 0, 0, 0, 0, 0]",18,2
FF2951,"[3, 1, 2, 1, 3, 5, 0, 4, 0, 0, 0, 0, 0, 0, 0, 0, 0, 0, 0, 0, 0, 0, -2, 0]",17,2
FF2961,"[3, 3, 3, 1, 4, 5, 1, 4, 0, 0, 0, 0, 0, 0, 0, 0, 0, 0, 0, 0, 0, 0, 0, 0]",24,3
FF2971,"[2, 3, 3, 1, 5, 5, 2, 4, 0, 0, 0, 0, 0, 0, 0, 0, 0, 0, 0, 0, 0, 0, 0, 0]",25,3
FF2981,"[1, 3, 3, 1, 3, 5, 1, 4, 0, 0, 0, 0, 0, 0, 0, 0, 0, 0, 0, 0, 0, 0, 0, 0]",21,2
FF2991,"[3, 3, 3, 1, 2, 5, 0, 0, 0, 0, 0, 0, 0, 0, 0, 0, 0, 0, 0, 0, 0, 0, 0, 0]",17,2
FF3911,"[2, 4, 5, 1, 3, 3, 0, 0, 0, 0, 0, 0, 0, 0, 0, 0, 0, 0, 0, 0, 0, 0, 0, 0]",18,2
FF3921,"[2, 4, 5, 1, 2, 3, 1, 4, 0, 0, 0, 0, 0, 0, 0, 0, 0, 0, 0, 0, 0, 0, 0, 0]",22,3
FF3931,"[3, 4, 4, 1, 2, 5, 1, 4, 1, 0, 0, 0, 0, 0, 0, 0, 0, 0, 0, 0, 0, 0, 0, -5]",20,2
FF3941,"[1, 5, 5, 1, 3, 4, 2, 0, 5, 0, 0, 0, 0, 0, 0, 0, 0, 0, 0, 0, 0, 0, 0, 0]",26,3
FF3951,"[3, 4, 5, 1, 3, 4, 1, 4, 5, 0, 0, 0, 0, 0, 0, 0, 0, 0, 0, 0, 0, 0, 0, -2]",28,4
FF3961,"[3, 4, 4, 1, 3, 4, 1, 4, 1, 0, 0, 0, 0, 0, 0, 0, 0, 0, 0, 0, 0, 0, 0, -2]",23,3
FF3971,"[1, 5, 5, 1, 1, 3, 0, 0, 0, 0, 0, 0, 0, 0, 0, 0, 0, 0, 0, 0, 0, 0, 0, 0]",16,2
FF3981,"[2, 4, 4, 1, 2, 5, 0, 0, 0, 0, 0, 0, 0, 0, 0, 0, 0, 0, 0, 0, 0, 0, 0, 0]",18,2
FF3991,"[1, 0, 3, 1, 3, 5, 0, 0, 0, 0, 0, 0, 0, 0, 0, 0, 0, 0, 0, 0, 0, 0, -2, 0]",11,1
FF4901,"[1, 4, 3, 1, 4, 5, 0, 0, 0, 0, 0, 0, 0, 0, 0, 0, 0, 0, 0, 0, 0, 0, -2, 0]",16,2
FF4911,"[3, 2, 3, 1, 3, 4, 1, 4, 1, 0, 0, 0, 0, 0, 2, 0, 0, 0, 0, 0, 0, 0, 0, -3]",21,2
FF4921,"[1, 5, 5, 1, 1, 2, 2, 4, 0, 0, 0, 0, 0, 0, 0, 0, 0, 0, 0, 0, 0, 0, 0, 0]",21,2
FF4931,"[2, 5, 5, 1, 2, 2, 1, 5, 0, 0, 0, 0, 0, 0, 0, 0, 0, 0, 0, 0, 0, 0, 0, 0]",23,3
FF4941,"[2, 4, 5, 1, 2, 3, 1, 5, 0, 0, 0, 0, 0, 0, 0, 0, 0, 0, 0, 0, 0, 0, 0, -5]",18,2
FF4951,"[3, 3, 4, 1, 3, 4, 1, 4, 3, 0, 0, 0, 0, 0, 0, 3, 3, 0, 0, 0, 0, 0, -2, -4]",26,3
FF4961,"[2, 3, 5, 1, 3, 3, 1, 4, 0, 0, 0, 0, 0, 0, 0, 0, 0, 0, 0, 0, 0, 0, 0, -1]",21,2
FF4971,"[3, 3, 4, 1, 4, 4, 1, 0, 0, 0, 0, 0, 0, 0, 0, 0, 0, 0, 0, 0, 0, 0, 0, 0]",20,2
FF4981,"[3, 3, 3, 1, 5, 4, 1, 4, 0, 0, 0, 0, 0, 0, 0, 0, 0, 0, 0, 0, 0, 0, 0, -2]",22,3
FF4991,"[1, 5, 5, 1, 2, 3, 0, 4, 0, 0, 0, 0, 0, 0, 2, 0, 0, 0, 0, 0, 0, 0, 0, 0]",23,3
FF5901,"[3, 3, 4, 1, 1, 3, 1, 4, 0, 0, 0, 0, 0, 0, 0, 2, 2, 0, 0, 0, 0, 0, -1, -2]",21,2
FF2950,"[2, 1, 2, 1, 4, 5, 0, 0, 0, 0, 0, 0, 0, 0, 0, 0, 0, 0, 0, 0, 0, 0, -1, 0]",14,1
FF2960,"[2, 3, 3, 1, 4, 5, 1, 4, 0, 0, 0, 0, 0, 0, 0, 0, 0, 0, 0, 0, 0, 0, -2, 0]",21,2
FF2970,"[1, 2, 2, 1, 4, 5, 1, 0, 0, 0, 0, 0, 0, 0, 0, 0, 0, 0, 0, 0, 0, 0, 0, 0]",16,2
FF2980,"[3, 3, 4, 1, 2, 4, 1, 0, 0, 0, 0, 0, 0, 0, 2, 0, 0, 0, 0, 0, 0, 0, 0, 0]",20,2
FF2990,"[3, 4, 5, 1, 3, 4, 1, 0, 0, 0, 0, 0, 0, 0, 0, 0, 0, 0, 0, 0, 0, 0, 0, 0]",21,2
FF3900,"[2, 2, 2, 1, 0, 5, 1, 0, 0, 0, 0, 0, 0, 0, 0, 0, 0, 0, 0, 0, 0, 0, 0, 0]",13,1
FF3910,"[3, 3, 3, 1, 4, 5, 1, 4, 0, 0, 0, 0, 0, 0, 0, 0, 0, 0, 0, 0, -5, 0, 0, 0]",19,2
FF3920,"[2, 3, 3, 1, 3, 5, 1, 0, 0, 0, 0, 0, 0, 0, 0, 0, 0, 0, 0, 0, 0, 0, 0, 0]",18,2
FF3930,"[3, 4, 4, 1, 3, 4, 2, 5, 1, 0, 0, 0, 0, 0, 0, 0, 0, 0, 0, 0, 0, 0, 0, -3]",24,3
FF3940,"[1, 4, 5, 1, 2, 4, 3, 4, 1, 0, 0, 0, 0, 0, 0, 0, 0, 0, 0, 0, 0, 0, 0, 0]",25,3
FF3950,"[2, 4, 5, 1, 2, 3, 2, 4, 3, 0, 0, 0, 0, 0, 0, 0, 0, 0, 0, 0, 0, 0, 0, 0]",26,3
FF3960,"[3, 4, 4, 1, 2, 4, 2, 4, 0, 0, 0, 0, 0, 0, 3, 0, 0, 0, 0, 0, 0, 0, 0, -2]",25,3
FF3970,"[1, 4, 5, 1, 1, 3, 1, 0, 0, 0, 0, 0, 0, 0, 0, 0, 0, 0, 0, 0, 0, 0, 0, 0]",16,2
FF3980,"[2, 4, 3, 1, 2, 5, 0, 0, 0, 0, 0, 0, 0, 0, 0, 0, 0, 0, 0, 0, -5, 0, 0, 0]",12,1
FF3990,"[1, 3, 3, 1, 4, 5, 0, 0, 0, 0, 0, 0, 0, 0, 0, 0, 0, 0, 0, 0, -5, 0, 0, 0]",12,1
FF4900,"[2, 2, 3, 1, 3, 5, 1, 4, 0, 0, 0, 0, 0, 0, 0, 0, 0, 0, 0, 0, 0, 0, -1, -1]",19,2
FF4910,"[2, 2, 3, 1, 3, 5, 2, 5, 1, 0, 0, 0, 0, 0, 2, 0, 0, 0, 0, 0, 0, 0, -2, -1]",23,3
FF4920,"[2, 4, 5, 1, 3, 3, 1, 5, 0, 0, 0, 0, 0, 0, 0, 0, 0, 0, 0, 0, 0, 0, -2, -3]",19,2
FF4930,"[1, 5, 5, 1, 2, 3, 1, 0, 0, 0, 0, 0, 0, 0, 0, 0, 0, 0, 0, 0, 0, 0, -1, 0]",17,2
FF4940,"[1, 3, 5, 1, 2, 3, 1, 4, 0, 0, 0, 0, 0, 0, 0, 0, 0, 0, 0, 0, 0, 0, 0, -2]",18,2
FF4950,"[3, 3, 4, 1, 4, 4, 1, 5, 0, 0, 0, 0, 0, 0, 0, 3, 3, 0, 0, 0, 0, 0, -2, -2]",27,4
FF4960,"[2, 2, 3, 1, 4, 5, 1, 4, 0, 0, 0, 0, 0, 0, 0, 0, 0, 0, 0, 0, -5, 0, 0, -1]",16,2
FF4970,"[3, 3, 3, 1, 3, 5, 2, 5, 0, 0, 0, 0, 0, 0, 3, 0, 0, 0, 0, 0, -5, 0, 0, -4]",19,2
FF4980,"[2, 4, 5, 1, 2, 3, 1, 5, 0, 0, 0, 0, 0, 0, 0, 0, 0, 0, 0, 0, -5, 0, 0, 0]",18,2
FF4990,"[3, 4, 4, 1, 2, 3, 1, 4, 1, 0, 0, 0, 0, 0, 0, 1, 1, 0, 0, 0, -5, 0, -1, 0]",19,2
FF5900,"[3, 4, 4, 1, 1, 4, 2, 4, 0, 0, 0, 0, 0, 0, 0, 3, 3, 0, 0, 0, 0, 0, -2, 0]",27,4
FF2859,"[2, 1, 2, 1, 4, 5, 0, 0, 0, 0, 0, 0, 0, 0, 0, 0, 0, 0, 0, 0, 0, 0, 0, 0]",15,1
FF2869,"[2, 3, 3, 1, 4, 5, 2, 0, 0, 0, 0, 0, 0, 0, 0, 0, 0, 0, 0, 0, 0, 0, -2, 0]",18,2
FF2879,"[3, 3, 3, 1, 3, 5, 0, 4, 0, 0, 0, 0, 0, 0, 5, 0, 0, 0, 0, 0, 0, 0, 0, -1]",26,3
FF2889,"[1, 3, 5, 1, 3, 4, 2, 4, 0, 0, 0, 0, 0, 0, 5, 0, 0, 0, 0, 0, 0, 0, 0, 0]",28,4
FF2899,"[3, 3, 4, 1, 3, 4, 1, 4, 0, 0, 0, 0, 0, 0, 0, 0, 0, 0, 0, 0, 0, 0, 0, 0]",23,3
FF3809,"[2, 2, 2, 1, 0, 5, 1, 4, 0, 0, 0, 0, 0, 0, 0, 0, 0, 0, 0, 0, -5, 0, 0, 0]",12,1
FF3819,"[2, 2, 3, 1, 2, 5, 2, 4, 0, 0, 0, 0, 0, 0, 0, 0, 0, 0, 0, 0, 0, 0, 0, 0]",21,2
FF3829,"[1, 2, 3, 1, 1, 5, 2, 0, 0, 0, 0, 0, 0, 0, 0, 0, 0, 0, 0, 0, 0, 0, 0, 0]",15,1
FF3839,"[2, 4, 5, 1, 1, 4, 4, 4, 1, 0, 0, 0, 0, 0, 0, 0, 0, 0, 0, 0, 0, 0, 0, 0]",26,3
FF3849,"[1, 0, 5, 1, 2, 4, 2, 0, 1, 0, 0, 0, 0, 0, 0, 0, 0, 0, 0, 0, 0, 0, 0, 0]",16,2
FF3859,"[1, 5, 5, 1, 2, 3, 1, 0, 3, 0, 0, 0, 0, 0, 0, 0, 0, 0, 0, 0, 0, 0, 0, 0]",21,2
FF3869,"[1, 4, 5, 1, 2, 3, 0, 0, 1, 0, 0, 0, 0, 0, 0, 0, 0, 0, 0, 0, 0, 0, 0, 0]",17,2
FF3879,"[3, 4, 5, 1, 2, 3, 1, 4, 1, 0, 0, 0, 0, 0, 0, 0, 0, 0, 0, 0, 0, 0, 0, -5]",19,2
FF3889,"[2, 3, 3, 1, 3, 5, 1, 4, 0, 0, 0, 0, 0, 0, 3, 0, 0, 0, 0, 0, -5, 0, 0, -1]",19,2
FF3899,"[3, 2, 2, 1, 3, 5, 0, 4, 0, 0, 0, 0, 0, 0, 0, 0, 0, 0, 0, 0, 0, 0, 0, -1]",19,2
FF4809,"[1, 2, 3, 1, 3, 5, 1, 4, 0, 0, 0, 0, 0, 0, 0, 0, 0, 0, 0, 0, 0, 0, 0, 0]",20,2
FF4819,"[2, 2, 2, 1, 3, 5, 3, 4, 0, 0, 0, 0, 0, 0, 0, 0, 0, 0, 0, 0, 0, 0, 0, -1]",21,2
FF4829,"[3, 3, 5, 1, 4, 4, 0, 4, 0, 0, 0, 0, 0, 0, 0, 0, 0, 0, 0, 0, 0, 0, 0, -4]",20,2
FF4839,"[2, 3, 5, 1, 3, 3, 0, 4, 0, 0, 0, 0, 0, 0, 0, 0, 0, 0, 0, 0, 0, 0, -2, -3]",16,2
FF4849,"[3, 4, 4, 1, 4, 4, 1, 5, 0, 0, 0, 0, 0, 0, 0, 0, 0, 0, 0, 0, -5, 0, -2, -2]",17,2
FF4859,"[4, 2, 3, 1, 3, 4, 3, 5, 0, 0, 0, 0, 0, 0, 0, 2, 2, 0, 0, 0, 0, 0, -1, -1]",27,4
FF4869,"[1, 1, 3, 1, 5, 5, 0, 4, 0, 0, 0, 0, 0, 0, 0, 2, 2, 0, 0, 0, 0, 0, -2, -3]",19,2
FF4879,"[2, 2, 2, 1, 2, 5, 2, 4, 0, 0, 0, 0, 0, 0, 0, 0, 0, 0, 0, 0, -5, 0, 0, -1]",14,1
FF4889,"[3, 4, 4, 1, 1, 3, 2, 4, 0, 0, 0, 0, 0, 0, 0, 1, 1, 0, 0, 0, -5, 0, -1, 0]",18,2
FF4899,"[3, 4, 3, 1, 1, 4, 1, 4, 0, 0, 0, 0, 0, 0, 0, 3, 3, 0, 0, 0, -5, 0, -3, -5]",14,1
FF5809,"[3, 4, 4, 1, 2, 4, 1, 4, 0, 0, 0, 0, 0, 0, 0, 0, 0, 0, 0, 0, 0, 0, 0, -5]",18,2
FF2858,"[2, 2, 3, 1, 5, 5, 1, 0, 0, 0, 0, 0, 0, 0, 0, 0, 0, 0, 0, 0, 0, 0, 0, 0]",19,2
FF2868,"[2, 2, 2, 1, 4, 5, 2, 4, 0, 0, 0, 0, 0, 0, 0, 0, 0, 0, 0, 0, 0, 0, -2, 0]",20,2
FF2878,"[3, 4, 4, 1, 3, 4, 1, 0, 0, 0, 0, 0, 0, 0, 3, 0, 0, 0, 0, 0, 0, 0, 0, -1]",22,3
FF2888,"[1, 4, 5, 1, 3, 4, 1, 5, 0, 0, 0, 0, 0, 0, 0, 0, 0, 0, 0, 0, 0, 0, 0, -4]",20,2
FF2898,"[2, 4, 5, 1, 3, 4, 1, 0, 0, 0, 0, 0, 0, 0, 0, 0, 0, 0, 0, 0, -5, 0, 0, 0]",15,1
FF3808,"[2, 3, 3, 1, 0, 5, 1, 4, 0, 0, 0, 0, 0, 0, 0, 0, 0, 0, 0, 0, -5, 0, 0, 0]",14,1
FF3818,"[2, 1, 2, 1, 1, 5, 1, 4, 0, 0, 0, 0, 0, 0, 0, 0, 0, 0, 0, 0, 0, 0, 0, 0]",17,2
FF3828,"[2, 3, 3, 1, 1, 4, 1, 0, 0, 0, 0, 0, 0, 0, 0, 0, 0, 0, 0, 0, -5, 0, 0, 0]",10,1
FF3838,"[1, 4, 5, 1, 2, 3, 1, 0, 0, 0, 0, 0, 0, 0, 0, 0, 0, 0, 0, 0, -5, 0, 0, 0]",12,1
FF3848,"[2, 4, 5, 1, 2, 3, 1, 4, 0, 0, 0, 0, 0, 0, 0, 0, 0, 0, 0, 0, 0, 0, 0, 0]",22,3
FF3858,"[3, 3, 4, 1, 2, 4, 1, 4, 0, 0, 0, 0, 0, 0, 0, 0, 0, 0, 0, 0, 0, 0, 0, -1]",21,2
FF3868,"[1, 4, 5, 1, 2, 3, 0, 0, 1, 0, 0, 0, 0, 0, 0, 0, 0, 0, 0, 0, 0, 0, 0, 0]",17,2
FF3878,"[3, 4, 4, 1, 3, 4, 1, 4, 0, 0, 0, 0, 0, 0, 0, 0, 0, 0, 0, 0, 0, 0, 0, 0]",24,3
FF3888,"[3, 3, 3, 1, 4, 4, 1, 4, 0, 0, 0, 0, 0, 0, 3, 0, 0, 0, 0, 0, -5, 0, 0, -1]",20,2
FF3898,"[2, 3, 3, 1, 4, 5, 0, 4, 0, 0, 0, 0, 0, 0, 0, 0, 0, 0, 0, 0, -5, 0, 0, -4]",13,1
FF4808,"[1, 2, 3, 1, 3, 5, 2, 0, 0, 0, 0, 0, 0, 0, 0, 0, 0, 0, 0, 0, 0, 0, 0, 0]",17,2
FF4818,"[3, 3, 3, 1, 4, 4, 1, 4, 1, 0, 0, 0, 0, 0, 2, 0, 0, 0, 0, 0, 0, 0, 0, 0]",26,3
FF4828,"[3, 3, 5, 1, 3, 3, 0, 5, 1, 0, 0, 0, 0, 0, 0, 0, 0, 0, 0, 0, 0, 0, 0, -1]",23,3
FF4838,"[2, 5, 5, 1, 2, 3, 0, 5, 0, 0, 0, 0, 0, 0, 0, 0, 0, 0, 0, 0, 0, 0, 0, 0]",23,3
FF4848,"[3, 3, 3, 1, 3, 5, 1, 4, 0, 0, 0, 0, 0, 0, 0, 0, 0, 0, 0, 0, -5, 0, -1, -1]",16,2
FF4858,"[2, 1, 2, 1, 2, 4, 1, 4, 0, 0, 0, 0, 0, 0, 0, 0, 0, 0, 0, 0, 0, 0, -2, -1]",14,1
FF4868,"[3, 2, 2, 1, 2, 4, 0, 4, 0, 0, 0, 0, 0, 0, 0, 3, 3, 0, 0, 0, 0, 0, -3, 0]",21,2
FF4878,"[3, 1, 2, 1, 2, 4, 2, 4, 0, 0, 0, 0, 0, 0, 5, 2, 2, 0, 0, 0, 0, 0, -2, -1]",25,3
FF4888,"[4, 3, 4, 1, 2, 4, 1, 5, 0, 0, 0, 0, 0, 0, 2, 3, 3, 0, 0, 0, -5, 0, -2, -1]",24,3
FF4898,"[3, 2, 3, 1, 3, 4, 1, 4, 0, 0, 0, 0, 0, 0, 3, 0, 0, 0, 0, 0, -5, 0, 0, -1]",18,2
FF5808,"[2, 1, 2, 1, 2, 5, 0, 0, 0, 0, 0, 0, 0, 0, 2, 0, 0, 0, 0, 0, 0, 0, 0, 0]",15,1
FF2857,"[2, 3, 3, 1, 3, 5, 1, 0, 0, 0, 0, 0, 0, 0, 0, 0, 0, 0, 0, 0, 0, 0, 0, 0]",18,2
FF2867,"[2, 3, 3, 1, 2, 5, 2, 0, 0, 0, 0, 0, 0, 0, 0, 0, 0, 0, 0, 0, 0, 0, -2, 0]",16,2
FF2877,"[2, 4, 5, 1, 2, 3, 2, 0, 0, 0, 0, 0, 0, 0, 0, 0, 0, 0, 0, 0, 0, 0, 0, 0]",19,2
FF2887,"[1, 5, 5, 1, 1, 4, 1, 0, 0, 0, 0, 0, 0, 0, 0, 0, 0, 0, 0, 0, 0, 0, 0, 0]",18,2
FF2897,"[1, 0, 5, 1, 1, 4, 1, 0, 0, 0, 0, 0, 0, 0, 0, 0, 0, 0, 0, 0, 0, 0, 0, 0]",13,1
FF3807,"[2, 4, 5, 1, 2, 4, 0, 0, 0, 0, 0, 0, 0, 0, 0, 0, 0, 0, 0, 0, 0, 0, 0, 0]",18,2
FF3817,"[3, 3, 4, 1, 1, 4, 1, 4, 0, 0, 0, 0, 0, 0, 0, 0, 0, 0, 0, 0, 0, 0, 0, 0]",21,2
FF3827,"[2, 3, 3, 1, 3, 5, 1, 5, 0, 0, 0, 0, 0, 0, 0, 0, 0, 0, 0, 0, -5, 0, 0, -2]",16,2
FF3837,"[3, 3, 3, 1, 4, 5, 0, 0, 0, 0, 0, 0, 0, 0, 0, 0, 0, 0, 0, 0, -5, 0, 0, -1]",13,1
FF3847,"[2, 4, 5, 1, 2, 3, 2, 0, 0, 0, 0, 0, 0, 0, 0, 0, 0, 0, 0, 0, -5, 0, 0, 0]",14,1
FF3857,"[3, 3, 3, 1, 3, 4, 1, 4, 0, 0, 0, 0, 0, 0, 3, 0, 0, 0, 0, 0, 0, 0, 0, -1]",24,3
FF3867,"[3, 4, 3, 1, 3, 5, 1, 4, 0, 0, 0, 0, 0, 0, 0, 0, 0, 0, 0, 0, -5, 0, 0, 0]",19,2
FF3877,"[1, 3, 3, 1, 3, 5, 2, 0, 0, 0, 0, 0, 0, 0, 0, 0, 0, 0, 0, 0, -5, 0, 0, 0]",13,1
FF3887,"[2, 2, 2, 1, 3, 5, 3, 4, 0, 0, 0, 0, 0, 0, 0, 0, 0, 0, 0, 0, 0, 0, 0, -1]",21,2
FF3897,"[1, 3, 3, 1, 4, 5, 1, 0, 0, 0, 0, 0, 0, 0, 0, 0, 0, 0, 0, 0, 0, 0, 0, 0]",18,2
FF4807,"[1, 2, 3, 1, 3, 5, 1, 0, 0, 0, 0, 0, 0, 0, 0, 0, 0, 0, 0, 0, 0, 0, 0, 0]",16,2
FF4817,"[4, 3, 4, 1, 3, 4, 1, 4, 1, 0, 0, 0, 0, 0, 0, 0, 0, 0, 0, 0, 0, 0, 0, -1]",24,3
FF4827,"[1, 4, 5, 1, 2, 3, 2, 0, 0, 0, 0, 0, 0, 0, 0, 0, 0, 0, 0, 0, 0, 0, 0, -1]",17,2
FF4837,"[3, 4, 4, 1, 1, 4, 1, 4, 0, 0, 0, 0, 0, 0, 0, 0, 0, 0, 0, 0, 0, 0, 0, -4]",18,2
FF4847,"[2, 3, 3, 1, 1, 5, 2, 4, 0, 0, 0, 0, 0, 0, 3, 0, 0, 5, 0, 0, -5, 0, 0, -1]",23,3
FF4857,"[4, 2, 2, 1, 2, 4, 2, 4, 0, 0, 0, 0, 0, 0, 0, 0, 0, 0, 0, 0, -5, 0, 0, -1]",15,1
FF4867,"[3, 1, 2, 1, 2, 4, 1, 4, 0, 0, 0, 0, 0, 5, 5, 1, 1, 0, 0, 0, 0, 0, -2, 0]",28,4
FF4877,"[4, 2, 3, 1, 3, 4, 2, 4, 4, 0, 0, 0, 0, 0, 5, 2, 2, 0, 0, 0, 0, 0, -3, -1]",32,4
FF4887,"[4, 4, 4, 1, 3, 3, 2, 5, 4, 0, 0, 0, 0, 0, 5, 0, 0, 0, 0, 0, 0, 0, 0, -3]",32,4
FF4897,"[2, 4, 3, 1, 3, 5, 1, 0, 4, 0, 0, 0, 0, 0, 0, 0, 0, 0, 0, 0, 0, 0, 0, -5]",18,2
FF5807,"[3, 4, 3, 1, 3, 4, 1, 0, 4, 0, 0, 0, 0, 0, 0, 0, 0, 0, 0, 0, 0, 0, 0, -1]",22,3
FF2866,"[3, 2, 2, 1, 4, 5, 0, 4, 0, 0, 0, 0, 0, 0, 0, 0, 0, 0, 0, 0, 0, 0, -2, 0]",19,2
FF2876,"[2, 2, 3, 1, 2, 5, 2, 0, 0, 0, 0, 0, 0, 0, 0, 0, 0, 0, 0, 0, 0, 0, 0, 0]",17,2
FF2886,"[1, 5, 5, 1, 1, 4, 1, 0, 0, 0, 0, 0, 0, 0, 0, 0, 0, 0, 0, 0, 0, 0, 0, 0]",18,2
FF2896,"[1, 4, 5, 1, 1, 4, 1, 4, 0, 0, 0, 0, 0, 0, 0, 0, 0, 0, 0, 0, 0, 0, 0, 0]",21,2
FF3806,"[2, 4, 5, 1, 3, 3, 0, 4, 0, 0, 0, 0, 0, 0, 0, 0, 0, 0, 0, 0, 0, 0, 0, 0]",22,3
FF3816,"[2, 3, 3, 1, 3, 5, 2, 4, 0, 0, 0, 0, 0, 0, 0, 0, 0, 0, 0, 0, -5, 0, 0, 0]",18,2
FF3826,"[2, 3, 3, 1, 2, 5, 1, 4, 1, 0, 0, 0, 0, 0, 0, 0, 0, 0, 0, 0, -5, 0, 0, 0]",17,2
FF3836,"[4, 3, 3, 1, 4, 4, 1, 4, 0, 0, 0, 0, 0, 0, 0, 0, 0, 0, 0, 0, -5, 0, 0, -1]",18,2
FF3846,"[3, 4, 3, 1, 3, 5, 2, 4, 0, 0, 0, 0, 0, 0, 0, 0, 0, 0, 0, 0, -5, 0, 0, 0]",20,2
FF3856,"[3, 3, 4, 1, 2, 4, 1, 4, 1, 0, 0, 0, 0, 0, 0, 0, 0, 0, 0, 0, -5, 0, 0, -1]",17,2
FF3866,"[3, 3, 4, 1, 2, 4, 1, 0, 0, 0, 0, 0, 0, 0, 3, 0, 0, 0, 0, 0, -5, 0, 0, -1]",15,1
FF3876,"[3, 3, 3, 1, 3, 5, 1, 4, 0, 0, 0, 0, 0, 0, 0, 0, 0, 0, 0, 0, -5, 0, 0, -1]",17,2
FF3886,"[1, 2, 3, 1, 3, 5, 1, 4, 0, 0, 0, 0, 0, 0, 0, 0, 0, 0, 0, 0, -5, 0, 0, -2]",13,1
FF3896,"[3, 3, 4, 1, 1, 4, 2, 0, 0, 0, 0, 0, 0, 0, 0, 0, 0, 0, 0, 0, -5, 0, 0, 0]",13,1
FF4806,"[3, 4, 4, 1, 2, 5, 2, 0, 0, 0, 0, 0, 0, 0, 0, 0, 0, 0, 0, 0, 0, 0, 0, -1]",20,2
FF4816,"[1, 2, 5, 1, 2, 4, 1, 4, 0, 0, 0, 0, 0, 0, 0, 0, 0, 0, 0, 0, 0, 0, 0, -1]",19,2
FF4826,"[2, 4, 5, 1, 3, 2, 2, 4, 0, 0, 0, 0, 0, 0, 0, 0, 0, 0, 0, 0, 0, 0, 0, -1]",22,3
FF4836,"[3, 3, 3, 1, 2, 4, 2, 4, 0, 0, 0, 0, 0, 0, 0, 0, 0, 0, 0, 0, -5, 0, 0, -1]",16,2
FF4846,"[4, 3, 3, 1, 2, 4, 1, 4, 4, 0, 0, 0, 0, 0, 0, 0, 0, 0, 0, 0, -5, 0, 0, 0]",21,2
FF4856,"[3, 3, 3, 1, 3, 5, 1, 4, 4, 0, 0, 0, 0, 0, 0, 0, 0, 0, 0, 0, 0, 0, 0, -1]",26,3
FF4866,"[3, 3, 3, 1, 3, 4, 2, 4, 4, 0, 0, 0, 0, 0, 2, 0, 0, 0, 0, 0, 0, 0, 0, -2]",27,4
FF4876,"[2, 4, 3, 1, 3, 5, 2, 0, 4, 0, 0, 0, 0, 0, 0, 0, 0, 0, 0, 0, 0, 0, -1, 0]",23,3
FF4886,"[3, 4, 3, 1, 3, 4, 2, 0, 4, 0, 0, 0, 0, 0, 0, 0, 0, 0, 0, 0, 0, 0, -1, -3]",20,2
FF4896,"[2, 2, 3, 1, 3, 5, 1, 0, 4, 0, 0, 0, 0, 0, 0, 0, 0, 0, 0, 0, 0, 0, 0, -1]",20,2
FF5806,"[2, 3, 3, 1, 3, 5, 1, 4, 4, 0, 0, 0, 0, 0, 0, 0, 0, 0, 0, 0, 0, 0, 0, -1]",25,3
FF2865,"[3, 2, 2, 1, 4, 5, 0, 4, 0, 0, 0, 0, 0, 0, 0, 0, 0, 0, 0, 0, 0, 0, -2, 0]",19,2
FF2875,"[3, 3, 4, 1, 1, 5, 1, 0, 0, 0, 0, 0, 0, 0, 0, 0, 0, 0, 0, 0, 0, 0, 0, 0]",18,2
FF2885,"[1, 4, 5, 1, 1, 4, 0, 0, 0, 0, 0, 0, 0, 0, 0, 0, 0, 0, 0, 0, 0, 0, 0, 0]",16,2
FF2895,"[3, 4, 4, 1, 3, 4, 0, 4, 0, 0, 0, 0, 0, 0, 0, 0, 0, 0, 0, 0, 0, 0, 0, 0]",23,3
FF3805,"[2, 3, 3, 1, 3, 5, 1, 5, 0, 0, 0, 0, 0, 0, 0, 0, 0, 0, 0, 0, 0, 0, 0, -5]",18,2
FF3815,"[3, 2, 2, 1, 3, 4, 1, 5, 0, 0, 0, 0, 0, 0, 5, 0, 0, 0, 0, 0, -5, 0, 0, -1]",20,2
FF3825,"[3, 3, 4, 1, 2, 4, 2, 5, 0, 0, 0, 0, 0, 0, 0, 0, 0, 0, 0, 0, -5, 0, 0, 0]",19,2
FF3835,"[3, 4, 4, 1, 3, 4, 3, 4, 0, 0, 0, 0, 0, 0, 0, 0, 0, 0, 0, 0, -5, 0, 0, -1]",20,2
FF3845,"[2, 4, 3, 1, 3, 5, 1, 4, 0, 0, 0, 0, 0, 0, 0, 0, 0, 0, 0, 0, -5, 0, 0, 0]",18,2
FF3855,"[2, 4, 3, 1, 4, 5, 2, 0, 0, 0, 0, 0, 0, 0, 0, 0, 0, 0, 0, 0, 0, 0, 0, 0]",21,2
FF3865,"[3, 4, 4, 1, 4, 5, 1, 0, 0, 0, 0, 0, 0, 0, 0, 0, 0, 0, 0, 0, 0, 0, 0, 0]",22,3
FF3875,"[2, 2, 3, 1, 5, 5, 1, 4, 0, 0, 0, 0, 0, 0, 0, 0, 0, 0, 0, 0, 0, 0, 0, -1]",22,3
FF3885,"[2, 3, 3, 1, 3, 5, 0, 4, 0, 0, 0, 0, 0, 0, 0, 0, 0, 0, 0, 0, 0, 0, 0, -4]",17,2
FF3895,"[2, 3, 5, 1, 2, 4, 3, 0, 0, 0, 0, 0, 0, 0, 0, 0, 0, 0, 0, 0, 0, 0, 0, -1]",19,2
FF4805,"[1, 5, 5, 1, 2, 3, 1, 0, 0, 0, 0, 0, 0, 0, 0, 0, 0, 0, 0, 0, 0, 0, 0, 0]",18,2
FF4815,"[2, 4, 5, 1, 2, 3, 0, 0, 0, 0, 0, 0, 0, 0, 0, 0, 0, 0, 0, 0, 0, 0, 0, 0]",17,2
FF4825,"[2, 3, 3, 1, 1, 5, 1, 4, 0, 0, 0, 0, 0, 0, 0, 0, 0, 0, 0, 0, 0, 0, 0, -1]",19,2
FF4835,"[2, 3, 3, 1, 2, 5, 1, 4, 0, 0, 0, 0, 0, 0, 0, 0, 0, 0, 0, 0, 0, 0, 0, -1]",20,2
FF4845,"[3, 3, 3, 1, 3, 4, 1, 5, 4, 0, 0, 0, 0, 0, 2, 0, 0, 0, 0, 0, 0, 0, 0, -1]",28,4
FF4855,"[3, 4, 3, 1, 2, 4, 1, 5, 4, 0, 0, 0, 0, 0, 0, 0, 0, 0, 0, 0, 0, 0, 0, -1]",26,3
FF4865,"[4, 5, 3, 1, 3, 4, 1, 5, 4, 0, 0, 0, 0, 0, 0, 0, 0, 0, 0, 0, -5, 0, 0, -5]",20,2
FF4875,"[2, 1, 2, 1, 2, 5, 0, 0, 0, 0, 0, 0, 0, 0, 0, 0, 0, 0, 0, 0, 0, 0, 0, -1]",12,1
FF4885,"[2, 1, 2, 1, 2, 5, 0, 4, 0, 0, 0, 0, 0, 0, 3, 0, 0, 0, 0, 0, 0, 0, -2, -1]",17,2
FF4895,"[2, 2, 2, 1, 2, 5, 0, 4, 0, 0, 0, 0, 0, 0, 3, 0, 0, 0, 0, 0, 0, 0, -2, -1]",18,2
FF5805,"[3, 3, 3, 1, 3, 5, 0, 5, 0, 0, 0, 0, 0, 0, 0, 0, 0, 0, 0, 0, 0, 0, 0, -2]",21,2
FF2860,"[3, 1, 2, 1, 4, 5, 0, 0, 0, 0, 0, 0, 0, 0, 0, 0, 0, 0, 0, 0, 0, 0, -2, 0]",14,1
FF2870,"[2, 4, 5, 1, 3, 4, 1, 0, 0, 0, 0, 0, 0, 0, 0, 0, 0, 0, 0, 0, 0, 0, 0, 0]",20,2
FF2880,"[3, 3, 3, 1, 3, 4, 1, 4, 0, 0, 0, 0, 0, 0, 3, 0, 0, 0, 0, 0, 0, 0, 0, 0]",25,3
FF2890,"[1, 5, 5, 1, 3, 4, 0, 0, 0, 0, 0, 0, 0, 0, 0, 0, 0, 0, 0, 0, 0, 0, 0, 0]",19,2
FF3800,"[2, 4, 5, 1, 4, 5, 0, 0, 0, 0, 0, 0, 0, 0, 0, 0, 0, 0, 0, 0, 0, 0, 0, 0]",21,2
FF3810,"[1, 5, 5, 1, 2, 4, 0, 0, 5, 0, 0, 0, 0, 0, 0, 0, 0, 0, 0, 0, 0, 0, 0, 0]",23,3
FF3820,"[1, 4, 5, 1, 1, 3, 0, 0, 5, 0, 0, 0, 0, 0, 0, 0, 0, 0, 0, 0, 0, 0, 0, 0]",20,2
FF3830,"[1, 5, 5, 1, 1, 4, 0, 0, 0, 0, 0, 0, 0, 0, 0, 0, 0, 0, 0, 0, 0, 0, 0, 0]",17,2
FF3840,"[1, 3, 5, 1, 2, 4, 0, 0, 0, 0, 0, 0, 0, 0, 0, 0, 0, 0, 0, 0, 0, 0, 0, -2]",14,1
FF3850,"[4, 3, 4, 1, 3, 3, 1, 5, 0, 0, 0, 0, 0, 0, 5, 0, 0, 0, 0, 0, 0, 0, 0, -1]",28,4
FF3860,"[1, 0, 5, 1, 2, 4, 0, 0, 0, 0, 0, 0, 0, 0, 0, 0, 0, 0, 0, 0, 0, 0, 0, 0]",13,1
FF3870,"[4, 4, 4, 1, 2, 3, 0, 5, 0, 0, 0, 0, 0, 0, 0, 0, 0, 0, 0, 0, 0, 0, 0, 0]",23,3
FF3880,"[1, 1, 2, 1, 2, 5, 1, 4, 0, 0, 0, 0, 0, 0, 0, 0, 0, 0, 0, 0, 0, 0, 0, -1]",16,2
FF3890,"[2, 1, 2, 1, 3, 5, 1, 4, 4, 0, 0, 0, 0, 0, 0, 0, 0, 0, 0, 0, 0, 0, 0, -1]",22,3
FF4800,"[1, 2, 3, 1, 3, 5, 0, 4, 4, 0, 0, 0, 0, 0, 3, 0, 0, 0, 0, 0, 0, 0, 0, -3]",23,3
FF4810,"[3, 4, 3, 1, 3, 4, 2, 0, 4, 0, 0, 0, 0, 0, 0, 0, 0, 0, 0, 0, 0, 0, 0, -4]",20,2
FF4870,"[3, 1, 2, 1, 1, 4, 1, 4, 0, 0, 0, 0, 0, 0, 3, 0, 0, 0, 0, 0, 0, 0, 0, -1]",19,2
FF4880,"[4, 2, 2, 1, 3, 4, 1, 0, 0, 0, 0, 0, 0, 0, 3, 0, 0, 0, 0, 0, 0, 0, 0, -1]",19,2
FF4890,"[4, 2, 3, 1, 3, 4, 0, 0, 0, 0, 0, 0, 0, 0, 0, 0, 0, 0, 0, 0, 0, 0, 0, 0]",17,2
FF5800,"[3, 3, 3, 1, 2, 5, 1, 4, 0, 0, 0, 0, 0, 0, 0, 0, 0, 0, 0, 0, 0, 0, 0, -1]",21,2
FF2769,"[3, 3, 4, 1, 3, 4, 0, 0, 0, 0, 0, 0, 0, 0, 0, 0, 0, 0, 0, 0, 0, 0, -2, 0]",16,2
FF2779,"[1, 4, 5, 1, 3, 4, 0, 0, 0, 0, 0, 0, 0, 0, 0, 0, 0, 0, 0, 0, 0, 0, 0, 0]",18,2
FF2789,"[2, 4, 5, 1, 2, 4, 1, 4, 0, 0, 0, 0, 0, 0, 0, 0, 0, 0, 0, 0, 0, 0, 0, 0]",23,3
FF2799,"[1, 5, 5, 1, 3, 3, 1, 0, 0, 0, 0, 0, 0, 0, 0, 0, 0, 0, 0, 0, 0, 0, 0, 0]",19,2
FF3709,"[3, 4, 4, 1, 3, 5, 0, 0, 0, 0, 0, 0, 0, 0, 0, 0, 0, 0, 0, 0, 0, 0, 0, 0]",20,2
FF3719,"[1, 4, 5, 1, 1, 3, 1, 0, 0, 0, 0, 0, 0, 0, 0, 0, 0, 0, 0, 0, 0, 0, 0, 0]",16,2
FF3729,"[2, 4, 4, 1, 1, 5, 1, 0, 0, 0, 0, 0, 0, 0, 0, 0, 0, 0, 0, 0, 0, 0, 0, 0]",18,2
FF3739,"[1, 5, 5, 1, 2, 4, 1, 0, 0, 0, 0, 0, 0, 0, 0, 0, 0, 0, 0, 0, 0, 0, 0, 0]",19,2
FF3749,"[1, 2, 5, 1, 2, 3, 0, 0, 0, 0, 0, 0, 0, 0, 3, 0, 0, 0, 0, 0, 0, 0, 0, -1]",16,2
FF3759,"[4, 4, 4, 1, 3, 3, 2, 5, 0, 0, 0, 0, 0, 0, 3, 0, 0, 0, 0, 0, 0, 0, 0, -1]",28,4
FF3769,"[2, 4, 5, 1, 2, 3, 0, 0, 0, 0, 0, 0, 0, 0, 0, 0, 0, 0, 0, 0, 0, 0, 0, 0]",17,2
FF3779,"[2, 3, 3, 1, 2, 5, 0, 0, 0, 0, 0, 0, 0, 0, 0, 0, 0, 0, 0, 0, 0, 0, 0, 0]",16,2
FF3789,"[1, 2, 3, 1, 2, 5, 0, 0, 4, 0, 0, 0, 0, 0, 0, 0, 0, 0, 0, 0, 0, 0, 0, -1]",17,2
FF3799,"[4, 4, 3, 1, 3, 4, 2, 4, 4, 0, 0, 0, 0, 0, 0, 0, 0, 0, 0, 0, 0, 0, 0, -1]",28,4
FF4709,"[3, 4, 3, 1, 3, 4, 1, 0, 4, 0, 0, 0, 0, 0, 0, 0, 0, 0, 0, 0, 0, 0, 0, 0]",23,3
FF4769,"[1, 1, 2, 1, 3, 5, 1, 0, 0, 0, 0, 0, 0, 0, 0, 0, 0, 0, 0, 0, 0, 0, 0, -5]",9,1
FF4779,"[1, 1, 3, 1, 3, 5, 1, 0, 0, 0, 0, 0, 0, 0, 0, 0, 0, 0, 0, 0, 0, 0, 0, -1]",14,1
FF4789,"[2, 3, 3, 1, 5, 5, 0, 0, 0, 0, 0, 0, 0, 0, 0, 0, 0, 0, 0, 0, 0, 0, 0, -2]",17,2
FF4799,"[1, 2, 3, 1, 4, 5, 0, 4, 0, 0, 0, 0, 0, 0, 0, 0, 0, 0, 0, 0, 0, 0, 0, 0]",20,2
FF5709,"[3, 2, 3, 1, 3, 5, 1, 4, 0, 0, 0, 0, 0, 0, 0, 0, 0, 0, 0, 0, 0, 0, 0, -2]",20,2
FF2768,"[3, 3, 4, 1, 3, 4, 0, 4, 0, 0, 0, 0, 0, 0, 0, 0, 0, 0, 0, 0, 0, 0, -3, 0]",19,2
FF2778,"[1, 5, 5, 1, 3, 4, 0, 0, 0, 0, 0, 0, 0, 0, 0, 0, 0, 0, 0, 0, 0, 0, -1, 0]",18,2
FF2788,"[1, 5, 5, 1, 3, 4, 0, 4, 0, 0, 0, 0, 0, 0, 3, 0, 0, 0, 0, 0, 0, 0, -1, 0]",25,3
FF2798,"[4, 3, 4, 1, 3, 3, 1, 4, 0, 0, 0, 0, 0, 0, 5, 0, 0, 0, 0, 0, 0, 0, -2, -1]",25,3
FF3708,"[3, 3, 3, 1, 1, 4, 1, 4, 0, 0, 0, 0, 0, 0, 5, 0, 0, 0, 0, 0, 0, 0, -2, 0]",23,3
FF3718,"[3, 4, 4, 1, 1, 4, 1, 4, 0, 0, 0, 0, 0, 0, 0, 0, 0, 0, 0, 0, -5, 0, 0, -5]",12,1
FF3728,"[3, 4, 4, 1, 1, 5, 0, 0, 0, 0, 0, 0, 0, 0, 0, 0, 0, 0, 0, 0, 0, 0, 0, 0]",18,2
FF3738,"[3, 3, 5, 1, 2, 4, 0, 0, 0, 0, 0, 0, 0, 0, 0, 0, 0, 0, 0, 0, 0, 0, 0, -3]",15,1
FF3748,"[3, 4, 3, 1, 2, 5, 1, 0, 0, 0, 0, 0, 0, 0, 0, 0, 0, 0, 0, 0, 0, 0, 0, -2]",17,2
FF3758,"[2, 2, 3, 1, 1, 5, 1, 0, 0, 0, 0, 0, 0, 0, 3, 0, 0, 0, 0, 0, 0, 0, 0, 0]",18,2
FF3768,"[1, 2, 3, 1, 2, 5, 0, 4, 0, 0, 0, 0, 0, 0, 0, 0, 0, 0, 0, 0, 0, 0, 0, 0]",18,2
FF3778,"[1, 2, 3, 1, 2, 5, 0, 4, 0, 0, 0, 0, 0, 0, 0, 0, 0, 0, 0, 0, 0, 0, 0, 0]",18,2
FF3788,"[3, 4, 4, 1, 3, 4, 1, 0, 4, 0, 0, 0, 0, 0, 0, 0, 0, 0, 0, 0, 0, 0, 0, 0]",24,3
FF3798,"[1, 4, 3, 1, 3, 5, 1, 0, 4, 0, 0, 0, 0, 0, 0, 0, 0, 0, 0, 0, 0, 0, 0, 0]",22,3
FF4768,"[1, 0, 3, 1, 5, 5, 0, 0, 0, 0, 0, 0, 0, 0, 0, 0, 0, 0, 0, 0, 0, 0, 0, 0]",15,1
FF4778,"[1, 2, 3, 1, 5, 5, 0, 0, 0, 0, 0, 0, 0, 0, 0, 0, 0, 0, 0, 0, 0, 0, 0, 0]",17,2
FF4788,"[2, 2, 3, 1, 5, 5, 0, 4, 0, 0, 0, 0, 0, 0, 0, 0, 0, 0, 0, 0, 0, 0, 0, -1]",21,2
FF4798,"[2, 2, 3, 1, 5, 5, 1, 4, 0, 0, 0, 0, 0, 0, 5, 0, 0, 0, 0, 0, 0, 0, 0, -1]",27,4
FF3565,"[3, 4, 4, 1, 3, 5, 0, 4, 0, 0, 0, 0, 0, 0, 0, 0, 0, 0, 0, 0, 0, 0, 0, 0]",24,3
FF3575,"[3, 4, 4, 1, 3, 4, 1, 4, 0, 0, 0, 0, 0, 0, 0, 0, 0, 0, 0, 0, 0, 0, 0, -1]",23,3
FF3576,"[2, 3, 5, 1, 3, 4, 1, 0, 0, 0, 0, 0, 0, 0, 0, 0, 0, 0, 0, 0, 0, 0, 0, -4]",15,1
FF3585,"[3, 2, 3, 1, 4, 4, 3, 4, 0, 0, 0, 0, 0, 0, 0, 0, 0, 0, 0, 0, 0, 0, 0, -1]",23,3
FF3586,"[3, 3, 4, 1, 3, 4, 1, 4, 0, 0, 0, 0, 0, 0, 0, 0, 0, 0, 0, 0, -5, 0, 0, -1]",17,2
FF3595,"[3, 2, 3, 1, 4, 4, 3, 4, 1, 0, 0, 0, 0, 0, 0, 0, 0, 0, 0, 0, 0, 0, 0, 0]",25,3
FF3596,"[1, 3, 3, 1, 4, 5, 1, 0, 0, 0, 0, 0, 0, 0, 0, 0, 0, 0, 0, 0, 0, 0, 0, 0]",18,2
FF4505,"[2, 2, 2, 1, 3, 5, 2, 4, 0, 0, 0, 0, 0, 0, 0, 0, 0, 0, 0, 0, 0, 0, 0, 0]",21,2
FF4506,"[3, 2, 3, 1, 4, 4, 3, 5, 0, 0, 0, 0, 0, 0, 0, 0, 0, 0, 0, 0, 0, 0, 0, 0]",25,3
FF4516,"[3, 3, 3, 1, 3, 4, 1, 4, 4, 0, 0, 0, 0, 0, 2, 0, 0, 0, 0, 0, 0, 0, -2, -1]",25,3
FF4526,"[2, 2, 2, 1, 1, 5, 4, 0, 4, 0, 0, 0, 0, 0, 0, 3, 0, 0, 0, 0, 0, 0, 0, -1]",23,3
FF4536,"[1, 2, 3, 1, 3, 5, 2, 4, 0, 0, 0, 0, 0, 0, 0, 0, 0, 0, 0, 0, 0, 0, 0, 0]",21,2
FF4546,"[3, 4, 4, 1, 3, 4, 1, 4, 0, 0, 0, 0, 0, 0, 0, 0, 0, 0, 0, 0, 0, 0, 0, 0]",24,3
FF4556,"[3, 3, 4, 1, 3, 4, 1, 0, 0, 0, 0, 0, 0, 0, 0, 0, 0, 0, 0, 0, -5, 0, 0, 0]",14,1
FF3677,"[2, 4, 5, 1, 3, 4, 1, 0, 0, 0, 0, 0, 0, 0, 0, 0, 0, 0, 0, 0, 0, 0, 0, 0]",20,2
FF3687,"[3, 4, 4, 1, 3, 4, 0, 0, 0, 0, 0, 0, 0, 0, 0, 0, 0, 0, 0, 0, 0, 0, -2, -4]",13,1
FF3697,"[3, 3, 4, 1, 4, 4, 2, 4, 0, 0, 0, 0, 0, 0, 0, 0, 0, 0, 0, 0, 0, 0, 0, -2]",23,3
FF4607,"[4, 3, 3, 1, 5, 4, 3, 4, 0, 0, 0, 0, 0, 0, 5, 1, 0, 0, 0, 0, 0, 0, 0, -1]",32,4
FF4617,"[3, 1, 2, 1, 4, 4, 1, 5, 0, 0, 0, 0, 0, 0, 0, 2, 0, 0, 0, 0, 0, 0, 0, -1]",22,3
FF4627,"[3, 2, 2, 1, 4, 4, 2, 4, 0, 0, 0, 0, 0, 0, 5, 3, 3, 0, 0, 0, 0, 0, 0, -1]",32,4
FF4637,"[3, 2, 4, 1, 4, 3, 3, 0, 0, 0, 0, 0, 0, 0, 0, 0, 0, 0, 0, 0, 0, 0, 0, 0]",20,2
FF4647,"[2, 4, 5, 1, 2, 3, 1, 0, 0, 0, 0, 0, 0, 0, 0, 0, 0, 0, 0, 0, 0, 0, 0, -1]",17,2
FF4657,"[3, 3, 4, 1, 2, 4, 0, 4, 0, 0, 0, 0, 0, 0, 0, 0, 0, 0, 0, 0, 0, 0, 0, -2]",19,2
FF4667,"[3, 2, 2, 1, 4, 4, 1, 4, 0, 0, 0, 0, 0, 0, 0, 0, 0, 0, 0, 0, 0, 0, -2, -1]",18,2
FF4677,"[2, 2, 2, 1, 3, 5, 1, 4, 0, 0, 0, 0, 0, 0, 0, 0, 0, 0, 0, 0, 0, 0, -1, -1]",18,2
FF4697,"[2, 3, 3, 1, 5, 5, 0, 4, 3, 0, 0, 0, 0, 0, 0, 0, 0, 0, 0, 0, -5, 0, 0, -1]",20,2
FF3676,"[3, 4, 4, 1, 4, 5, 1, 0, 0, 0, 0, 0, 0, 0, 0, 0, 0, 0, 0, 0, 0, 0, 0, 0]",22,3
FF3686,"[2, 3, 3, 1, 5, 5, 1, 4, 0, 0, 0, 0, 0, 0, 0, 0, 0, 0, 0, 0, 0, 0, -2, 0]",22,3
FF3696,"[3, 2, 2, 1, 5, 4, 2, 4, 0, 0, 0, 0, 0, 0, 2, 0, 0, 0, 0, 0, 0, 0, -1, 0]",24,3
FF4606,"[4, 3, 3, 1, 3, 3, 1, 4, 0, 0, 0, 0, 0, 0, 5, 0, 0, 0, 0, 0, 0, 0, 0, 0]",27,4
FF4616,"[3, 4, 4, 1, 3, 3, 1, 5, 0, 0, 0, 0, 0, 0, 0, 3, 0, 0, 0, 0, 0, 0, 0, 0]",27,4
FF4626,"[3, 4, 4, 1, 3, 4, 0, 0, 0, 0, 0, 0, 0, 0, 0, 3, 3, 0, 0, 0, 0, 0, 0, 0]",25,3
FF4636,"[2, 4, 5, 1, 3, 3, 1, 4, 1, 0, 0, 0, 0, 0, 3, 0, 0, 0, 0, 0, 0, 0, 0, 0]",27,4
FF4646,"[3, 3, 4, 1, 3, 4, 1, 4, 0, 0, 0, 0, 0, 0, 0, 0, 0, 0, 0, 0, 0, 0, 0, -1]",22,3
FF4656,"[3, 4, 4, 1, 3, 4, 1, 4, 0, 0, 0, 0, 0, 0, 0, 2, 2, 0, 0, 0, 0, 0, 0, -2]",26,3
FF4666,"[3, 4, 4, 1, 2, 4, 1, 0, 0, 0, 0, 0, 0, 0, 0, 3, 3, 0, 0, 0, 0, 0, 0, 0]",25,3
FF4676,"[3, 2, 2, 1, 3, 4, 1, 4, 0, 0, 0, 0, 0, 0, 3, 3, 3, 0, 0, 0, 0, 0, -2, -1]",26,3
FF4696,"[4, 2, 1, 1, 5, 3, 1, 4, 0, 0, 0, 0, 0, 0, 5, 2, 2, 0, 0, 0, 0, 0, -2, 0]",28,4
FF3655,"[3, 4, 3, 1, 3, 5, 2, 4, 0, 0, 0, 0, 0, 0, 0, 0, 0, 0, 0, 0, 0, 0, 0, -3]",22,3
FF3665,"[4, 2, 2, 1, 4, 4, 2, 4, 0, 0, 0, 0, 0, 0, 5, 0, 0, 0, 0, 0, 0, 0, 0, -1]",27,4
FF3675,"[3, 3, 3, 1, 5, 5, 1, 4, 0, 0, 0, 0, 0, 0, 3, 0, 0, 0, 0, 0, 0, 0, 0, -1]",27,4
FF3685,"[3, 2, 2, 1, 4, 4, 2, 4, 0, 0, 0, 0, 0, 0, 5, 0, 0, 0, 0, 0, 0, 0, 0, -1]",26,3
FF3695,"[3, 2, 2, 1, 4, 4, 2, 4, 0, 0, 0, 0, 0, 0, 5, 0, 0, 0, 0, 0, 0, 0, -2, -1]",24,3
FF4605,"[2, 3, 3, 1, 4, 5, 1, 4, 0, 0, 0, 0, 0, 0, 0, 0, 0, 0, 0, 0, 0, 0, 0, -3]",20,2
FF4615,"[1, 4, 5, 1, 3, 3, 1, 0, 0, 0, 0, 0, 0, 0, 0, 0, 0, 0, 0, 0, 0, 0, 0, 0]",18,2
FF4625,"[2, 5, 5, 1, 2, 3, 4, 0, 0, 0, 0, 0, 0, 0, 0, 4, 3, 0, 0, 0, 0, 0, 0, 0]",29,4
FF4635,"[1, 5, 5, 1, 3, 3, 2, 4, 3, 0, 0, 0, 0, 0, 0, 3, 3, 0, 0, 0, 0, 0, 0, 0]",33,5
FF4645,"[4, 3, 3, 1, 4, 4, 2, 5, 0, 0, 0, 0, 0, 0, 0, 1, 1, 0, 0, 0, 0, 0, 0, -1]",27,4
FF4655,"[3, 3, 3, 1, 4, 4, 2, 5, 0, 0, 0, 0, 0, 0, 2, 3, 3, 0, 0, 0, 0, 0, 0, 0]",33,5
FF4665,"[3, 4, 4, 1, 4, 4, 1, 4, 0, 0, 0, 0, 0, 0, 0, 0, 0, 0, 0, 0, -5, 0, 0, 0]",20,2
FF3654,"[3, 4, 4, 1, 3, 4, 2, 4, 0, 0, 0, 0, 0, 0, 0, 0, 0, 0, 0, 0, 0, 0, 0, 0]",25,3
FF3664,"[3, 3, 3, 1, 3, 4, 2, 4, 0, 0, 0, 0, 0, 0, 3, 0, 0, 0, 0, 0, 0, 0, 0, -1]",25,3
FF3674,"[4, 3, 3, 1, 3, 4, 1, 0, 0, 0, 0, 0, 0, 0, 0, 0, 0, 0, 0, 0, 0, 0, 0, -1]",18,2
FF3684,"[2, 4, 5, 1, 3, 3, 2, 4, 4, 0, 0, 0, 0, 0, 0, 0, 0, 0, 0, 0, 0, 0, 0, -2]",26,3
FF3694,"[3, 2, 4, 1, 3, 3, 1, 4, 4, 0, 0, 0, 0, 0, 3, 0, 0, 0, 0, 0, 0, 0, -2, -1]",25,3
FF4604,"[1, 5, 5, 1, 3, 3, 2, 4, 4, 0, 0, 0, 0, 0, 0, 0, 0, 0, 0, 0, 0, 0, 0, -4]",24,3
FF4614,"[1, 5, 5, 1, 3, 3, 1, 4, 4, 0, 0, 0, 0, 0, 0, 0, 0, 0, 0, 0, 0, 0, 0, 0]",27,4
FF4624,"[1, 4, 5, 1, 2, 3, 3, 0, 4, 0, 0, 0, 0, 0, 0, 3, 0, 0, 0, 0, 0, 0, 0, 0]",26,3
FF4634,"[1, 5, 5, 1, 3, 4, 1, 0, 3, 0, 0, 0, 0, 0, 0, 3, 3, 0, 0, 0, 0, 0, 0, 0]",29,4
FF4644,"[1, 4, 5, 1, 3, 4, 1, 4, 0, 0, 0, 0, 0, 0, 0, 0, 0, 0, 0, 0, 0, 0, 0, 0]",23,3
FF4654,"[4, 2, 3, 1, 4, 4, 1, 4, 0, 0, 0, 0, 0, 0, 5, 3, 3, 0, 0, 0, 0, 0, 0, -1]",33,5
FF4664,"[2, 3, 3, 1, 4, 5, 0, 0, 0, 0, 0, 0, 0, 0, 3, 0, 0, 0, 0, 0, -5, 0, 0, 0]",16,2
FF3653,"[3, 4, 4, 1, 4, 4, 1, 4, 0, 0, 0, 0, 0, 0, 0, 1, 0, 0, 0, -5, 0, 0, 0, 0]",21,2
FF3663,"[2, 2, 2, 1, 4, 5, 1, 0, 0, 0, 0, 0, 0, 0, 5, 2, 0, 0, 0, 0, 0, 0, 0, 0]",24,3
FF3673,"[3, 3, 3, 1, 3, 4, 2, 4, 4, 0, 0, 0, 0, 0, 3, 3, 0, 0, 0, 0, 0, 0, 0, -1]",32,4
FF3683,"[1, 5, 5, 1, 3, 3, 2, 0, 4, 0, 0, 0, 0, 0, 0, 0, 0, 0, 0, 0, 0, 0, 0, 0]",24,3
FF3693,"[1, 5, 5, 1, 2, 3, 1, 0, 4, 0, 0, 0, 0, 0, 0, 0, 0, 0, 0, 0, 0, 0, -2, 0]",20,2
FF4603,"[1, 0, 5, 1, 3, 3, 1, 0, 4, 0, 0, 0, 0, 0, 0, 2, 0, 0, 0, 0, 0, 0, 0, 0]",20,2
FF4613,"[1, 5, 5, 1, 3, 3, 2, 0, 4, 0, 0, 0, 0, 0, 0, 3, 0, 0, 0, 0, 0, 0, 0, 0]",27,4
FF4623,"[1, 4, 5, 1, 2, 3, 2, 0, 4, 0, 0, 0, 0, 0, 0, 2, 0, 0, 0, 0, 0, 0, 0, 0]",24,3
FF4633,"[3, 3, 5, 1, 3, 4, 0, 0, 4, 0, 0, 0, 0, 0, 5, 4, 3, 0, 0, 0, 0, 0, 0, -2]",33,5
FF4643,"[3, 3, 4, 1, 3, 4, 0, 4, 0, 0, 0, 0, 0, 0, 0, 4, 3, 0, 0, 0, 0, 0, 0, -1]",28,4
FF4653,"[3, 3, 4, 1, 3, 3, 1, 4, 0, 0, 0, 0, 0, 0, 0, 3, 1, 0, 0, 0, 0, 0, 0, 0]",26,3
FF4663,"[3, 2, 3, 1, 4, 5, 1, 4, 0, 0, 0, 0, 0, 0, 0, 0, 0, 0, 0, 0, 0, 0, 0, -1]",22,3
FF4673,"[2, 3, 4, 1, 2, 5, 0, 0, 0, 0, 0, 0, 0, 0, 0, 0, 0, 0, 0, 0, 0, 0, 0, 0]",17,2
FF3652,"[3, 3, 4, 1, 3, 4, 0, 0, 0, 0, 0, 0, 0, 0, 0, 3, 0, 0, 0, 0, 0, 0, 0, -1]",20,2
FF3662,"[3, 1, 2, 1, 4, 4, 1, 4, 0, 0, 0, 0, 0, 0, 5, 3, 0, 0, 0, 0, 0, 0, 0, 0]",28,4
FF3672,"[2, 3, 3, 1, 3, 5, 1, 4, 4, 0, 0, 0, 0, 0, 2, 1, 0, 0, 0, 0, 0, 0, 0, -1]",28,4
FF3682,"[3, 3, 5, 1, 3, 3, 2, 0, 4, 0, 0, 0, 0, 0, 2, 3, 0, 0, 0, 0, 0, 0, 0, 0]",29,4
FF3692,"[1, 5, 5, 1, 3, 3, 2, 0, 4, 0, 0, 0, 0, 0, 0, 3, 0, 0, 0, 0, 0, 0, -2, 0]",25,3
FF4602,"[1, 0, 5, 1, 3, 3, 3, 0, 4, 0, 0, 0, 0, 0, 0, 2, 0, 0, 0, 0, 0, 0, 0, 0]",22,3
FF4612,"[1, 0, 5, 1, 3, 3, 3, 0, 4, 0, 0, 0, 0, 0, 0, 1, 0, 0, 0, 0, 0, 0, 0, 0]",21,2
FF4622,"[1, 3, 5, 1, 3, 3, 2, 0, 4, 0, 0, 0, 0, 0, 5, 5, 3, 0, 0, 0, 0, 0, 0, -5]",30,4
FF4632,"[4, 2, 4, 1, 4, 4, 1, 4, 4, 0, 0, 0, 0, 0, 5, 3, 3, 0, 0, 0, 0, 0, 0, -2]",37,5
FF4642,"[4, 3, 3, 1, 4, 4, 2, 4, 0, 0, 0, 0, 0, 0, 0, 1, 1, 0, 0, 0, -5, 0, 0, -1]",21,2
FF4652,"[3, 4, 4, 1, 3, 4, 2, 4, 0, 0, 0, 0, 0, 0, 0, 3, 0, 0, 0, 0, 0, 0, 0, -2]",26,3
FF4662,"[4, 2, 3, 1, 4, 4, 1, 4, 0, 0, 0, 0, 0, 0, 0, 0, 0, 0, 0, 0, 0, 0, 0, -1]",22,3
FF4672,"[2, 3, 3, 1, 2, 5, 0, 4, 0, 0, 0, 0, 0, 0, 0, 0, 0, 0, 0, 0, 0, 0, 0, -1]",19,2
FF4682,"[3, 3, 4, 1, 2, 4, 0, 4, 0, 0, 0, 0, 0, 0, 0, 0, 0, 0, 0, 0, 0, 0, 0, 0]",21,2
FF4692,"[2, 4, 5, 1, 3, 4, 1, 0, 0, 0, 0, 0, 0, 0, 0, 0, 0, 0, 0, 0, 0, 0, 0, 0]",20,2
FF3661,"[2, 2, 2, 1, 4, 5, 1, 4, 0, 0, 0, 0, 0, 0, 5, 0, 0, 0, 0, 0, 0, 0, 0, -1]",25,3
FF3671,"[1, 3, 3, 1, 5, 5, 1, 0, 4, 0, 0, 0, 0, 0, 0, 0, 0, 0, 0, 0, 0, 0, 0, 0]",23,3
FF3681,"[3, 5, 4, 1, 3, 4, 2, 4, 4, 0, 0, 0, 0, 0, 0, 0, 0, 0, 0, 0, 0, 0, 0, 0]",30,4
FF3691,"[2, 5, 5, 1, 3, 3, 2, 0, 4, 0, 0, 0, 0, 0, 0, 0, 0, 0, 0, 0, 0, 0, -1, 0]",24,3
FF4601,"[1, 5, 5, 1, 3, 3, 3, 0, 4, 0, 0, 0, 0, 0, 0, 0, 0, 0, 0, 0, 0, 0, -2, 0]",23,3
FF4611,"[1, 5, 5, 1, 3, 3, 1, 4, 4, 0, 0, 0, 0, 0, 0, 2, 0, 0, 0, 0, 0, 0, 0, 0]",29,4
FF4621,"[1, 5, 5, 1, 2, 2, 3, 0, 4, 0, 0, 0, 0, 0, 0, 3, 0, 0, 0, 0, 0, 0, 0, 0]",26,3
FF4631,"[3, 3, 4, 1, 3, 3, 3, 4, 4, 0, 0, 0, 0, 0, 0, 3, 3, 0, 0, 0, 0, 0, 0, -2]",32,4
FF4641,"[3, 2, 4, 1, 4, 4, 3, 4, 0, 0, 0, 0, 0, 0, 0, 0, 0, 0, 0, 0, 0, 0, 0, -1]",24,3
FF4651,"[4, 3, 4, 1, 4, 4, 1, 4, 0, 0, 0, 0, 0, 0, 0, 1, 0, 0, 0, 0, 0, 0, 0, -1]",25,3
FF4661,"[2, 4, 5, 1, 3, 4, 1, 4, 0, 0, 0, 0, 0, 0, 0, 3, 0, 0, 0, 0, 0, 0, 0, -1]",26,3
FF4671,"[3, 3, 4, 1, 2, 4, 0, 4, 0, 0, 0, 0, 0, 0, 0, 3, 0, 0, 0, 0, 0, 0, 0, 0]",24,3
FF4681,"[3, 2, 2, 1, 4, 4, 1, 4, 0, 0, 0, 0, 0, 0, 0, 3, 0, 0, 0, 0, 0, 0, 0, 0]",24,3
FF4691,"[3, 2, 3, 1, 4, 4, 1, 4, 0, 0, 0, 0, 0, 0, 3, 0, 0, 0, 0, 0, 0, 0, 0, 0]",25,3
FF3660,"[1, 2, 3, 1, 4, 5, 0, 0, 0, 0, 0, 0, 0, 0, 0, 0, 0, 0, 0, 0, 0, 0, 0, 0]",16,2
FF3670,"[2, 4, 3, 1, 4, 5, 0, 0, 0, 0, 0, 0, 0, 0, 0, 0, 0, 0, 0, 0, 0, 0, 0, 0]",19,2
FF3680,"[1, 5, 5, 1, 3, 3, 1, 0, 0, 0, 0, 0, 0, 0, 0, 0, 0, 0, 0, 0, 0, 0, 0, 0]",19,2
FF3690,"[4, 4, 4, 1, 3, 3, 1, 4, 4, 0, 0, 0, 0, 0, 0, 0, 0, 0, 0, 0, 0, 0, 0, -1]",27,4
FF4600,"[4, 3, 3, 1, 3, 4, 3, 5, 4, 0, 0, 0, 0, 0, 0, 0, 0, 0, 0, 0, 0, 0, -2, -1]",27,4
FF4610,"[2, 5, 5, 1, 1, 3, 2, 0, 4, 0, 0, 0, 0, 0, 0, 3, 0, 0, 0, 0, 0, 0, 0, 0]",26,3
FF4620,"[1, 0, 5, 1, 2, 3, 3, 0, 4, 0, 0, 0, 0, 0, 0, 0, 0, 0, 0, 0, 0, 0, 0, 0]",19,2
FF4630,"[1, 0, 5, 1, 3, 3, 1, 0, 4, 0, 0, 0, 0, 0, 0, 0, 0, 0, 0, 0, 0, 0, 0, 0]",18,2
FF4640,"[3, 3, 5, 1, 3, 3, 2, 4, 0, 0, 0, 0, 0, 0, 0, 0, 0, 0, 0, 0, 0, 0, 0, -1]",23,3
FF4650,"[3, 3, 4, 1, 4, 4, 2, 4, 0, 0, 0, 0, 0, 0, 0, 0, 0, 0, 0, 0, 0, 0, 0, -2]",23,3
FF4660,"[3, 3, 3, 1, 4, 4, 1, 4, 0, 0, 0, 0, 0, 0, 3, 0, 0, 0, 0, 0, 0, 0, 0, -1]",25,3
FF4670,"[4, 3, 3, 1, 3, 3, 1, 4, 0, 0, 0, 0, 0, 0, 5, 0, 0, 0, 0, 0, 0, 0, 0, 0]",27,4
FF4680,"[3, 3, 3, 1, 5, 4, 1, 4, 0, 0, 0, 0, 0, 0, 0, 1, 0, 0, 0, 0, 0, 0, 0, 0]",25,3
FF4690,"[3, 2, 2, 1, 4, 4, 1, 4, 0, 0, 0, 0, 0, 0, 5, 3, 0, 0, 0, 0, 0, 0, 0, 0]",29,4
FF3569,"[2, 3, 3, 1, 4, 5, 1, 0, 0, 0, 0, 0, 0, 0, 0, 0, 0, 0, 0, 0, 0, 0, 0, 0]",19,2
FF3579,"[3, 3, 4, 1, 3, 4, 1, 0, 0, 0, 0, 0, 0, 0, 0, 0, 0, 0, 0, 0, 0, 0, 0, -1]",18,2
FF3589,"[1, 5, 5, 1, 3, 3, 3, 4, 0, 0, 0, 0, 0, 0, 0, 0, 0, 0, 0, 0, 0, 0, 0, 0]",25,3
FF3599,"[3, 4, 4, 1, 3, 5, 1, 4, 1, 0, 0, 0, 0, 0, 0, 0, 0, 0, 0, 0, 0, 0, 0, -3]",23,3
FF4509,"[3, 3, 3, 1, 4, 4, 1, 0, 4, 0, 0, 0, 0, 0, 0, 0, 0, 0, 0, 0, 0, 0, -2, -1]",20,2
FF4519,"[3, 2, 3, 1, 3, 4, 3, 4, 4, 0, 0, 0, 0, 0, 0, 1, 0, 0, 0, 0, 0, 0, 0, -1]",27,4
FF4529,"[1, 5, 5, 1, 3, 3, 1, 0, 4, 0, 0, 0, 0, 0, 0, 3, 0, 0, 0, 0, 0, 0, 0, 0]",26,3
FF4539,"[1, 0, 5, 1, 3, 3, 1, 0, 5, 0, 0, 0, 0, 0, 0, 0, 0, 0, 0, 0, 0, 0, 0, 0]",19,2
FF4549,"[1, 3, 5, 1, 3, 3, 1, 0, 4, 0, 0, 0, 0, 0, 0, 0, 0, 0, 0, 0, 0, 0, 0, -1]",20,2
FF4559,"[3, 3, 4, 1, 4, 4, 1, 4, 4, 0, 0, 0, 0, 0, 0, 0, 0, 0, 0, 0, 0, 0, 0, -1]",27,4
FF4569,"[3, 4, 4, 1, 4, 3, 1, 4, 0, 0, 0, 0, 0, 0, 0, 0, 0, 0, 0, 0, 0, 0, 0, -1]",23,3
FF4579,"[2, 4, 5, 1, 3, 4, 0, 0, 0, 0, 0, 0, 0, 0, 0, 0, 0, 0, 0, 0, 0, 0, 0, 0]",19,2
FF4589,"[1, 4, 5, 1, 3, 3, 0, 0, 0, 0, 0, 0, 0, 0, 0, 0, 0, 0, 0, 0, 0, 0, 0, 0]",17,2
FF3568,"[2, 4, 5, 1, 3, 4, 0, 0, 0, 0, 0, 0, 0, 0, 0, 0, 0, 0, 0, 0, 0, 0, 0, -4]",15,1
FF3578,"[3, 3, 5, 1, 3, 3, 1, 0, 1, 0, 0, 0, 0, 0, 0, 0, 0, 0, 0, 0, 0, 0, 0, -1]",19,2
FF3588,"[2, 5, 5, 1, 2, 3, 3, 0, 0, 0, 0, 0, 0, 0, 0, 0, 0, 0, 0, 0, 0, 0, 0, 0]",21,2
FF3598,"[2, 3, 4, 1, 4, 4, 1, 0, 0, 0, 0, 0, 0, 0, 0, 0, 0, 0, 0, 0, 0, 0, 0, 0]",19,2
FF4508,"[2, 3, 3, 1, 5, 5, 1, 0, 0, 0, 0, 0, 0, 0, 0, 0, 0, 0, 0, 0, 0, 0, -2, 0]",18,2
FF4518,"[3, 2, 2, 1, 3, 4, 3, 4, 4, 0, 0, 0, 0, 0, 0, 0, 0, 0, 0, 0, 0, 0, 0, -1]",25,3
FF4528,"[1, 4, 5, 1, 2, 3, 2, 0, 4, 0, 0, 0, 0, 0, 0, 3, 0, 0, 0, 0, 0, 0, 0, -3]",22,3
FF4538,"[1, 4, 5, 1, 3, 3, 1, 0, 4, 0, 0, 0, 0, 0, 0, 0, 0, 0, 0, 0, 0, 0, 0, -2]",20,2
FF4548,"[1, 4, 5, 1, 3, 3, 3, 0, 4, 0, 0, 0, 0, 0, 0, 0, 0, 0, 0, 0, 0, 0, 0, 0]",24,3
FF4558,"[3, 3, 5, 1, 3, 3, 1, 4, 4, 0, 0, 0, 0, 0, 0, 0, 0, 0, 0, 0, 0, 0, 0, -2]",25,3
FF4568,"[3, 3, 4, 1, 4, 4, 1, 4, 0, 0, 0, 0, 0, 0, 0, 0, 0, 0, 0, 0, 0, 0, 0, -1]",23,3
FF4578,"[3, 3, 5, 1, 4, 4, 2, 4, 0, 0, 0, 0, 0, 0, 0, 0, 0, 0, 0, 0, 0, 0, 0, -3]",23,3
FF3567,"[2, 5, 5, 1, 3, 4, 1, 0, 0, 0, 0, 0, 0, 0, 0, 0, 0, 0, 0, 0, 0, 0, 0, 0]",21,2
FF3577,"[3, 3, 3, 1, 4, 5, 2, 0, 0, 0, 0, 0, 0, 0, 0, 0, 0, 0, 0, 0, 0, 0, 0, -1]",20,2
FF3587,"[3, 2, 4, 1, 4, 4, 1, 0, 3, 0, 0, 0, 0, 0, 0, 0, 0, 0, 0, 0, 0, 0, 0, -1]",21,2
FF3597,"[3, 2, 4, 1, 3, 4, 1, 4, 3, 0, 0, 0, 0, 0, 0, 0, 0, 0, 0, 0, 0, 0, 0, -1]",24,3
FF4507,"[3, 2, 2, 1, 5, 5, 2, 4, 0, 0, 0, 0, 0, 0, 0, 0, 0, 0, 0, 0, 0, 0, -1, 0]",23,3
FF4517,"[3, 2, 2, 1, 3, 4, 2, 4, 4, 0, 0, 0, 0, 0, 2, 0, 0, 0, 0, 0, 0, 0, -2, 0]",25,3
FF4527,"[3, 3, 4, 1, 1, 4, 3, 0, 4, 0, 0, 0, 0, 0, 0, 3, 0, 0, 0, 0, 0, 0, 0, -2]",24,3
FF4537,"[2, 3, 3, 1, 3, 5, 2, 0, 4, 0, 0, 0, 0, 0, 0, 0, 0, 0, 0, 0, 0, 0, 0, -1]",22,3
FF4547,"[2, 3, 3, 1, 3, 5, 2, 0, 4, 0, 0, 0, 0, 0, 0, 0, 0, 0, 0, 0, 0, 0, 0, -2]",21,2
FF4557,"[3, 3, 4, 1, 3, 4, 2, 4, 0, 0, 0, 0, 0, 0, 0, 0, 0, 0, 0, 0, -5, 0, 0, -2]",17,2
FF4567,"[3, 3, 4, 1, 4, 4, 1, 4, 0, 0, 0, 0, 0, 0, 0, 0, 0, 0, 0, 0, 0, 0, 0, -2]",22,3
FF4577,"[4, 3, 3, 1, 4, 4, 1, 4, 0, 0, 0, 0, 0, 0, 0, 0, 0, 0, 0, 0, 0, 0, 0, -1]",23,3
FF4099,"[4, 2, 2, 1, 2, 4, 1, 4, 0, 0, 0, 0, 0, 0, 0, 0, 0, 0, 0, 0, 0, 0, 0, -1]",19,2
FF4190,"[3, 2, 3, 1, 1, 4, 1, 4, 0, 0, 0, 0, 0, 0, 3, 0, 0, 0, 0, 0, 0, 0, 0, -1]",21,2
FF4191,"[3, 4, 4, 1, 1, 4, 0, 4, 0, 0, 0, 0, 0, 0, 0, 0, 0, 0, 0, 0, 0, 0, 0, -1]",20,2
FF4192,"[3, 3, 4, 1, 2, 4, 1, 4, 0, 0, 0, 0, 0, 0, 0, 0, 0, 0, 0, 0, 0, 0, 0, -4]",18,2
FF4193,"[2, 4, 5, 1, 2, 2, 1, 5, 3, 0, 0, 0, 0, 0, 0, 0, 0, 0, 0, 0, 0, 0, 0, -2]",23,3
FF4194,"[2, 5, 5, 1, 2, 4, 2, 5, 3, 0, 0, 0, 0, 0, 0, 0, 0, 0, 0, 0, 0, 0, 0, 0]",29,4
FF4195,"[2, 4, 5, 1, 1, 2, 1, 0, 3, 0, 0, 0, 0, 0, 0, 0, 0, 0, 0, 0, 0, 0, 0, 0]",19,2
FF4196,"[3, 3, 4, 1, 1, 4, 1, 4, 0, 0, 0, 0, 0, 0, 0, 3, 0, 0, 0, 0, 0, 0, 0, -1]",23,3
FF4197,"[1, 4, 5, 1, 2, 3, 1, 0, 0, 0, 0, 0, 0, 0, 0, 0, 0, 0, 0, 0, 0, 0, 0, -5]",12,1
FF4198,"[1, 5, 5, 1, 1, 3, 2, 0, 0, 0, 0, 0, 0, 0, 0, 0, 0, 0, 0, 0, 0, 0, 0, 0]",18,2
FF4199,"[3, 3, 4, 1, 2, 4, 1, 4, 0, 0, 0, 0, 0, 0, 0, 0, 0, 0, 0, 0, 0, 0, 0, -4]",18,2
FF4290,"[3, 3, 4, 1, 3, 4, 1, 4, 1, 0, 0, 0, 0, 0, 0, 0, 0, 0, 0, 0, 0, 0, 0, -1]",23,3
FF4291,"[3, 4, 4, 1, 2, 3, 2, 4, 0, 0, 0, 0, 0, 0, 0, 0, 0, 0, 0, 0, 0, 0, 0, -4]",19,2
FF4292,"[3, 3, 3, 1, 3, 4, 1, 4, 0, 0, 0, 0, 0, 0, 0, 0, 0, 0, 0, 0, 0, 0, 0, -3]",19,2
FF4293,"[3, 4, 4, 1, 2, 4, 0, 4, 0, 0, 0, 0, 0, 0, 0, 0, 0, 0, 0, 0, 0, 0, 0, -4]",18,2
FF4294,"[2, 4, 5, 1, 3, 4, 0, 4, 4, 0, 0, 0, 0, 0, 0, 0, 0, 0, 0, 0, 0, 0, 0, -3]",24,3
FF4295,"[3, 4, 4, 1, 2, 4, 0, 4, 4, 0, 0, 0, 0, 0, 3, 2, 2, 0, 0, 0, 0, 0, 0, -1]",32,4
FF4296,"[4, 3, 3, 1, 1, 4, 0, 4, 4, 0, 0, 0, 0, 0, 0, 3, 3, 0, 0, 0, 0, 0, 0, -1]",29,4
FF4297,"[4, 2, 4, 1, 1, 4, 0, 4, 4, 0, 0, 0, 0, 0, 0, 3, 3, 0, 0, 0, 0, 0, -2, -1]",27,4
FF4298,"[2, 3, 5, 1, 1, 4, 0, 0, 4, 0, 0, 0, 0, 0, 0, 3, 3, 0, 0, 0, 0, 0, 0, -2]",24,3
FF4299,"[3, 4, 4, 1, 1, 4, 2, 4, 4, 0, 0, 0, 0, 0, 0, 2, 2, 0, 0, 0, 0, 0, 0, -2]",29,4
FF4390,"[3, 3, 4, 1, 1, 4, 1, 4, 4, 0, 0, 0, 0, 0, 0, 2, 2, 0, 0, 0, 0, -5, 0, -2]",22,3
FF4391,"[3, 4, 4, 1, 3, 4, 2, 5, 4, 0, 0, 0, 0, 0, 0, 3, 3, 0, 0, 0, 0, 0, 0, -3]",33,5
FF4392,"[3, 3, 4, 1, 3, 4, 2, 5, 4, 0, 0, 0, 0, 0, 0, 3, 3, 0, 0, 0, 0, 0, 0, -2]",33,5
FF4393,"[2, 3, 5, 1, 3, 4, 2, 4, 4, 0, 0, 0, 0, 0, 0, 2, 2, 0, 0, 0, 0, 0, 0, -1]",31,4
FF4394,"[2, 3, 5, 1, 3, 4, 1, 4, 4, 0, 0, 0, 0, 0, 0, 0, 0, 0, 0, 0, 0, 0, 0, -2]",25,3
FF4395,"[3, 4, 5, 1, 2, 4, 1, 5, 4, 0, 0, 0, 0, 0, 0, 0, 0, 0, 0, 0, 0, 0, 0, 0]",29,4
FF4396,"[3, 3, 3, 1, 3, 4, 0, 0, 4, 0, 0, 0, 0, 0, 0, 0, 0, 0, 0, 0, 0, 0, 0, -1]",20,2
FF4397,"[3, 3, 4, 1, 3, 4, 0, 0, 4, 0, 0, 0, 0, 0, 0, 0, 0, 0, 0, 0, 0, 0, 0, 0]",22,3
FF3554,"[3, 4, 4, 1, 3, 4, 1, 0, 0, 0, 0, 0, 0, 0, 0, 0, 0, 0, 0, 0, 0, 0, 0, 0]",20,2
FF3564,"[3, 3, 3, 1, 4, 4, 1, 4, 0, 0, 0, 0, 0, 0, 5, 0, 0, 0, 0, 0, 0, 0, 0, 0]",28,4
FF3574,"[4, 2, 3, 1, 3, 3, 1, 4, 0, 0, 0, 0, 0, 0, 0, 0, 0, 0, 0, 0, 0, 0, 0, -1]",20,2
FF3584,"[3, 3, 4, 1, 3, 4, 2, 5, 0, 0, 0, 0, 0, 0, 0, 0, 0, 0, 0, 0, 0, 0, 0, -1]",24,3
FF3594,"[2, 3, 3, 1, 4, 5, 2, 4, 0, 0, 0, 0, 0, 0, 0, 0, 0, 0, 0, 0, 0, 0, 0, -1]",23,3
FF4504,"[1, 3, 3, 1, 5, 5, 1, 4, 0, 0, 0, 0, 0, 0, 0, 0, 0, 0, 0, 0, -5, 0, 0, 0]",18,2
FF4514,"[2, 3, 3, 1, 4, 5, 2, 4, 0, 0, 0, 0, 0, 0, 3, 0, 0, 0, 0, 0, -5, 0, -1, 0]",21,2
FF3543,"[5, 3, 2, 1, 4, 3, 1, 0, 0, 0, 0, 0, 0, 0, 0, 0, 0, 0, 0, 0, 0, 0, -4, -1]",14,1
FF3553,"[4, 3, 3, 1, 3, 4, 1, 4, 0, 0, 0, 0, 0, 0, 0, 0, 0, 0, 0, 0, 0, 0, -2, -1]",20,2
FF3563,"[4, 3, 3, 1, 3, 3, 2, 4, 0, 0, 0, 0, 0, 0, 0, 0, 0, 0, 0, 0, 0, 0, -2, -1]",20,2
FF3573,"[3, 3, 4, 1, 3, 4, 0, 0, 0, 0, 0, 0, 0, 0, 0, 0, 0, 0, 0, 0, 0, 0, -2, -1]",15,1
FF3583,"[2, 4, 5, 1, 3, 4, 1, 0, 0, 0, 0, 0, 0, 0, 0, 0, 0, 0, 0, 0, 0, 0, -2, -2]",16,2
FF3593,"[3, 4, 2, 1, 3, 4, 1, 4, 0, 0, 0, 0, 0, 0, 0, 0, 0, 0, 0, 0, 0, 0, -3, 0]",19,2
FF4503,"[3, 3, 1, 1, 3, 4, 1, 0, 0, 0, 0, 0, 0, 0, 2, 0, 0, 0, 0, 0, -5, 0, -5, -5]",3,1
FF4513,"[4, 3, 2, 1, 4, 4, 1, 4, 0, 0, 0, 0, 0, 0, 3, 0, 0, 0, 0, 0, -5, 0, -3, -3]",15,1
FF3542,"[3, 2, 2, 1, 5, 4, 1, 0, 4, 0, 0, 0, 0, 0, 0, 0, 0, 0, 0, 0, 0, 0, -1, -1]",20,2
FF3552,"[3, 3, 2, 1, 4, 4, 1, 0, 0, 0, 0, 0, 0, 0, 0, 0, 0, 0, 0, 0, 0, 0, -2, -3]",13,1
FF3562,"[3, 4, 4, 1, 3, 4, 1, 0, 0, 0, 0, 0, 0, 0, 0, 0, 0, 0, 0, 0, 0, 0, 0, -5]",15,1
FF3572,"[3, 3, 4, 1, 3, 3, 0, 0, 0, 0, 0, 0, 0, 0, 0, 0, 0, 0, 0, 0, 0, 0, -1, -1]",15,1
FF3582,"[4, 3, 3, 1, 3, 3, 1, 4, 0, 0, 0, 0, 0, 0, 0, 3, 3, 0, 0, 0, 0, 0, -2, -1]",25,3
FF3592,"[3, 2, 2, 1, 4, 4, 1, 4, 0, 0, 0, 0, 0, 0, 0, 1, 1, 0, 0, 0, 0, 0, -1, 0]",22,3
FF4502,"[2, 2, 2, 1, 4, 5, 2, 4, 0, 0, 0, 0, 0, 0, 3, 0, 0, 0, 0, 0, 0, 0, -2, -1]",22,3
FF4512,"[3, 1, 2, 1, 4, 4, 1, 0, 0, 0, 0, 0, 0, 0, 3, 0, 0, 0, 0, 0, 0, 0, -2, -1]",16,2
FF3511,"[1, 2, 3, 1, 2, 5, 0, 0, 4, 0, 0, 0, 0, 0, 0, 0, 0, 0, 0, 0, 0, 0, 0, 0]",18,2
FF3521,"[1, 4, 3, 1, 3, 5, 1, 0, 4, 0, 0, 0, 0, 0, 0, 0, 0, 0, 0, 0, 0, 0, 0, 0]",22,3
FF3531,"[1, 2, 3, 1, 3, 5, 1, 0, 4, 0, 0, 0, 0, 0, 0, 0, 0, 0, 0, 0, 0, 0, 0, 0]",20,2
FF3541,"[2, 1, 2, 1, 4, 4, 1, 4, 4, 0, 0, 0, 0, 0, 0, 0, 0, 0, 0, 0, 0, 0, 0, -1]",22,3
FF3551,"[2, 2, 2, 1, 3, 5, 1, 0, 0, 0, 0, 0, 0, 0, 0, 2, 2, 0, 0, 0, 0, 0, -1, -1]",18,2
FF3561,"[4, 4, 2, 1, 3, 3, 0, 4, 4, 0, 0, 0, 0, 0, 0, 3, 3, 0, 0, 0, 0, 0, -2, -1]",28,4
FF3571,"[4, 3, 3, 1, 4, 4, 0, 4, 4, 0, 0, 0, 0, 0, 3, 3, 3, 0, 0, 0, 0, 0, -1, -2]",33,5
FF3581,"[3, 3, 4, 1, 3, 4, 1, 0, 0, 0, 0, 0, 0, 0, 0, 2, 2, 0, 0, 0, 0, 0, 0, -2]",21,2
FF3591,"[2, 4, 5, 1, 2, 4, 0, 0, 0, 0, 0, 0, 0, 0, 0, 3, 3, 0, 0, 0, 0, 0, 0, -4]",20,2
FF4501,"[3, 3, 5, 1, 3, 4, 2, 4, 0, 0, 0, 0, 0, 0, 3, 0, 0, 0, 0, 0, 0, 0, 0, -1]",27,4
FF4511,"[3, 2, 2, 1, 3, 5, 2, 4, 0, 0, 0, 0, 0, 0, 3, 0, 0, 0, 0, 0, 0, 0, -2, -1]",22,3
FF4521,"[2, 2, 2, 1, 4, 5, 2, 0, 0, 0, 0, 0, 0, 0, 3, 3, 0, 0, 0, 0, 0, 0, -3, -1]",20,2
FF4531,"[3, 3, 3, 1, 3, 4, 1, 4, 0, 0, 0, 0, 0, 0, 3, 0, 0, 0, 0, 0, 0, 0, -1, -1]",23,3
FF3500,"[1, 4, 3, 1, 3, 5, 2, 0, 4, 0, 0, 0, 0, 0, 0, 0, 0, 0, 0, 0, 0, 0, 0, -4]",19,2
FF3510,"[1, 2, 3, 1, 2, 5, 2, 0, 4, 0, 0, 0, 0, 0, 0, 1, 1, 0, 0, 0, 0, 0, 0, 0]",22,3
FF3520,"[2, 1, 2, 1, 3, 5, 1, 0, 4, 0, 0, 0, 0, 0, 0, 3, 3, 0, 0, 0, 0, 0, 0, 0]",25,3
FF3530,"[2, 2, 3, 1, 4, 5, 1, 4, 4, 0, 0, 0, 0, 0, 0, 0, 0, 0, 0, 0, 0, 0, 0, -2]",24,3
FF3540,"[2, 2, 3, 1, 5, 5, 0, 0, 4, 0, 0, 0, 0, 0, 0, 2, 2, 0, 0, 0, 0, 0, 0, -2]",24,3
FF3550,"[3, 3, 3, 1, 2, 4, 2, 4, 4, 0, 0, 0, 0, 0, 0, 4, 4, 0, 0, 0, 0, 0, 0, -1]",33,5
FF3560,"[3, 3, 3, 1, 4, 4, 1, 4, 4, 0, 0, 0, 0, 0, 0, 0, 0, 0, 0, 0, -5, 0, 0, -1]",21,2
FF3570,"[3, 4, 3, 1, 2, 4, 1, 0, 4, 0, 0, 0, 0, 0, 0, 1, 1, 0, 0, 0, -5, 0, 0, -2]",17,2
FF3580,"[3, 4, 4, 1, 3, 5, 2, 4, 4, 0, 0, 0, 0, 0, 0, 0, 0, 0, 0, 0, 0, 0, 0, -2]",28,4
FF3590,"[1, 4, 5, 1, 3, 4, 0, 0, 0, 0, 0, 0, 0, 0, 0, 3, 3, 0, 0, 0, 0, 0, 0, 0]",24,3
FF4500,"[1, 0, 5, 1, 2, 4, 1, 0, 0, 0, 0, 0, 0, 0, 0, 2, 2, 0, 0, 0, 0, 0, 0, 0]",18,2
FF4510,"[2, 4, 5, 1, 3, 4, 1, 4, 0, 0, 0, 0, 0, 0, 0, 3, 3, 0, 0, 0, 0, 0, 0, 0]",30,4
FF4520,"[4, 2, 3, 1, 4, 4, 1, 5, 0, 0, 0, 0, 0, 0, 3, 4, 3, 0, 0, 0, 0, 0, -2, -1]",31,4
FF4530,"[2, 3, 3, 1, 3, 5, 1, 4, 0, 0, 0, 0, 0, 0, 3, 0, 0, 0, 0, 0, 0, 0, 0, -3]",22,3
FF4540,"[2, 4, 3, 1, 3, 5, 1, 4, 0, 0, 0, 0, 0, 0, 3, 0, 0, 0, 0, 0, 0, 0, 0, -5]",21,2
FF3409,"[3, 3, 3, 1, 3, 5, 1, 4, 4, 0, 0, 0, 0, 0, 0, 0, 0, 0, 0, 0, 0, 0, 0, -1]",26,3
FF3419,"[3, 2, 3, 1, 3, 4, 1, 4, 4, 0, 0, 0, 0, 0, 0, 3, 3, 0, 0, 0, 0, 0, 0, -1]",30,4
FF3429,"[3, 4, 4, 1, 3, 4, 1, 0, 4, 0, 0, 0, 0, 0, 0, 1, 1, 0, 0, 0, 0, 0, 0, -4]",22,3
FF3439,"[3, 2, 4, 1, 4, 4, 1, 4, 4, 0, 0, 0, 0, 0, 0, 3, 3, 0, 0, 0, 0, 0, 0, -2]",31,4
FF3449,"[3, 3, 3, 1, 3, 5, 0, 4, 4, 0, 0, 0, 0, 0, 0, 2, 2, 0, 0, 0, 0, 0, 0, -1]",29,4
FF3459,"[3, 4, 5, 1, 2, 4, 1, 4, 4, 0, 0, 0, 0, 0, 0, 0, 0, 0, 0, 0, 0, 0, 0, -4]",24,3
FF3469,"[3, 4, 4, 1, 2, 3, 2, 4, 4, 0, 0, 0, 0, 0, 0, 0, 0, 0, 0, 0, 0, 0, 0, -1]",26,3
FF3479,"[3, 4, 4, 1, 2, 4, 1, 4, 4, 0, 0, 0, 0, 0, 0, 0, 0, 0, 0, 0, 0, 0, 0, 0]",27,4
FF3489,"[2, 2, 3, 1, 5, 5, 1, 0, 4, 0, 0, 0, 0, 0, 0, 0, 0, 0, 0, 0, 0, 0, 0, 0]",23,3
FF3499,"[3, 3, 4, 1, 3, 3, 1, 4, 4, 0, 0, 0, 0, 0, 0, 0, 0, 0, 0, 0, 0, 0, 0, -1]",25,3
FF4409,"[1, 5, 5, 1, 2, 4, 1, 0, 4, 0, 0, 0, 0, 0, 0, 2, 2, 0, 0, 0, 0, 0, 0, 0]",27,4
FF4419,"[1, 0, 5, 1, 2, 4, 1, 0, 0, 0, 0, 0, 0, 0, 0, 1, 1, 0, 0, 0, 0, 0, -1, 0]",15,1
FF4429,"[1, 4, 5, 1, 2, 4, 1, 5, 0, 0, 0, 0, 0, 0, 0, 1, 1, 0, 0, 0, 0, 0, -2, 0]",23,3
FF4439,"[2, 4, 5, 1, 1, 4, 1, 0, 0, 0, 0, 0, 0, 0, 0, 4, 3, 0, 0, 0, 0, 0, 0, 0]",25,3
FF4449,"[1, 4, 3, 1, 2, 5, 1, 0, 0, 0, 0, 0, 0, 0, 0, 0, 0, 0, 0, 0, 0, 0, 0, 0]",17,2
FF4459,"[3, 2, 2, 1, 4, 4, 1, 4, 0, 0, 0, 0, 0, 0, 0, 0, 0, 0, 0, 0, 0, 0, 0, -1]",20,2
FF3408,"[1, 2, 3, 1, 3, 5, 1, 0, 4, 0, 0, 0, 0, 0, 0, 0, 0, 0, 0, 0, 0, 0, 0, -1]",19,2
FF3418,"[3, 2, 4, 1, 4, 4, 0, 4, 4, 0, 0, 0, 0, 0, 0, 3, 3, 0, 0, 0, 0, 0, 0, -2]",30,4
FF3428,"[1, 0, 5, 1, 2, 3, 1, 0, 4, 0, 0, 0, 0, 0, 0, 0, 0, 0, 0, 0, 0, 0, 0, 0]",17,2
FF3438,"[1, 0, 5, 1, 2, 3, 0, 0, 4, 0, 0, 0, 0, 0, 0, 0, 0, 0, 0, 0, 0, 0, 0, 0]",16,2
FF3448,"[3, 3, 4, 1, 3, 4, 1, 0, 4, 0, 0, 0, 0, 0, 0, 0, 0, 0, 0, 0, 0, 0, 0, -1]",22,3
FF3458,"[3, 3, 3, 1, 3, 4, 0, 4, 4, 0, 0, 0, 0, 0, 0, 0, 0, 0, 0, 0, 0, 0, 0, -1]",24,3
FF3468,"[3, 4, 4, 1, 3, 4, 1, 4, 4, 0, 0, 0, 0, 0, 0, 0, 0, 0, 0, 0, 0, 0, 0, 0]",28,4
FF3478,"[2, 4, 3, 1, 3, 5, 2, 0, 4, 0, 0, 0, 0, 0, 0, 0, 0, 0, 0, 0, 0, 0, 0, 0]",24,3
FF3488,"[3, 3, 3, 1, 4, 4, 1, 0, 4, 0, 0, 0, 0, 0, 3, 0, 0, 0, 0, 0, 0, 0, 0, 0]",26,3
FF3498,"[3, 3, 3, 1, 4, 4, 2, 4, 4, 0, 0, 0, 0, 0, 0, 0, 0, 0, 0, 0, 0, 0, 0, 0]",28,4
FF4408,"[2, 5, 5, 1, 3, 4, 2, 0, 4, 0, 0, 0, 0, 0, 0, 0, 0, 0, 0, 0, 0, 0, 0, 0]",26,3
FF4418,"[1, 5, 5, 1, 1, 4, 1, 4, 4, 0, 0, 0, 0, 0, 0, 0, 0, 0, 0, 0, 0, 0, -2, 0]",24,3
FF4428,"[1, 5, 5, 1, 1, 4, 1, 0, 4, 0, 0, 0, 0, 0, 0, 0, 0, 0, 0, 0, 0, 0, 0, 0]",22,3
FF4438,"[1, 5, 5, 1, 1, 4, 0, 0, 0, 0, 0, 0, 0, 0, 0, 4, 3, 0, 0, 0, 0, 0, 0, 0]",24,3
FF4448,"[3, 3, 4, 1, 2, 5, 1, 0, 0, 0, 0, 0, 0, 0, 0, 2, 1, 0, 0, 0, 0, 0, 0, 0]",22,3
FF4458,"[2, 1, 2, 1, 3, 4, 1, 0, 0, 0, 0, 0, 0, 0, 3, 0, 0, 0, 0, 0, 0, 0, 0, 0]",17,2
FF4468,"[2, 2, 2, 1, 3, 5, 0, 4, 0, 0, 0, 0, 0, 0, 0, 0, 0, 0, 0, 0, 0, 0, 0, -1]",18,2
FF3407,"[3, 4, 4, 1, 2, 4, 1, 0, 4, 0, 0, 0, 0, 0, 0, 0, 0, 0, 0, 0, 0, 0, 0, -2]",21,2
FF3417,"[2, 4, 3, 1, 3, 5, 0, 0, 4, 0, 0, 0, 0, 0, 0, 2, 2, 0, 0, 0, 0, 0, 0, -5]",21,2
FF3427,"[1, 5, 5, 1, 2, 3, 0, 0, 4, 0, 0, 0, 0, 0, 0, 3, 3, 0, 0, 0, 0, 0, 0, 0]",27,4
FF3437,"[1, 0, 5, 1, 2, 3, 0, 0, 4, 0, 0, 0, 0, 0, 0, 0, 0, 0, 0, 0, 0, 0, 0, 0]",16,2
FF3447,"[3, 3, 4, 1, 3, 4, 1, 4, 4, 0, 0, 0, 0, 0, 0, 0, 0, 0, 0, 0, 0, 0, 0, -2]",25,3
FF3457,"[3, 2, 4, 1, 3, 4, 0, 4, 4, 0, 0, 0, 0, 0, 0, 0, 0, 0, 0, 0, 0, 0, 0, -2]",23,3
FF3467,"[3, 3, 4, 1, 3, 4, 1, 4, 4, 0, 0, 0, 0, 0, 0, 0, 0, 0, 0, 0, 0, 0, 0, -2]",25,3
FF3477,"[2, 3, 3, 1, 4, 5, 1, 4, 4, 0, 0, 0, 0, 0, 0, 0, 0, 0, 0, 0, 0, 0, 0, -1]",26,3
FF3487,"[1, 3, 3, 1, 4, 5, 0, 4, 4, 0, 0, 0, 0, 0, 0, 0, 0, 0, 0, 0, 0, 0, 0, 0]",25,3
FF3497,"[3, 2, 3, 1, 3, 4, 1, 0, 4, 0, 0, 0, 0, 0, 3, 0, 0, 0, 0, 0, 0, 0, 0, 0]",24,3
FF4407,"[3, 4, 4, 1, 3, 4, 1, 4, 4, 0, 0, 0, 0, 0, 0, 0, 0, 0, 0, 0, 0, 0, -2, -2]",24,3
FF4417,"[1, 3, 5, 1, 3, 4, 2, 4, 4, 0, 0, 0, 0, 0, 0, 0, 0, 0, 0, 0, 0, 0, -1, -2]",24,3
FF4427,"[1, 0, 5, 1, 2, 3, 2, 0, 4, 0, 0, 0, 0, 0, 0, 0, 0, 0, 0, 0, 0, 0, 0, 0]",18,2
FF4437,"[1, 0, 5, 1, 1, 4, 1, 0, 4, 0, 0, 0, 0, 0, 0, 0, 0, 0, 0, 0, 0, 0, 0, 0]",17,2
FF4447,"[1, 0, 5, 1, 2, 4, 0, 0, 0, 0, 0, 0, 0, 0, 0, 4, 3, 0, 0, 0, 0, 0, 0, 0]",20,2
FF4457,"[3, 2, 4, 1, 3, 4, 1, 0, 0, 0, 0, 0, 0, 0, 0, 3, 0, 0, 0, 0, 0, 0, 0, -4]",17,2
FF4467,"[3, 2, 3, 1, 5, 5, 1, 4, 0, 0, 0, 0, 0, 0, 0, 0, 0, 0, 0, 0, 0, 0, 0, -1]",23,3
FF4477,"[2, 3, 3, 1, 3, 5, 2, 0, 0, 0, 0, 0, 0, 0, 0, 0, 0, 0, 0, 0, 0, 0, 0, -4]",15,1
FF4286,"[3, 3, 4, 1, 2, 4, 1, 4, 4, 0, 0, 0, 0, 0, 0, 0, 0, 0, 0, 0, 0, 0, 0, -1]",25,3
FF4287,"[4, 3, 3, 1, 1, 4, 1, 4, 4, 0, 0, 0, 0, 0, 0, 0, 0, 0, 0, 0, -5, 0, -2, -2]",16,2
FF4288,"[2, 4, 3, 1, 1, 5, 1, 4, 4, 0, 0, 0, 0, 0, 0, 0, 0, 0, 0, 0, -5, 0, 0, -2]",18,2
FF4289,"[2, 3, 3, 1, 1, 5, 1, 4, 4, 0, 0, 0, 0, 0, 0, 0, 0, 0, 0, 0, 0, 0, 0, -3]",21,2
FF4089,"[4, 2, 2, 1, 1, 4, 1, 0, 0, 0, 0, 0, 0, 0, 0, 0, 0, 0, 0, 0, 0, 0, 0, -1]",14,1
FF4180,"[3, 2, 3, 1, 1, 4, 1, 4, 0, 0, 0, 0, 0, 0, 0, 0, 0, 0, 0, 0, -5, 0, 0, -1]",13,1
FF4181,"[5, 2, 3, 1, 1, 4, 1, 5, 0, 0, 0, 0, 0, 0, 0, 0, 0, 0, 0, 0, 0, 0, 0, -1]",21,2
FF4182,"[4, 3, 4, 1, 1, 3, 1, 5, 0, 0, 0, 0, 0, 0, 0, 0, 0, 0, 0, 0, 0, 0, 0, -1]",21,2
FF4183,"[2, 2, 5, 1, 1, 4, 0, 0, 0, 0, 0, 0, 0, 0, 0, 0, 0, 0, 0, 0, 0, 0, 0, -1]",14,1
FF4184,"[2, 4, 5, 1, 2, 4, 1, 0, 0, 0, 0, 0, 0, 0, 0, 0, 0, 0, 0, 0, 0, 0, 0, 0]",19,2
FF4185,"[2, 5, 5, 1, 1, 4, 2, 0, 3, 0, 0, 0, 0, 0, 0, 0, 0, 0, 0, 0, 0, 0, 0, 0]",23,3
FF4186,"[3, 3, 4, 1, 2, 4, 1, 4, 0, 0, 0, 0, 0, 0, 0, 3, 0, 0, 0, 0, 0, 0, 0, -1]",24,3
FF4187,"[1, 5, 5, 1, 2, 4, 0, 0, 0, 0, 0, 0, 0, 0, 0, 3, 0, 0, 0, 0, 0, 0, 0, 0]",21,2
FF4188,"[1, 5, 5, 1, 2, 4, 0, 0, 0, 0, 0, 0, 0, 0, 0, 0, 0, 0, 0, 0, 0, 0, 0, 0]",18,2
FF4189,"[2, 3, 5, 1, 2, 4, 1, 0, 0, 0, 0, 0, 0, 0, 0, 0, 0, 0, 0, 0, 0, 0, 0, -4]",14,1
FF4280,"[3, 3, 4, 1, 3, 4, 1, 4, 0, 0, 0, 0, 0, 0, 0, 0, 0, 0, 0, 0, 0, 0, 0, -4]",19,2
FF4281,"[2, 4, 5, 1, 2, 4, 1, 4, 0, 0, 0, 0, 0, 0, 0, 0, 0, 0, 0, 0, 0, 0, 0, -2]",21,2
FF4282,"[3, 3, 4, 1, 2, 4, 0, 4, 4, 0, 0, 0, 0, 0, 0, 0, 0, 0, 0, 0, 0, 0, 0, -3]",22,3
FF4283,"[3, 3, 3, 1, 3, 5, 1, 4, 4, 0, 0, 0, 0, 0, 0, 2, 2, 0, 0, 0, 0, 0, 0, -2]",29,4
FF4284,"[3, 3, 3, 1, 3, 5, 1, 4, 4, 0, 0, 0, 0, 0, 2, 3, 3, 0, 0, 0, 0, 0, 0, -1]",34,5
FF4285,"[4, 3, 4, 1, 2, 4, 1, 4, 4, 0, 0, 0, 0, 0, 2, 3, 3, 0, 0, 0, 0, 0, 0, -1]",34,5
FF4384,"[3, 4, 4, 1, 3, 4, 1, 4, 4, 0, 0, 0, 0, 0, 0, 0, 0, 0, 0, 0, 0, 0, 0, -2]",26,3
FF4385,"[2, 5, 5, 1, 2, 3, 1, 5, 4, 0, 0, 0, 0, 0, 0, 0, 0, 0, 0, 0, 0, 0, 0, 0]",28,4
FF4386,"[4, 3, 4, 1, 2, 3, 0, 4, 4, 0, 0, 0, 0, 0, 0, 0, 0, 0, 0, 0, 0, 0, 0, -2]",23,3
FF4380,"[2, 3, 3, 1, 2, 5, 2, 4, 4, 0, 0, 0, 0, 0, 0, 0, 0, 0, 0, 0, 0, 0, 0, -3]",23,3
FF4381,"[3, 4, 4, 1, 3, 4, 2, 4, 4, 0, 0, 0, 0, 0, 0, 0, 0, 0, 0, 0, 0, 0, 0, -5]",24,3
FF4382,"[3, 4, 4, 1, 3, 4, 1, 4, 4, 0, 0, 0, 0, 0, 3, 0, 0, 0, 0, 0, 0, 0, 0, 0]",31,4
FF4383,"[3, 4, 3, 1, 3, 4, 0, 4, 4, 0, 0, 0, 0, 0, 0, 3, 3, 0, 0, 0, 0, 0, 0, -2]",30,4
FF4476,"[2, 5, 5, 1, 2, 3, 2, 4, 0, 0, 0, 0, 0, 0, 0, 0, 0, 0, 0, 0, 0, 0, 0, 0]",24,3
FF2287,"[1, 5, 5, 1, 1, 4, 1, 0, 4, 0, 0, 0, 0, 0, 0, 0, 0, 0, 0, 0, 0, 0, 0, 0]",22,3
FF2288,"[2, 3, 5, 1, 1, 4, 2, 0, 4, 0, 0, 0, 0, 0, 0, 0, 0, 0, 0, 0, 0, 0, 0, -2]",20,2
FF2297,"[1, 4, 5, 1, 1, 3, 2, 4, 4, 0, 0, 0, 0, 0, 0, 0, 0, 0, 0, 0, 0, 0, 0, -1]",24,3
FF2298,"[2, 4, 5, 1, 1, 4, 3, 4, 4, 0, 0, 0, 0, 0, 0, 0, 0, 0, 0, 0, 0, 0, 0, 0]",28,4
FF3207,"[3, 4, 5, 1, 1, 4, 2, 4, 4, 0, 0, 0, 0, 0, 0, 0, 0, 0, 0, 0, 0, 0, 0, -5]",23,3
FF3208,"[3, 3, 4, 1, 1, 5, 1, 0, 4, 0, 0, 0, 0, 0, 0, 0, 0, 0, 0, 0, 0, 0, 0, -3]",19,2
FF3217,"[2, 3, 5, 1, 2, 4, 3, 4, 4, 0, 0, 0, 0, 0, 0, 0, 0, 0, 0, 0, 0, 0, 0, -4]",24,3
FF3218,"[3, 3, 5, 1, 2, 4, 1, 4, 4, 0, 0, 0, 0, 0, 0, 0, 0, 0, 0, 0, 0, 0, 0, -4]",23,3
FF3227,"[2, 4, 5, 1, 1, 4, 3, 4, 4, 0, 0, 0, 0, 0, 0, 0, 0, 0, 0, 0, 0, 0, 0, -2]",26,3
FF3228,"[2, 4, 5, 1, 1, 4, 3, 4, 4, 0, 0, 0, 0, 0, 0, 0, 0, 0, 0, 0, 0, 0, 0, -4]",24,3
FF3237,"[2, 4, 5, 1, 2, 3, 1, 4, 4, 0, 0, 0, 0, 0, 0, 0, 0, 0, 0, 0, 0, 0, 0, -1]",25,3
FF3238,"[2, 3, 5, 1, 2, 3, 2, 4, 4, 0, 0, 0, 0, 0, 0, 0, 0, 0, 0, 0, 0, 0, 0, -3]",23,3
FF3247,"[3, 4, 4, 1, 2, 4, 1, 4, 4, 0, 0, 0, 0, 0, 0, 0, 0, 0, 0, 0, 0, 0, 0, -3]",24,3
FF3248,"[3, 4, 4, 1, 1, 4, 1, 0, 4, 0, 0, 0, 0, 0, 0, 0, 0, 0, 0, 0, 0, 0, 0, 0]",22,3
FF3257,"[3, 4, 4, 1, 3, 4, 1, 0, 4, 0, 0, 0, 0, 0, 0, 0, 0, 0, 0, 0, -5, 0, 0, 0]",19,2
FF3258,"[2, 4, 5, 1, 1, 4, 1, 0, 4, 0, 0, 0, 0, 0, 0, 0, 0, 0, 0, 0, 0, 0, 0, 0]",22,3
FF3267,"[2, 4, 3, 1, 3, 5, 0, 0, 4, 0, 0, 0, 0, 0, 0, 0, 0, 0, 0, 0, -5, 0, 0, 0]",17,2
FF3268,"[3, 3, 4, 1, 1, 4, 1, 0, 4, 0, 0, 0, 0, 0, 0, 0, 0, 0, 0, 0, 0, 0, 0, -1]",20,2
FF3277,"[3, 2, 2, 1, 2, 4, 1, 4, 4, 0, 0, 0, 0, 0, 0, 0, 0, 0, 0, 0, 0, 0, 0, 0]",23,3
FF3278,"[2, 3, 3, 1, 3, 5, 2, 0, 0, 0, 0, 0, 0, 0, 0, 0, 0, 0, 0, 0, -5, 0, 0, -2]",12,1
FF2296,"[3, 3, 3, 1, 3, 4, 0, 4, 4, 0, 0, 0, 0, 0, 0, 0, 0, 0, 0, 0, 0, 0, 0, -2]",23,3
FF3206,"[3, 4, 4, 1, 4, 4, 1, 4, 4, 0, 0, 0, 0, 0, 0, 0, 0, 0, 0, 0, 0, 0, 0, -1]",28,4
FF3216,"[1, 4, 5, 1, 2, 4, 2, 0, 4, 0, 0, 0, 0, 0, 0, 0, 0, 0, 0, 0, 0, 0, 0, -5]",18,2
FF3226,"[1, 5, 5, 1, 2, 4, 2, 0, 4, 0, 0, 0, 0, 0, 0, 0, 0, 0, 0, 0, 0, 0, 0, 0]",24,3
FF3236,"[1, 5, 5, 1, 2, 3, 2, 0, 4, 0, 0, 0, 0, 0, 0, 0, 0, 0, 0, 0, 0, 0, 0, 0]",23,3
FF3246,"[3, 3, 3, 1, 3, 4, 2, 4, 4, 0, 0, 0, 0, 0, 0, 0, 0, 0, 0, 0, 0, 0, 0, -2]",25,3
FF3256,"[2, 3, 3, 1, 4, 5, 1, 4, 4, 0, 0, 0, 0, 0, 0, 0, 0, 0, 0, 0, 0, 0, 0, -2]",25,3
FF4206,"[2, 1, 2, 1, 2, 4, 1, 4, 0, 0, 0, 0, 0, 0, 0, 0, 0, 0, 0, 0, 0, 0, -1, -1]",15,1
FF4216,"[3, 2, 2, 1, 3, 4, 0, 4, 0, 0, 0, 0, 0, 0, 0, 0, 0, 0, 0, 0, 0, 0, -2, -1]",16,2
FF4226,"[3, 1, 1, 1, 5, 3, 0, 0, 0, 0, 0, 0, 0, 0, 0, 0, 0, 0, 0, 0, 0, 0, 0, 0]",14,1
FF4236,"[3, 2, 2, 1, 4, 4, 0, 4, 0, 0, 0, 0, 0, 0, 3, 0, 0, 0, 0, 0, 0, 0, 0, -1]",22,3
FF4246,"[4, 3, 4, 1, 2, 3, 1, 5, 0, 0, 0, 0, 0, 0, 5, 4, 0, 0, 0, 0, 0, 0, 0, -2]",30,4
FF4256,"[3, 4, 4, 1, 3, 4, 1, 0, 0, 0, 0, 0, 0, 0, 0, 0, 0, 0, 0, 0, 0, 0, 0, -5]",15,1
FF4266,"[3, 3, 3, 1, 3, 4, 1, 4, 4, 0, 0, 0, 0, 0, 0, 0, 0, 0, 0, 0, 0, 0, 0, -1]",25,3
FF4276,"[3, 4, 4, 1, 1, 4, 1, 4, 4, 0, 0, 0, 0, 0, 0, 0, 0, 0, 0, 0, 0, 0, 0, 0]",26,3
FF3205,"[4, 3, 3, 1, 4, 4, 0, 4, 4, 0, 0, 0, 0, 0, 0, 0, 0, 0, 0, 0, 0, 0, 0, -1]",26,3
FF3215,"[3, 3, 4, 1, 4, 4, 0, 4, 4, 0, 0, 0, 0, 0, 0, 0, 0, 0, 0, 0, 0, 0, 0, -4]",23,3
FF3225,"[4, 4, 4, 1, 3, 4, 2, 5, 4, 0, 0, 0, 0, 0, 0, 0, 0, 0, 0, 0, 0, 0, 0, -1]",30,4
FF3235,"[3, 3, 5, 1, 3, 3, 1, 5, 4, 0, 0, 0, 0, 0, 0, 0, 0, 0, 0, 0, 0, 0, -1, -1]",26,3
FF3245,"[4, 3, 4, 1, 3, 3, 1, 4, 4, 0, 0, 0, 0, 0, 0, 0, 0, 0, 0, 0, 0, 0, -2, -1]",24,3
FF3255,"[3, 4, 3, 1, 2, 4, 1, 4, 4, 0, 0, 0, 0, 0, 0, 0, 0, 0, 0, 0, 0, 0, -2, -5]",19,2
FF3275,"[3, 3, 3, 1, 3, 4, 0, 0, 0, 0, 0, 0, 0, 0, 0, 0, 0, 0, 0, 0, -5, 0, -2, -4]",6,1
FF3285,"[2, 4, 3, 1, 2, 5, 1, 4, 0, 0, 0, 0, 0, 0, 0, 0, 0, 0, 0, 0, -5, 0, 0, -1]",16,2
FF3295,"[3, 3, 3, 1, 2, 4, 2, 5, 0, 0, 0, 0, 0, 0, 0, 0, 0, 0, 0, 0, -5, 0, 0, -3]",15,1
FF4205,"[3, 3, 2, 1, 1, 4, 1, 4, 0, 0, 0, 0, 0, 0, 0, 0, 0, 0, 0, 0, 0, 0, -2, -1]",16,2
FF4215,"[3, 3, 3, 1, 2, 4, 1, 4, 0, 0, 0, 0, 0, 0, 0, 0, 0, 0, 0, 0, 0, 0, -1, -1]",19,2
FF4225,"[3, 2, 2, 1, 4, 4, 0, 4, 0, 0, 0, 0, 0, 0, 0, 0, 0, 0, 0, -5, 0, 0, 0, -1]",14,1
FF4235,"[4, 2, 3, 1, 4, 4, 1, 4, 0, 0, 0, 0, 0, 0, 0, 2, 2, 0, 0, 0, 0, 0, 0, -1]",26,3
FF4245,"[4, 3, 4, 1, 3, 4, 2, 4, 0, 0, 0, 0, 0, 0, 0, 4, 3, 0, 0, 0, 0, 0, 0, -1]",31,4
FF4255,"[3, 3, 3, 1, 3, 4, 1, 4, 0, 0, 0, 0, 0, 0, 0, 1, 1, 0, 0, 0, 0, 0, 0, -1]",23,3
FF4265,"[3, 2, 2, 1, 3, 4, 0, 0, 0, 0, 0, 0, 0, 0, 0, 0, 0, 0, 0, 0, 0, 0, 0, -1]",14,1
FF4275,"[2, 4, 3, 1, 3, 5, 2, 4, 4, 0, 0, 0, 0, 0, 0, 1, 1, 0, 0, 0, 0, 0, 0, -4]",26,3
FF3204,"[4, 2, 3, 1, 3, 4, 1, 4, 4, 0, 0, 0, 0, 0, 0, 0, 0, 0, 0, 0, 0, 0, -2, -1]",23,3
FF3214,"[4, 3, 4, 1, 3, 4, 1, 4, 4, 0, 0, 0, 0, 0, 0, 0, 0, 0, 0, 0, 0, 0, -2, -2]",24,3
FF3224,"[4, 2, 3, 1, 4, 4, 1, 5, 4, 0, 0, 0, 0, 0, 0, 0, 0, 0, 0, 0, 0, 0, -2, -1]",25,3
FF3234,"[4, 3, 3, 1, 5, 4, 1, 5, 4, 0, 0, 0, 0, 0, 0, 0, 0, 0, 0, 0, 0, 0, -2, -1]",27,4
FF3244,"[2, 3, 3, 1, 4, 5, 1, 4, 4, 0, 0, 0, 0, 0, 0, 0, 0, 0, 0, 0, 0, 0, 0, -2]",25,3
FF3254,"[3, 4, 4, 1, 3, 4, 1, 0, 4, 0, 0, 0, 0, 0, 0, 0, 0, 0, 0, 0, 0, 0, 0, -4]",20,2
FF3264,"[4, 2, 2, 1, 4, 4, 0, 4, 4, 0, 0, 0, 0, 0, 3, 0, 0, 0, 0, 0, 0, 0, 0, 0]",28,4
FF3274,"[2, 4, 3, 1, 3, 5, 0, 4, 0, 0, 0, 0, 0, 0, 0, 0, 0, 0, 0, 0, 0, 0, 0, -5]",17,2
FF3284,"[3, 4, 4, 1, 2, 4, 2, 4, 0, 0, 0, 0, 0, 0, 0, 0, 0, 0, 0, 0, 0, 0, 0, -2]",22,3
FF3294,"[3, 3, 3, 1, 3, 5, 1, 4, 0, 0, 0, 0, 0, 0, 0, 0, 0, 0, 0, 0, 0, 0, 0, -1]",22,3
FF4204,"[4, 2, 2, 1, 3, 4, 2, 4, 1, 0, 0, 0, 0, 0, 3, 0, 0, 0, 0, 0, 0, 0, -2, -1]",23,3
FF4214,"[2, 3, 3, 1, 2, 5, 2, 4, 0, 0, 0, 0, 0, 0, 0, 0, 0, 0, 0, 0, 0, 0, 0, -1]",21,2
FF4224,"[3, 3, 3, 1, 3, 4, 1, 4, 0, 0, 0, 0, 0, 0, 0, 0, 0, 0, 0, 0, 0, 0, 0, -1]",21,2
FF4234,"[4, 2, 3, 1, 4, 4, 1, 4, 0, 0, 0, 0, 0, 0, 0, 4, 4, 0, 0, 0, 0, 0, 0, -1]",30,4
FF4244,"[3, 4, 5, 1, 2, 4, 3, 4, 0, 0, 0, 0, 0, 0, 0, 3, 1, 0, 0, 0, 0, 0, 0, -3]",27,4
FF4254,"[3, 4, 4, 1, 3, 4, 2, 4, 0, 0, 0, 0, 0, 0, 0, 3, 0, 0, 0, 0, 0, 0, 0, -2]",26,3
FF4264,"[3, 2, 3, 1, 2, 4, 1, 4, 0, 0, 0, 0, 0, 0, 0, 0, 0, 0, 0, 0, 0, 0, 0, -1]",19,2
FF4274,"[3, 3, 3, 1, 3, 5, 1, 4, 4, 0, 0, 0, 0, 0, 0, 2, 2, 0, 0, 0, 0, 0, 0, -2]",29,4
FF2158,"[1, 5, 5, 1, 1, 4, 1, 0, 4, 0, 0, 0, 0, 0, 0, 0, 0, 0, 0, 0, 0, 0, 0, 0]",22,3
FF2168,"[1, 0, 5, 1, 1, 4, 1, 0, 4, 0, 0, 0, 0, 0, 0, 0, 0, 0, 0, 0, 0, 0, 0, 0]",17,2
FF2178,"[1, 0, 5, 1, 1, 3, 1, 0, 5, 0, 0, 0, 0, 0, 0, 0, 0, 0, 0, 0, 0, 0, 0, 0]",17,2
FF2179,"[1, 0, 5, 1, 1, 4, 1, 0, 5, 0, 0, 0, 0, 0, 0, 0, 0, 0, 0, 0, 0, 0, 0, 0]",18,2
FF2188,"[1, 0, 5, 1, 1, 4, 1, 0, 5, 0, 0, 0, 0, 0, 0, 0, 0, 0, 0, 0, 0, 0, 0, 0]",18,2
FF2189,"[1, 0, 5, 1, 1, 4, 4, 0, 5, 0, 0, 0, 0, 0, 0, 0, 0, 0, 0, 0, 0, 0, 0, 0]",21,2
FF2198,"[1, 5, 5, 1, 1, 4, 1, 0, 4, 0, 0, 0, 0, 0, 0, 0, 0, 0, 0, 0, 0, 0, 0, 0]",22,3
FF2199,"[1, 0, 5, 1, 2, 4, 1, 0, 5, 0, 0, 0, 0, 0, 0, 0, 0, 0, 0, 0, 0, 0, 0, 0]",19,2
FF3108,"[2, 3, 5, 1, 2, 4, 1, 0, 4, 0, 0, 0, 0, 0, 0, 0, 0, 0, 0, 0, 0, 0, 0, -2]",20,2
FF3109,"[2, 3, 5, 1, 2, 4, 1, 0, 5, 0, 0, 0, 0, 0, 0, 0, 0, 0, 0, 0, 0, 0, 0, -2]",21,2
FF3118,"[3, 3, 5, 1, 2, 4, 1, 0, 4, 0, 0, 0, 0, 0, 0, 0, 0, 0, 0, 0, 0, 0, 0, -1]",22,3
FF3119,"[3, 3, 4, 1, 2, 4, 0, 0, 4, 0, 0, 0, 0, 0, 0, 0, 0, 0, 0, 0, 0, 0, 0, -1]",20,2
FF3128,"[2, 4, 5, 1, 2, 4, 3, 4, 4, 0, 0, 0, 0, 0, 0, 0, 0, 0, 0, 0, 0, 0, 0, 0]",29,4
FF3129,"[3, 3, 4, 1, 2, 4, 2, 0, 4, 0, 0, 0, 0, 0, 0, 0, 0, 0, 0, 0, 0, 0, 0, -1]",22,3
FF3138,"[3, 5, 5, 1, 1, 4, 3, 4, 4, 0, 0, 0, 0, 0, 0, 0, 0, 0, 0, 0, 0, 0, 0, 0]",30,4
FF3139,"[3, 3, 3, 1, 1, 4, 2, 4, 4, 0, 0, 0, 0, 0, 0, 0, 0, 0, 0, 0, 0, 0, 0, 0]",25,3
FF3148,"[4, 3, 3, 1, 2, 4, 3, 4, 4, 0, 0, 0, 0, 0, 5, 0, 0, 0, 0, 0, 0, 0, 0, -1]",32,4
FF3149,"[3, 4, 4, 1, 3, 4, 2, 4, 4, 0, 0, 0, 0, 0, 0, 0, 0, 0, 0, 0, 0, 0, 0, -1]",28,4
FF3158,"[3, 4, 4, 1, 4, 4, 1, 4, 4, 0, 0, 0, 0, 0, 5, 0, 0, 0, 0, 0, 0, 0, 0, -1]",33,5
FF3159,"[1, 4, 5, 1, 3, 3, 1, 4, 0, 0, 0, 0, 0, 0, 0, 0, 0, 0, 0, 0, 0, 0, 0, -5]",17,2
FF3168,"[2, 4, 5, 1, 3, 4, 1, 4, 0, 0, 0, 0, 0, 0, 0, 0, 0, 0, 0, 0, 0, 0, 0, 0]",24,3
FF3169,"[3, 4, 4, 1, 4, 4, 2, 4, 0, 0, 0, 0, 0, 0, 0, 0, 0, 0, 0, 0, 0, 0, 0, -1]",25,3
FF3178,"[3, 3, 3, 1, 3, 5, 1, 4, 0, 0, 0, 0, 0, 0, 0, 0, 0, 0, 0, 0, -5, 0, 0, -3]",15,1
FF3179,"[3, 3, 3, 1, 4, 4, 1, 4, 0, 0, 0, 0, 0, 0, 0, 0, 0, 0, 0, 0, 0, 0, 0, -1]",22,3
FF3188,"[3, 3, 3, 1, 3, 5, 1, 4, 0, 0, 0, 0, 0, 0, 3, 0, 0, 0, 0, 0, -5, 0, 0, -1]",20,2
FF3189,"[3, 3, 4, 1, 4, 4, 1, 4, 0, 0, 0, 0, 0, 0, 0, 0, 0, 0, 0, 0, 0, 0, 0, -3]",21,2
FF3198,"[3, 3, 3, 1, 3, 4, 2, 4, 0, 0, 0, 0, 0, 0, 0, 0, 0, 0, 0, 0, 0, 0, -1, -1]",21,2
FF3199,"[3, 3, 3, 1, 3, 4, 2, 4, 0, 0, 0, 0, 0, 0, 5, 0, 0, 0, 0, 0, 0, 0, 0, -3]",25,3
FF4108,"[3, 2, 2, 1, 4, 5, 1, 4, 0, 0, 0, 0, 0, 0, 0, 0, 0, 0, 0, 0, 0, 0, -1, -1]",20,2
FF4109,"[3, 2, 2, 1, 4, 4, 1, 4, 0, 0, 0, 0, 0, 0, 0, 0, 0, 0, 0, 0, 0, 0, -2, -1]",18,2
FF4118,"[3, 3, 3, 1, 4, 4, 1, 4, 0, 0, 0, 0, 0, 0, 0, 0, 0, 0, 0, 0, 0, 0, 0, -2]",21,2
FF4119,"[3, 3, 4, 1, 4, 4, 0, 4, 0, 0, 0, 0, 0, 0, 0, 0, 0, 0, 0, 0, 0, 0, 0, -2]",21,2
FF4128,"[3, 3, 3, 1, 2, 5, 1, 4, 0, 0, 0, 0, 0, 0, 0, 0, 0, 0, 0, 0, 0, 0, 0, -2]",20,2
FF4129,"[3, 4, 4, 1, 2, 4, 1, 4, 0, 0, 0, 0, 0, 0, 0, 0, 0, 0, 0, 0, -5, 0, 0, -2]",16,2
FF4138,"[2, 3, 3, 1, 5, 5, 1, 0, 0, 0, 0, 0, 0, 0, 0, 0, 0, 0, 0, 0, 0, 0, 0, -1]",19,2
FF4139,"[3, 4, 4, 1, 2, 4, 0, 4, 0, 0, 0, 0, 0, 0, 0, 0, 0, 0, 0, 0, 0, 0, 0, -1]",21,2
FF4148,"[3, 1, 2, 1, 4, 4, 0, 4, 1, 0, 0, 0, 0, 0, 5, 0, 0, 0, 0, 0, 0, 0, 0, -1]",24,3
FF4149,"[3, 2, 3, 1, 3, 4, 0, 4, 0, 0, 0, 0, 0, 0, 0, 0, 0, 0, 0, 0, 0, 0, 0, -1]",19,2
FF4158,"[3, 3, 4, 1, 4, 4, 0, 4, 0, 0, 0, 0, 0, 0, 0, 3, 0, 0, 0, 0, 0, 0, 0, -1]",25,3
FF4159,"[2, 3, 3, 1, 4, 5, 1, 4, 0, 0, 0, 0, 0, 0, 0, 3, 0, 0, 0, 0, 0, 0, 0, 0]",26,3
FF4168,"[1, 4, 5, 1, 3, 4, 1, 0, 0, 0, 0, 0, 0, 0, 0, 0, 0, 0, 0, 0, 0, 0, 0, 0]",19,2
FF4169,"[2, 4, 5, 1, 3, 4, 0, 0, 0, 0, 0, 0, 0, 0, 0, 0, 0, 0, 0, 0, 0, 0, 0, 0]",19,2
FF4178,"[1, 5, 5, 1, 2, 4, 2, 4, 0, 0, 0, 0, 0, 0, 0, 1, 0, 0, 0, 0, 0, 0, 0, 0]",25,3
FF4179,"[1, 3, 5, 1, 2, 4, 1, 0, 0, 0, 0, 0, 0, 0, 0, 0, 0, 0, 0, 0, 0, 0, 0, -4]",13,1
FF3203,"[4, 3, 4, 1, 4, 3, 1, 4, 4, 0, 0, 0, 0, 0, 0, 0, 0, 0, 0, 0, 0, 0, -1, -1]",26,3
FF3213,"[3, 3, 3, 1, 4, 4, 1, 4, 4, 0, 0, 0, 0, 0, 0, 0, 0, 0, 0, 0, 0, 0, 0, -2]",25,3
FF3223,"[3, 4, 3, 1, 2, 5, 2, 4, 4, 0, 0, 0, 0, 0, 0, 0, 0, 0, 0, 0, 0, 0, 0, -2]",26,3
FF3233,"[3, 4, 4, 1, 4, 4, 1, 4, 4, 0, 0, 0, 0, 0, 0, 0, 0, 0, 0, 0, 0, 0, 0, -4]",25,3
FF3253,"[3, 3, 3, 1, 4, 5, 0, 4, 4, 0, 0, 0, 0, 0, 0, 0, 0, 0, 0, 0, 0, 0, 0, 0]",27,4
FF3263,"[4, 3, 3, 1, 3, 4, 1, 4, 0, 0, 0, 0, 0, 0, 0, 0, 0, 0, 0, 0, 0, 0, 0, -1]",22,3
FF3273,"[3, 4, 4, 1, 2, 4, 1, 4, 0, 0, 0, 0, 0, 0, 0, 0, 0, 0, 0, 0, 0, 0, 0, -1]",22,3
FF3283,"[3, 3, 4, 1, 2, 4, 2, 4, 0, 0, 0, 0, 0, 0, 0, 0, 0, 0, 0, 0, 0, 0, 0, -2]",21,2
FF3293,"[1, 4, 5, 1, 2, 4, 1, 4, 0, 0, 0, 0, 0, 0, 0, 0, 0, 0, 0, 0, 0, 0, 0, -2]",20,2
FF4203,"[3, 4, 4, 1, 2, 4, 3, 4, 0, 0, 0, 0, 0, 0, 0, 0, 0, 0, 0, 0, 0, 0, -2, -2]",21,2
FF4213,"[3, 3, 4, 1, 2, 4, 2, 4, 0, 0, 0, 0, 0, 0, 0, 0, 0, 0, 0, 0, 0, 0, 0, -3]",20,2
FF4223,"[3, 3, 3, 1, 2, 5, 2, 4, 0, 0, 0, 0, 0, 0, 0, 0, 0, 0, 0, 0, 0, 0, 0, -2]",21,2
FF4233,"[1, 5, 5, 1, 2, 4, 1, 0, 0, 0, 0, 0, 0, 0, 0, 0, 0, 0, 0, 0, 0, 0, 0, 0]",19,2
FF4243,"[1, 4, 5, 1, 2, 4, 2, 0, 0, 0, 0, 0, 0, 0, 0, 1, 1, 0, 0, 0, 0, 0, 0, -3]",18,2
FF4253,"[3, 3, 4, 1, 3, 4, 2, 4, 0, 0, 0, 0, 0, 0, 0, 4, 0, 0, 0, 0, 0, 0, 0, -2]",26,3
FF4263,"[3, 4, 5, 1, 1, 4, 2, 4, 4, 0, 0, 0, 0, 0, 0, 0, 0, 0, 0, 0, 0, 0, 0, -2]",26,3
FF4273,"[3, 3, 4, 1, 3, 4, 2, 4, 4, 0, 0, 0, 0, 0, 0, 0, 0, 0, 0, 0, -5, 0, 0, -4]",19,2
FF3202,"[3, 3, 4, 1, 3, 4, 0, 4, 4, 0, 0, 0, 0, 0, 0, 0, 0, 0, 0, 0, 0, 0, 0, -2]",24,3
FF3212,"[3, 4, 4, 1, 1, 4, 2, 4, 4, 0, 0, 0, 0, 0, 0, 0, 0, 0, 0, 0, 0, 0, 0, -3]",24,3
FF3222,"[3, 4, 4, 1, 2, 4, 1, 4, 4, 0, 0, 0, 0, 0, 0, 0, 0, 0, 0, 0, 0, 0, 0, -3]",24,3
FF3232,"[3, 3, 3, 1, 4, 4, 0, 4, 4, 0, 0, 0, 0, 0, 0, 0, 0, 0, 0, 0, 0, 0, 0, -2]",24,3
FF3242,"[3, 3, 3, 1, 4, 4, 0, 4, 4, 0, 0, 0, 0, 0, 0, 0, 0, 0, 0, 0, 0, 0, 0, -2]",24,3
FF3252,"[3, 3, 4, 1, 2, 4, 1, 4, 0, 0, 0, 0, 0, 0, 0, 0, 0, 0, 0, 0, 0, 0, 0, -2]",20,2
FF3262,"[3, 4, 4, 1, 2, 4, 1, 4, 0, 0, 0, 0, 0, 0, 0, 0, 0, 0, 0, 0, 0, 0, 0, -3]",20,2
FF3272,"[4, 3, 3, 1, 3, 4, 2, 4, 3, 0, 0, 0, 0, 0, 0, 0, 0, 0, 0, 0, 0, 0, 0, -1]",26,3
FF3282,"[3, 3, 4, 1, 2, 4, 2, 4, 0, 0, 0, 0, 0, 0, 3, 0, 0, 0, 0, 0, 0, 0, 0, -3]",23,3
FF3292,"[2, 3, 5, 1, 2, 4, 1, 4, 1, 0, 0, 0, 0, 0, 0, 0, 0, 0, 0, 0, 0, 0, 0, -2]",21,2
FF4202,"[1, 4, 5, 1, 1, 3, 2, 0, 3, 0, 0, 0, 0, 0, 0, 0, 0, 0, 0, 0, 0, 0, -2, -1]",17,2
FF4212,"[3, 4, 4, 1, 2, 4, 3, 4, 0, 0, 0, 0, 0, 0, 0, 0, 0, 0, 0, 0, 0, 0, 0, -2]",23,3
FF4222,"[2, 4, 5, 1, 2, 3, 1, 4, 3, 0, 0, 0, 0, 0, 0, 0, 0, 0, 0, 0, 0, 0, 0, -3]",22,3
FF4232,"[1, 5, 5, 1, 2, 3, 1, 4, 0, 0, 0, 0, 0, 0, 0, 0, 0, 0, 0, 0, 0, 0, 0, 0]",22,3
FF4242,"[1, 4, 5, 1, 3, 4, 2, 4, 0, 0, 0, 0, 0, 0, 0, 0, 0, 0, 0, 0, 0, 0, 0, -1]",23,3
FF4252,"[4, 2, 3, 1, 4, 4, 1, 4, 0, 0, 0, 0, 0, 0, 0, 4, 0, 0, 0, 0, 0, 0, 0, -1]",26,3
FF4262,"[3, 4, 4, 1, 3, 4, 1, 4, 0, 0, 0, 0, 0, 0, 0, 0, 0, 0, 0, 0, 0, 0, 0, 0]",24,3
FF4272,"[3, 3, 4, 1, 2, 4, 2, 4, 4, 0, 0, 0, 0, 0, 0, 0, 0, 0, 0, 0, 0, 0, 0, -2]",25,3
FF2281,"[1, 3, 5, 1, 2, 4, 2, 0, 5, 0, 0, 0, 0, 0, 0, 0, 0, 0, 0, 0, 0, 0, 0, -1]",22,3
FF2291,"[1, 5, 5, 1, 1, 3, 0, 0, 5, 0, 0, 0, 0, 0, 0, 0, 0, 0, 0, 0, 0, 0, 0, 0]",21,2
FF3201,"[2, 4, 5, 1, 1, 3, 1, 0, 5, 0, 0, 0, 0, 0, 0, 0, 0, 0, 0, 0, 0, 0, 0, 0]",22,3
FF3211,"[3, 4, 4, 1, 3, 4, 1, 4, 4, 0, 0, 0, 0, 0, 0, 0, 0, 0, 0, 0, 0, 0, 0, -4]",24,3
FF3221,"[3, 3, 4, 1, 1, 4, 1, 4, 4, 0, 0, 0, 0, 0, 0, 0, 0, 0, 0, 0, 0, 0, 0, -2]",23,3
FF3231,"[3, 3, 3, 1, 3, 4, 1, 4, 4, 0, 0, 0, 0, 0, 0, 0, 0, 0, 0, 0, 0, 0, 0, -2]",24,3
FF3241,"[3, 3, 3, 1, 4, 5, 1, 4, 4, 0, 0, 0, 0, 0, 0, 0, 0, 0, 0, 0, 0, 0, 0, -2]",26,3
FF3251,"[3, 4, 4, 1, 3, 4, 2, 4, 0, 0, 0, 0, 0, 0, 0, 0, 0, 0, 0, 0, 0, 0, 0, -3]",22,3
FF3261,"[3, 3, 3, 1, 4, 4, 0, 4, 0, 0, 0, 0, 0, 0, 0, 0, 0, 0, 0, 0, 0, 0, 0, -1]",21,2
FF3271,"[3, 2, 2, 1, 3, 4, 1, 4, 0, 0, 0, 0, 0, 0, 2, 0, 0, 0, 0, 0, 0, 0, 0, -1]",21,2
FF3281,"[2, 3, 3, 1, 3, 5, 1, 4, 0, 0, 0, 0, 0, 0, 0, 0, 0, 0, 0, 0, 0, 0, 0, 0]",22,3
FF3291,"[3, 3, 4, 1, 4, 4, 1, 4, 0, 0, 0, 0, 0, 0, 0, 0, 0, 0, 0, 0, 0, 0, 0, -1]",23,3
FF4201,"[3, 2, 3, 1, 3, 4, 1, 4, 0, 0, 0, 0, 0, 0, 0, 0, 0, 0, 0, 0, 0, 0, -2, -1]",18,2
FF4211,"[3, 3, 4, 1, 2, 4, 0, 4, 0, 0, 0, 0, 0, 0, 0, 0, 0, 0, 0, 0, 0, 0, 0, -1]",20,2
FF4221,"[2, 4, 5, 1, 2, 3, 2, 0, 0, 0, 0, 0, 0, 0, 0, 0, 0, 0, 0, 0, 0, 0, 0, 0]",19,2
FF4231,"[2, 4, 5, 1, 2, 3, 1, 5, 0, 0, 0, 0, 0, 0, 0, 0, 0, 0, 0, 0, 0, 0, 0, 0]",23,3
FF4241,"[3, 4, 4, 1, 3, 4, 1, 0, 0, 0, 0, 0, 0, 0, 0, 0, 0, 0, 0, 0, 0, 0, 0, 0]",20,2
FF4251,"[3, 3, 3, 1, 4, 4, 1, 4, 0, 0, 0, 0, 0, 0, 0, 2, 0, 0, 0, 0, 0, 0, 0, -1]",24,3
FF4261,"[2, 2, 3, 1, 4, 5, 0, 4, 0, 0, 0, 0, 0, 0, 0, 4, 0, 0, 0, 0, 0, 0, 0, -2]",23,3
FF4271,"[3, 3, 4, 1, 3, 4, 1, 4, 0, 0, 0, 0, 0, 0, 0, 0, 0, 0, 0, 0, 0, 0, 0, -1]",22,3
FF2270,"[1, 0, 5, 1, 1, 4, 0, 0, 4, 0, 0, 0, 0, 0, 0, 0, 0, 0, 0, 0, 0, 0, 0, 0]",16,2
FF2280,"[1, 0, 5, 1, 1, 4, 2, 0, 5, 0, 0, 0, 0, 0, 0, 0, 0, 0, 0, 0, 0, 0, 0, 0]",19,2
FF2290,"[1, 5, 5, 1, 1, 3, 2, 0, 5, 0, 0, 0, 0, 0, 0, 0, 0, 0, 0, 0, 0, 0, 0, 0]",23,3
FF3200,"[1, 5, 5, 1, 1, 4, 1, 0, 5, 0, 0, 0, 0, 0, 0, 0, 0, 0, 0, 0, 0, 0, 0, 0]",23,3
FF3210,"[2, 5, 5, 1, 2, 4, 1, 4, 4, 0, 0, 0, 0, 0, 0, 0, 0, 0, 0, 0, 0, 0, 0, 0]",28,4
FF3220,"[3, 4, 4, 1, 2, 4, 1, 4, 4, 0, 0, 0, 0, 0, 0, 0, 0, 0, 0, 0, 0, 0, 0, -3]",24,3
FF3230,"[3, 2, 3, 1, 1, 4, 2, 4, 4, 0, 0, 0, 0, 0, 0, 0, 0, 0, 0, 0, 0, 0, 0, -1]",23,3
FF3240,"[3, 4, 4, 1, 3, 4, 1, 0, 0, 0, 0, 0, 0, 0, 0, 0, 0, 0, 0, 0, 0, 0, 0, 0]",20,2
FF3250,"[2, 4, 5, 1, 3, 4, 1, 0, 0, 0, 0, 0, 0, 0, 0, 0, 0, 0, 0, 0, 0, 0, 0, 0]",20,2
FF3260,"[3, 3, 3, 1, 4, 4, 1, 4, 0, 0, 0, 0, 0, 0, 5, 0, 0, 0, 0, 0, 0, 0, 0, -1]",27,4
FF3270,"[3, 3, 3, 1, 4, 4, 2, 4, 0, 0, 0, 0, 0, 0, 0, 0, 0, 0, 0, 0, 0, 0, 0, -2]",22,3
FF3280,"[3, 3, 4, 1, 4, 4, 1, 4, 0, 0, 0, 0, 0, 0, 0, 0, 0, 0, 0, 0, -5, 0, 0, -2]",17,2
FF3290,"[3, 3, 4, 1, 4, 4, 0, 4, 3, 0, 0, 0, 0, 0, 0, 0, 0, 0, 0, 0, 0, 0, 0, -2]",24,3
FF4200,"[4, 2, 3, 1, 4, 4, 0, 4, 0, 0, 0, 0, 0, 0, 2, 0, 0, 0, 0, 0, 0, 0, -2, -1]",21,2
FF4210,"[3, 4, 3, 1, 3, 5, 0, 4, 0, 0, 0, 0, 0, 0, 0, 0, 0, 0, 0, 0, 0, 0, 0, -4]",19,2
FF4220,"[3, 4, 4, 1, 2, 4, 2, 4, 0, 0, 0, 0, 0, 0, 0, 0, 0, 0, 0, 0, 0, 0, 0, 0]",24,3
FF4230,"[3, 3, 4, 1, 2, 5, 1, 4, 0, 0, 0, 0, 0, 0, 0, 0, 0, 0, 0, 0, 0, 0, 0, -4]",19,2
FF4240,"[3, 2, 3, 1, 2, 4, 1, 4, 0, 0, 0, 0, 0, 0, 3, 0, 0, 0, 0, 0, 0, 0, 0, -1]",22,3
FF4250,"[4, 2, 3, 1, 3, 4, 2, 4, 0, 0, 0, 0, 0, 0, 0, 1, 0, 0, 0, 0, 0, 0, 0, -1]",23,3
FF4260,"[3, 3, 4, 1, 2, 5, 1, 4, 0, 0, 0, 0, 0, 0, 0, 3, 0, 0, 0, 0, 0, 0, 0, -2]",24,3
FF4270,"[3, 4, 4, 1, 2, 5, 2, 4, 0, 0, 0, 0, 0, 0, 0, 0, 0, 0, 0, 0, 0, 0, 0, -4]",21,2
FF3406,"[3, 5, 4, 1, 3, 4, 0, 0, 4, 0, 0, 0, 0, 0, 0, 0, 0, 0, 0, 0, 0, 0, 0, 0]",24,3
FF3416,"[2, 5, 5, 1, 3, 3, 0, 4, 4, 0, 0, 0, 0, 0, 0, 0, 0, 0, 0, 0, 0, 0, 0, 0]",27,4
FF3426,"[1, 5, 5, 1, 2, 3, 0, 0, 4, 0, 0, 0, 0, 0, 0, 3, 3, 0, 0, 0, 0, 0, 0, 0]",27,4
FF3436,"[1, 4, 5, 1, 2, 3, 0, 4, 4, 0, 0, 0, 0, 0, 0, 1, 1, 0, 0, 0, 0, 0, 0, 0]",26,3
FF3446,"[2, 4, 5, 1, 2, 3, 1, 0, 4, 0, 0, 0, 0, 0, 0, 0, 0, 0, 0, 0, 0, 0, 0, 0]",22,3
FF3456,"[2, 4, 5, 1, 3, 4, 0, 0, 4, 0, 0, 0, 0, 0, 0, 0, 0, 0, 0, 0, 0, 0, 0, -5]",18,2
FF3466,"[2, 2, 3, 1, 4, 5, 1, 4, 4, 0, 0, 0, 0, 0, 0, 0, 0, 0, 0, 0, 0, 0, 0, -3]",23,3
FF3476,"[1, 2, 3, 1, 3, 5, 1, 0, 4, 0, 0, 0, 0, 0, 0, 0, 0, 0, 0, 0, 0, 0, 0, -1]",19,2
FF3486,"[2, 3, 3, 1, 4, 5, 1, 4, 4, 0, 0, 0, 0, 0, 0, 0, 0, 0, 0, 0, 0, 0, 0, 0]",27,4
FF3496,"[3, 2, 3, 1, 5, 5, 1, 0, 4, 0, 0, 0, 0, 0, 0, 0, 0, 0, 0, 0, 0, 0, -1, -1]",22,3
FF4406,"[3, 3, 4, 1, 3, 4, 2, 4, 4, 0, 0, 0, 0, 0, 0, 0, 0, 0, 0, 0, 0, 0, -2, -1]",25,3
FF4416,"[2, 4, 5, 1, 3, 4, 0, 0, 4, 0, 0, 0, 0, 0, 0, 0, 0, 0, 0, 0, 0, 0, 0, -2]",21,2
FF4426,"[1, 0, 5, 1, 3, 3, 2, 0, 4, 0, 0, 0, 0, 0, 0, 0, 0, 0, 0, 0, 0, 0, 0, 0]",19,2
FF4436,"[3, 3, 4, 1, 3, 4, 1, 4, 4, 0, 0, 0, 0, 0, 0, 0, 0, 0, 0, 0, 0, 0, 0, -1]",26,3
FF4446,"[3, 3, 4, 1, 2, 4, 0, 4, 0, 0, 0, 0, 0, 0, 0, 3, 2, 0, 0, 0, 0, 0, 0, -2]",24,3
FF4456,"[1, 5, 5, 1, 2, 4, 1, 0, 0, 0, 0, 0, 0, 0, 0, 3, 2, 0, 0, 0, 0, 0, 0, 0]",24,3
FF4466,"[1, 4, 5, 1, 3, 3, 2, 4, 0, 0, 0, 0, 0, 0, 0, 0, 0, 0, 0, 0, 0, 0, 0, -5]",18,2
FF3415,"[1, 5, 5, 1, 2, 4, 0, 0, 4, 0, 0, 0, 0, 0, 0, 0, 0, 0, 0, 0, 0, 0, 0, 0]",22,3
FF3425,"[1, 5, 5, 1, 2, 4, 0, 0, 4, 0, 0, 0, 0, 0, 0, 1, 1, 0, 0, 0, 0, 0, 0, 0]",24,3
FF3435,"[2, 5, 5, 1, 2, 3, 0, 4, 4, 0, 0, 0, 0, 0, 0, 1, 1, 0, 0, 0, 0, 0, 0, 0]",28,4
FF3445,"[1, 5, 5, 1, 2, 3, 1, 4, 4, 0, 0, 0, 0, 0, 0, 0, 0, 0, 0, 0, 0, 0, 0, 0]",26,3
FF3455,"[3, 4, 4, 1, 2, 4, 2, 4, 4, 0, 0, 0, 0, 0, 0, 0, 0, 0, 0, 0, 0, 0, 0, -5]",23,3
FF3465,"[2, 2, 3, 1, 4, 5, 1, 4, 4, 0, 0, 0, 0, 0, 0, 0, 0, 0, 0, 0, 0, 0, 0, -1]",25,3
FF3475,"[2, 3, 3, 1, 3, 5, 1, 4, 4, 0, 0, 0, 0, 0, 0, 0, 0, 0, 0, 0, 0, 0, 0, -1]",25,3
FF3485,"[2, 4, 3, 1, 4, 4, 1, 4, 4, 0, 0, 0, 0, 0, 0, 0, 0, 0, 0, 0, 0, 0, 0, 0]",27,4
FF3495,"[3, 2, 2, 1, 4, 4, 1, 4, 4, 0, 0, 0, 0, 0, 0, 0, 0, 0, 0, 0, 0, 0, -2, 0]",23,3
FF4405,"[2, 3, 3, 1, 3, 5, 1, 4, 4, 0, 0, 0, 0, 0, 0, 0, 0, 0, 0, 0, 0, 0, 0, 0]",26,3
FF4415,"[1, 3, 3, 1, 5, 5, 0, 4, 4, 0, 0, 0, 0, 0, 0, 0, 0, 0, 0, 0, 0, 0, 0, -2]",24,3
FF4425,"[1, 4, 5, 1, 3, 3, 2, 4, 4, 0, 0, 0, 0, 0, 0, 0, 0, 0, 0, 0, 0, 0, 0, -4]",23,3
FF4435,"[3, 2, 3, 1, 4, 4, 2, 4, 4, 0, 0, 0, 0, 0, 0, 0, 0, 0, 0, 0, 0, 0, 0, -1]",26,3
FF4445,"[3, 2, 3, 1, 4, 5, 1, 0, 0, 0, 0, 0, 0, 0, 0, 0, 0, 0, 0, 0, 0, 0, 0, -2]",17,2
FF4455,"[1, 4, 5, 1, 2, 4, 1, 0, 0, 0, 0, 0, 0, 0, 0, 4, 3, 0, 0, 0, 0, 0, 0, 0]",25,3
FF4465,"[1, 5, 5, 1, 2, 4, 1, 4, 0, 0, 0, 0, 0, 0, 0, 0, 0, 0, 0, 0, 0, 0, 0, 0]",23,3
FF3404,"[2, 3, 3, 1, 3, 5, 1, 4, 4, 0, 0, 0, 0, 0, 0, 0, 0, 0, 0, 0, 0, 0, 0, -1]",25,3
FF3414,"[1, 0, 5, 1, 2, 4, 0, 0, 4, 0, 0, 0, 0, 0, 0, 0, 0, 0, 0, 0, 0, 0, 0, 0]",17,2
FF3424,"[1, 5, 5, 1, 2, 3, 0, 0, 4, 0, 0, 0, 0, 0, 0, 0, 0, 0, 0, 0, 0, 0, 0, 0]",21,2
FF3434,"[2, 4, 5, 1, 1, 3, 1, 0, 4, 0, 0, 0, 0, 0, 0, 0, 0, 0, 0, 0, 0, 0, 0, 0]",21,2
FF3444,"[3, 4, 5, 1, 1, 4, 1, 4, 4, 0, 0, 0, 0, 0, 0, 0, 0, 0, 0, 0, 0, 0, 0, -3]",24,3
FF3454,"[2, 2, 3, 1, 4, 5, 1, 0, 4, 0, 0, 0, 0, 0, 0, 0, 0, 0, 0, 0, 0, 0, 0, -1]",21,2
FF3464,"[2, 3, 3, 1, 2, 5, 2, 4, 4, 0, 0, 0, 0, 0, 0, 0, 0, 0, 0, 0, 0, 0, 0, -4]",22,3
FF3474,"[3, 4, 4, 1, 2, 4, 0, 0, 4, 0, 0, 0, 0, 0, 0, 0, 0, 0, 0, 0, 0, 0, 0, 0]",22,3
FF3494,"[3, 2, 2, 1, 5, 4, 1, 4, 4, 0, 0, 0, 0, 0, 0, 0, 0, 0, 0, 0, 0, 0, -2, 0]",24,3
FF4404,"[3, 3, 3, 1, 3, 4, 2, 4, 4, 0, 0, 0, 0, 0, 0, 0, 0, 0, 0, 0, 0, 0, -1, 0]",26,3
FF4414,"[1, 3, 3, 1, 3, 5, 1, 4, 4, 0, 0, 0, 0, 0, 0, 0, 0, 0, 0, 0, 0, 0, 0, -5]",20,2
FF4424,"[2, 4, 5, 1, 2, 3, 2, 0, 4, 0, 0, 0, 0, 0, 0, 0, 0, 0, 0, 0, 0, 0, 0, -4]",19,2
FF4434,"[2, 3, 3, 1, 4, 5, 1, 0, 0, 0, 0, 0, 0, 0, 0, 0, 0, 0, 0, 0, 0, 0, 0, 0]",19,2
FF4444,"[3, 4, 4, 1, 4, 4, 2, 4, 0, 0, 0, 0, 0, 0, 0, 0, 0, 0, 0, 0, 0, 0, 0, 0]",26,3
FF4454,"[2, 4, 5, 1, 2, 4, 0, 0, 0, 0, 0, 0, 0, 0, 0, 3, 3, 0, 0, 0, 0, 0, 0, 0]",24,3
FF4464,"[1, 5, 5, 1, 2, 4, 0, 0, 0, 0, 0, 0, 0, 0, 0, 3, 0, 0, 0, 0, 0, 0, 0, 0]",21,2
FF2473,"[3, 2, 3, 1, 2, 4, 1, 4, 4, 0, 0, 0, 0, 0, 0, 3, 3, 0, 0, 0, 0, 0, 0, 0]",30,4
FF2483,"[2, 3, 3, 1, 4, 5, 0, 0, 4, 0, 0, 0, 0, 0, 0, 0, 0, 0, 0, 0, 0, 0, 0, -1]",21,2
FF2493,"[2, 2, 3, 1, 4, 5, 0, 0, 4, 0, 0, 0, 0, 0, 0, 0, 0, 0, 0, 0, -5, 0, 0, 0]",16,2
FF3403,"[3, 2, 3, 1, 2, 5, 1, 0, 4, 0, 0, 0, 0, 0, 0, 0, 0, 0, 0, 0, 0, 0, 0, -1]",20,2
FF3413,"[1, 0, 5, 1, 2, 4, 0, 0, 4, 0, 0, 0, 0, 0, 0, 0, 0, 0, 0, 0, 0, 0, 0, 0]",17,2
FF3423,"[1, 5, 5, 1, 1, 3, 0, 4, 4, 0, 0, 0, 0, 0, 0, 0, 0, 0, 0, 0, 0, 0, 0, 0]",24,3
FF3433,"[1, 5, 5, 1, 1, 3, 1, 4, 4, 0, 0, 0, 0, 0, 0, 0, 0, 0, 0, 0, 0, 0, 0, 0]",25,3
FF3443,"[3, 3, 5, 1, 1, 3, 1, 4, 4, 0, 0, 0, 0, 0, 0, 0, 0, 0, 0, 0, 0, 0, 0, -2]",23,3
FF3453,"[3, 3, 3, 1, 2, 5, 1, 4, 4, 0, 0, 0, 0, 0, 0, 0, 0, 0, 0, 0, 0, 0, 0, -2]",24,3
FF3463,"[3, 3, 3, 1, 2, 5, 2, 4, 4, 0, 0, 0, 0, 0, 0, 0, 0, 0, 0, 0, 0, 0, 0, -4]",23,3
FF3473,"[2, 4, 5, 1, 2, 4, 2, 0, 4, 0, 0, 0, 0, 0, 0, 0, 0, 0, 0, 0, 0, 0, 0, -5]",19,2
FF3493,"[3, 1, 2, 1, 4, 5, 1, 0, 4, 0, 0, 0, 0, 0, 0, 0, 0, 0, 0, 0, 0, 0, -2, -1]",18,2
FF4403,"[3, 4, 4, 1, 2, 4, 2, 4, 4, 0, 0, 0, 0, 0, 0, 0, 0, 0, 0, 0, 0, 0, 0, 0]",28,4
FF4413,"[3, 4, 4, 1, 2, 4, 2, 4, 4, 0, 0, 0, 0, 0, 0, 0, 0, 0, 0, 0, 0, 0, 0, -2]",26,3
FF4423,"[3, 4, 3, 1, 2, 4, 1, 4, 4, 0, 0, 0, 0, 0, 0, 0, 0, 0, 0, 0, 0, 0, 0, -2]",24,3
FF4433,"[3, 3, 4, 1, 3, 4, 1, 5, 0, 0, 0, 0, 0, 0, 0, 0, 0, 0, 0, 0, 0, 0, 0, -4]",20,2
FF4443,"[3, 2, 3, 1, 4, 4, 1, 5, 0, 0, 0, 0, 0, 0, 0, 0, 0, 0, 0, 0, 0, 0, 0, -1]",22,3
FF4453,"[3, 3, 3, 1, 4, 4, 1, 4, 0, 0, 0, 0, 0, 0, 0, 3, 3, 0, 0, 0, 0, 0, 0, -1]",28,4
FF4463,"[3, 3, 4, 1, 3, 4, 1, 0, 1, 0, 0, 0, 0, 0, 3, 3, 3, 0, 0, 0, 0, 0, 0, -2]",27,4
FF2382,"[2, 3, 3, 1, 2, 5, 1, 0, 4, 0, 0, 0, 0, 0, 0, 0, 0, 0, 0, 0, -5, 0, 0, 0]",16,2
FF2391,"[3, 2, 2, 1, 2, 4, 1, 4, 4, 0, 0, 0, 0, 0, 3, 0, 0, 0, 0, 0, 0, 0, 0, 0]",26,3
FF2392,"[2, 2, 2, 1, 3, 5, 1, 0, 4, 0, 0, 0, 0, 0, 0, 0, 0, 0, 0, 0, -5, 0, 0, 0]",15,1
FF3301,"[2, 3, 3, 1, 1, 5, 3, 4, 4, 0, 0, 0, 0, 0, 0, 0, 0, 0, 0, 0, 0, 0, 0, 0]",26,3
FF3302,"[2, 3, 3, 1, 1, 5, 1, 4, 4, 0, 0, 0, 0, 0, 0, 0, 0, 0, 0, 0, 0, 0, 0, -5]",19,2
FF3311,"[3, 4, 4, 1, 2, 5, 1, 4, 4, 0, 0, 0, 0, 0, 0, 0, 0, 0, 0, 0, 0, 0, 0, -4]",24,3
FF3312,"[3, 4, 4, 1, 1, 4, 1, 0, 4, 0, 0, 0, 0, 0, 0, 0, 0, 0, 0, 0, 0, 0, 0, -3]",19,2
FF3321,"[1, 3, 5, 1, 2, 4, 1, 0, 4, 0, 0, 0, 0, 0, 0, 0, 0, 0, 0, 0, 0, 0, 0, -2]",19,2
FF3322,"[3, 4, 4, 1, 3, 4, 1, 4, 4, 0, 0, 0, 0, 0, 0, 0, 0, 0, 0, 0, 0, 0, 0, -5]",23,3
FF3331,"[2, 4, 5, 1, 3, 4, 3, 0, 4, 0, 0, 0, 0, 0, 0, 0, 0, 0, 0, 0, 0, 0, 0, -1]",25,3
FF3332,"[3, 4, 4, 1, 2, 4, 2, 4, 4, 0, 0, 0, 0, 0, 0, 0, 0, 0, 0, 0, 0, 0, 0, -2]",26,3
FF3341,"[3, 4, 4, 1, 3, 4, 2, 0, 4, 0, 0, 0, 0, 0, 0, 0, 0, 0, 0, 0, 0, 0, 0, -3]",22,3
FF3342,"[3, 3, 4, 1, 1, 5, 1, 4, 4, 0, 0, 0, 0, 0, 0, 0, 0, 0, 0, 0, 0, 0, 0, -2]",24,3
FF3351,"[3, 4, 4, 1, 2, 4, 2, 0, 4, 0, 0, 0, 0, 0, 0, 0, 0, 0, 0, 0, 0, 0, 0, -2]",22,3
FF3352,"[3, 4, 4, 1, 1, 4, 1, 0, 4, 0, 0, 0, 0, 0, 0, 0, 0, 0, 0, 0, 0, 0, 0, -2]",20,2
FF3361,"[3, 4, 5, 1, 1, 4, 2, 4, 4, 0, 0, 0, 0, 0, 0, 0, 0, 0, 0, 0, 0, 0, 0, -1]",27,4
FF3362,"[2, 4, 3, 1, 1, 5, 1, 0, 4, 0, 0, 0, 0, 0, 0, 0, 0, 0, 0, 0, 0, 0, 0, 0]",21,2
FF3392,"[1, 2, 3, 1, 3, 5, 1, 4, 4, 0, 0, 0, 0, 0, 0, 0, 0, 0, 0, 0, 0, 0, -2, 0]",22,3
FF4302,"[1, 3, 3, 1, 5, 5, 1, 0, 4, 0, 0, 0, 0, 0, 0, 0, 0, 0, 0, 0, 0, 0, -1, -4]",18,2
FF4312,"[2, 2, 3, 1, 4, 5, 1, 0, 4, 0, 0, 0, 0, 0, 0, 3, 2, 0, 0, 0, 0, 0, 0, -1]",26,3
FF4322,"[2, 3, 3, 1, 4, 5, 1, 4, 4, 0, 0, 0, 0, 0, 0, 2, 2, 0, 0, 0, 0, 0, 0, -1]",30,4
FF4332,"[1, 2, 3, 1, 4, 5, 1, 0, 0, 0, 0, 0, 0, 0, 0, 0, 0, 0, 0, 0, 0, 0, 0, 0]",17,2
FF4372,"[2, 2, 2, 1, 4, 5, 1, 4, 4, 0, 0, 0, 0, 0, 0, 1, 1, 0, 0, 0, 0, 0, 0, -1]",26,3
FF2325,"[1, 5, 5, 1, 1, 4, 0, 0, 4, 0, 0, 0, 0, 0, 0, 0, 0, 0, 0, 0, 0, 0, -2, 0]",19,2
FF2334,"[2, 5, 5, 1, 1, 3, 0, 0, 4, 0, 0, 0, 0, 0, 0, 0, 0, 0, 0, 0, 0, 0, 0, 0]",21,2
FF2335,"[1, 5, 5, 1, 1, 4, 0, 0, 4, 0, 0, 0, 0, 0, 0, 0, 0, 0, 0, 0, 0, 0, 0, 0]",21,2
FF2344,"[3, 4, 4, 1, 1, 4, 0, 4, 4, 0, 0, 0, 0, 0, 0, 1, 1, 0, 0, 0, 0, 0, 0, 0]",27,4
FF2345,"[3, 3, 4, 1, 1, 4, 0, 4, 4, 0, 0, 0, 0, 0, 0, 3, 3, 0, 0, 0, 0, 0, 0, -1]",29,4
FF2354,"[3, 4, 4, 1, 1, 4, 0, 4, 4, 0, 0, 0, 0, 0, 0, 0, 0, 0, 0, 0, -5, 0, 0, -2]",18,2
FF2355,"[3, 3, 3, 1, 2, 4, 1, 4, 4, 0, 0, 0, 0, 0, 3, 0, 0, 0, 0, 0, -5, 0, 0, -1]",22,3
FF2364,"[3, 3, 3, 1, 2, 4, 1, 4, 4, 0, 0, 0, 0, 0, 0, 0, 0, 0, 0, 0, 0, 0, 0, -1]",24,3
FF2365,"[3, 4, 4, 1, 2, 4, 1, 0, 4, 0, 0, 0, 0, 0, 0, 0, 0, 0, 0, 0, 0, 0, 0, 0]",23,3
FF2374,"[3, 3, 4, 1, 1, 4, 2, 4, 4, 0, 0, 0, 0, 0, 0, 0, 0, 0, 0, 0, 0, 0, 0, -1]",25,3
FF2375,"[3, 4, 5, 1, 2, 4, 0, 4, 4, 0, 0, 0, 0, 0, 0, 0, 0, 0, 0, 0, 0, 0, 0, -2]",25,3
FF2384,"[3, 4, 4, 1, 1, 4, 1, 4, 4, 0, 0, 0, 0, 0, 0, 0, 0, 0, 0, 0, 0, 0, 0, -4]",22,3
FF2385,"[3, 3, 4, 1, 2, 4, 1, 4, 4, 0, 0, 0, 0, 0, 0, 2, 2, 0, 0, 0, 0, 0, 0, -1]",29,4
FF2394,"[3, 4, 5, 1, 1, 4, 0, 4, 4, 0, 0, 0, 0, 0, 0, 1, 1, 0, 0, 0, 0, 0, 0, -1]",27,4
FF2395,"[3, 3, 3, 1, 2, 4, 1, 4, 4, 0, 0, 0, 0, 0, 0, 3, 3, 0, 0, 0, 0, 0, 0, -1]",30,4
FF3304,"[3, 3, 3, 1, 2, 4, 1, 4, 4, 0, 0, 0, 0, 0, 5, 3, 3, 0, 0, 0, 0, 0, 0, -1]",35,5
FF3305,"[3, 4, 4, 1, 3, 4, 2, 4, 4, 0, 0, 0, 0, 0, 0, 0, 0, 0, 0, 0, 0, 0, 0, -4]",25,3
FF3314,"[3, 3, 4, 1, 2, 4, 2, 0, 4, 0, 0, 0, 0, 0, 2, 3, 3, 0, 0, 0, 0, 0, 0, -1]",30,4
FF3315,"[3, 4, 5, 1, 2, 3, 2, 5, 4, 0, 0, 0, 0, 0, 0, 0, 0, 0, 0, 0, 0, 0, 0, 0]",29,4
FF3324,"[1, 4, 5, 1, 1, 4, 1, 0, 4, 0, 0, 0, 0, 0, 0, 3, 3, 0, 0, 0, 0, 0, 0, 0]",27,4
FF3325,"[2, 4, 5, 1, 1, 4, 3, 5, 4, 0, 0, 0, 0, 0, 0, 0, 0, 0, 0, 0, 0, 0, 0, -5]",24,3
FF3334,"[1, 5, 5, 1, 1, 4, 0, 0, 4, 0, 0, 0, 0, 0, 0, 3, 3, 0, 0, 0, 0, 0, 0, 0]",27,4
FF3335,"[1, 4, 5, 1, 1, 4, 1, 4, 4, 0, 0, 0, 0, 0, 0, 0, 0, 0, 0, 0, 0, 0, 0, 0]",25,3
FF3344,"[1, 5, 5, 1, 1, 4, 0, 0, 4, 0, 0, 0, 0, 0, 0, 3, 3, 0, 0, 0, 0, 0, 0, 0]",27,4
FF3345,"[2, 3, 5, 1, 2, 4, 0, 0, 4, 0, 0, 0, 0, 0, 0, 0, 0, 0, 0, 0, 0, 0, 0, 0]",21,2
FF3354,"[3, 3, 4, 1, 1, 4, 1, 0, 4, 0, 0, 0, 0, 0, 0, 3, 3, 0, 0, 0, 0, 0, 0, -1]",26,3
FF3355,"[2, 3, 3, 1, 2, 5, 0, 0, 4, 0, 0, 0, 0, 0, 0, 0, 0, 0, 0, 0, 0, 0, 0, -4]",16,2
FF3364,"[3, 2, 3, 1, 2, 4, 2, 4, 4, 0, 0, 0, 0, 0, 5, 3, 3, 0, 0, 0, 0, 0, 0, -1]",35,5
FF3365,"[3, 1, 2, 1, 4, 4, 1, 4, 4, 0, 0, 0, 0, 0, 5, 3, 3, 0, 0, 0, 0, 0, 0, 0]",35,5
FF3374,"[2, 3, 3, 1, 2, 5, 2, 4, 4, 0, 0, 0, 0, 0, 3, 2, 2, 0, 0, 0, -5, 0, 0, 0]",28,4
FF3375,"[1, 2, 3, 1, 5, 5, 2, 0, 4, 0, 0, 0, 0, 0, 3, 3, 3, 0, 0, 0, 0, 0, 0, 0]",32,4
FF3394,"[3, 2, 3, 1, 3, 5, 0, 0, 4, 0, 0, 0, 0, 0, 5, 1, 1, 0, 0, 0, 0, 0, 0, -1]",27,4
FF4304,"[3, 2, 3, 1, 4, 5, 0, 4, 4, 0, 0, 0, 0, 0, 0, 2, 2, 0, 0, 0, 0, 0, -2, -1]",27,4
FF4305,"[3, 4, 3, 1, 3, 4, 1, 0, 4, 0, 0, 0, 0, 0, 0, 0, 0, 0, 0, 0, 0, 0, -2, -2]",19,2
FF4314,"[4, 3, 3, 1, 3, 4, 1, 4, 4, 0, 0, 0, 0, 0, 0, 3, 3, 0, 0, 0, 0, 0, 0, -2]",31,4
FF4315,"[2, 4, 5, 1, 3, 4, 1, 4, 4, 0, 0, 0, 0, 0, 0, 0, 0, 0, 0, 0, 0, 0, 0, -4]",24,3
FF4324,"[2, 4, 5, 1, 3, 3, 0, 4, 4, 0, 0, 0, 0, 0, 0, 4, 3, 0, 0, 0, 0, 0, 0, -4]",29,4
FF4325,"[1, 5, 5, 1, 3, 3, 1, 0, 4, 0, 0, 0, 0, 0, 0, 4, 3, 0, 0, 0, 0, 0, 0, 0]",30,4
FF4334,"[3, 3, 4, 1, 3, 4, 1, 4, 4, 0, 0, 0, 0, 0, 3, 3, 3, 0, 0, 0, -5, 0, 0, -1]",30,4
FF4335,"[4, 3, 4, 1, 3, 3, 1, 5, 4, 0, 0, 0, 0, 0, 0, 0, 0, 0, 0, 0, -5, 0, 0, -2]",21,2
FF4344,"[3, 3, 4, 1, 3, 3, 2, 4, 4, 0, 0, 0, 0, 0, 0, 2, 2, 0, 0, 0, 0, 0, 0, -1]",30,4
FF4345,"[3, 4, 5, 1, 3, 4, 0, 4, 4, 0, 0, 0, 0, 0, 0, 0, 0, 0, 0, 0, 0, 0, 0, -2]",26,3
FF2363,"[3, 4, 3, 1, 3, 4, 0, 4, 4, 0, 0, 0, 0, 0, 0, 0, 0, 0, 0, 0, 0, 0, 0, 0]",26,3
FF2373,"[3, 3, 4, 1, 1, 4, 1, 4, 4, 0, 0, 0, 0, 0, 0, 0, 0, 0, 0, 0, 0, 0, 0, -3]",22,3
FF2383,"[3, 3, 3, 1, 1, 5, 2, 4, 4, 0, 0, 0, 0, 0, 0, 0, 0, 0, 0, 0, -5, 0, 0, -1]",20,2
FF2393,"[3, 4, 4, 1, 1, 5, 2, 0, 4, 0, 0, 0, 0, 0, 0, 0, 0, 0, 0, 0, 0, 0, 0, 0]",24,3
FF3303,"[2, 3, 3, 1, 2, 5, 0, 4, 4, 0, 0, 0, 0, 0, 0, 0, 0, 0, 0, 0, 0, 0, 0, 0]",24,3
FF3313,"[3, 3, 3, 1, 3, 4, 2, 4, 4, 0, 0, 0, 0, 0, 5, 0, 0, 0, 0, 0, -5, 0, 0, -1]",26,3
FF3323,"[3, 3, 3, 1, 3, 4, 2, 4, 4, 0, 0, 0, 0, 0, 5, 0, 0, 0, 0, 0, 0, 0, 0, -1]",31,4
FF3333,"[2, 4, 5, 1, 1, 4, 1, 0, 4, 0, 0, 0, 0, 0, 5, 0, 0, 0, 0, 0, 0, 0, 0, -2]",25,3
FF3343,"[2, 3, 5, 1, 1, 3, 1, 0, 4, 0, 0, 0, 0, 0, 0, 0, 0, 0, 0, 0, 0, 0, 0, -4]",16,2
FF3353,"[3, 4, 3, 1, 1, 5, 1, 4, 4, 0, 0, 0, 0, 0, 0, 0, 0, 0, 0, 0, 0, 0, 0, -3]",23,3
FF3363,"[3, 4, 4, 1, 1, 4, 1, 0, 4, 0, 0, 0, 0, 0, 3, 0, 0, 0, 0, 0, 0, 0, 0, -2]",23,3
FF3373,"[3, 4, 4, 1, 1, 4, 2, 0, 4, 0, 0, 0, 0, 0, 0, 0, 0, 0, 0, 0, -5, 0, 0, 0]",18,2
FF3393,"[4, 2, 2, 1, 4, 4, 1, 4, 4, 0, 0, 0, 0, 0, 5, 3, 3, 0, 0, 0, 0, 0, 0, -1]",36,5
FF4303,"[3, 3, 3, 1, 4, 4, 1, 4, 4, 0, 0, 0, 0, 0, 3, 2, 2, 0, 0, 0, 0, 0, -2, -1]",31,4
FF4313,"[3, 4, 4, 1, 4, 4, 0, 0, 4, 0, 0, 0, 0, 0, 0, 0, 0, 0, 0, 0, 0, 0, 0, -5]",19,2
FF4323,"[2, 4, 5, 1, 2, 3, 0, 4, 4, 0, 0, 0, 0, 0, 0, 4, 3, 0, 0, 0, 0, 0, 0, -1]",31,4
FF4333,"[2, 3, 3, 1, 4, 5, 0, 4, 0, 0, 0, 0, 0, 0, 0, 0, 0, 0, 0, 0, 0, 0, 0, 0]",22,3
FF4343,"[3, 3, 3, 1, 3, 4, 1, 4, 0, 0, 0, 0, 0, 0, 0, 3, 3, 0, 0, 0, 0, 0, 0, -1]",27,4
FF4373,"[2, 3, 3, 1, 2, 5, 1, 4, 4, 0, 0, 0, 0, 0, 0, 3, 3, 0, 0, 0, 0, 0, 0, 0]",31,4
FF2442,"[3, 3, 3, 1, 1, 4, 0, 4, 4, 0, 0, 0, 0, 0, 0, 2, 2, 0, 0, 0, 0, 0, -2, -1]",24,3
FF2452,"[3, 4, 4, 1, 2, 4, 0, 4, 4, 0, 0, 0, 0, 0, 0, 1, 1, 0, 0, 0, 0, 0, -1, 0]",27,4
FF2462,"[3, 3, 4, 1, 2, 4, 1, 4, 4, 0, 0, 0, 0, 0, 0, 3, 3, 0, 0, 0, 0, 0, 0, -1]",31,4
FF2472,"[2, 4, 5, 1, 1, 3, 1, 0, 4, 0, 0, 0, 0, 0, 0, 0, 0, 0, 0, 0, 0, 0, 0, 0]",21,2
FF2482,"[3, 3, 4, 1, 2, 4, 0, 4, 4, 0, 0, 0, 0, 0, 0, 0, 0, 0, 0, 0, 0, 0, 0, -1]",24,3
FF2492,"[3, 3, 3, 1, 1, 4, 0, 4, 4, 0, 0, 0, 0, 0, 0, 3, 3, 0, 0, 0, 0, 0, 0, -1]",28,4
FF3402,"[3, 4, 4, 1, 1, 5, 1, 4, 4, 0, 0, 0, 0, 0, 0, 0, 0, 0, 0, 0, 0, 0, 0, -5]",22,3
FF3412,"[1, 5, 5, 1, 1, 4, 0, 0, 4, 0, 0, 0, 0, 0, 0, 0, 0, 0, 0, 0, 0, 0, 0, 0]",21,2
FF3422,"[1, 0, 5, 1, 1, 3, 1, 0, 4, 0, 0, 0, 0, 0, 0, 0, 0, 0, 0, 0, 0, 0, 0, 0]",16,2
FF3432,"[1, 4, 5, 1, 1, 3, 1, 0, 4, 0, 0, 0, 0, 0, 0, 0, 0, 0, 0, 0, 0, 0, 0, 0]",20,2
FF3442,"[3, 4, 4, 1, 2, 4, 2, 4, 4, 0, 0, 0, 0, 0, 0, 0, 0, 0, 0, 0, 0, 0, 0, -4]",24,3
FF3452,"[2, 4, 3, 1, 2, 5, 2, 0, 4, 0, 0, 0, 0, 0, 0, 0, 0, 0, 0, 0, 0, 0, 0, 0]",23,3
FF3462,"[3, 3, 3, 1, 2, 5, 2, 0, 4, 0, 0, 0, 0, 0, 0, 0, 0, 0, 0, 0, 0, 0, 0, -1]",22,3
FF3472,"[2, 4, 3, 1, 1, 5, 2, 4, 4, 0, 0, 0, 0, 0, 0, 0, 0, 0, 0, 0, 0, 0, 0, 0]",26,3
FF3492,"[4, 2, 3, 1, 3, 3, 2, 0, 4, 0, 0, 0, 0, 0, 5, 1, 1, 0, 0, 0, 0, 0, -2, 0]",27,4
FF4402,"[3, 3, 4, 1, 3, 4, 2, 4, 4, 0, 0, 0, 0, 0, 0, 0, 0, 0, 0, 0, 0, 0, 0, -2]",26,3
FF4412,"[3, 3, 3, 1, 3, 4, 2, 4, 4, 0, 0, 0, 0, 0, 0, 0, 0, 0, 0, 0, 0, 0, 0, -1]",26,3
FF4422,"[1, 4, 3, 1, 3, 5, 1, 4, 0, 0, 0, 0, 0, 0, 0, 0, 0, 0, 0, 0, 0, 0, 0, 0]",22,3
FF4432,"[1, 4, 3, 1, 5, 5, 1, 0, 0, 0, 0, 0, 0, 0, 0, 0, 0, 0, 0, 0, 0, 0, 0, 0]",20,2
FF4442,"[3, 3, 3, 1, 3, 4, 2, 4, 0, 0, 0, 0, 0, 0, 0, 0, 0, 0, 0, 0, 0, 0, 0, -1]",22,3
FF4452,"[3, 3, 3, 1, 4, 4, 1, 4, 0, 0, 0, 0, 0, 0, 0, 2, 2, 0, 0, 0, 0, 0, 0, -1]",26,3
FF4462,"[2, 4, 5, 1, 3, 4, 0, 4, 0, 0, 0, 0, 0, 0, 0, 3, 0, 0, 0, 0, 0, 0, 0, -4]",22,3
FF2441,"[4, 3, 3, 1, 1, 4, 1, 4, 4, 0, 0, 0, 0, 0, 0, 3, 3, 0, 0, 0, 0, 0, -2, -1]",28,4
FF2451,"[2, 4, 5, 1, 2, 4, 1, 0, 4, 0, 0, 0, 0, 0, 0, 0, 0, 0, 0, 0, 0, 0, 0, 0]",23,3
FF2461,"[3, 4, 4, 1, 1, 4, 1, 0, 4, 0, 0, 0, 0, 0, 0, 2, 2, 0, 0, 0, 0, 0, 0, 0]",26,3
FF2471,"[2, 5, 5, 1, 1, 3, 1, 5, 4, 0, 0, 0, 0, 0, 0, 0, 0, 0, 0, 0, 0, 0, 0, 0]",27,4
FF2481,"[1, 0, 5, 1, 1, 3, 0, 0, 4, 0, 0, 0, 0, 0, 0, 0, 0, 0, 0, 0, 0, 0, 0, 0]",15,1
FF2491,"[1, 4, 5, 1, 1, 4, 1, 4, 4, 0, 0, 0, 0, 0, 0, 1, 1, 0, 0, 0, 0, 0, 0, 0]",27,4
FF3401,"[2, 4, 5, 1, 1, 4, 1, 4, 4, 0, 0, 0, 0, 0, 0, 2, 2, 0, 0, 0, 0, 0, 0, 0]",30,4
FF3411,"[1, 5, 5, 1, 1, 4, 0, 0, 4, 0, 0, 0, 0, 0, 0, 0, 0, 0, 0, 0, 0, 0, 0, 0]",21,2
FF3421,"[2, 5, 5, 1, 1, 3, 1, 0, 4, 0, 0, 0, 0, 0, 0, 0, 0, 0, 0, 0, 0, 0, 0, 0]",22,3
FF3431,"[3, 4, 4, 1, 2, 4, 2, 0, 4, 0, 0, 0, 0, 0, 0, 0, 0, 0, 0, 0, 0, 0, 0, -1]",23,3
FF3441,"[2, 4, 3, 1, 2, 5, 2, 0, 4, 0, 0, 0, 0, 0, 0, 0, 0, 0, 0, 0, 0, 0, 0, 0]",23,3
FF3451,"[1, 2, 3, 1, 4, 5, 0, 0, 4, 0, 0, 0, 0, 0, 0, 0, 0, 0, 0, 0, 0, 0, 0, 0]",20,2
FF3461,"[2, 2, 2, 1, 4, 4, 1, 4, 4, 0, 0, 0, 0, 0, 3, 0, 0, 0, 0, 0, 0, 0, 0, 0]",27,4
FF3491,"[4, 3, 2, 1, 3, 3, 1, 4, 4, 0, 0, 0, 0, 0, 5, 4, 4, 0, 0, 0, 0, 0, -2, 0]",36,5
FF4401,"[3, 3, 4, 1, 3, 3, 2, 0, 4, 0, 0, 0, 0, 0, 2, 1, 1, 0, 0, 0, 0, 0, -1, 0]",26,3
FF4411,"[3, 2, 3, 1, 3, 4, 1, 4, 4, 0, 0, 0, 0, 0, 3, 0, 0, 0, 0, 0, 0, 0, 0, 0]",28,4
FF4421,"[2, 3, 3, 1, 4, 5, 1, 4, 0, 0, 0, 0, 0, 0, 0, 0, 0, 0, 0, 0, 0, 0, 0, 0]",23,3
FF4431,"[3, 4, 4, 1, 4, 5, 1, 0, 0, 0, 0, 0, 0, 0, 0, 0, 0, 0, 0, 0, 0, 0, 0, 0]",22,3
FF4441,"[2, 2, 3, 1, 5, 5, 1, 4, 0, 0, 0, 0, 0, 0, 0, 0, 0, 0, 0, 0, 0, 0, 0, 0]",23,3
FF4451,"[4, 3, 3, 1, 4, 4, 0, 0, 1, 0, 0, 0, 0, 0, 2, 3, 0, 0, 0, 0, 0, 0, 0, 0]",25,3
FF4461,"[3, 4, 4, 1, 3, 4, 0, 4, 0, 0, 0, 0, 0, 0, 0, 1, 0, 0, 0, 0, 0, 0, 0, 0]",24,3
FF2430,"[3, 4, 4, 1, 1, 5, 0, 0, 4, 0, 0, 0, 0, 0, 0, 3, 3, 0, 0, 0, 0, 0, -1, -1]",26,3
FF2440,"[1, 5, 5, 1, 1, 4, 0, 0, 4, 0, 0, 0, 0, 0, 0, 0, 0, 0, 0, 0, 0, 0, 0, 0]",21,2
FF2450,"[1, 5, 5, 1, 1, 4, 0, 0, 4, 0, 0, 0, 0, 0, 0, 0, 0, 0, 0, 0, 0, 0, 0, 0]",21,2
FF2460,"[3, 5, 5, 1, 1, 2, 1, 5, 4, 0, 0, 0, 0, 0, 0, 3, 3, 0, 0, 0, 0, 0, 0, 0]",33,5
FF2470,"[3, 5, 5, 1, 1, 2, 0, 5, 4, 0, 0, 0, 0, 0, 0, 0, 0, 0, 0, 0, 0, 0, 0, 0]",26,3
FF2480,"[1, 0, 5, 1, 1, 4, 0, 0, 4, 0, 0, 0, 0, 0, 0, 0, 0, 0, 0, 0, 0, 0, 0, 0]",16,2
FF2490,"[1, 5, 5, 1, 2, 4, 1, 0, 4, 0, 0, 0, 0, 0, 0, 0, 0, 0, 0, 0, 0, 0, 0, 0]",23,3
FF3400,"[3, 3, 5, 1, 1, 4, 1, 0, 4, 0, 0, 0, 0, 0, 0, 3, 3, 0, 0, 0, 0, 0, 0, -1]",27,4
FF3410,"[1, 0, 5, 1, 1, 3, 0, 0, 4, 0, 0, 0, 0, 0, 0, 0, 0, 0, 0, 0, 0, 0, 0, 0]",15,1
FF3420,"[3, 4, 4, 1, 2, 3, 0, 5, 4, 0, 0, 0, 0, 0, 0, 3, 3, 0, 0, 0, 0, 0, 0, -4]",28,4
FF3430,"[3, 4, 3, 1, 2, 4, 2, 5, 4, 0, 0, 0, 0, 0, 0, 3, 3, 0, 0, 0, 0, 0, 0, -1]",33,5
FF3440,"[1, 2, 3, 1, 3, 5, 1, 0, 4, 0, 0, 0, 0, 0, 0, 3, 3, 0, 0, 0, 0, 0, 0, 0]",26,3
FF3450,"[2, 2, 2, 1, 4, 5, 1, 0, 4, 0, 0, 0, 0, 0, 2, 3, 3, 0, 0, 0, 0, 0, 0, 0]",29,4
FF3490,"[3, 3, 3, 1, 4, 5, 1, 4, 4, 0, 0, 0, 0, 0, 0, 0, 0, 0, 0, 0, 0, 0, 0, -1]",27,4
FF4400,"[4, 3, 3, 1, 3, 4, 2, 4, 4, 0, 0, 0, 0, 0, 0, 3, 3, 0, 0, 0, 0, 0, -2, -1]",31,4
FF4410,"[3, 3, 3, 1, 3, 4, 1, 4, 4, 0, 0, 0, 0, 0, 0, 0, 0, 0, 0, 0, 0, 0, 0, -1]",25,3
FF4420,"[2, 2, 2, 1, 4, 5, 1, 0, 0, 0, 0, 0, 0, 0, 0, 0, 0, 0, 0, 0, 0, 0, 0, -1]",16,2
FF4430,"[2, 3, 3, 1, 3, 5, 1, 0, 0, 0, 0, 0, 0, 0, 0, 0, 0, 0, 0, 0, 0, 0, 0, -1]",17,2
FF4440,"[3, 1, 2, 1, 5, 4, 1, 4, 4, 0, 0, 0, 0, 0, 5, 3, 0, 0, 0, 0, 0, 0, 0, -1]",32,4
FF4450,"[3, 3, 3, 1, 5, 4, 0, 0, 4, 0, 0, 0, 0, 0, 5, 2, 0, 0, 0, 0, 0, 0, 0, -1]",29,4
FF4460,"[3, 4, 4, 1, 3, 4, 1, 0, 4, 0, 0, 0, 0, 0, 0, 0, 0, 0, 0, 0, 0, 0, 0, -5]",19,2
FF2339,"[3, 4, 4, 1, 1, 4, 1, 0, 4, 0, 0, 0, 0, 0, 0, 0, 0, 0, 0, 0, 0, 0, 0, -1]",21,2
FF2349,"[2, 5, 5, 1, 1, 4, 1, 0, 4, 0, 0, 0, 0, 0, 0, 0, 0, 0, 0, 0, 0, 0, 0, 0]",23,3
FF2359,"[1, 0, 5, 1, 1, 4, 2, 0, 4, 0, 0, 0, 0, 0, 0, 0, 0, 0, 0, 0, 0, 0, 0, 0]",18,2
FF2369,"[3, 5, 5, 1, 2, 2, 1, 5, 4, 0, 0, 0, 0, 0, 0, 3, 3, 0, 0, 0, 0, 0, 0, -4]",30,4
FF2379,"[1, 5, 5, 1, 1, 4, 1, 5, 4, 0, 0, 0, 0, 0, 0, 0, 0, 0, 0, 0, 0, 0, 0, 0]",27,4
FF2389,"[1, 0, 5, 1, 2, 4, 0, 0, 4, 0, 0, 0, 0, 0, 0, 0, 0, 0, 0, 0, 0, 0, 0, 0]",17,2
FF2399,"[1, 0, 5, 1, 1, 4, 0, 0, 4, 0, 0, 0, 0, 0, 0, 0, 0, 0, 0, 0, 0, 0, 0, 0]",16,2
FF3309,"[3, 3, 4, 1, 2, 4, 1, 5, 4, 0, 0, 0, 0, 0, 0, 3, 3, 0, 0, 0, 0, 0, 0, -1]",32,4
FF3319,"[4, 4, 5, 1, 1, 2, 0, 5, 4, 0, 0, 0, 0, 0, 0, 3, 3, 5, 0, 0, 0, 0, 0, -3]",34,5
FF3329,"[4, 5, 5, 1, 1, 3, 0, 5, 4, 0, 0, 0, 0, 0, 0, 1, 1, 0, 0, 0, 0, 0, 0, -5]",25,3
FF3339,"[2, 4, 4, 1, 1, 5, 1, 5, 4, 0, 0, 0, 0, 0, 0, 0, 0, 0, 0, 0, 0, 0, 0, 0]",27,4
FF3349,"[1, 3, 3, 1, 1, 5, 1, 0, 4, 0, 0, 0, 0, 0, 0, 0, 0, 0, 0, 0, 0, 0, 0, 0]",19,2
FF3359,"[2, 2, 2, 1, 5, 5, 1, 4, 4, 0, 0, 0, 0, 0, 0, 0, 0, 0, 0, 0, 0, 0, 0, 0]",26,3
FF3369,"[1, 1, 2, 1, 4, 5, 1, 4, 4, 0, 0, 0, 0, 0, 0, 0, 0, 0, 0, 0, 0, 0, 0, -1]",22,3
FF3399,"[2, 3, 3, 1, 4, 5, 2, 4, 4, 0, 0, 0, 0, 0, 0, 0, 0, 0, 0, 0, 0, 0, 0, -4]",24,3
FF4309,"[3, 2, 3, 1, 4, 5, 1, 4, 4, 0, 0, 0, 0, 0, 0, 2, 2, 0, 0, 0, 0, 0, -2, -1]",28,4
FF4319,"[2, 4, 5, 1, 2, 3, 1, 4, 4, 0, 0, 0, 0, 0, 0, 1, 1, 0, 0, 0, 0, 0, 0, -2]",26,3
FF4329,"[3, 3, 3, 1, 3, 4, 2, 4, 4, 0, 0, 0, 0, 0, 0, 2, 0, 0, 0, 0, 0, 0, 0, -1]",28,4
FF4339,"[3, 3, 4, 1, 2, 4, 3, 4, 4, 0, 0, 0, 0, 0, 0, 3, 0, 0, 0, 0, 0, 0, 0, -1]",30,4
FF4349,"[3, 3, 4, 1, 2, 4, 2, 0, 4, 0, 0, 0, 0, 0, 0, 1, 0, 0, 0, 0, 0, 0, 0, 0]",24,3
FF4359,"[3, 4, 4, 1, 3, 4, 2, 4, 4, 0, 0, 0, 0, 0, 0, 0, 0, 0, 0, 0, 0, 0, 0, -1]",28,4
FF4369,"[3, 4, 4, 1, 2, 4, 2, 0, 4, 0, 0, 0, 0, 0, 0, 0, 0, 0, 0, 0, 0, 0, 0, -2]",22,3
FF2318,"[4, 3, 4, 1, 3, 4, 1, 4, 4, 0, 0, 0, 0, 0, 2, 3, 3, 0, 0, 0, 0, 0, -2, -1]",33,5
FF2328,"[3, 4, 3, 1, 3, 5, 2, 4, 4, 0, 0, 0, 0, 0, 0, 1, 1, 0, 0, 0, 0, 0, 0, 0]",31,4
FF2338,"[3, 3, 3, 1, 2, 4, 1, 4, 4, 0, 0, 0, 0, 0, 0, 0, 0, 0, 0, 0, 0, 0, 0, -1]",24,3
FF2348,"[3, 3, 4, 1, 1, 4, 1, 4, 4, 0, 0, 0, 0, 0, 0, 0, 0, 0, 0, 0, 0, 0, 0, -1]",24,3
FF2358,"[1, 5, 5, 1, 1, 3, 0, 0, 4, 0, 0, 0, 0, 0, 0, 0, 0, 0, 0, 0, 0, 0, 0, 0]",20,2
FF2368,"[3, 4, 5, 1, 1, 3, 1, 5, 4, 0, 0, 0, 0, 0, 0, 3, 3, 0, 0, 0, 0, 0, 0, -2]",31,4
FF2378,"[1, 5, 5, 1, 1, 4, 1, 5, 4, 0, 0, 0, 0, 0, 0, 0, 0, 0, 0, 0, 0, 0, 0, 0]",27,4
FF2388,"[1, 4, 5, 1, 1, 4, 0, 0, 4, 0, 0, 0, 0, 0, 0, 0, 0, 0, 0, 0, 0, 0, 0, 0]",20,2
FF2398,"[2, 4, 5, 1, 1, 4, 0, 0, 4, 0, 0, 0, 0, 0, 3, 0, 0, 0, 0, 0, 0, 0, 0, -2]",22,3
FF3308,"[4, 4, 4, 1, 3, 3, 2, 5, 4, 0, 0, 0, 0, 0, 5, 0, 0, 0, 0, 0, 0, 0, 0, -1]",34,5
FF3318,"[2, 5, 5, 1, 1, 4, 1, 5, 4, 0, 0, 0, 0, 0, 0, 0, 0, 0, 0, 0, 0, 0, 0, 0]",28,4
FF3328,"[1, 5, 5, 1, 1, 4, 1, 0, 4, 0, 0, 0, 0, 0, 0, 0, 0, 0, 0, 0, 0, 0, 0, 0]",22,3
FF3338,"[1, 5, 5, 1, 1, 4, 0, 0, 4, 0, 0, 0, 0, 0, 0, 0, 0, 0, 0, 0, 0, 0, 0, 0]",21,2
FF3348,"[2, 3, 3, 1, 1, 5, 1, 0, 4, 0, 0, 0, 0, 0, 0, 0, 0, 0, 0, 0, 0, 0, 0, 0]",20,2
FF3358,"[2, 2, 2, 1, 3, 5, 1, 0, 4, 0, 0, 0, 0, 0, 0, 0, 0, 0, 0, 0, 0, 0, 0, 0]",20,2
FF3368,"[2, 1, 2, 1, 5, 5, 1, 4, 4, 0, 0, 0, 0, 0, 0, 0, 0, 0, 0, 0, 0, 0, 0, -1]",24,3
FF3398,"[2, 4, 3, 1, 3, 5, 1, 0, 4, 0, 0, 0, 0, 0, 0, 0, 0, 0, 0, 0, 0, 0, 0, 0]",23,3
FF4308,"[3, 3, 4, 1, 3, 4, 1, 4, 4, 0, 0, 0, 0, 0, 0, 0, 0, 0, 0, 0, 0, 0, -2, -1]",24,3
FF4318,"[2, 3, 5, 1, 3, 3, 1, 0, 4, 0, 0, 0, 0, 0, 0, 3, 3, 0, 0, 0, 0, 0, 0, -1]",27,4
FF4328,"[3, 4, 4, 1, 2, 4, 3, 4, 4, 0, 0, 0, 0, 0, 5, 3, 0, 0, 0, 0, 0, 0, 0, -3]",34,5
FF4338,"[2, 5, 5, 1, 2, 3, 1, 0, 4, 0, 0, 0, 0, 0, 0, 0, 0, 0, 0, 0, 0, 0, 0, 0]",23,3
FF4348,"[2, 4, 4, 1, 3, 4, 1, 0, 4, 0, 0, 0, 0, 0, 0, 0, 0, 0, 0, 0, 0, 0, 0, 0]",23,3
FF4358,"[3, 3, 3, 1, 3, 4, 1, 4, 4, 0, 0, 0, 0, 0, 0, 0, 0, 0, 0, 0, 0, 0, 0, -1]",25,3
FF4368,"[3, 3, 3, 1, 2, 4, 2, 4, 4, 0, 0, 0, 0, 0, 0, 0, 0, 0, 0, 0, 0, 0, 0, -1]",25,3
FF2317,"[1, 5, 5, 1, 1, 4, 0, 0, 4, 0, 0, 0, 0, 0, 0, 0, 0, 0, 0, 0, 0, 0, -2, 0]",19,2
FF2327,"[3, 4, 4, 1, 2, 4, 1, 0, 4, 0, 0, 0, 0, 0, 0, 3, 3, 0, 0, 0, 0, 0, 0, 0]",29,4
FF2337,"[2, 3, 3, 1, 3, 5, 2, 4, 4, 0, 0, 0, 0, 0, 0, 1, 1, 0, 0, 0, 0, 0, 0, 0]",29,4
FF2347,"[2, 3, 3, 1, 1, 5, 1, 4, 4, 0, 0, 0, 0, 0, 0, 0, 0, 0, 0, 0, 0, 0, 0, -1]",23,3
FF2357,"[4, 3, 4, 1, 2, 4, 1, 4, 4, 0, 0, 0, 0, 0, 5, 1, 1, 0, 0, 0, 0, 0, 0, -1]",33,5
FF2367,"[3, 3, 4, 1, 2, 4, 2, 4, 4, 0, 0, 0, 0, 0, 3, 3, 3, 0, 0, 0, 0, 0, 0, -1]",35,5
FF2377,"[2, 4, 5, 1, 1, 4, 1, 0, 4, 0, 0, 0, 0, 0, 0, 3, 3, 0, 0, 0, 0, 0, 0, 0]",28,4
FF2387,"[3, 4, 4, 1, 1, 4, 0, 0, 4, 0, 0, 0, 0, 0, 0, 2, 2, 0, 0, 0, 0, 0, 0, -1]",24,3
FF2397,"[3, 3, 3, 1, 3, 4, 1, 4, 4, 0, 0, 0, 0, 0, 2, 0, 0, 0, 0, 0, 0, 0, 0, -1]",27,4
FF3307,"[2, 4, 5, 1, 2, 4, 1, 4, 4, 0, 0, 0, 0, 0, 3, 0, 0, 0, 0, 0, 0, 0, 0, 0]",30,4
FF3317,"[1, 0, 5, 1, 1, 4, 0, 0, 4, 0, 0, 0, 0, 0, 0, 0, 0, 0, 0, 0, 0, 0, 0, 0]",16,2
FF3327,"[1, 5, 5, 1, 1, 4, 1, 0, 4, 0, 0, 0, 0, 0, 0, 0, 0, 0, 0, 0, 0, 0, 0, 0]",22,3
FF3337,"[1, 0, 5, 1, 1, 4, 1, 0, 4, 0, 0, 0, 0, 0, 0, 0, 0, 0, 0, 0, 0, 0, 0, 0]",17,2
FF3347,"[3, 4, 4, 1, 1, 4, 1, 0, 4, 0, 0, 0, 0, 0, 0, 0, 0, 0, 0, 0, 0, 0, 0, 0]",22,3
FF3357,"[2, 4, 3, 1, 2, 5, 1, 4, 4, 0, 0, 0, 0, 0, 0, 0, 0, 0, 0, 0, 0, 0, 0, -3]",23,3
FF3367,"[3, 2, 3, 1, 3, 4, 1, 4, 4, 0, 0, 0, 0, 0, 0, 0, 0, 0, 0, 0, 0, 0, 0, 0]",25,3
FF3397,"[2, 4, 5, 1, 3, 4, 0, 0, 4, 0, 0, 0, 0, 0, 0, 0, 0, 0, 0, 0, 0, 0, 0, 0]",23,3
FF4307,"[3, 4, 4, 1, 3, 4, 2, 4, 4, 0, 0, 0, 0, 0, 0, 0, 0, 0, 0, 0, 0, 0, -2, -1]",26,3
FF4317,"[3, 3, 4, 1, 4, 4, 1, 4, 4, 0, 0, 0, 0, 0, 0, 4, 3, 0, 0, 0, 0, 0, 0, -2]",33,5
FF4327,"[2, 4, 5, 1, 3, 3, 2, 0, 4, 0, 0, 0, 0, 0, 0, 0, 0, 0, 0, 0, -5, 0, 0, -1]",18,2
FF4337,"[2, 4, 3, 1, 3, 5, 1, 0, 4, 0, 0, 0, 0, 0, 0, 0, 0, 0, 0, 0, -5, 0, 0, 0]",18,2
FF4347,"[2, 3, 3, 1, 4, 5, 1, 4, 4, 0, 0, 0, 0, 0, 0, 0, 0, 0, 0, 0, 0, 0, 0, 0]",27,4
FF4357,"[2, 2, 2, 1, 4, 4, 1, 4, 4, 0, 0, 0, 0, 0, 0, 0, 0, 0, 0, 0, 0, 0, 0, -1]",23,3
FF2316,"[1, 5, 5, 1, 1, 4, 1, 0, 4, 0, 0, 0, 0, 0, 0, 0, 0, 0, 0, 0, 0, 0, -2, 0]",20,2
FF2326,"[1, 5, 5, 1, 1, 4, 0, 0, 4, 0, 0, 0, 0, 0, 0, 0, 0, 0, 0, 0, 0, 0, 0, 0]",21,2
FF2336,"[2, 4, 5, 1, 1, 4, 0, 4, 4, 0, 0, 0, 0, 0, 0, 3, 3, 0, 0, 0, 0, 0, 0, -1]",30,4
FF2346,"[3, 3, 3, 1, 3, 5, 2, 0, 4, 0, 0, 0, 0, 0, 0, 1, 1, 0, 0, 0, 0, 0, 0, -3]",23,3
FF2356,"[2, 3, 3, 1, 3, 5, 3, 4, 4, 0, 0, 0, 0, 0, 0, 0, 0, 0, 0, 0, 0, 0, 0, -2]",26,3
FF2366,"[3, 3, 3, 1, 3, 4, 1, 4, 4, 0, 0, 0, 0, 0, 3, 0, 0, 0, 0, 0, 0, 0, 0, -1]",28,4
FF2376,"[3, 4, 3, 1, 2, 4, 1, 4, 4, 0, 0, 0, 0, 0, 0, 0, 0, 0, 0, 0, 0, 0, 0, -1]",25,3
FF2386,"[3, 3, 3, 1, 3, 4, 2, 4, 4, 0, 0, 0, 0, 0, 0, 2, 2, 0, 0, 0, 0, 0, 0, -1]",30,4
FF2396,"[4, 3, 3, 1, 2, 4, 1, 4, 4, 0, 0, 0, 0, 0, 3, 3, 3, 0, 0, 0, 0, 0, 0, -1]",34,5
FF3306,"[2, 4, 5, 1, 1, 4, 0, 0, 4, 0, 0, 0, 0, 0, 0, 0, 0, 0, 0, 0, 0, 0, 0, 0]",21,2
FF3316,"[1, 0, 5, 1, 1, 4, 1, 0, 4, 0, 0, 0, 0, 0, 0, 0, 0, 0, 0, 0, 0, 0, 0, 0]",17,2
FF3326,"[1, 5, 5, 1, 1, 4, 2, 0, 4, 0, 0, 0, 0, 0, 0, 0, 0, 0, 0, 0, 0, 0, 0, 0]",23,3
FF3336,"[1, 4, 5, 1, 1, 3, 1, 0, 4, 0, 0, 0, 0, 0, 0, 0, 0, 0, 0, 0, 0, 0, 0, 0]",20,2
FF3346,"[3, 4, 4, 1, 1, 4, 1, 4, 4, 0, 0, 0, 0, 0, 0, 0, 0, 0, 0, 0, 0, 0, 0, 0]",26,3
FF3356,"[1, 2, 3, 1, 3, 5, 0, 0, 4, 0, 0, 0, 0, 0, 0, 0, 0, 0, 0, 0, 0, 0, 0, 0]",19,2
FF3366,"[2, 1, 2, 1, 5, 4, 1, 0, 4, 0, 0, 0, 0, 0, 3, 0, 0, 0, 0, 0, 0, 0, 0, 0]",23,3
FF3396,"[2, 4, 5, 1, 3, 4, 0, 0, 4, 0, 0, 0, 0, 0, 0, 0, 0, 0, 0, 0, 0, 0, 0, -1]",22,3
FF4306,"[3, 4, 4, 1, 3, 4, 1, 4, 4, 0, 0, 0, 0, 0, 0, 0, 0, 0, 0, 0, 0, 0, -2, -3]",23,3
FF4316,"[2, 4, 5, 1, 3, 3, 2, 0, 4, 0, 0, 0, 0, 0, 0, 4, 3, 0, 0, 0, 0, 0, 0, 0]",31,4
FF4326,"[1, 5, 5, 1, 3, 3, 1, 5, 4, 0, 0, 0, 0, 0, 0, 1, 1, 0, 0, 0, -5, 0, 0, 0]",25,3
FF4336,"[3, 5, 4, 1, 3, 4, 1, 5, 4, 0, 0, 0, 0, 0, 0, 0, 0, 0, 0, 0, -5, 0, 0, 0]",25,3
FF4346,"[3, 4, 4, 1, 3, 4, 0, 4, 4, 0, 0, 0, 0, 0, 0, 0, 0, 0, 0, 0, 0, 0, 0, 0]",27,4
FF2390,"[2, 4, 3, 1, 1, 5, 1, 4, 4, 0, 0, 0, 0, 0, 3, 0, 0, 0, 0, 0, 0, 0, 0, 0]",28,4
FF3300,"[3, 3, 3, 1, 2, 5, 1, 4, 4, 0, 0, 0, 0, 0, 0, 0, 0, 0, 0, 0, 0, 0, 0, -2]",24,3
FF3310,"[3, 3, 4, 1, 1, 4, 1, 4, 4, 0, 0, 0, 0, 0, 0, 0, 0, 0, 0, 0, 0, 0, 0, -2]",23,3
FF3320,"[3, 3, 3, 1, 2, 5, 1, 4, 4, 0, 0, 0, 0, 0, 3, 0, 0, 0, 0, 0, 0, 0, 0, -2]",27,4
FF3330,"[3, 3, 4, 1, 2, 4, 2, 4, 4, 0, 0, 0, 0, 0, 0, 0, 0, 0, 0, 0, 0, 0, 0, -2]",25,3
FF3340,"[2, 3, 5, 1, 1, 4, 1, 0, 4, 0, 0, 0, 0, 0, 0, 0, 0, 0, 0, 0, 0, 0, 0, -3]",18,2
FF3350,"[3, 3, 4, 1, 3, 4, 2, 4, 4, 0, 0, 0, 0, 0, 3, 0, 0, 0, 0, 0, 0, 0, 0, -3]",28,4
FF3360,"[3, 3, 3, 1, 2, 5, 3, 4, 4, 0, 0, 0, 0, 0, 0, 0, 0, 0, 0, 0, 0, 0, 0, -3]",25,3
FF3370,"[3, 2, 3, 1, 1, 4, 2, 4, 4, 0, 0, 0, 0, 0, 3, 0, 0, 0, 0, 0, 0, 0, 0, -1]",26,3
FF2289,"[1, 4, 5, 1, 1, 4, 3, 0, 4, 0, 0, 0, 0, 0, 0, 0, 0, 0, 0, 0, 0, 0, 0, -2]",21,2
FF2299,"[3, 4, 4, 1, 1, 5, 2, 0, 4, 0, 0, 0, 0, 0, 0, 0, 0, 0, 0, 0, 0, 0, 0, -2]",22,3
FF3209,"[3, 3, 4, 1, 1, 4, 1, 4, 4, 0, 0, 0, 0, 0, 0, 0, 0, 0, 0, 0, 0, 0, 0, -3]",22,3
FF3219,"[1, 4, 5, 1, 1, 4, 2, 4, 4, 0, 0, 0, 0, 0, 0, 0, 0, 0, 0, 0, 0, 0, 0, -4]",22,3
FF3229,"[2, 4, 5, 1, 2, 4, 1, 4, 4, 0, 0, 0, 0, 0, 0, 0, 0, 0, 0, 0, 0, 0, 0, -4]",23,3
FF3239,"[3, 3, 4, 1, 2, 4, 2, 4, 4, 0, 0, 0, 0, 0, 2, 0, 0, 0, 0, 0, 0, 0, 0, -3]",26,3
FF3249,"[3, 3, 4, 1, 1, 4, 1, 4, 4, 0, 0, 0, 0, 0, 0, 0, 0, 0, 0, 0, 0, 0, 0, -2]",23,3
FF3259,"[2, 4, 5, 1, 2, 4, 0, 0, 4, 0, 0, 0, 0, 0, 0, 0, 0, 0, 0, 0, 0, 0, 0, -3]",19,2
FF3269,"[3, 3, 3, 1, 3, 4, 2, 4, 4, 0, 0, 0, 0, 0, 5, 0, 0, 0, 0, 0, 0, 0, 0, -2]",30,4
FF3279,"[3, 4, 4, 1, 1, 4, 1, 4, 4, 0, 0, 0, 0, 0, 0, 1, 1, 0, 0, 0, 0, 0, 0, -1]",27,4
FF3037,"[4, 2, 4, 1, 1, 4, 1, 4, 4, 0, 0, 0, 0, 0, 0, 0, 0, 0, 0, 0, -5, 0, -2, 0]",18,2
FF3046,"[5, 2, 1, 1, 2, 3, 1, 4, 0, 0, 0, 0, 0, 0, 0, 0, 0, 0, 0, 0, -5, 0, 0, -3]",11,1
FF3047,"[3, 3, 4, 1, 1, 4, 1, 4, 4, 0, 0, 0, 0, 0, 0, 0, 0, 0, 0, 0, -5, 0, -2, -1]",17,2
FF3057,"[3, 3, 5, 1, 1, 3, 0, 5, 0, 0, 0, 0, 0, 0, 0, 0, 0, 0, 0, 0, 0, 0, 0, 0]",21,2
FF3066,"[5, 3, 3, 1, 2, 2, 1, 5, 0, 0, 0, 0, 0, 0, 0, 0, 0, 0, 0, 0, 0, 0, 0, 0]",22,3
FF3067,"[2, 5, 5, 1, 1, 4, 1, 5, 4, 0, 0, 0, 0, 0, 0, 0, 0, 0, 0, 0, 0, 0, -2, 0]",26,3
FF3076,"[4, 2, 3, 1, 2, 2, 0, 4, 0, 0, 0, 0, 0, 0, 0, 0, 0, 0, 0, 0, 0, 0, -1, 0]",17,2
FF3077,"[1, 4, 5, 1, 1, 4, 0, 4, 4, 0, 0, 0, 0, 0, 0, 0, 0, 0, 0, 0, 0, 0, -2, 0]",22,3
FF3086,"[4, 2, 2, 1, 2, 3, 0, 0, 0, 0, 0, 0, 0, 0, 0, 0, 0, 0, 0, 0, 0, 0, -2, 0]",12,1
FF3087,"[4, 3, 3, 1, 2, 3, 0, 4, 4, 0, 0, 0, 0, 0, 3, 0, 0, 0, 0, -5, 0, 0, -2, 0]",20,2
FF3096,"[5, 2, 2, 1, 2, 3, 0, 0, 0, 0, 0, 0, 0, 0, 0, 0, 0, 0, 0, 0, 0, 0, 0, 0]",15,1
FF3097,"[3, 3, 4, 1, 2, 3, 0, 0, 0, 0, 0, 0, 0, 0, 0, 0, 0, 0, 0, 0, 0, 0, -2, -1]",13,1
FF4006,"[4, 2, 3, 1, 2, 4, 1, 4, 0, 0, 0, 0, 0, 0, 0, 0, 0, 0, 0, 0, 0, 0, 0, -1]",20,2
FF4007,"[4, 3, 4, 1, 2, 3, 1, 4, 0, 0, 0, 0, 0, 0, 0, 0, 0, 0, 0, 0, 0, 0, -2, -4]",16,2
FF4016,"[4, 2, 2, 1, 3, 4, 1, 0, 4, 0, 0, 0, 0, 0, 0, 0, 0, 0, 0, 0, 0, 0, 0, 0]",21,2
FF4017,"[4, 2, 2, 1, 2, 4, 1, 0, 0, 0, 0, 0, 0, 0, 0, 0, 0, 0, 0, 0, 0, 0, -2, -3]",11,1
FF4027,"[5, 2, 2, 1, 3, 3, 1, 0, 4, 0, 0, 0, 0, 0, 5, 0, 0, 0, 0, 0, 0, 0, -2, 0]",24,3
FF4037,"[5, 3, 3, 1, 4, 4, 1, 0, 4, 0, 0, 0, 0, 0, 5, 0, 0, 0, 0, 0, 0, 0, -1, 0]",29,4
FF4047,"[4, 4, 4, 1, 3, 3, 1, 5, 4, 0, 0, 0, 0, 0, 0, 0, 0, 0, 0, 0, 0, 0, 0, 0]",29,4
FF2157,"[1, 5, 5, 1, 1, 4, 1, 0, 4, 0, 0, 0, 0, 0, 0, 0, 0, 0, 0, 0, 0, 0, 0, 0]",22,3
FF2167,"[1, 5, 5, 1, 1, 3, 1, 0, 4, 0, 0, 0, 0, 0, 0, 0, 0, 0, 0, 0, 0, 0, 0, 0]",21,2
FF2177,"[1, 5, 5, 1, 1, 3, 1, 4, 4, 0, 0, 0, 0, 0, 0, 0, 0, 0, 0, 0, 0, 0, 0, 0]",25,3
FF2187,"[1, 5, 5, 1, 1, 4, 1, 4, 4, 0, 0, 0, 0, 0, 0, 0, 0, 0, 0, 0, 0, 0, 0, 0]",26,3
FF2197,"[1, 4, 5, 1, 1, 4, 1, 0, 4, 0, 0, 0, 0, 0, 0, 0, 0, 0, 0, 0, 0, 0, 0, 0]",21,2
FF3107,"[3, 3, 5, 1, 2, 4, 1, 4, 5, 0, 0, 0, 0, 0, 0, 0, 0, 0, 0, 0, 0, 0, 0, -1]",27,4
FF3117,"[2, 3, 5, 1, 2, 4, 1, 4, 5, 0, 0, 0, 0, 0, 0, 0, 0, 0, 0, 0, 0, 0, 0, -3]",24,3
FF3127,"[1, 3, 5, 1, 2, 4, 1, 4, 4, 0, 0, 0, 0, 0, 0, 0, 0, 0, 0, 0, 0, 0, 0, 0]",25,3
FF3137,"[1, 5, 5, 1, 2, 4, 1, 0, 4, 0, 0, 0, 0, 0, 0, 0, 0, 0, 0, 0, 0, 0, 0, 0]",23,3
FF3147,"[1, 5, 5, 1, 3, 4, 1, 4, 4, 0, 0, 0, 0, 0, 0, 0, 0, 0, 0, 0, 0, 0, 0, 0]",28,4
FF3157,"[3, 3, 4, 1, 3, 4, 1, 4, 4, 0, 0, 0, 0, 0, 3, 0, 0, 0, 0, 0, 0, 0, 0, -1]",29,4
FF3167,"[3, 3, 4, 1, 3, 4, 0, 4, 4, 0, 0, 0, 0, 0, 0, 0, 0, 0, 0, 0, 0, 0, 0, -1]",25,3
FF3177,"[3, 3, 4, 1, 3, 5, 2, 4, 0, 0, 0, 0, 0, 0, 0, 0, 0, 0, 0, 0, -5, 0, 0, -1]",19,2
FF3187,"[1, 4, 5, 1, 2, 3, 1, 0, 0, 0, 0, 0, 0, 0, 0, 0, 0, 0, 0, 0, 0, 0, 0, 0]",17,2
FF3197,"[1, 4, 5, 1, 2, 3, 1, 0, 0, 0, 0, 0, 0, 0, 0, 0, 0, 0, 0, 0, 0, 0, -2, 0]",15,1
FF4107,"[3, 3, 4, 1, 2, 4, 1, 4, 0, 0, 0, 0, 0, 0, 0, 0, 0, 0, 0, 0, 0, 0, 0, -2]",20,2
FF4117,"[3, 4, 4, 1, 1, 4, 3, 4, 0, 0, 0, 0, 0, 0, 0, 0, 0, 0, 0, 0, 0, 0, 0, -1]",23,3
FF4127,"[3, 4, 4, 1, 3, 4, 2, 4, 0, 0, 0, 0, 0, 0, 0, 0, 0, 0, 0, 0, 0, 0, 0, -2]",23,3
FF4137,"[2, 3, 3, 1, 4, 5, 1, 4, 0, 0, 0, 0, 0, 0, 0, 0, 0, 0, 0, 0, 0, 0, 0, -3]",20,2
FF4147,"[3, 2, 2, 1, 4, 4, 0, 4, 1, 0, 0, 0, 0, 0, 0, 2, 0, 0, 0, 0, 0, 0, 0, -1]",22,3
FF4157,"[4, 3, 4, 1, 3, 4, 0, 4, 0, 0, 0, 0, 0, 0, 5, 3, 0, 0, 0, 0, 0, 0, 0, -1]",30,4
FF4167,"[1, 5, 5, 1, 3, 4, 0, 4, 0, 0, 0, 0, 0, 0, 0, 3, 0, 0, 0, 0, 0, 0, 0, 0]",26,3
FF4177,"[1, 5, 5, 1, 3, 4, 1, 0, 0, 0, 0, 0, 0, 0, 0, 3, 0, 0, 0, 0, 0, 0, 0, 0]",23,3
FF2150,"[3, 2, 3, 1, 1, 5, 1, 4, 4, 0, 0, 0, 0, 0, 0, 0, 0, 0, 0, 0, 0, 0, 0, -1]",23,3
FF2151,"[3, 5, 4, 1, 1, 4, 2, 5, 4, 0, 0, 0, 0, 0, 0, 0, 0, 0, 0, 0, 0, 0, 0, 0]",29,4
FF2160,"[3, 4, 4, 1, 1, 5, 0, 4, 4, 0, 0, 0, 0, 0, 0, 0, 0, 0, 0, 0, 0, 0, 0, 0]",26,3
FF2161,"[4, 4, 4, 1, 1, 3, 2, 5, 4, 0, 0, 0, 0, 0, 0, 0, 0, 0, 0, 0, 0, 0, 0, -1]",27,4
FF2170,"[3, 4, 4, 1, 1, 4, 0, 4, 4, 0, 0, 0, 0, 0, 0, 0, 0, 0, 0, 0, 0, 0, 0, -2]",23,3
FF2171,"[3, 4, 4, 1, 1, 4, 1, 0, 4, 0, 0, 0, 0, 0, 0, 0, 0, 0, 0, 0, 0, 0, 0, -3]",19,2
FF2180,"[3, 3, 5, 1, 1, 3, 1, 4, 4, 0, 0, 0, 0, 0, 0, 0, 0, 0, 0, 0, 0, 0, 0, -1]",24,3
FF2181,"[2, 3, 5, 1, 1, 4, 1, 4, 4, 0, 0, 0, 0, 0, 0, 0, 0, 0, 0, 0, 0, 0, 0, -1]",24,3
FF2190,"[3, 3, 4, 1, 1, 4, 1, 4, 4, 0, 0, 0, 0, 0, 0, 0, 0, 0, 0, 0, -5, 0, 0, -1]",19,2
FF2191,"[2, 4, 5, 1, 1, 4, 0, 4, 4, 0, 0, 0, 0, 0, 0, 0, 0, 0, 0, 0, 0, 0, 0, -1]",24,3
FF3100,"[3, 4, 4, 1, 1, 4, 1, 4, 4, 0, 0, 0, 0, 0, 2, 0, 0, 0, 0, 0, 0, 0, 0, -1]",27,4
FF3101,"[4, 3, 4, 1, 1, 4, 1, 4, 4, 0, 0, 0, 0, 0, 3, 0, 0, 0, 0, 0, 0, 0, 0, -1]",28,4
FF3110,"[3, 4, 4, 1, 1, 4, 0, 4, 4, 0, 0, 0, 0, 0, 0, 0, 0, 0, 0, 0, 0, 0, 0, -2]",23,3
FF3111,"[3, 3, 4, 1, 2, 4, 2, 4, 4, 0, 0, 0, 0, 0, 0, 0, 0, 0, 0, 0, 0, 0, 0, -1]",26,3
FF3120,"[2, 3, 5, 1, 2, 4, 1, 0, 4, 0, 0, 0, 0, 0, 0, 3, 0, 0, 0, 0, 0, 0, 0, -3]",22,3
FF3121,"[3, 5, 5, 1, 2, 3, 1, 0, 4, 0, 0, 0, 0, 0, 0, 0, 0, 0, 0, 0, 0, 0, 0, 0]",24,3
FF3130,"[3, 4, 4, 1, 1, 5, 2, 0, 4, 0, 0, 0, 0, 0, 0, 3, 0, 0, 0, 0, 0, 0, 0, -3]",24,3
FF3131,"[4, 3, 4, 1, 1, 4, 1, 0, 4, 0, 0, 0, 0, 0, 0, 2, 0, 0, 0, 0, 0, 0, 0, -3]",21,2
FF3140,"[2, 5, 5, 1, 1, 4, 1, 0, 4, 0, 0, 0, 0, 0, 0, 4, 0, 0, 0, 0, 0, 0, 0, 0]",27,4
FF3141,"[2, 3, 5, 1, 1, 4, 1, 0, 4, 0, 0, 0, 0, 0, 0, 3, 0, 0, 0, 0, 0, 0, 0, -4]",20,2
FF3150,"[1, 0, 5, 1, 1, 4, 1, 0, 4, 0, 0, 0, 0, 0, 0, 1, 1, 0, 0, 0, 0, 0, 0, 0]",19,2
FF3151,"[1, 0, 5, 1, 2, 4, 0, 0, 4, 0, 0, 0, 0, 0, 0, 3, 0, 0, 0, 0, 0, 0, 0, 0]",20,2
FF3160,"[1, 5, 5, 1, 2, 4, 1, 4, 4, 0, 0, 0, 0, 0, 0, 4, 4, 0, 0, 0, 0, 0, 0, 0]",35,5
FF3161,"[1, 5, 5, 1, 2, 4, 0, 4, 4, 0, 0, 0, 0, 0, 0, 3, 3, 0, 0, 0, 0, 0, 0, 0]",32,4
FF3170,"[1, 5, 5, 1, 2, 4, 2, 0, 4, 0, 0, 0, 0, 0, 0, 0, 0, 0, 0, 0, 0, 0, 0, 0]",24,3
FF3171,"[1, 5, 5, 1, 1, 4, 0, 0, 4, 0, 0, 0, 0, 0, 0, 1, 1, 0, 0, 0, 0, 0, 0, 0]",23,3
FF3180,"[1, 5, 5, 1, 2, 4, 1, 0, 4, 0, 0, 0, 0, 0, 0, 4, 4, 0, 0, 0, 0, 0, 0, 0]",31,4
FF3181,"[1, 5, 5, 1, 1, 4, 0, 4, 4, 0, 0, 0, 0, 0, 0, 3, 3, 0, 0, 0, 0, 0, 0, 0]",31,4
FF3190,"[1, 5, 5, 1, 3, 4, 0, 0, 4, 0, 0, 0, 0, 0, 0, 2, 2, 0, 0, 0, 0, 0, -2, 0]",25,3
FF3191,"[1, 5, 5, 1, 2, 4, 0, 0, 4, 0, 0, 0, 0, 0, 0, 0, 0, 0, 0, 0, 0, 0, -2, 0]",20,2
FF4100,"[1, 5, 5, 1, 3, 4, 0, 0, 0, 0, 0, 0, 0, 0, 0, 0, 0, 0, 0, 0, 0, 0, 0, 0]",19,2
FF4101,"[1, 0, 5, 1, 3, 4, 0, 0, 0, 0, 0, 0, 0, 0, 0, 0, 0, 0, 0, 0, 0, 0, 0, 0]",14,1
FF4110,"[1, 0, 5, 1, 3, 4, 0, 0, 3, 0, 0, 0, 0, 0, 0, 0, 0, 0, 0, 0, 0, 0, 0, 0]",17,2
FF4111,"[1, 0, 5, 1, 3, 4, 0, 0, 0, 0, 0, 0, 0, 0, 0, 0, 0, 0, 0, 0, 0, 0, 0, 0]",14,1
FF4120,"[1, 0, 5, 1, 3, 4, 1, 0, 5, 0, 0, 0, 0, 0, 0, 0, 0, 0, 0, 0, 0, 0, 0, 0]",20,2
FF4121,"[1, 0, 5, 1, 3, 4, 0, 0, 5, 0, 0, 0, 0, 0, 0, 0, 0, 0, 0, 0, 0, 0, 0, 0]",19,2
FF4130,"[1, 4, 5, 1, 2, 3, 1, 5, 5, 0, 0, 0, 0, 0, 0, 0, 0, 0, 0, 0, 0, 0, 0, 0]",27,4
FF4131,"[1, 3, 5, 1, 2, 4, 1, 0, 5, 0, 0, 0, 0, 0, 0, 0, 0, 0, 0, 0, 0, 0, 0, -1]",21,2
FF4140,"[3, 4, 4, 1, 1, 4, 2, 0, 0, 0, 0, 0, 0, 0, 0, 0, 0, 0, 0, 0, 0, 0, 0, 0]",19,2
FF4141,"[2, 4, 5, 1, 1, 3, 1, 0, 0, 0, 0, 0, 0, 0, 0, 0, 0, 0, 0, 0, 0, 0, 0, 0]",17,2
FF4150,"[1, 3, 3, 1, 1, 5, 2, 4, 0, 0, 0, 0, 0, 0, 0, 0, 0, 0, 0, 0, 0, 0, 0, -5]",15,1
FF4151,"[3, 3, 4, 1, 1, 4, 2, 4, 0, 0, 0, 0, 0, 0, 0, 0, 0, 0, 0, 0, 0, 0, 0, -1]",21,2
FF4160,"[3, 2, 3, 1, 1, 4, 1, 4, 4, 0, 0, 0, 0, 0, 0, 0, 0, 0, 0, 0, 0, 0, 0, -1]",22,3
FF4161,"[4, 2, 4, 1, 1, 3, 1, 0, 0, 0, 0, 0, 0, 0, 0, 0, 0, 0, 0, 0, 0, 0, 0, -1]",15,1
FF4170,"[3, 1, 2, 1, 1, 4, 2, 4, 4, 0, 0, 0, 0, 0, 0, 0, 0, 0, 0, 0, 0, 0, 0, -1]",21,2
FF4171,"[4, 2, 2, 1, 1, 4, 1, 4, 4, 0, 0, 0, 0, 0, 3, 0, 0, 0, 0, 0, 0, 0, 0, -1]",25,3
FF2156,"[1, 0, 5, 1, 1, 3, 1, 0, 4, 0, 0, 0, 0, 0, 0, 0, 0, 0, 0, 0, 0, 0, 0, 0]",16,2
FF2166,"[1, 5, 5, 1, 1, 3, 0, 0, 4, 0, 0, 0, 0, 0, 0, 0, 0, 0, 0, 0, 0, 0, 0, 0]",20,2
FF2176,"[2, 5, 5, 1, 1, 4, 1, 0, 4, 0, 0, 0, 0, 0, 0, 0, 0, 0, 0, 0, 0, 0, 0, 0]",23,3
FF2186,"[1, 5, 5, 1, 1, 4, 1, 4, 4, 0, 0, 0, 0, 0, 0, 0, 0, 0, 0, 0, 0, 0, 0, 0]",26,3
FF2196,"[2, 4, 5, 1, 1, 4, 2, 0, 4, 0, 0, 0, 0, 0, 0, 0, 0, 0, 0, 0, 0, 0, 0, -1]",22,3
FF3106,"[1, 2, 5, 1, 1, 4, 2, 0, 5, 0, 0, 0, 0, 0, 0, 0, 0, 0, 0, 0, 0, 0, 0, -1]",20,2
FF3116,"[1, 5, 5, 1, 2, 4, 1, 0, 5, 0, 0, 0, 0, 0, 0, 0, 0, 0, 0, 0, 0, 0, 0, 0]",24,3
FF3126,"[1, 0, 5, 1, 1, 4, 0, 0, 4, 0, 0, 0, 0, 0, 0, 0, 0, 0, 0, 0, 0, 0, 0, 0]",16,2
FF3136,"[1, 0, 5, 1, 1, 4, 0, 0, 4, 0, 0, 0, 0, 0, 0, 0, 0, 0, 0, 0, 0, 0, 0, 0]",16,2
FF3146,"[1, 0, 5, 1, 2, 4, 0, 0, 4, 0, 0, 0, 0, 0, 0, 0, 0, 0, 0, 0, 0, 0, 0, 0]",17,2
FF3156,"[2, 4, 5, 1, 3, 4, 0, 4, 4, 0, 0, 0, 0, 0, 0, 0, 0, 0, 0, 0, 0, 0, 0, -3]",24,3
FF3166,"[3, 3, 4, 1, 3, 4, 2, 4, 4, 0, 0, 0, 0, 0, 0, 0, 0, 0, 0, 0, 0, 0, 0, -2]",26,3
FF3176,"[3, 3, 4, 1, 3, 4, 1, 4, 4, 0, 0, 0, 0, 0, 0, 0, 0, 0, 0, 0, 0, 0, 0, -2]",25,3
FF3186,"[3, 3, 3, 1, 4, 5, 0, 4, 0, 0, 0, 0, 0, 0, 0, 0, 0, 0, 0, 0, 0, 0, 0, -1]",22,3
FF3196,"[3, 3, 3, 1, 4, 5, 1, 4, 0, 0, 0, 0, 0, 0, 3, 0, 0, 0, 0, 0, 0, 0, -2, -2]",23,3
FF4106,"[2, 4, 5, 1, 3, 4, 1, 4, 3, 0, 0, 0, 0, 0, 0, 0, 0, 0, 0, 0, 0, 0, 0, -5]",22,3
FF4116,"[3, 3, 5, 1, 2, 4, 2, 4, 3, 0, 0, 0, 0, 0, 0, 0, 0, 0, 0, 0, 0, 0, 0, -2]",25,3
FF4126,"[3, 4, 4, 1, 3, 5, 0, 4, 0, 0, 0, 0, 0, 0, 0, 0, 0, 0, 0, 0, 0, 0, 0, -2]",22,3
FF4136,"[2, 3, 3, 1, 4, 5, 1, 0, 0, 0, 0, 0, 0, 0, 0, 0, 0, 0, 0, 0, 0, 0, 0, 0]",19,2
FF4146,"[3, 2, 3, 1, 4, 4, 0, 4, 0, 0, 0, 0, 0, 0, 0, 3, 0, 0, 0, 0, 0, 0, 0, 0]",24,3
FF4156,"[1, 3, 5, 1, 3, 4, 0, 0, 0, 0, 0, 0, 0, 0, 0, 0, 0, 0, 0, 0, 0, 0, 0, -4]",13,1
FF4166,"[1, 0, 5, 1, 3, 4, 0, 0, 0, 0, 0, 0, 0, 0, 0, 0, 0, 0, 0, 0, 0, 0, 0, 0]",14,1
FF4176,"[2, 2, 5, 1, 2, 4, 1, 0, 0, 0, 0, 0, 0, 0, 0, 0, 0, 0, 0, 0, 0, 0, 0, -2]",15,1
FF2155,"[1, 0, 5, 1, 1, 4, 1, 0, 4, 0, 0, 0, 0, 0, 0, 0, 0, 0, 0, 0, 0, 0, 0, 0]",17,2
FF2165,"[2, 5, 5, 1, 1, 3, 1, 5, 4, 0, 0, 0, 0, 0, 0, 0, 0, 0, 0, 0, 0, 0, 0, 0]",27,4
FF2175,"[2, 5, 5, 1, 1, 4, 1, 5, 4, 0, 0, 0, 0, 0, 0, 0, 0, 0, 0, 0, 0, 0, 0, 0]",28,4
FF2185,"[1, 5, 5, 1, 1, 4, 0, 0, 4, 0, 0, 0, 0, 0, 0, 0, 0, 0, 0, 0, 0, 0, 0, 0]",21,2
FF2195,"[1, 5, 5, 1, 1, 3, 1, 0, 4, 0, 0, 0, 0, 0, 0, 0, 0, 0, 0, 0, 0, 0, 0, 0]",21,2
FF3105,"[1, 5, 5, 1, 1, 4, 2, 0, 5, 0, 0, 0, 0, 0, 0, 0, 0, 0, 0, 0, 0, 0, 0, 0]",24,3
FF3115,"[2, 4, 5, 1, 1, 4, 1, 4, 4, 0, 0, 0, 0, 0, 0, 0, 0, 0, 0, 0, 0, 0, 0, 0]",26,3
FF3125,"[1, 5, 5, 1, 1, 4, 0, 0, 4, 0, 0, 0, 0, 0, 0, 0, 0, 0, 0, 0, 0, 0, 0, 0]",21,2
FF3135,"[1, 5, 5, 1, 1, 4, 0, 0, 4, 0, 0, 0, 0, 0, 0, 0, 0, 0, 0, 0, 0, 0, 0, 0]",21,2
FF3145,"[1, 4, 5, 1, 1, 4, 0, 4, 4, 0, 0, 0, 0, 0, 0, 0, 0, 0, 0, 0, 0, 0, 0, -1]",23,3
FF3155,"[2, 4, 5, 1, 2, 4, 2, 4, 4, 0, 0, 0, 0, 0, 0, 0, 0, 0, 0, 0, 0, 0, 0, -3]",25,3
FF3165,"[1, 4, 5, 1, 3, 4, 1, 0, 4, 0, 0, 0, 0, 0, 0, 0, 0, 0, 0, 0, 0, 0, 0, -3]",20,2
FF3175,"[2, 4, 5, 1, 2, 4, 0, 4, 4, 0, 0, 0, 0, 0, 0, 0, 0, 0, 0, 0, 0, 0, 0, -3]",23,3
FF3185,"[3, 2, 4, 1, 2, 4, 0, 0, 4, 0, 0, 0, 0, 0, 0, 3, 0, 0, 0, 0, 0, 0, -1, -1]",21,2
FF3195,"[3, 2, 4, 1, 3, 4, 1, 4, 1, 0, 0, 0, 0, 0, 3, 3, 0, 0, 0, 0, 0, 0, -1, -1]",27,4
FF4105,"[3, 3, 4, 1, 3, 4, 1, 4, 0, 0, 0, 0, 0, 0, 0, 1, 0, 0, 0, 0, 0, 0, 0, -1]",23,3
FF4115,"[2, 3, 5, 1, 3, 4, 0, 0, 5, 0, 0, 0, 0, 0, 0, 3, 0, 0, 0, 0, 0, 0, 0, -2]",24,3
FF4125,"[1, 5, 5, 1, 2, 4, 0, 5, 3, 0, 0, 0, 0, 0, 0, 3, 0, 0, 0, 0, 0, 0, 0, 0]",29,4
FF4135,"[2, 4, 5, 1, 2, 4, 1, 5, 3, 0, 0, 0, 0, 0, 0, 3, 0, 0, 0, 0, 0, 0, 0, 0]",30,4
FF4145,"[3, 3, 4, 1, 3, 4, 1, 4, 0, 0, 0, 0, 0, 0, 0, 2, 0, 0, 0, 0, 0, 0, 0, -2]",23,3
FF4155,"[1, 0, 5, 1, 3, 4, 0, 0, 0, 0, 0, 0, 0, 0, 0, 0, 0, 0, 0, 0, 0, 0, 0, 0]",14,1
FF4165,"[1, 5, 5, 1, 2, 4, 0, 0, 0, 0, 0, 0, 0, 0, 0, 0, 0, 0, 0, 0, 0, 0, 0, 0]",18,2
FF4175,"[2, 3, 5, 1, 1, 3, 1, 4, 0, 0, 0, 0, 0, 0, 0, 0, 0, 0, 0, 0, 0, 0, 0, -2]",18,2
FF2154,"[2, 0, 5, 1, 1, 2, 1, 5, 4, 0, 0, 0, 0, 0, 0, 0, 0, 0, 0, 0, 0, 0, 0, 0]",21,2
FF2164,"[3, 5, 5, 1, 1, 3, 2, 5, 4, 0, 0, 0, 0, 0, 0, 0, 0, 0, 0, 0, 0, 0, 0, 0]",29,4
FF2174,"[1, 0, 5, 1, 1, 4, 0, 0, 4, 0, 0, 0, 0, 0, 0, 0, 0, 0, 0, 0, 0, 0, 0, 0]",16,2
FF2184,"[1, 5, 5, 1, 1, 4, 0, 0, 4, 0, 0, 0, 0, 0, 0, 0, 0, 0, 0, 0, 0, 0, 0, 0]",21,2
FF2194,"[1, 0, 5, 1, 1, 4, 3, 0, 4, 0, 0, 0, 0, 0, 0, 0, 0, 0, 0, 0, 0, 0, 0, 0]",19,2
FF3104,"[1, 0, 5, 1, 1, 4, 1, 0, 4, 0, 0, 0, 0, 0, 0, 0, 0, 0, 0, 0, 0, 0, 0, 0]",17,2
FF3114,"[1, 5, 5, 1, 1, 4, 0, 0, 4, 0, 0, 0, 0, 0, 0, 0, 0, 0, 0, 0, 0, 0, 0, 0]",21,2
FF3124,"[1, 5, 5, 1, 1, 4, 0, 0, 4, 0, 0, 0, 0, 0, 0, 0, 0, 0, 0, 0, 0, 0, 0, 0]",21,2
FF3134,"[1, 5, 5, 1, 1, 4, 1, 0, 4, 0, 0, 0, 0, 0, 0, 0, 0, 0, 0, 0, 0, 0, 0, 0]",22,3
FF3144,"[3, 3, 4, 1, 1, 4, 2, 4, 4, 0, 0, 0, 0, 0, 0, 0, 0, 0, 0, 0, 0, 0, 0, -1]",25,3
FF3154,"[2, 3, 5, 1, 2, 4, 1, 0, 4, 0, 0, 0, 0, 0, 0, 0, 0, 0, 0, 0, 0, 0, 0, -2]",20,2
FF3164,"[1, 5, 5, 1, 2, 4, 0, 0, 4, 0, 0, 0, 0, 0, 0, 0, 0, 0, 0, 0, 0, 0, 0, 0]",22,3
FF3174,"[1, 0, 5, 1, 1, 4, 0, 0, 4, 0, 0, 0, 0, 0, 0, 2, 0, 0, 0, 0, 0, 0, 0, 0]",18,2
FF3184,"[1, 5, 5, 1, 1, 4, 0, 0, 4, 0, 0, 0, 0, 0, 0, 4, 0, 0, 0, 0, 0, 0, -2, 0]",23,3
FF3194,"[1, 0, 5, 1, 1, 4, 1, 0, 0, 0, 0, 0, 0, 0, 0, 1, 0, 0, 0, 0, 0, 0, 0, 0]",14,1
FF4104,"[1, 0, 5, 1, 1, 4, 0, 0, 0, 0, 0, 0, 0, 0, 0, 3, 0, 0, 0, 0, 0, 0, 0, 0]",15,1
FF4114,"[1, 0, 5, 1, 2, 4, 0, 0, 0, 0, 0, 0, 0, 0, 0, 0, 0, 0, 0, 0, 0, 0, 0, 0]",13,1
FF4124,"[1, 0, 5, 1, 2, 4, 0, 0, 0, 0, 0, 0, 0, 0, 0, 0, 0, 0, 0, 0, 0, 0, 0, 0]",13,1
FF4134,"[1, 0, 5, 1, 2, 4, 0, 0, 0, 0, 0, 0, 0, 0, 0, 0, 0, 0, 0, 0, 0, 0, 0, 0]",13,1
FF4144,"[1, 3, 5, 1, 2, 4, 1, 0, 0, 0, 0, 0, 0, 0, 0, 0, 0, 0, 0, 0, 0, 0, 0, -1]",16,2
FF4154,"[1, 3, 5, 1, 2, 4, 0, 0, 0, 0, 0, 0, 0, 0, 0, 0, 0, 0, 0, 0, 0, 0, 0, 0]",16,2
FF4164,"[1, 3, 5, 1, 1, 3, 1, 0, 0, 0, 0, 0, 0, 0, 0, 0, 0, 0, 0, 0, 0, 0, 0, -5]",10,1
FF4174,"[2, 5, 5, 1, 1, 3, 2, 0, 0, 0, 0, 0, 0, 0, 0, 0, 0, 0, 0, 0, 0, 0, 0, 0]",19,2
FF2153,"[4, 5, 5, 1, 1, 3, 2, 5, 4, 0, 0, 0, 0, 0, 0, 0, 0, 0, 0, 0, 0, 0, 0, 0]",30,4
FF2163,"[1, 5, 5, 1, 1, 3, 1, 5, 4, 0, 0, 0, 0, 0, 0, 0, 0, 0, 0, 0, 0, 0, 0, 0]",26,3
FF2173,"[1, 5, 5, 1, 1, 3, 1, 5, 4, 0, 0, 0, 0, 0, 0, 0, 0, 0, 0, 0, 0, 0, 0, 0]",26,3
FF2183,"[1, 5, 5, 1, 1, 4, 2, 0, 4, 0, 0, 0, 0, 0, 0, 0, 0, 0, 0, 0, 0, 0, 0, 0]",23,3
FF2193,"[1, 5, 5, 1, 1, 4, 2, 0, 4, 0, 0, 0, 0, 0, 0, 0, 0, 0, 0, 0, 0, 0, 0, 0]",23,3
FF3103,"[1, 5, 5, 1, 1, 4, 1, 0, 4, 0, 0, 0, 0, 0, 0, 0, 0, 0, 0, 0, 0, 0, 0, 0]",22,3
FF3113,"[1, 5, 5, 1, 1, 4, 1, 0, 4, 0, 0, 0, 0, 0, 0, 0, 0, 0, 0, 0, 0, 0, 0, 0]",22,3
FF3123,"[1, 5, 5, 1, 1, 4, 2, 0, 4, 0, 0, 0, 0, 0, 0, 0, 0, 0, 0, 0, 0, 0, 0, 0]",23,3
FF3133,"[1, 5, 5, 1, 2, 4, 1, 0, 4, 0, 0, 0, 0, 0, 0, 0, 0, 0, 0, 0, 0, 0, 0, 0]",23,3
FF3143,"[1, 5, 5, 1, 2, 4, 0, 0, 4, 0, 0, 0, 0, 0, 0, 0, 0, 0, 0, 0, 0, 0, 0, 0]",22,3
FF3153,"[1, 5, 5, 1, 1, 4, 0, 0, 4, 0, 0, 0, 0, 0, 0, 0, 0, 0, 0, 0, 0, 0, 0, 0]",21,2
FF3163,"[1, 5, 5, 1, 3, 4, 1, 5, 4, 0, 0, 0, 0, 0, 0, 4, 0, 0, 0, 0, 0, 0, 0, 0]",33,5
FF3173,"[1, 0, 5, 1, 3, 4, 1, 0, 4, 0, 0, 0, 0, 0, 0, 5, 3, 0, 0, 0, 0, 0, 0, 0]",27,4
FF3183,"[1, 5, 5, 1, 3, 4, 0, 0, 4, 0, 0, 0, 0, 0, 0, 3, 3, 0, 0, 0, 0, 0, -2, 0]",27,4
FF3193,"[1, 5, 5, 1, 1, 4, 0, 0, 0, 0, 0, 0, 0, 0, 0, 0, 0, 0, 0, 0, 0, 0, 0, 0]",17,2
FF4103,"[2, 3, 5, 1, 1, 4, 1, 0, 0, 0, 0, 0, 0, 0, 0, 0, 0, 0, 0, 0, 0, 0, 0, -1]",16,2
FF4113,"[1, 2, 5, 1, 1, 4, 1, 0, 0, 0, 0, 0, 0, 0, 0, 0, 0, 0, 0, 0, 0, 0, 0, -1]",14,1
FF4123,"[1, 0, 5, 1, 2, 4, 1, 0, 0, 0, 0, 0, 0, 0, 0, 0, 0, 0, 0, 0, 0, 0, 0, 0]",14,1
FF4133,"[1, 0, 5, 1, 1, 4, 0, 0, 0, 0, 0, 0, 0, 0, 0, 0, 0, 0, 0, 0, 0, 0, 0, 0]",12,1
FF4143,"[1, 4, 5, 1, 2, 4, 1, 4, 0, 0, 0, 0, 0, 0, 0, 0, 0, 0, 0, 0, 0, 0, 0, -4]",18,2
FF4153,"[1, 3, 5, 1, 2, 3, 1, 0, 0, 0, 0, 0, 0, 0, 0, 0, 0, 0, 0, 0, 0, 0, 0, -2]",14,1
FF4163,"[1, 4, 5, 1, 1, 3, 1, 4, 0, 0, 0, 0, 0, 0, 0, 0, 0, 0, 0, 0, 0, 0, 0, 0]",20,2
FF4173,"[4, 4, 4, 1, 2, 3, 1, 5, 3, 0, 0, 0, 0, 0, 0, 0, 0, 0, 0, 0, 0, 0, 0, -2]",25,3
FF2152,"[4, 5, 4, 1, 1, 3, 1, 5, 4, 0, 0, 0, 0, 0, 0, 0, 0, 0, 0, 0, 0, 0, 0, 0]",28,4
FF2162,"[3, 5, 5, 1, 1, 2, 1, 5, 4, 0, 0, 0, 0, 0, 0, 0, 0, 0, 0, 0, 0, 0, 0, 0]",27,4
FF2172,"[3, 5, 5, 1, 1, 3, 1, 5, 4, 0, 0, 0, 0, 0, 0, 0, 0, 0, 0, 0, 0, 0, 0, 0]",28,4
FF2182,"[1, 5, 5, 1, 1, 4, 2, 4, 4, 0, 0, 0, 0, 0, 0, 0, 0, 0, 0, 0, 0, 0, 0, 0]",27,4
FF2192,"[1, 5, 5, 1, 1, 4, 1, 0, 4, 0, 0, 0, 0, 0, 0, 0, 0, 0, 0, 0, 0, 0, 0, 0]",22,3
FF3102,"[1, 5, 5, 1, 2, 4, 0, 0, 4, 0, 0, 0, 0, 0, 0, 0, 0, 0, 0, 0, 0, 0, 0, 0]",22,3
FF3112,"[3, 4, 5, 1, 1, 4, 1, 4, 4, 0, 0, 0, 0, 0, 0, 0, 0, 0, 0, 0, 0, 0, 0, -4]",23,3
FF3122,"[1, 5, 5, 1, 1, 4, 0, 0, 4, 0, 0, 0, 0, 0, 0, 0, 0, 0, 0, 0, 0, 0, 0, 0]",21,2
FF3132,"[1, 5, 5, 1, 1, 4, 0, 0, 4, 0, 0, 0, 0, 0, 0, 0, 0, 0, 0, 0, 0, 0, 0, 0]",21,2
FF3142,"[2, 3, 5, 1, 1, 4, 1, 4, 4, 0, 0, 0, 0, 0, 0, 1, 0, 0, 0, 0, 0, 0, 0, -2]",24,3
FF3152,"[3, 3, 4, 1, 2, 4, 1, 5, 4, 0, 0, 0, 0, 0, 0, 4, 0, 0, 0, 0, 0, 0, 0, -2]",29,4
FF3162,"[1, 5, 5, 1, 2, 4, 1, 5, 4, 0, 0, 0, 0, 0, 0, 4, 4, 0, 0, 0, 0, 0, 0, -1]",35,5
FF3172,"[1, 5, 5, 1, 2, 4, 0, 0, 4, 0, 0, 0, 0, 0, 0, 2, 2, 0, 0, 0, 0, 0, 0, 0]",26,3
FF3182,"[1, 5, 5, 1, 2, 4, 0, 0, 4, 0, 0, 0, 0, 0, 0, 3, 3, 0, 0, 0, 0, 0, -1, 0]",27,4
FF3192,"[1, 5, 5, 1, 2, 4, 0, 0, 4, 0, 0, 0, 0, 0, 0, 0, 0, 0, 0, 0, 0, 0, -2, 0]",20,2
FF4102,"[2, 3, 5, 1, 2, 4, 1, 0, 0, 0, 0, 0, 0, 0, 0, 0, 0, 0, 0, 0, 0, 0, 0, -2]",16,2
FF4112,"[1, 3, 5, 1, 3, 4, 1, 0, 0, 0, 0, 0, 0, 0, 0, 0, 0, 0, 0, 0, 0, 0, 0, -2]",16,2
FF4122,"[1, 0, 5, 1, 3, 4, 1, 0, 0, 0, 0, 0, 0, 0, 0, 0, 0, 0, 0, 0, 0, 0, 0, 0]",15,1
FF4132,"[1, 0, 5, 1, 1, 4, 1, 0, 0, 0, 0, 0, 0, 0, 0, 0, 0, 0, 0, 0, 0, 0, 0, 0]",13,1
FF4142,"[1, 0, 5, 1, 2, 4, 1, 0, 0, 0, 0, 0, 0, 0, 0, 0, 0, 0, 0, 0, 0, 0, 0, 0]",14,1
FF4152,"[1, 0, 5, 1, 1, 2, 3, 0, 0, 0, 0, 0, 0, 0, 0, 0, 0, 0, 0, 0, 0, 0, 0, 0]",13,1
FF4162,"[3, 2, 5, 1, 2, 3, 2, 4, 3, 0, 0, 0, 0, 0, 0, 0, 0, 0, 0, 0, 0, 0, 0, -1]",24,3
FF4172,"[4, 3, 4, 1, 2, 3, 1, 4, 4, 0, 0, 0, 0, 0, 0, 0, 0, 0, 0, 0, 0, 0, 0, -1]",25,3
FF2079,"[4, 3, 4, 1, 1, 4, 1, 4, 4, 0, 0, 0, 0, 0, 0, 0, 0, 0, 0, 0, -5, 0, 0, -2]",19,2
FF2089,"[4, 4, 4, 1, 1, 4, 2, 5, 4, 0, 0, 0, 0, 0, 0, 0, 0, 0, 0, 0, -5, 0, 0, -1]",23,3
FF2099,"[3, 4, 4, 1, 1, 4, 1, 5, 4, 0, 0, 0, 0, 0, 0, 0, 0, 0, 0, 0, -5, 0, 0, 0]",22,3
FF3009,"[3, 4, 4, 1, 1, 4, 1, 4, 4, 0, 0, 0, 0, 0, 0, 0, 0, 0, 0, 0, 0, 0, 0, -1]",25,3
FF3019,"[3, 3, 4, 1, 1, 4, 0, 4, 4, 0, 0, 0, 0, 0, 0, 2, 0, 0, 0, 0, 0, 0, 0, -1]",25,3
FF3029,"[2, 4, 5, 1, 1, 4, 0, 0, 4, 0, 0, 0, 0, 0, 0, 3, 0, 0, 0, 0, 0, 0, 0, 0]",24,3
FF3039,"[4, 2, 4, 1, 2, 4, 0, 4, 4, 0, 0, 0, 0, 0, 0, 4, 0, 0, 0, 0, 0, 0, 0, -1]",28,4
FF3049,"[3, 5, 5, 1, 1, 4, 1, 5, 4, 0, 0, 0, 0, 0, 0, 0, 0, 0, 0, 0, 0, 0, 0, -2]",27,4
FF3059,"[1, 2, 5, 1, 1, 4, 1, 0, 4, 0, 0, 0, 0, 0, 0, 4, 4, 0, 0, 0, 0, 0, 0, 0]",27,4
FF3069,"[1, 5, 5, 1, 1, 4, 1, 4, 4, 0, 0, 0, 0, 0, 0, 3, 3, 0, 0, 0, 0, 0, 0, 0]",32,4
FF3079,"[1, 0, 5, 1, 2, 4, 1, 0, 4, 0, 0, 0, 0, 0, 0, 3, 3, 0, 0, 0, 0, 0, 0, 0]",24,3
FF3089,"[1, 5, 5, 1, 3, 4, 1, 4, 4, 0, 0, 0, 0, 0, 0, 3, 3, 0, 0, 0, 0, 0, 0, 0]",34,5
FF3099,"[1, 5, 5, 1, 3, 4, 0, 0, 4, 0, 0, 0, 0, 0, 0, 0, 0, 0, 0, 0, 0, 0, -2, 0]",21,2
FF4009,"[1, 5, 5, 1, 3, 4, 0, 0, 0, 0, 0, 0, 0, 0, 0, 0, 0, 0, 0, 0, 0, 0, 0, 0]",19,2
FF4019,"[1, 0, 5, 1, 2, 4, 0, 0, 0, 0, 0, 0, 0, 0, 0, 0, 0, 0, 0, 0, 0, 0, 0, 0]",13,1
FF4029,"[1, 5, 5, 1, 2, 3, 0, 0, 0, 0, 0, 0, 0, 0, 0, 0, 0, 0, 0, 0, 0, 0, 0, 0]",17,2
FF4039,"[5, 4, 4, 1, 2, 3, 1, 5, 0, 0, 0, 0, 0, 0, 0, 0, 0, 0, 0, 0, 0, 0, 0, -5]",20,2
FF4049,"[3, 3, 3, 1, 2, 5, 1, 5, 0, 0, 0, 0, 0, 0, 0, 0, 0, 0, 0, 0, 0, 0, 0, 0]",23,3
FF4059,"[3, 1, 2, 1, 2, 4, 1, 4, 0, 0, 0, 0, 0, 0, 2, 0, 0, 0, 0, 0, -5, 0, 0, -1]",14,1
FF4069,"[4, 3, 2, 1, 3, 3, 2, 5, 4, 0, 0, 0, 0, 0, 2, 0, 0, 0, 0, 0, 0, 0, 0, -1]",28,4
FF3028,"[4, 2, 2, 1, 1, 3, 1, 4, 4, 0, 0, 0, 0, 0, 3, 2, 0, 0, 0, 0, 0, 0, 0, 0]",27,4
FF3038,"[2, 2, 5, 1, 1, 4, 0, 0, 4, 0, 0, 0, 0, 0, 0, 0, 0, 0, 0, 0, 0, 0, 0, 0]",19,2
FF3048,"[1, 5, 5, 1, 2, 4, 1, 0, 4, 0, 0, 0, 0, 0, 0, 1, 1, 0, 0, 0, 0, 0, -1, 0]",24,3
FF3058,"[1, 5, 5, 1, 1, 4, 1, 5, 4, 0, 0, 0, 0, 0, 0, 3, 3, 0, 0, 0, 0, 0, -2, 0]",31,4
FF3068,"[1, 5, 5, 1, 1, 4, 1, 0, 4, 0, 0, 0, 0, 0, 0, 3, 3, 0, 0, 0, 0, 0, -1, 0]",27,4
FF3078,"[1, 5, 5, 1, 2, 4, 1, 4, 4, 0, 0, 0, 0, 0, 0, 3, 3, 0, 0, 0, 0, 0, 0, 0]",33,5
FF3088,"[1, 4, 5, 1, 2, 4, 0, 4, 4, 0, 0, 0, 0, 0, 0, 4, 4, 0, 0, -5, 0, 0, -2, 0]",26,3
FF3098,"[1, 5, 5, 1, 3, 3, 0, 0, 4, 0, 0, 0, 0, 0, 0, 0, 0, 0, 0, 0, 0, 0, -3, 0]",19,2
FF4008,"[1, 5, 5, 1, 2, 3, 0, 4, 0, 0, 0, 0, 0, 0, 0, 0, 0, 0, 0, 0, 0, 0, 0, 0]",21,2
FF4018,"[3, 3, 5, 1, 2, 3, 0, 5, 0, 0, 0, 0, 0, 0, 0, 0, 0, 0, 0, 0, 0, 0, 0, -1]",21,2
FF4028,"[4, 3, 4, 1, 2, 3, 1, 5, 1, 0, 0, 0, 0, 0, 0, 0, 0, 0, 0, 0, -5, 0, 0, 0]",19,2
FF4038,"[4, 2, 2, 1, 2, 4, 1, 0, 0, 0, 0, 0, 0, 0, 0, 0, 0, 0, 0, 0, 0, 0, -1, -1]",14,1
FF4048,"[3, 1, 2, 1, 3, 4, 1, 4, 0, 0, 0, 0, 0, 0, 0, 0, 0, 0, 0, 0, 0, 0, -2, -1]",16,2
FF4058,"[5, 3, 3, 1, 4, 3, 2, 5, 4, 0, 0, 0, 0, 0, 0, 0, 0, 0, 0, 0, 0, 0, -2, -1]",27,4
FG0204,"[3, 2, 2, 1, 3, 4, 1, 4, 0, 0, 0, 0, 0, 0, 0, 0, 0, 0, 0, 0, -5, 0, -2, -1]",12,1
FG0205,"[4, 1, 2, 1, 4, 3, 1, 4, 0, 0, 0, 0, 0, 0, 0, 0, 0, 0, 0, 0, 0, 0, -4, 0]",16,2
FG0206,"[3, 2, 2, 1, 3, 4, 2, 5, 4, 0, 0, 0, 0, 0, 0, 0, 0, 0, 0, 0, 0, 0, 0, -1]",25,3
FG0207,"[2, 4, 3, 1, 3, 5, 4, 0, 4, 0, 3, 0, 0, 0, 0, 0, 0, 0, 0, 0, 0, 0, 0, -2]",27,4
FG0208,"[1, 2, 3, 1, 1, 5, 2, 0, 0, 0, 0, 0, 0, 0, 0, 0, 0, 0, 0, 0, 0, 0, 0, -1]",14,1
FG0209,"[2, 1, 2, 1, 2, 5, 2, 0, 0, 0, 0, 0, 0, 0, 0, 2, 0, 0, 0, 0, 0, 0, 0, -1]",16,2
FG0300,"[2, 2, 3, 1, 3, 5, 3, 0, 0, 0, 0, 0, 0, 0, 0, 4, 0, 0, 0, 0, 0, 0, 0, -1]",22,3
FG0301,"[4, 1, 2, 1, 5, 4, 2, 4, 0, 0, 0, 0, 0, 0, 0, 0, 0, 0, 0, 0, 0, -5, -1, -1]",16,2
FG0302,"[4, 1, 2, 2, 5, 4, 2, 4, 0, 0, 3, 0, 0, 0, 5, 0, 0, 0, 0, 0, 0, 0, -3, 0]",29,4
FG0303,"[3, 1, 2, 1, 5, 4, 3, 4, 0, 0, 0, 0, 0, 0, 0, 0, 0, 0, 0, 0, 0, 0, 0, -1]",22,3
FG5553,"[1, 5, 5, 4, 3, 3, 2, 0, 4, 5, 0, 0, 0, 0, 0, 0, 0, 0, 0, 0, 0, 0, 0, 0]",32,4
FG5554,"[1, 5, 5, 3, 3, 3, 3, 0, 4, 5, 0, 0, 0, 0, 0, 0, 0, 0, 0, 0, 0, 0, 0, 0]",32,4
FG5555,"[2, 4, 5, 3, 3, 3, 2, 0, 4, 5, 0, 0, 0, 0, 0, 0, 0, 0, 0, 0, 0, 0, 0, 0]",31,4
FG5541,"[1, 5, 5, 3, 3, 3, 3, 0, 4, 5, 0, 0, 0, 0, 0, 2, 0, 0, 0, 0, 0, 0, 0, 0]",34,5
FG5542,"[1, 5, 5, 2, 3, 3, 3, 4, 4, 5, 0, 0, 0, 0, 0, 0, 0, 0, 0, 0, 0, 0, 0, 0]",35,5
FG5543,"[2, 4, 5, 2, 3, 3, 3, 0, 4, 5, 0, 0, 0, 0, 0, 3, 0, 0, 0, 0, 0, 0, 0, -5]",29,4
FG5544,"[2, 5, 5, 2, 3, 3, 2, 0, 4, 5, 0, 0, 0, 0, 0, 4, 0, 0, 0, 0, 0, 0, 0, 0]",35,5
FG5545,"[3, 5, 4, 2, 4, 4, 3, 0, 4, 5, 0, 0, 0, 0, 0, 4, 0, 0, 0, 0, 0, 0, 0, 0]",38,5
FG5546,"[2, 4, 5, 3, 3, 3, 3, 0, 4, 5, 0, 0, 0, 0, 0, 2, 0, 0, 0, 0, 0, 0, 0, 0]",34,5
FG5531,"[1, 5, 5, 2, 3, 3, 3, 0, 0, 5, 0, 0, 0, 0, 0, 3, 0, 0, 0, 0, 0, 0, 0, 0]",30,4
FG5532,"[3, 5, 4, 2, 4, 4, 3, 4, 0, 5, 0, 0, 0, 0, 0, 0, 0, 0, 0, 0, 0, 0, 0, 0]",34,5
FG5533,"[2, 4, 3, 2, 5, 5, 3, 0, 0, 5, 0, 0, 0, 0, 0, 4, 0, 0, 0, 0, 0, 0, 0, -5]",28,4
FG5534,"[2, 5, 5, 2, 4, 3, 2, 0, 0, 0, 0, 0, 0, 0, 0, 0, 0, 0, 0, 0, 0, 0, 0, 0]",23,3
FG5535,"[3, 5, 4, 2, 3, 4, 3, 0, 4, 5, 0, 0, 0, 0, 0, 2, 0, 0, 0, 0, 0, 0, 0, 0]",35,5
FG5536,"[3, 5, 4, 3, 4, 4, 4, 0, 4, 5, 0, 0, 0, 0, 0, 2, 0, 0, 0, 0, 0, 0, 0, -4]",34,5
FG5537,"[2, 5, 5, 3, 4, 4, 3, 0, 4, 5, 0, 0, 0, 0, 0, 0, 0, 0, 0, 0, 0, 0, 0, 0]",35,5
FG5521,"[2, 5, 5, 2, 3, 3, 2, 0, 4, 0, 0, 0, 0, 0, 0, 4, 0, 0, 0, 0, 0, 0, 0, 0]",30,4
FG5522,"[2, 4, 3, 2, 5, 5, 3, 4, 4, 0, 0, 0, 0, 0, 0, 4, 0, 0, 0, 0, 0, 0, 0, -2]",34,5
FG5523,"[2, 4, 3, 3, 5, 5, 2, 0, 0, 0, 0, 0, 0, 0, 0, 3, 0, 0, 0, 0, 0, 0, 0, -5]",22,3
FG5524,"[3, 4, 4, 2, 4, 4, 3, 4, 0, 0, 0, 0, 0, 0, 0, 0, 0, 0, 0, 0, 0, 0, 0, -3]",25,3
FG5525,"[3, 4, 3, 1, 4, 4, 3, 4, 4, 0, 0, 0, 0, 0, 3, 1, 1, 0, 0, 0, 0, 0, -1, -5]",29,4
FG5526,"[2, 5, 3, 2, 5, 5, 4, 0, 4, 5, 3, 0, 0, 0, 3, 4, 3, 0, 0, 0, 0, 0, -3, -5]",40,5
FG5527,"[2, 4, 3, 1, 5, 5, 3, 0, 4, 5, 3, 0, 0, 0, 2, 4, 4, 0, 0, 0, 0, 0, -2, -1]",42,5
FG5528,"[2, 5, 3, 2, 5, 5, 2, 0, 4, 5, 0, 0, 0, 0, 2, 3, 3, 0, 0, 0, 0, 0, -2, 0]",39,5
FG5927,"[1, 0, 5, 5, 3, 3, 1, 0, 4, 5, 0, 0, 0, 0, 0, 0, 0, 0, 0, 0, 0, 0, 0, 0]",27,4
FG5928,"[1, 4, 5, 5, 3, 3, 3, 4, 4, 5, 0, 0, 0, 0, 0, 3, 3, 0, 0, 0, 0, 0, 0, 0]",43,5
FG5929,"[3, 4, 4, 2, 4, 4, 4, 4, 4, 5, 0, 0, 0, 0, 3, 4, 4, 0, 0, 0, 0, 0, -2, -1]",46,5
FG5511,"[1, 5, 5, 2, 3, 3, 2, 0, 4, 0, 0, 0, 0, 0, 0, 5, 0, 0, 0, 0, 0, 0, 0, 0]",30,4
FG5512,"[2, 4, 5, 2, 4, 3, 3, 4, 4, 0, 0, 0, 0, 0, 0, 3, 0, 0, 0, 0, 0, 0, 0, -5]",29,4
FG5513,"[3, 5, 4, 2, 4, 4, 1, 0, 4, 0, 0, 0, 0, 0, 0, 3, 0, 0, 0, 0, 0, 0, 0, 0]",30,4
FG5514,"[3, 2, 4, 3, 4, 3, 2, 0, 0, 0, 0, 0, 0, 0, 5, 0, 0, 0, 0, 0, 0, 0, 0, -1]",25,3
FG5515,"[3, 3, 3, 1, 5, 5, 3, 0, 4, 0, 0, 0, 0, 0, 3, 3, 3, 0, 0, 0, 0, 0, -2, -2]",32,4
FG5516,"[2, 3, 3, 2, 5, 5, 2, 0, 4, 5, 0, 0, 0, 0, 3, 1, 1, 0, 0, 0, 0, 0, 0, -1]",35,5
FG5517,"[3, 4, 3, 2, 5, 5, 2, 0, 4, 5, 3, 0, 0, 0, 5, 4, 3, 0, 0, 0, 0, 0, 0, 0]",48,5
FG5518,"[3, 5, 4, 2, 5, 4, 2, 0, 4, 5, 0, 0, 0, 0, 0, 0, 0, 0, 0, 0, 0, 0, 0, 0]",34,5
FG5916,"[1, 0, 5, 5, 3, 3, 2, 0, 4, 5, 0, 0, 0, 0, 0, 4, 2, 0, 0, 0, 0, 0, 0, 0]",34,5
FG5917,"[1, 5, 5, 4, 3, 3, 5, 0, 4, 5, 0, 0, 0, 0, 0, 3, 3, 0, 0, 0, 0, 0, 0, 0]",41,5
FG5918,"[3, 4, 4, 2, 4, 4, 4, 0, 4, 5, 0, 0, 0, 0, 0, 2, 2, 0, 0, 0, 0, 0, 0, -4]",34,5
FG5919,"[3, 5, 3, 2, 4, 5, 3, 4, 4, 5, 0, 0, 0, 0, 0, 3, 3, 0, 0, 0, 0, 0, -2, -5]",37,5
FG0909,"[3, 2, 3, 2, 5, 5, 2, 4, 4, 0, 0, 0, 0, 0, 3, 0, 0, 0, 0, 0, 0, 0, 0, -1]",32,4
FG0919,"[2, 4, 4, 2, 4, 4, 2, 0, 4, 0, 0, 0, 0, 0, 3, 0, 0, 0, 0, 0, 0, 0, 0, 0]",29,4
FG0929,"[3, 3, 3, 2, 5, 5, 1, 4, 4, 0, 0, 0, 0, 0, 3, 3, 4, 0, 0, 0, 0, 0, 0, -2]",38,5
FG0939,"[2, 4, 5, 3, 3, 3, 2, 0, 4, 0, 0, 0, 0, 0, 0, 2, 2, 0, 0, 0, 0, 0, 0, 0]",30,4
FG0949,"[2, 3, 5, 3, 3, 3, 1, 0, 4, 0, 0, 0, 0, 0, 0, 1, 1, 0, 0, 0, 0, 0, 0, -1]",25,3
FG0959,"[1, 4, 5, 3, 3, 3, 1, 4, 4, 0, 0, 0, 0, 0, 2, 1, 1, 0, 0, 0, 0, 0, 0, 0]",32,4
FG0969,"[5, 3, 4, 2, 4, 3, 2, 4, 4, 0, 0, 0, 0, 0, 3, 0, 0, 0, 0, 0, 0, 0, 0, -1]",33,5
FG0979,"[3, 4, 5, 3, 3, 3, 2, 0, 5, 0, 0, 0, 0, 0, 0, 0, 0, 0, 0, 0, 0, 0, 0, -2]",26,3
FG3939,"[2, 5, 5, 3, 3, 3, 3, 0, 4, 0, 0, 0, 0, 0, 0, 0, 0, 0, 0, 0, 0, 0, 0, 0]",28,4
FG3949,"[3, 3, 3, 2, 4, 4, 3, 4, 4, 0, 0, 0, 0, 0, 3, 0, 0, 0, 0, 0, 0, 0, 0, -1]",32,4
FG3959,"[2, 4, 3, 2, 5, 5, 3, 4, 4, 0, 0, 0, 0, 0, 0, 0, 0, 0, 0, 0, 0, 0, 0, 0]",32,4
FG3969,"[3, 5, 4, 2, 4, 4, 3, 0, 4, 0, 0, 0, 0, 0, 0, 0, 0, 0, 0, 0, 0, 0, 0, 0]",29,4
FG3979,"[1, 5, 5, 4, 3, 3, 2, 0, 4, 0, 0, 0, 0, 0, 0, 0, 0, 0, 0, 0, 0, 0, 0, 0]",27,4
FG3989,"[1, 0, 5, 4, 3, 3, 2, 0, 4, 0, 0, 0, 0, 0, 0, 1, 1, 0, 0, 0, 0, 0, 0, 0]",24,3
FG3999,"[1, 5, 5, 5, 3, 3, 1, 0, 0, 0, 0, 0, 0, 0, 0, 3, 3, 0, 0, 0, 0, 0, 0, 0]",29,4
FG4909,"[1, 4, 5, 5, 3, 3, 2, 0, 0, 0, 0, 0, 0, 0, 0, 3, 3, 0, 0, 0, 0, 0, 0, 0]",29,4
FG4919,"[1, 0, 5, 5, 3, 3, 2, 0, 0, 0, 0, 0, 0, 0, 0, 3, 3, 0, 0, 0, 0, 0, 0, 0]",25,3
FG4929,"[2, 5, 5, 3, 3, 4, 3, 4, 0, 0, 0, 0, 0, 0, 0, 0, 0, 0, 0, 0, 0, 0, 0, 0]",29,4
FG4939,"[2, 3, 3, 1, 4, 5, 2, 4, 0, 0, 0, 0, 0, 0, 0, 2, 2, 0, 0, 0, 0, 0, 0, -1]",27,4
FG4949,"[2, 3, 3, 2, 5, 5, 2, 4, 0, 0, 0, 0, 0, 0, 5, 3, 3, 0, 0, 0, 0, 0, 0, -3]",34,5
FG4959,"[2, 5, 5, 2, 4, 3, 2, 0, 0, 0, 0, 0, 0, 0, 0, 0, 0, 0, 0, 0, 0, 0, 0, 0]",23,3
FG4969,"[1, 5, 5, 2, 3, 3, 2, 0, 0, 0, 0, 0, 0, 0, 0, 0, 0, 0, 0, 0, 0, 0, 0, 0]",21,2
FG4979,"[1, 5, 5, 3, 3, 3, 3, 0, 0, 0, 0, 0, 0, 0, 0, 0, 0, 0, 0, 0, 0, 0, 0, 0]",23,3
FG4989,"[2, 4, 5, 3, 4, 3, 2, 4, 0, 0, 0, 0, 0, 0, 0, 0, 0, 0, 0, 0, 0, 0, 0, -1]",26,3
FG4999,"[3, 3, 3, 3, 5, 5, 3, 4, 1, 0, 0, 0, 0, 0, 2, 2, 2, 0, 0, 0, 0, 0, -1, -1]",34,5
FG5909,"[3, 4, 3, 2, 4, 4, 3, 4, 0, 5, 0, 0, 0, 0, 2, 3, 3, 0, 0, 0, 0, 0, -2, -4]",34,5
FG0908,"[2, 4, 5, 3, 3, 3, 2, 0, 4, 0, 0, 0, 0, 0, 0, 0, 0, 0, 0, 0, 0, 0, 0, 0]",26,3
FG0918,"[1, 5, 5, 4, 3, 3, 1, 0, 4, 0, 0, 0, 0, 0, 2, 0, 0, 0, 0, 0, 0, 0, 0, 0]",28,4
FG0928,"[2, 4, 5, 4, 3, 3, 1, 0, 4, 0, 0, 0, 0, 0, 0, 3, 3, 0, 0, 0, 0, 0, 0, -4]",28,4
FG0938,"[1, 0, 5, 3, 3, 3, 1, 0, 4, 0, 0, 0, 0, 0, 0, 2, 2, 0, 0, 0, 0, 0, 0, 0]",24,3
FG0948,"[2, 4, 5, 3, 3, 4, 1, 0, 4, 0, 0, 0, 0, 0, 3, 3, 3, 0, 0, 0, 0, 0, 0, 0]",35,5
FG3928,"[3, 4, 4, 3, 4, 4, 4, 0, 4, 0, 0, 0, 0, 0, 0, 2, 2, 0, 0, 0, 0, 0, 0, -4]",30,4
FG3938,"[3, 3, 4, 3, 4, 4, 3, 4, 4, 0, 0, 0, 0, 0, 0, 3, 3, 0, 0, 0, 0, 0, 0, -2]",36,5
FG3948,"[3, 3, 3, 3, 5, 5, 4, 4, 4, 0, 0, 0, 0, 0, 0, 0, 0, 0, 0, 0, 0, 0, 0, -1]",33,5
FG3958,"[2, 4, 5, 2, 3, 3, 3, 0, 4, 0, 0, 0, 0, 0, 0, 0, 0, 0, 0, 0, 0, 0, 0, 0]",26,3
FG3968,"[1, 5, 5, 5, 3, 3, 5, 0, 4, 0, 0, 0, 0, 0, 0, 0, 0, 0, 0, 0, 0, 0, 0, 0]",31,4
FG3978,"[1, 0, 5, 4, 3, 3, 2, 0, 4, 0, 0, 0, 0, 0, 0, 0, 0, 0, 0, 0, 0, 0, 0, 0]",22,3
FG3988,"[2, 5, 5, 4, 3, 3, 2, 0, 0, 0, 0, 0, 0, 0, 0, 3, 3, 0, 0, 0, 0, 0, 0, 0]",30,4
FG3998,"[3, 3, 3, 4, 4, 5, 5, 4, 0, 0, 0, 0, 0, 0, 0, 0, 0, 0, 0, 0, 0, 0, 0, -2]",29,4
FG4908,"[2, 5, 5, 4, 3, 3, 2, 0, 0, 0, 0, 0, 0, 0, 0, 0, 0, 0, 0, 0, 0, 0, 0, 0]",24,3
FG4918,"[2, 5, 5, 4, 3, 4, 3, 0, 0, 0, 0, 0, 0, 0, 0, 0, 0, 0, 0, 0, 0, 0, 0, 0]",26,3
FG4928,"[3, 4, 4, 2, 5, 4, 2, 0, 0, 0, 0, 0, 0, 0, 0, 0, 0, 0, 0, 0, 0, 0, 0, -1]",23,3
FG4938,"[2, 4, 3, 1, 5, 5, 2, 4, 0, 0, 0, 0, 0, 0, 0, 3, 3, 0, 0, 0, 0, 0, 0, -5]",27,4
FG4948,"[2, 2, 3, 2, 5, 5, 2, 4, 0, 0, 0, 0, 0, 0, 0, 2, 2, 0, 0, 0, 0, 0, 0, -2]",27,4
FG4958,"[3, 3, 3, 2, 5, 5, 3, 4, 0, 0, 0, 0, 0, 0, 0, 3, 3, 0, 0, 0, 0, 0, 0, -3]",31,4
FG4968,"[1, 5, 5, 4, 3, 3, 4, 0, 0, 0, 0, 0, 0, 0, 0, 2, 3, 0, 0, 0, 0, 0, -2, 0]",28,4
FG4978,"[2, 5, 4, 4, 3, 3, 3, 0, 0, 0, 0, 0, 0, 0, 0, 3, 3, 0, 0, 0, 0, 0, -2, 0]",28,4
FG4988,"[3, 4, 4, 2, 4, 4, 3, 4, 4, 0, 0, 0, 0, 0, 0, 3, 3, 0, 0, 0, 0, 0, -2, 0]",36,5
FG4998,"[3, 3, 3, 2, 5, 5, 4, 0, 4, 0, 0, 0, 0, 0, 2, 3, 3, 0, 0, 0, 0, 0, -2, -1]",34,5
FG5908,"[2, 2, 3, 2, 5, 5, 3, 4, 4, 0, 0, 0, 0, 0, 0, 3, 0, 0, 0, 0, 0, 0, 0, -1]",32,4
FG0907,"[1, 5, 5, 3, 3, 3, 3, 0, 4, 0, 0, 0, 0, 0, 0, 0, 0, 0, 0, 0, 0, 0, 0, 0]",27,4
FG0917,"[2, 5, 5, 2, 3, 3, 3, 0, 4, 0, 0, 0, 0, 0, 0, 2, 2, 0, 0, 0, 0, 0, 0, 0]",31,4
FG0927,"[1, 5, 5, 3, 3, 3, 2, 4, 4, 0, 0, 0, 0, 0, 0, 2, 2, 0, 0, 0, 0, 0, 0, 0]",34,5
FG0937,"[1, 5, 5, 3, 3, 3, 2, 0, 4, 0, 0, 0, 0, 0, 3, 1, 0, 0, 0, 0, 0, 0, 0, 0]",30,4
FG3927,"[2, 4, 5, 3, 4, 3, 3, 0, 4, 0, 0, 0, 0, 0, 0, 1, 1, 0, 0, 0, 0, 0, 0, -5]",25,3
FG3937,"[2, 4, 3, 2, 5, 5, 3, 0, 4, 0, 0, 0, 0, 0, 0, 3, 3, 0, 0, 0, 0, 0, 0, -4]",30,4
FG3947,"[3, 4, 3, 3, 4, 5, 3, 0, 4, 0, 0, 0, 0, 0, 0, 0, 0, 0, 0, 0, 0, 0, 0, -3]",26,3
FG3957,"[3, 4, 4, 2, 4, 4, 5, 0, 4, 0, 0, 0, 0, 0, 0, 0, 0, 0, 0, 0, 0, 0, 0, 0]",30,4
FG3967,"[1, 5, 5, 5, 3, 3, 2, 0, 4, 0, 0, 0, 0, 0, 0, 0, 0, 0, 0, 0, 0, 0, 0, 0]",28,4
FG3977,"[2, 4, 5, 4, 4, 4, 2, 4, 0, 0, 0, 0, 0, 0, 3, 0, 0, 0, 0, 0, 0, 0, 0, -4]",28,4
FG3987,"[3, 3, 3, 3, 4, 4, 4, 4, 0, 0, 0, 0, 0, 0, 0, 2, 2, 0, 0, 0, 0, 0, -2, -3]",27,4
FG3997,"[3, 4, 4, 3, 4, 4, 3, 4, 0, 0, 0, 0, 0, 0, 5, 1, 1, 0, 0, 0, 0, 0, -2, -2]",32,4
FG4907,"[4, 3, 4, 4, 4, 4, 3, 4, 0, 0, 0, 0, 0, 0, 0, 0, 0, 0, 0, 0, 0, 0, -2, -2]",26,3
FG4917,"[3, 4, 3, 2, 5, 5, 4, 4, 0, 0, 0, 0, 0, 0, 0, 0, 0, 0, 0, 0, 0, 0, -1, -1]",28,4
FG4927,"[3, 3, 3, 2, 5, 4, 3, 4, 0, 0, 0, 0, 0, 0, 0, 3, 3, 0, 0, 0, 0, 0, -2, -1]",30,4
FG4937,"[3, 3, 4, 2, 4, 3, 2, 0, 0, 0, 0, 0, 0, 0, 0, 1, 1, 0, 0, 0, 0, 0, -2, -1]",20,2
FG4947,"[3, 4, 5, 2, 4, 4, 3, 0, 0, 0, 0, 0, 0, 0, 0, 0, 0, 0, 0, 0, 0, 0, -2, -4]",19,2
FG4957,"[2, 5, 5, 3, 3, 3, 3, 0, 0, 0, 0, 0, 0, 0, 0, 2, 2, 0, 0, 0, 0, 0, -2, 0]",26,3
FG4967,"[1, 5, 5, 3, 3, 3, 2, 0, 0, 0, 0, 0, 0, 0, 0, 1, 1, 0, 0, 0, 0, 0, -1, 0]",23,3
FG4977,"[1, 5, 5, 4, 3, 3, 3, 0, 4, 0, 0, 0, 0, 0, 0, 1, 1, 0, 0, 0, 0, 0, 0, 0]",30,4
FG4987,"[2, 5, 5, 3, 4, 3, 4, 0, 4, 0, 0, 0, 0, 0, 0, 3, 3, 0, 0, 0, -5, 0, 0, 0]",31,4
FG4997,"[2, 5, 5, 2, 4, 3, 3, 0, 4, 5, 0, 0, 0, 0, 0, 0, 0, 0, 0, 0, 0, 0, 0, 0]",33,5
FG5907,"[3, 4, 4, 2, 5, 4, 2, 0, 4, 5, 0, 0, 0, 0, 0, 3, 0, 0, 0, 0, 0, 0, 0, 0]",36,5
FG2855,"[3, 4, 4, 5, 4, 4, 4, 0, 5, 0, 0, 0, 0, 0, 0, 0, 0, 0, 0, 0, 0, 0, 0, 0]",33,5
FG2865,"[1, 5, 5, 4, 3, 3, 1, 0, 5, 0, 0, 0, 0, 0, 0, 0, 0, 0, 0, 0, 0, 0, 0, 0]",27,4
FG2875,"[1, 5, 5, 5, 3, 3, 2, 0, 4, 0, 0, 0, 0, 0, 0, 0, 0, 0, 0, 0, 0, 0, 0, 0]",28,4
FG2884,"[1, 5, 5, 4, 3, 2, 2, 0, 4, 0, 0, 0, 0, 0, 0, 0, 0, 0, 0, 0, 0, 0, 0, 0]",26,3
FG2885,"[1, 5, 5, 5, 3, 3, 2, 0, 4, 0, 0, 0, 0, 0, 0, 0, 0, 0, 0, 0, 0, 0, 0, 0]",28,4
FG2894,"[3, 4, 4, 3, 4, 4, 3, 4, 4, 0, 0, 0, 0, 0, 3, 0, 0, 0, 0, 0, 0, 0, -1, -2]",33,5
FG2895,"[1, 5, 5, 3, 3, 3, 4, 0, 4, 0, 0, 0, 0, 0, 0, 0, 0, 0, 0, 0, 0, 0, 0, 0]",28,4
FG3804,"[3, 3, 3, 2, 5, 4, 2, 4, 4, 0, 0, 0, 0, 0, 0, 0, 0, 0, 0, 0, 0, 0, -2, -2]",26,3
FG3805,"[2, 3, 3, 2, 5, 5, 3, 4, 4, 0, 0, 0, 0, 0, 2, 0, 0, 0, 0, 0, 0, 0, -2, -2]",29,4
FG3814,"[2, 4, 5, 4, 4, 3, 2, 0, 0, 0, 0, 0, 0, 0, 0, 0, 0, 0, 0, 0, 0, 0, 0, -2]",22,3
FG3815,"[2, 4, 5, 4, 4, 3, 3, 0, 0, 0, 0, 0, 0, 0, 0, 0, 0, 0, 0, 0, 0, 0, 0, 0]",25,3
FG3824,"[3, 4, 4, 3, 4, 4, 3, 0, 0, 0, 0, 0, 0, 0, 0, 0, 0, 0, 0, 0, 0, 0, 0, -3]",22,3
FG3825,"[1, 5, 5, 4, 3, 3, 3, 0, 0, 0, 0, 0, 0, 0, 0, 0, 0, 0, 0, 0, 0, 0, 0, 0]",24,3
FG3834,"[3, 3, 4, 2, 4, 3, 3, 4, 1, 0, 0, 0, 0, 0, 0, 0, 0, 0, 0, 0, 0, 0, 0, -2]",25,3
FG3835,"[3, 3, 3, 3, 5, 4, 3, 0, 0, 0, 0, 0, 0, 0, 3, 0, 0, 0, 0, 0, 0, 0, 0, -1]",26,3
FG3844,"[2, 4, 5, 2, 4, 3, 2, 0, 0, 0, 0, 0, 0, 0, 0, 0, 0, 0, 0, 0, 0, 0, 0, 0]",22,3
FG3845,"[3, 4, 4, 3, 4, 3, 4, 4, 0, 0, 0, 0, 0, 0, 2, 0, 0, 0, 0, 0, 0, 0, 0, -4]",27,4
FG3854,"[1, 4, 5, 5, 3, 3, 2, 0, 1, 0, 0, 0, 0, 0, 0, 0, 0, 0, 0, 0, 0, 0, 0, 0]",24,3
FG3855,"[2, 5, 5, 3, 4, 3, 3, 0, 0, 0, 0, 0, 0, 0, 0, 0, 0, 0, 0, 0, 0, 0, 0, 0]",25,3
FG3864,"[2, 4, 5, 5, 3, 3, 2, 5, 0, 0, 0, 0, 0, 0, 0, 0, 0, 0, 0, 0, 0, 0, 0, 0]",29,4
FG3865,"[3, 4, 5, 3, 3, 3, 3, 5, 0, 0, 0, 0, 0, 0, 0, 0, 0, 0, 0, 0, 0, 0, 0, -5]",24,3
FG3874,"[3, 5, 5, 5, 2, 2, 2, 5, 0, 0, 0, 0, 0, 0, 0, 0, 0, 0, 0, 0, 0, 0, 0, 0]",29,4
FG3875,"[1, 0, 5, 5, 3, 3, 1, 0, 0, 0, 0, 0, 0, 0, 0, 0, 0, 0, 0, 0, 0, 0, 0, 0]",18,2
FG3884,"[2, 5, 5, 1, 1, 1, 2, 5, 0, 0, 0, 0, 0, 0, 0, 0, 0, 0, 0, 0, 0, 0, 0, 0]",22,3
FG3885,"[2, 4, 5, 4, 3, 3, 2, 5, 0, 0, 0, 0, 0, 0, 2, 0, 0, 0, 0, 0, 0, 0, 0, 0]",30,4
FG3894,"[3, 5, 5, 2, 2, 1, 3, 5, 0, 0, 0, 0, 0, 0, 0, 0, 0, 0, 0, 0, 0, 0, 0, 0]",26,3
FG3895,"[3, 5, 5, 2, 2, 2, 4, 5, 0, 0, 0, 0, 0, 0, 0, 0, 0, 0, 0, 0, 0, 0, 0, 0]",28,4
FG4804,"[2, 4, 5, 2, 4, 3, 3, 5, 0, 0, 0, 0, 0, 0, 0, 0, 0, 0, 0, 0, 0, 0, 0, 0]",28,4
FG4805,"[3, 5, 5, 2, 2, 2, 2, 5, 0, 0, 0, 0, 0, 0, 0, 0, 0, 0, 0, 0, 0, 0, 0, 0]",26,3
FG4814,"[1, 5, 5, 3, 3, 3, 3, 5, 0, 0, 0, 0, 0, 0, 0, 0, 0, 0, 0, 0, 0, 0, 0, 0]",28,4
FG4815,"[3, 5, 5, 1, 2, 1, 3, 5, 0, 0, 0, 0, 0, 0, 0, 0, 0, 0, 0, 0, 0, 0, 0, 0]",25,3
FG4824,"[3, 4, 5, 3, 3, 2, 3, 5, 4, 0, 0, 0, 0, 0, 0, 0, 0, 0, 0, 0, 0, 0, 0, -1]",31,4
FG4825,"[3, 5, 5, 2, 2, 1, 2, 5, 4, 0, 0, 0, 0, 0, 0, 0, 0, 0, 0, 0, 0, 0, 0, -1]",28,4
FG4834,"[4, 5, 5, 2, 3, 2, 2, 5, 4, 0, 0, 0, 0, 0, 0, 0, 0, 0, 0, 0, 0, 0, 0, -4]",28,4
FG4835,"[4, 3, 4, 2, 3, 2, 2, 5, 4, 0, 0, 0, 0, 0, 0, 0, 0, 0, 0, 0, 0, 0, 0, 0]",29,4
FG4844,"[3, 5, 5, 3, 2, 2, 2, 5, 4, 0, 0, 0, 0, 0, 0, 0, 0, 0, 0, 0, 0, 0, 0, 0]",31,4
FG4845,"[3, 4, 5, 3, 4, 3, 3, 5, 4, 0, 0, 0, 0, 0, 0, 0, 0, 0, 0, 0, 0, 0, 0, -4]",30,4
FG4854,"[1, 5, 5, 3, 3, 3, 3, 0, 4, 5, 0, 0, 0, 0, 0, 0, 0, 0, 0, 0, 0, 0, -2, 0]",30,4
FG4855,"[2, 4, 5, 3, 4, 3, 2, 0, 4, 5, 0, 0, 0, 0, 0, 2, 3, 0, 0, 0, 0, 0, -2, 0]",35,5
FG4864,"[1, 5, 5, 5, 3, 3, 2, 0, 4, 5, 0, 0, 0, 0, 0, 0, 0, 0, 0, 0, 0, 0, -1, 0]",32,4
FG4865,"[1, 5, 5, 5, 3, 3, 3, 0, 4, 5, 0, 0, 0, 0, 0, 3, 3, 0, 0, 0, 0, 0, -1, 0]",39,5
FG4874,"[1, 0, 5, 5, 3, 3, 2, 0, 4, 5, 0, 0, 0, 0, 0, 0, 0, 0, 0, 0, 0, 0, 0, 0]",28,4
FG4875,"[1, 0, 5, 5, 3, 3, 1, 0, 4, 5, 0, 0, 0, 0, 0, 1, 1, 0, 0, 0, 0, 0, 0, 0]",29,4
FG3916,"[1, 4, 5, 2, 3, 3, 2, 0, 4, 0, 0, 0, 0, 0, 0, 0, 0, 0, 0, 0, 0, 0, 0, 0]",24,3
FG3926,"[2, 4, 5, 2, 4, 3, 3, 0, 4, 0, 0, 0, 0, 0, 0, 1, 1, 0, 0, 0, 0, 0, 0, 0]",29,4
FG3936,"[2, 3, 3, 1, 5, 5, 3, 4, 4, 0, 0, 0, 0, 0, 0, 3, 3, 0, 0, 0, 0, 0, 0, -4]",32,4
FG3946,"[3, 4, 4, 2, 5, 4, 3, 4, 0, 0, 0, 0, 0, 0, 0, 0, 0, 0, 0, 0, 0, 0, 0, -2]",27,4
FG3956,"[3, 4, 4, 4, 4, 4, 2, 4, 0, 0, 0, 0, 0, 0, 5, 0, 0, 0, 0, 0, 0, 0, 0, -1]",33,5
FG3966,"[2, 5, 5, 3, 4, 4, 1, 0, 0, 0, 0, 0, 0, 0, 0, 0, 0, 0, 0, 0, 0, 0, 0, 0]",24,3
FG3976,"[3, 2, 3, 4, 4, 4, 3, 4, 1, 0, 0, 0, 0, 0, 2, 0, 0, 0, 0, 0, 0, 0, -2, -1]",27,4
FG3986,"[2, 4, 5, 4, 4, 4, 3, 4, 0, 0, 0, 0, 0, 0, 0, 3, 3, 0, 0, 0, 0, 0, -1, 0]",35,5
FG3996,"[3, 4, 4, 4, 4, 4, 3, 4, 0, 0, 0, 0, 0, 0, 0, 1, 1, 0, 0, 0, 0, 0, 0, -4]",28,4
FG4906,"[3, 4, 3, 2, 5, 5, 3, 4, 0, 0, 0, 0, 0, 0, 0, 0, 0, 0, 0, 0, 0, 0, -1, -3]",25,3
FG4916,"[3, 2, 2, 2, 5, 4, 3, 4, 0, 0, 0, 0, 0, 0, 2, 0, 0, 0, 0, 0, 0, 0, -2, -1]",24,3
FG4926,"[3, 4, 4, 2, 4, 4, 3, 4, 0, 0, 0, 0, 0, 0, 0, 3, 3, 0, 0, 0, 0, 0, -2, 0]",32,4
FG4936,"[2, 4, 5, 2, 4, 3, 3, 4, 0, 0, 0, 0, 0, 0, 0, 0, 0, 0, 0, 0, 0, 0, 0, -4]",23,3
FG4946,"[1, 4, 5, 4, 3, 3, 3, 0, 0, 0, 0, 0, 0, 0, 0, 0, 0, 0, 0, 0, 0, 0, 0, 0]",23,3
FG4956,"[1, 5, 5, 3, 3, 3, 3, 0, 0, 0, 0, 0, 0, 0, 0, 0, 0, 0, 0, 0, 0, 0, 0, 0]",23,3
FG4966,"[1, 5, 5, 4, 3, 3, 3, 0, 0, 0, 0, 0, 0, 0, 0, 0, 0, 0, 0, 0, 0, 0, 0, 0]",24,3
FG4976,"[2, 4, 5, 4, 4, 3, 3, 0, 4, 0, 0, 0, 0, 0, 0, 1, 1, 0, 0, 0, 0, 0, 0, 0]",31,4
FG4986,"[2, 5, 5, 3, 3, 3, 3, 0, 4, 5, 0, 0, 0, 0, 0, 2, 2, 0, 0, 0, 0, 0, 0, 0]",37,5
FG4996,"[1, 4, 5, 3, 3, 3, 4, 4, 4, 5, 0, 0, 0, 0, 0, 0, 0, 0, 0, 0, 0, 0, 0, 0]",36,5
FG5906,"[1, 5, 5, 3, 3, 3, 5, 0, 4, 5, 0, 0, 0, 0, 0, 3, 3, 0, 0, 0, 0, 0, 0, 0]",40,5
FG3915,"[3, 3, 4, 2, 4, 4, 3, 0, 4, 0, 0, 0, 0, 0, 0, 0, 0, 0, 0, 0, 0, 0, 0, -2]",25,3
FG3925,"[3, 3, 3, 2, 5, 5, 3, 4, 4, 0, 0, 0, 0, 0, 5, 3, 3, 0, 0, 0, 0, 0, 0, -2]",41,5
FG3935,"[3, 4, 3, 1, 4, 4, 3, 4, 0, 0, 0, 0, 0, 0, 0, 2, 2, 0, 0, 0, 0, 0, -1, -2]",27,4
FG3945,"[2, 4, 5, 4, 4, 4, 2, 0, 0, 0, 0, 0, 0, 0, 0, 0, 0, 0, 0, 0, 0, 0, 0, 0]",25,3
FG3955,"[1, 5, 5, 3, 3, 3, 1, 0, 0, 0, 0, 0, 0, 0, 0, 0, 0, 0, 0, 0, 0, 0, 0, 0]",21,2
FG3965,"[3, 3, 3, 4, 4, 4, 2, 4, 0, 0, 0, 0, 0, 0, 0, 0, 0, 0, 0, 0, 0, 0, -2, -2]",23,3
FG3975,"[3, 4, 4, 2, 4, 4, 4, 4, 0, 0, 0, 0, 0, 0, 0, 0, 0, 0, 0, 0, 0, 0, -1, -3]",25,3
FG3985,"[3, 5, 4, 3, 4, 4, 3, 0, 0, 0, 0, 0, 0, 0, 0, 3, 3, 0, 0, 0, 0, 0, 0, 0]",32,4
FG3995,"[3, 4, 4, 2, 4, 4, 4, 4, 0, 0, 0, 0, 0, 0, 0, 0, 0, 0, 0, 0, 0, 0, 0, -4]",25,3
FG4905,"[2, 4, 3, 2, 4, 5, 3, 4, 0, 0, 0, 0, 0, 0, 0, 0, 0, 0, 0, 0, 0, 0, 0, 0]",27,4
FG4915,"[3, 3, 3, 2, 5, 5, 2, 4, 0, 0, 0, 0, 0, 0, 0, 0, 0, 0, 0, 0, 0, 0, 0, -1]",26,3
FG4925,"[1, 5, 5, 2, 4, 3, 3, 0, 0, 0, 0, 0, 0, 0, 0, 2, 2, 0, 0, 0, 0, 0, -2, 0]",25,3
FG4935,"[1, 5, 5, 2, 4, 3, 3, 0, 0, 0, 0, 0, 0, 0, 0, 2, 2, 0, 0, 0, 0, 0, -1, 0]",26,3
FG4945,"[1, 0, 5, 3, 3, 3, 2, 0, 0, 0, 0, 0, 0, 0, 0, 0, 0, 0, 0, 0, 0, 0, 0, 0]",17,2
FG4955,"[1, 5, 5, 4, 3, 3, 3, 0, 0, 0, 0, 0, 0, 0, 0, 0, 0, 0, 0, 0, 0, 0, 0, 0]",24,3
FG4965,"[1, 4, 5, 4, 3, 3, 3, 0, 1, 0, 0, 0, 0, 0, 0, 0, 0, 0, 0, 0, 0, 0, 0, 0]",24,3
FG4975,"[3, 4, 5, 3, 3, 3, 3, 4, 4, 0, 0, 0, 0, 0, 0, 3, 3, 0, 0, 0, 0, 0, 0, 0]",38,5
FG4985,"[2, 5, 5, 3, 4, 4, 4, 0, 4, 5, 0, 0, 0, 0, 0, 0, 0, 0, 0, 0, 0, 0, 0, 0]",36,5
FG4995,"[1, 5, 5, 2, 3, 3, 4, 0, 4, 5, 0, 0, 0, 0, 0, 3, 3, 0, 0, 0, 0, 0, 0, 0]",38,5
FG3904,"[1, 5, 5, 2, 3, 3, 3, 0, 4, 0, 0, 0, 0, 0, 0, 0, 0, 0, 0, 0, 0, 0, 0, 0]",26,3
FG3914,"[2, 4, 5, 3, 4, 3, 2, 4, 4, 0, 0, 0, 0, 0, 0, 0, 0, 0, 0, 0, 0, 0, 0, -4]",27,4
FG3924,"[3, 4, 3, 1, 4, 4, 4, 4, 4, 0, 0, 0, 0, 0, 0, 4, 4, 0, 0, 0, 0, 0, -2, -2]",35,5
FG3934,"[2, 3, 3, 3, 5, 5, 2, 4, 0, 0, 0, 0, 0, 0, 0, 3, 3, 0, 0, 0, 0, 0, -2, -2]",29,4
FG3944,"[3, 4, 4, 3, 4, 4, 2, 4, 0, 0, 0, 0, 0, 0, 2, 3, 3, 0, 0, 0, 0, 0, -2, -1]",33,5
FG3954,"[3, 3, 3, 3, 4, 4, 2, 4, 0, 0, 0, 0, 0, 0, 0, 2, 2, 0, 0, 0, 0, 0, -2, -2]",26,3
FG3964,"[2, 3, 3, 2, 5, 5, 4, 4, 0, 0, 0, 0, 0, 0, 0, 0, 0, 0, 0, 0, 0, 0, -1, -2]",25,3
FG3974,"[2, 4, 5, 4, 3, 3, 2, 0, 0, 0, 0, 0, 0, 0, 0, 2, 2, 0, 0, 0, 0, 0, 0, 0]",27,4
FG3984,"[1, 5, 5, 4, 3, 3, 3, 0, 0, 0, 0, 0, 0, 0, 0, 2, 2, 0, 0, 0, 0, 0, 0, 0]",28,4
FG3994,"[2, 5, 5, 2, 4, 3, 4, 4, 0, 0, 0, 0, 0, 0, 0, 0, 0, 0, 0, 0, 0, 0, 0, 0]",29,4
FG4904,"[3, 4, 4, 2, 5, 4, 3, 4, 0, 0, 0, 0, 0, 0, 0, 0, 0, 0, 0, 0, 0, 0, 0, 0]",29,4
FG4914,"[3, 3, 3, 2, 5, 5, 3, 4, 0, 0, 0, 0, 0, 0, 2, 0, 0, 0, 0, 0, 0, 0, 0, -1]",29,4
FG4924,"[1, 5, 5, 2, 4, 3, 3, 0, 0, 0, 0, 0, 0, 0, 0, 0, 0, 0, 0, 0, 0, 0, 0, 0]",23,3
FG4934,"[1, 5, 5, 3, 4, 3, 3, 0, 0, 0, 0, 0, 0, 0, 0, 2, 2, 0, 0, 0, 0, 0, -2, 0]",26,3
FG4944,"[1, 5, 5, 3, 3, 3, 2, 0, 0, 0, 0, 0, 0, 0, 0, 2, 2, 0, 0, 0, 0, 0, -1, 0]",25,3
FG4954,"[1, 4, 5, 4, 3, 3, 3, 0, 0, 0, 0, 0, 0, 0, 0, 0, 0, 0, 0, 0, 0, 0, 0, 0]",23,3
FG4964,"[1, 0, 5, 3, 3, 3, 3, 0, 1, 0, 0, 0, 0, 0, 0, 0, 0, 0, 0, 0, 0, 0, 0, 0]",19,2
FG4974,"[3, 5, 4, 3, 4, 4, 3, 4, 4, 5, 0, 0, 0, 0, 2, 3, 3, 0, 0, 0, 0, 0, 0, -1]",46,5
FG4984,"[2, 5, 5, 2, 4, 3, 3, 0, 4, 5, 0, 0, 0, 0, 0, 0, 0, 0, 0, 0, 0, 0, 0, 0]",33,5
FG4994,"[1, 4, 5, 3, 3, 3, 4, 0, 4, 5, 0, 0, 0, 0, 0, 3, 3, 0, 0, 0, 0, 0, 0, 0]",38,5
FG2983,"[3, 4, 3, 2, 4, 4, 3, 0, 5, 0, 0, 0, 0, 0, 2, 2, 2, 0, 0, 0, 0, 0, -1, -1]",32,4
FG3903,"[1, 5, 5, 4, 3, 3, 2, 4, 4, 0, 0, 0, 0, 0, 0, 0, 0, 0, 0, 0, 0, 0, 0, 0]",31,4
FG3913,"[3, 4, 3, 3, 4, 4, 3, 4, 4, 0, 0, 0, 0, 0, 0, 0, 0, 0, 0, 0, 0, 0, -1, -1]",30,4
FG3923,"[3, 3, 4, 4, 4, 4, 3, 4, 4, 0, 0, 0, 0, 0, 0, 2, 2, 0, 0, 0, 0, 0, -2, -1]",34,5
FG3933,"[2, 4, 5, 4, 3, 3, 2, 0, 0, 0, 0, 0, 0, 0, 0, 0, 0, 0, 0, 0, 0, 0, 0, -3]",20,2
FG3943,"[3, 3, 3, 3, 4, 5, 3, 4, 0, 0, 0, 0, 0, 0, 5, 3, 3, 0, 0, 0, 0, 0, 0, -3]",36,5
FG3953,"[3, 4, 4, 2, 4, 4, 3, 0, 0, 0, 0, 0, 0, 0, 0, 2, 2, 0, 0, 0, 0, 0, 0, -5]",23,3
FG3963,"[2, 5, 5, 3, 4, 3, 3, 0, 0, 0, 0, 0, 0, 0, 0, 3, 3, 0, 0, 0, 0, 0, 0, 0]",31,4
FG3973,"[1, 5, 5, 4, 3, 3, 2, 0, 0, 0, 0, 0, 0, 0, 0, 4, 4, 0, 0, 0, 0, 0, 0, 0]",31,4
FG3983,"[3, 5, 4, 3, 4, 4, 3, 4, 0, 0, 0, 0, 0, 0, 0, 0, 0, 0, 0, 0, 0, 0, 0, 0]",30,4
FG3993,"[1, 5, 5, 2, 4, 3, 2, 0, 0, 0, 0, 0, 0, 0, 0, 0, 0, 0, 0, 0, 0, 0, 0, 0]",22,3
FG4903,"[3, 4, 4, 2, 5, 4, 2, 4, 0, 0, 0, 0, 0, 0, 0, 0, 0, 0, 0, 0, 0, 0, 0, -3]",25,3
FG4913,"[3, 4, 3, 2, 4, 4, 2, 4, 0, 0, 0, 0, 0, 0, 3, 0, 0, 0, 0, 0, 0, 0, 0, -1]",28,4
FG4923,"[1, 5, 5, 2, 3, 3, 3, 0, 0, 0, 0, 0, 0, 0, 0, 0, 0, 0, 0, 0, 0, 0, 0, 0]",22,3
FG4933,"[1, 5, 5, 4, 3, 3, 2, 0, 0, 0, 0, 0, 0, 0, 0, 2, 2, 5, 0, 0, 0, 0, -2, 0]",30,4
FG4943,"[1, 5, 5, 4, 3, 3, 3, 0, 0, 0, 0, 0, 0, 0, 0, 1, 1, 0, 0, 0, 0, 0, -1, 0]",25,3
FG4953,"[2, 4, 5, 5, 3, 3, 3, 0, 0, 0, 0, 0, 0, 0, 0, 0, 0, 0, 0, 0, 0, 0, 0, -4]",21,2
FG4963,"[1, 5, 5, 3, 3, 3, 2, 0, 4, 5, 0, 0, 0, 0, 0, 2, 2, 0, 0, 0, 0, 0, 0, 0]",35,5
FG4973,"[2, 5, 5, 2, 3, 3, 3, 0, 4, 5, 0, 0, 0, 0, 0, 3, 3, 0, 0, 0, 0, 0, 0, 0]",38,5
FG4983,"[2, 4, 5, 2, 4, 3, 3, 4, 4, 5, 0, 0, 0, 0, 0, 0, 0, 0, 0, 0, 0, 0, 0, 0]",36,5
FG4993,"[1, 0, 5, 5, 3, 3, 2, 0, 4, 5, 0, 0, 0, 0, 0, 3, 3, 0, 0, 0, 0, 0, 0, 0]",34,5
FG2962,"[1, 5, 5, 3, 3, 3, 2, 0, 5, 0, 0, 0, 0, 0, 0, 0, 0, 0, 0, 0, 0, 0, 0, 0]",27,4
FG2972,"[2, 4, 5, 3, 4, 4, 2, 0, 5, 0, 0, 0, 0, 0, 0, 0, 0, 0, 0, 0, 0, 0, 0, 0]",29,4
FG2982,"[4, 3, 3, 2, 4, 4, 2, 4, 4, 0, 0, 0, 0, 0, 5, 3, 3, 0, 0, 0, 0, 0, -2, -1]",38,5
FG2992,"[3, 4, 4, 4, 4, 4, 3, 4, 4, 0, 0, 0, 0, 0, 0, 0, 0, 0, 0, 0, 0, 0, 0, -2]",32,4
FG3902,"[3, 4, 5, 4, 4, 3, 2, 4, 4, 0, 0, 0, 0, 0, 0, 0, 0, 0, 0, 0, 0, 0, 0, -2]",31,4
FG3912,"[4, 3, 3, 3, 5, 4, 3, 4, 4, 0, 0, 0, 0, 0, 5, 0, 0, 0, 0, 0, 0, 0, -2, -1]",35,5
FG3922,"[2, 4, 5, 4, 4, 4, 1, 0, 0, 0, 0, 0, 0, 0, 0, 0, 0, 0, 0, 0, 0, 0, 0, 0]",24,3
FG3932,"[3, 3, 4, 3, 4, 4, 2, 0, 0, 0, 0, 0, 0, 0, 0, 2, 2, 0, 0, 0, 0, 0, 0, -2]",25,3
FG3942,"[2, 3, 3, 1, 5, 5, 3, 4, 0, 0, 0, 0, 0, 0, 0, 2, 2, 0, 0, 0, -5, 0, 0, -2]",23,3
FG3952,"[2, 3, 3, 2, 5, 5, 3, 4, 0, 0, 0, 0, 0, 0, 0, 0, 0, 0, 0, 0, 0, 0, 0, -2]",25,3
FG3962,"[1, 5, 5, 4, 3, 3, 2, 0, 0, 0, 0, 0, 0, 0, 0, 3, 3, 0, 0, 0, 0, 0, 0, 0]",29,4
FG3972,"[2, 5, 5, 3, 4, 4, 3, 0, 0, 0, 0, 0, 0, 0, 0, 1, 1, 0, 0, 0, 0, 0, 0, 0]",28,4
FG3982,"[3, 5, 4, 2, 4, 4, 4, 0, 0, 0, 0, 0, 0, 0, 0, 0, 0, 0, 0, 0, 0, 0, 0, 0]",26,3
FG3992,"[3, 4, 4, 2, 5, 4, 3, 0, 0, 0, 0, 0, 0, 0, 2, 0, 0, 0, 0, 0, 0, 0, 0, 0]",27,4
FG4902,"[4, 3, 4, 2, 5, 4, 4, 0, 0, 0, 0, 0, 0, 0, 0, 0, 0, 0, 0, 0, 0, 0, 0, 0]",26,3
FG4912,"[3, 4, 4, 2, 4, 3, 4, 4, 0, 0, 0, 0, 0, 0, 3, 0, 0, 0, 0, 0, 0, 0, 0, -3]",28,4
FG4922,"[1, 5, 5, 3, 4, 3, 3, 0, 0, 0, 0, 0, 0, 0, 0, 0, 0, 0, 0, 0, 0, 0, 0, 0]",24,3
FG4932,"[1, 5, 5, 3, 3, 3, 2, 0, 0, 0, 0, 0, 0, 0, 0, 2, 2, 0, 0, 0, 0, 0, -2, 0]",24,3
FG4942,"[1, 5, 5, 5, 3, 3, 3, 0, 0, 0, 0, 0, 0, 0, 0, 3, 3, 0, 0, 0, 0, 0, -2, 0]",29,4
FG4952,"[3, 4, 4, 3, 4, 4, 3, 0, 4, 0, 0, 0, 0, 0, 0, 2, 3, 0, 0, 0, 0, 0, -1, -3]",30,4
FG4962,"[3, 5, 5, 3, 3, 3, 3, 4, 4, 5, 0, 0, 0, 0, 0, 2, 2, 0, 0, 0, 0, 0, 0, -2]",40,5
FG4972,"[3, 5, 5, 3, 4, 4, 2, 4, 4, 5, 0, 0, 0, 0, 0, 0, 0, 0, 0, 0, 0, 0, 0, 0]",39,5
FG4982,"[2, 5, 5, 3, 4, 3, 3, 4, 4, 5, 0, 0, 0, 0, 0, 3, 3, 0, 0, 0, 0, 0, 0, 0]",44,5
FG2951,"[2, 4, 5, 3, 3, 3, 3, 0, 4, 0, 0, 0, 0, 0, 0, 0, 0, 0, 0, 0, 0, 0, 0, -3]",24,3
FG2961,"[3, 4, 4, 3, 4, 4, 3, 0, 4, 0, 0, 0, 0, 0, 0, 0, 0, 0, 0, 0, 0, 0, 0, -2]",27,4
FG2971,"[3, 3, 4, 3, 3, 3, 4, 4, 4, 0, 0, 0, 0, 0, 0, 0, 0, 0, 0, 0, 0, 0, 0, -1]",30,4
FG2981,"[3, 3, 3, 2, 5, 4, 3, 4, 4, 0, 0, 0, 0, 0, 0, 1, 1, 0, 0, 0, 0, 0, -1, -2]",30,4
FG2991,"[4, 4, 4, 4, 4, 3, 2, 0, 4, 0, 0, 0, 0, 0, 5, 3, 3, 0, 0, 0, 0, 0, -2, -3]",35,5
FG3901,"[5, 2, 2, 3, 4, 2, 2, 4, 4, 0, 0, 0, 0, 0, 5, 2, 2, 0, 0, 0, 0, 0, -3, -1]",33,5
FG3911,"[3, 3, 4, 4, 4, 3, 1, 4, 0, 0, 0, 0, 0, 0, 3, 2, 0, 0, 0, 0, 0, 0, -1, 0]",30,4
FG3921,"[2, 4, 4, 4, 5, 5, 2, 0, 0, 0, 0, 0, 0, 0, 0, 2, 0, 0, 0, 0, 0, 0, 0, 0]",28,4
FG3931,"[2, 2, 2, 2, 5, 5, 4, 4, 0, 0, 0, 0, 0, 0, 0, 3, 3, 0, 0, 0, 0, 0, 0, -2]",30,4
FG3941,"[3, 4, 4, 2, 4, 4, 3, 0, 0, 0, 0, 0, 0, 0, 0, 0, 0, 0, 0, 0, -5, 0, 0, -5]",14,1
FG3951,"[2, 4, 5, 4, 4, 4, 3, 0, 0, 0, 0, 0, 0, 0, 0, 1, 1, 0, 0, 0, 0, 0, 0, 0]",28,4
FG3961,"[2, 5, 5, 4, 3, 3, 2, 0, 0, 0, 0, 0, 0, 0, 0, 3, 3, 0, 0, 0, 0, 0, 0, 0]",30,4
FG3971,"[2, 5, 5, 2, 4, 3, 4, 0, 0, 0, 0, 0, 0, 0, 0, 0, 0, 0, 0, 0, 0, 0, 0, 0]",25,3
FG3981,"[2, 5, 5, 2, 4, 3, 3, 0, 0, 0, 0, 0, 0, 0, 0, 0, 0, 0, 0, 0, 0, 0, 0, 0]",24,3
FG3991,"[2, 4, 5, 3, 4, 3, 3, 0, 0, 0, 0, 0, 0, 0, 0, 0, 0, 0, 0, 0, 0, 0, 0, 0]",24,3
FG4901,"[2, 4, 5, 2, 4, 3, 3, 0, 0, 0, 0, 0, 0, 0, 0, 0, 0, 0, 0, 0, 0, 0, 0, 0]",23,3
FG4911,"[2, 5, 5, 3, 4, 3, 2, 0, 0, 0, 0, 0, 0, 0, 0, 0, 0, 0, 0, 0, 0, 0, 0, 0]",24,3
FG4921,"[2, 5, 5, 4, 3, 3, 2, 0, 0, 0, 0, 0, 0, 0, 0, 0, 0, 0, 0, 0, 0, 0, 0, 0]",24,3
FG4931,"[3, 5, 4, 4, 4, 3, 3, 4, 0, 0, 0, 0, 0, 0, 0, 0, 0, 0, 0, 0, 0, 0, 0, 0]",30,4
FG4941,"[3, 4, 4, 3, 4, 4, 3, 4, 4, 0, 0, 0, 0, 0, 0, 2, 2, 0, 0, 0, 0, 0, -2, -1]",34,5
FG4951,"[3, 4, 5, 4, 4, 4, 3, 0, 4, 5, 0, 0, 0, 0, 0, 3, 3, 0, 0, 0, 0, 0, -2, -4]",36,5
FG4961,"[3, 5, 4, 3, 4, 4, 2, 0, 4, 5, 0, 0, 0, 0, 0, 0, 0, 0, 0, 0, 0, 0, 0, 0]",34,5
FG4971,"[2, 4, 5, 3, 3, 3, 3, 4, 4, 5, 0, 0, 0, 0, 0, 0, 0, 0, 0, 0, 0, 0, 0, 0]",36,5
FG2950,"[3, 4, 4, 3, 5, 4, 2, 0, 4, 0, 0, 0, 0, 0, 0, 0, 0, 0, 0, 0, 0, 0, 0, 0]",29,4
FG2960,"[2, 3, 3, 2, 5, 5, 2, 4, 4, 0, 0, 0, 0, 0, 2, 0, 0, 0, 0, 0, 0, 0, 0, -1]",31,4
FG2970,"[2, 3, 3, 2, 5, 5, 4, 4, 4, 0, 0, 0, 0, 0, 0, 0, 0, 0, 0, 0, 0, 0, 0, -2]",30,4
FG2980,"[2, 4, 5, 5, 3, 3, 2, 4, 0, 0, 0, 0, 0, 0, 0, 2, 2, 0, 0, 0, 0, 0, 0, 0]",32,4
FG2990,"[4, 2, 4, 5, 4, 3, 1, 0, 0, 0, 0, 0, 0, 0, 2, 4, 3, 0, 0, 0, 0, 0, 0, 0]",32,4
FG3900,"[5, 1, 2, 3, 4, 3, 2, 0, 1, 0, 0, 0, 0, 0, 5, 5, 4, 0, 0, 0, 0, 0, -2, 0]",33,5
FG3910,"[3, 4, 4, 4, 4, 4, 2, 4, 0, 0, 0, 0, 0, 0, 0, 2, 0, 0, 0, 0, -5, 0, 0, -3]",23,3
FG3920,"[3, 3, 3, 2, 4, 4, 4, 4, 0, 0, 0, 0, 0, 0, 2, 3, 2, 0, 0, 0, 0, 0, 0, -1]",33,5
FG3930,"[2, 3, 3, 1, 5, 5, 4, 4, 0, 0, 0, 0, 0, 0, 5, 4, 2, 0, 0, 0, 0, 0, 0, -1]",37,5
FG3940,"[3, 4, 5, 3, 4, 3, 3, 4, 0, 0, 0, 0, 0, 0, 0, 3, 0, 0, 0, 0, 0, 0, 0, 0]",32,4
FG3950,"[2, 5, 5, 4, 3, 3, 1, 0, 0, 0, 0, 0, 0, 0, 0, 3, 3, 0, 0, 0, 0, 0, 0, 0]",29,4
FG3960,"[3, 5, 4, 5, 4, 4, 3, 4, 0, 0, 0, 0, 0, 0, 0, 0, 0, 0, 0, 0, 0, 0, 0, 0]",32,4
FG3970,"[2, 5, 5, 3, 4, 3, 4, 0, 0, 0, 0, 0, 0, 0, 0, 0, 0, 0, 0, 0, 0, 0, 0, 0]",26,3
FG3980,"[2, 4, 5, 2, 4, 3, 2, 0, 0, 0, 0, 0, 0, 0, 0, 0, 0, 0, 0, 0, 0, 0, 0, 0]",22,3
FG3990,"[1, 5, 5, 3, 4, 3, 3, 0, 0, 0, 0, 0, 0, 0, 0, 0, 0, 0, 0, 0, 0, 0, 0, 0]",24,3
FG4900,"[1, 5, 5, 3, 3, 3, 4, 0, 0, 0, 0, 0, 0, 0, 0, 0, 0, 0, 0, 0, 0, 0, 0, 0]",24,3
FG4910,"[1, 5, 5, 4, 4, 3, 3, 0, 0, 0, 0, 0, 0, 0, 0, 0, 0, 0, 0, 0, 0, 0, 0, 0]",25,3
FG4920,"[2, 5, 5, 4, 4, 4, 2, 0, 0, 0, 0, 0, 0, 0, 0, 0, 0, 0, 0, 0, 0, 0, 0, 0]",26,3
FG4930,"[3, 4, 5, 4, 4, 4, 2, 4, 0, 0, 0, 0, 0, 0, 0, 0, 0, 0, 0, 0, 0, 0, 0, -3]",27,4
FG4940,"[4, 3, 3, 2, 4, 4, 3, 4, 4, 0, 0, 0, 0, 0, 5, 3, 3, 0, 0, 0, 0, 0, -2, -2]",38,5
FG4950,"[3, 4, 4, 4, 4, 4, 2, 0, 4, 5, 0, 0, 0, 0, 0, 0, 0, 0, 0, 0, 0, 0, 0, 0]",34,5
FG4960,"[1, 4, 5, 3, 3, 3, 3, 0, 4, 5, 0, 0, 0, 0, 0, 0, 0, 0, 0, 0, 0, 0, 0, 0]",31,4
FG4970,"[1, 4, 5, 2, 3, 3, 3, 0, 4, 5, 0, 0, 0, 0, 0, 4, 3, 0, 0, 0, 0, 0, 0, 0]",37,5
FG2859,"[2, 5, 5, 2, 3, 3, 4, 0, 4, 0, 0, 0, 0, 0, 0, 1, 0, 0, 0, 0, 0, 0, 0, 0]",29,4
FG2869,"[2, 3, 3, 2, 5, 5, 5, 4, 4, 0, 0, 0, 0, 0, 0, 2, 0, 0, 0, 0, 0, 0, 0, -1]",34,5
FG2879,"[3, 4, 4, 5, 4, 4, 4, 0, 0, 0, 0, 0, 0, 0, 0, 0, 0, 0, 0, 0, 0, 0, 0, 0]",28,4
FG2889,"[1, 5, 5, 5, 3, 3, 1, 0, 0, 0, 0, 0, 0, 0, 0, 4, 3, 0, 0, 0, 0, 0, 0, 0]",30,4
FG2899,"[5, 2, 2, 4, 4, 4, 2, 0, 0, 0, 0, 0, 0, 0, 0, 0, 0, 0, 0, 0, 0, 0, 0, -1]",22,3
FG3809,"[4, 2, 3, 4, 4, 4, 2, 0, 0, 0, 0, 0, 0, 0, 3, 3, 4, 0, 0, 0, 0, 0, -1, -1]",31,4
FG3819,"[4, 2, 2, 2, 5, 4, 3, 4, 0, 0, 0, 0, 0, 0, 3, 3, 3, 0, 0, 0, 0, 0, -2, -1]",32,4
FG3829,"[3, 2, 2, 2, 5, 4, 3, 4, 0, 0, 0, 0, 0, 0, 0, 2, 2, 0, 0, 0, 0, 0, 0, -1]",28,4
FG3839,"[3, 4, 4, 3, 5, 4, 3, 4, 0, 0, 0, 0, 0, 0, 0, 0, 0, 0, 0, 0, 0, 0, 0, 0]",30,4
FG3849,"[1, 5, 5, 5, 3, 3, 1, 0, 0, 0, 0, 0, 0, 0, 0, 3, 2, 0, 0, 0, 0, 0, 0, 0]",28,4
FG3859,"[1, 5, 5, 5, 3, 3, 2, 0, 0, 0, 0, 0, 0, 0, 0, 3, 2, 0, 0, 0, 0, 0, 0, 0]",29,4
FG3869,"[3, 3, 4, 3, 4, 4, 3, 4, 0, 0, 0, 0, 0, 0, 0, 0, 0, 0, 0, 0, 0, 0, 0, -2]",26,3
FG3879,"[1, 4, 5, 3, 4, 3, 3, 0, 1, 0, 0, 0, 0, 0, 0, 0, 0, 0, 0, 0, 0, 0, 0, 0]",24,3
FG3889,"[1, 5, 5, 3, 4, 3, 3, 4, 0, 0, 0, 0, 0, 0, 0, 0, 0, 0, 0, 0, 0, 0, 0, 0]",28,4
FG3899,"[2, 5, 5, 3, 4, 3, 3, 0, 0, 0, 0, 0, 0, 0, 0, 0, 0, 0, 0, 0, 0, 0, 0, 0]",25,3
FG4809,"[2, 5, 5, 3, 4, 3, 3, 0, 0, 0, 0, 0, 0, 0, 0, 0, 0, 0, 0, 0, 0, 0, 0, 0]",25,3
FG4819,"[1, 5, 5, 4, 3, 3, 2, 0, 0, 0, 0, 0, 0, 0, 0, 0, 0, 0, 0, 0, 0, 0, 0, 0]",23,3
FG4829,"[1, 5, 5, 4, 3, 3, 3, 0, 0, 0, 0, 0, 0, 0, 0, 0, 0, 0, 0, 0, 0, 0, 0, 0]",24,3
FG4839,"[1, 4, 5, 3, 4, 3, 4, 0, 0, 0, 0, 0, 0, 0, 0, 0, 0, 0, 0, 0, 0, 0, 0, 0]",24,3
FG4849,"[4, 3, 3, 3, 4, 4, 3, 4, 4, 5, 0, 0, 0, 0, 5, 4, 3, 0, 0, 0, 0, 0, -2, -2]",45,5
FG4859,"[3, 4, 4, 3, 4, 4, 3, 0, 4, 5, 0, 0, 0, 0, 0, 4, 3, 0, 0, 0, 0, 0, -1, -2]",38,5
FG4869,"[2, 5, 5, 3, 3, 3, 3, 0, 4, 5, 0, 0, 0, 0, 0, 4, 3, 0, 0, 0, 0, 0, 0, 0]",40,5
FG2858,"[3, 4, 4, 2, 4, 4, 3, 4, 4, 0, 0, 0, 0, 0, 0, 3, 0, 0, 0, 0, 0, 0, 0, -1]",34,5
FG2868,"[3, 3, 3, 3, 4, 4, 4, 5, 4, 0, 0, 0, 0, 0, 0, 2, 0, 0, 0, 0, 0, 0, 0, -2]",33,5
FG2878,"[1, 5, 5, 5, 3, 3, 2, 0, 0, 0, 0, 0, 0, 0, 0, 3, 0, 0, 0, 0, 0, 0, 0, 0]",27,4
FG2888,"[1, 4, 5, 5, 3, 3, 1, 0, 0, 0, 0, 0, 0, 0, 0, 3, 3, 0, 0, 0, 0, 0, 0, 0]",28,4
FG2898,"[3, 3, 3, 3, 4, 4, 4, 4, 0, 0, 0, 0, 0, 0, 2, 1, 1, 0, 0, 0, -5, 0, 0, -1]",26,3
FG3808,"[3, 4, 3, 3, 5, 4, 2, 0, 0, 0, 0, 0, 0, 0, 0, 2, 2, 0, 0, 0, -5, 0, 0, -3]",20,2
FG3818,"[4, 2, 2, 1, 5, 3, 4, 4, 0, 0, 0, 0, 0, 0, 5, 1, 1, 0, 0, 0, 0, 0, -2, -1]",29,4
FG3828,"[4, 2, 3, 2, 4, 4, 3, 4, 0, 0, 0, 0, 0, 0, 0, 0, 0, 0, 0, 0, 0, 0, 0, -1]",25,3
FG3838,"[1, 4, 5, 5, 3, 3, 2, 0, 0, 0, 0, 0, 0, 0, 0, 2, 2, 0, 0, 0, 0, 0, 0, 0]",27,4
FG3848,"[1, 5, 5, 4, 3, 3, 1, 0, 0, 0, 0, 0, 0, 0, 0, 2, 2, 0, 0, 0, 0, 0, 0, 0]",26,3
FG3858,"[1, 5, 5, 4, 3, 3, 3, 0, 0, 0, 0, 0, 0, 0, 0, 2, 0, 0, 0, 0, 0, 0, 0, 0]",26,3
FG3868,"[3, 4, 4, 3, 4, 4, 4, 4, 0, 0, 0, 0, 0, 0, 0, 4, 0, 0, 0, 0, 0, 0, 0, -2]",32,4
FG3878,"[1, 5, 5, 3, 4, 3, 3, 0, 0, 0, 0, 0, 0, 0, 0, 0, 0, 0, 0, 0, 0, 0, 0, 0]",24,3
FG3888,"[1, 5, 5, 3, 4, 3, 2, 0, 0, 0, 0, 0, 0, 0, 0, 2, 0, 0, 0, 0, 0, 0, 0, 0]",25,3
FG3898,"[1, 5, 5, 3, 3, 3, 4, 0, 0, 0, 0, 0, 0, 0, 0, 3, 0, 0, 0, 0, 0, 0, 0, 0]",27,4
FG4808,"[2, 5, 5, 3, 4, 3, 3, 0, 0, 0, 0, 0, 0, 0, 0, 3, 0, 0, 0, 0, 0, 0, 0, 0]",28,4
FG4818,"[3, 4, 4, 3, 4, 4, 4, 0, 0, 0, 0, 0, 0, 0, 3, 0, 0, 0, 0, 0, 0, 0, 0, 0]",29,4
FG4828,"[2, 5, 5, 3, 3, 3, 3, 0, 0, 0, 0, 0, 0, 0, 0, 0, 0, 0, 0, 0, 0, 0, 0, 0]",24,3
FG4838,"[2, 4, 5, 2, 4, 3, 3, 0, 0, 0, 0, 0, 0, 0, 0, 0, 0, 0, 0, 0, 0, 0, 0, 0]",23,3
FG4848,"[3, 4, 4, 3, 4, 4, 3, 0, 4, 5, 0, 0, 0, 0, 0, 4, 3, 0, 0, 0, 0, 0, -2, -4]",35,5
FG4858,"[2, 4, 5, 3, 3, 3, 3, 4, 4, 5, 0, 0, 0, 0, 0, 2, 1, 0, 0, 0, 0, 0, -1, -3]",35,5
FG4868,"[2, 5, 5, 3, 4, 4, 3, 0, 4, 5, 0, 0, 0, 0, 0, 0, 0, 0, 0, 0, 0, 0, 0, 0]",35,5
FG2847,"[1, 5, 5, 2, 3, 3, 3, 0, 4, 0, 0, 0, 0, 0, 0, 0, 0, 0, 0, 0, 0, 0, 0, 0]",26,3
FG2857,"[3, 3, 3, 2, 4, 4, 2, 4, 4, 0, 0, 0, 0, 0, 0, 0, 0, 0, 0, 0, 0, 0, 0, -1]",28,4
FG2867,"[3, 4, 4, 5, 4, 4, 5, 4, 0, 0, 0, 0, 0, 0, 0, 0, 0, 0, 0, 0, 0, 0, 0, -1]",32,4
FG2877,"[2, 5, 5, 4, 4, 4, 1, 0, 4, 0, 0, 0, 0, 0, 0, 0, 0, 0, 0, 0, 0, 0, 0, 0]",29,4
FG2887,"[3, 3, 5, 4, 4, 4, 2, 0, 4, 0, 0, 0, 0, 0, 0, 3, 3, 0, 0, 0, 0, 0, 0, -1]",34,5
FG2897,"[3, 4, 5, 3, 4, 3, 2, 4, 0, 0, 0, 0, 0, 0, 3, 3, 3, 0, 0, 0, 0, 0, 0, -1]",36,5
FG3807,"[3, 3, 3, 3, 5, 4, 3, 4, 0, 0, 0, 0, 0, 0, 0, 0, 0, 0, 0, 0, -5, 0, -1, -1]",21,2
FG3817,"[4, 2, 3, 2, 5, 4, 2, 4, 0, 0, 0, 0, 0, 0, 2, 2, 2, 0, 0, 0, 0, 0, -1, -1]",30,4
FG3827,"[2, 3, 5, 5, 3, 3, 3, 4, 0, 0, 0, 0, 0, 0, 0, 3, 3, 0, 0, 0, 0, 0, 0, -1]",33,5
FG3837,"[1, 5, 5, 4, 3, 3, 1, 0, 0, 0, 0, 0, 0, 0, 0, 3, 3, 5, 0, 0, 0, 0, 0, 0]",33,5
FG3847,"[1, 5, 5, 5, 3, 3, 2, 0, 0, 0, 0, 0, 0, 0, 0, 0, 0, 0, 0, 0, 0, 0, 0, 0]",24,3
FG3857,"[2, 5, 5, 3, 4, 3, 3, 0, 0, 0, 0, 0, 0, 0, 0, 0, 0, 0, 0, 0, 0, 0, 0, 0]",25,3
FG3867,"[3, 4, 3, 2, 4, 4, 3, 4, 0, 0, 0, 0, 0, 0, 2, 3, 0, 0, 0, 0, 0, 0, 0, -3]",29,4
FG3877,"[1, 5, 5, 3, 4, 3, 3, 4, 0, 0, 0, 0, 0, 0, 0, 3, 0, 0, 0, 0, 0, 0, 0, 0]",31,4
FG3887,"[1, 0, 5, 4, 3, 3, 2, 0, 0, 0, 0, 0, 0, 0, 0, 3, 0, 0, 0, 0, 0, 0, 0, 0]",21,2
FG3897,"[1, 5, 5, 3, 3, 3, 3, 0, 0, 0, 0, 0, 0, 0, 0, 0, 0, 0, 0, 0, 0, 0, 0, 0]",23,3
FG4807,"[1, 5, 5, 3, 4, 3, 3, 0, 0, 0, 0, 0, 0, 0, 3, 2, 0, 0, 0, 0, 0, 0, 0, 0]",29,4
FG4817,"[1, 5, 5, 3, 3, 3, 2, 0, 0, 0, 0, 0, 0, 0, 0, 3, 0, 0, 0, 0, 0, 0, 0, 0]",25,3
FG4827,"[3, 5, 4, 3, 4, 4, 3, 4, 0, 0, 0, 0, 0, 0, 0, 3, 0, 0, 0, 0, 0, 0, 0, 0]",33,5
FG4837,"[3, 5, 5, 2, 4, 3, 3, 5, 4, 5, 0, 0, 0, 0, 0, 4, 1, 0, 0, 0, 0, 0, -1, -5]",38,5
FG4847,"[3, 4, 4, 3, 4, 4, 3, 4, 4, 5, 0, 0, 0, 0, 3, 4, 3, 0, 0, 0, 0, 0, -2, -4]",42,5
FG4857,"[1, 5, 5, 3, 3, 3, 2, 0, 4, 5, 0, 0, 0, 0, 0, 0, 0, 0, 0, 0, 0, 0, 0, 0]",31,4
FG2846,"[2, 4, 5, 2, 3, 3, 4, 0, 4, 0, 0, 0, 0, 0, 0, 0, 0, 0, 0, 0, 0, 0, 0, -5]",22,3
FG2856,"[3, 4, 4, 3, 4, 4, 5, 4, 5, 0, 0, 0, 0, 0, 0, 0, 0, 0, 0, 0, 0, 0, 0, -4]",32,4
FG2866,"[3, 5, 4, 4, 4, 4, 2, 0, 5, 0, 0, 0, 0, 0, 0, 0, 0, 0, 0, 0, 0, 0, 0, 0]",31,4
FG2876,"[2, 5, 5, 4, 3, 3, 1, 0, 4, 0, 0, 0, 0, 0, 0, 0, 0, 0, 0, 0, 0, 0, 0, 0]",27,4
FG2886,"[2, 5, 5, 4, 3, 3, 2, 0, 4, 0, 0, 0, 0, 0, 0, 4, 4, 0, 0, 0, 0, 0, 0, 0]",36,5
FG2896,"[2, 5, 5, 4, 4, 3, 2, 0, 4, 0, 0, 0, 0, 0, 0, 2, 2, 0, 0, 0, 0, 0, 0, 0]",33,5
FG3806,"[3, 2, 2, 3, 5, 4, 4, 4, 4, 0, 0, 0, 0, 0, 2, 0, 0, 0, 0, 0, 0, 0, -2, -1]",30,4
FG3816,"[3, 4, 4, 3, 4, 4, 3, 4, 0, 0, 0, 0, 0, 0, 3, 0, 0, 0, 0, 0, 0, 0, 0, -3]",29,4
FG3826,"[1, 5, 5, 5, 3, 3, 2, 4, 0, 0, 0, 0, 0, 0, 0, 0, 0, 0, 0, 0, 0, 0, 0, 0]",28,4
FG3836,"[2, 4, 5, 5, 4, 3, 3, 0, 0, 0, 0, 0, 0, 0, 0, 0, 0, 0, 0, 0, 0, 0, 0, -4]",22,3
FG3846,"[3, 4, 4, 2, 4, 4, 3, 4, 0, 0, 0, 0, 0, 0, 0, 0, 0, 0, 0, 0, 0, 0, 0, -2]",26,3
FG3856,"[3, 5, 4, 3, 4, 4, 3, 0, 0, 0, 0, 0, 0, 0, 0, 0, 0, 0, 0, 0, 0, 0, 0, 0]",26,3
FG3866,"[3, 3, 4, 3, 4, 4, 3, 4, 0, 0, 0, 0, 0, 0, 3, 0, 0, 0, 0, 0, 0, 0, 0, -1]",30,4
FG3876,"[1, 4, 5, 5, 3, 3, 3, 0, 0, 0, 0, 0, 0, 0, 0, 0, 0, 0, 0, 0, 0, 0, 0, 0]",24,3
FG3886,"[1, 0, 5, 5, 3, 3, 2, 0, 0, 0, 0, 0, 0, 0, 0, 0, 0, 0, 0, 0, 0, 0, 0, 0]",19,2
FG3896,"[2, 5, 5, 5, 3, 3, 3, 5, 0, 0, 0, 0, 0, 0, 0, 0, 0, 0, 0, 0, 0, 0, 0, 0]",31,4
FG4806,"[3, 5, 5, 3, 3, 2, 3, 5, 0, 0, 0, 0, 0, 0, 0, 0, 0, 0, 0, 0, 0, 0, 0, 0]",29,4
FG4816,"[1, 5, 5, 3, 3, 3, 3, 5, 1, 0, 0, 0, 0, 0, 0, 0, 0, 0, 0, 0, 0, 0, 0, 0]",29,4
FG4826,"[3, 4, 5, 2, 4, 3, 3, 5, 0, 0, 0, 0, 0, 0, 0, 1, 0, 0, 0, 0, 0, 0, 0, 0]",30,4
FG4836,"[5, 4, 4, 2, 3, 2, 3, 5, 4, 5, 0, 0, 0, 0, 0, 1, 1, 0, 0, 0, 0, 0, -1, 0]",38,5
FG4846,"[3, 4, 4, 3, 4, 4, 2, 0, 4, 5, 0, 0, 0, 0, 0, 3, 3, 0, 0, 0, 0, 0, -3, -1]",35,5
FG4856,"[3, 4, 4, 3, 4, 4, 3, 0, 4, 5, 0, 0, 0, 0, 0, 2, 2, 0, 0, 0, 0, 0, -2, 0]",36,5
FG4866,"[1, 5, 5, 3, 3, 3, 3, 0, 4, 5, 0, 0, 0, 0, 0, 0, 0, 0, 0, 0, 0, 0, 0, 0]",32,4
FG5501,"[1, 5, 5, 2, 3, 3, 3, 0, 4, 0, 0, 0, 0, 0, 0, 0, 0, 0, 0, 0, 0, 0, 0, 0]",26,3
FG5502,"[1, 5, 5, 4, 3, 3, 3, 0, 4, 0, 0, 0, 0, 0, 0, 0, 0, 0, 0, 0, 0, 0, 0, 0]",28,4
FG5503,"[2, 4, 5, 4, 3, 3, 2, 0, 4, 0, 0, 0, 0, 0, 0, 0, 0, 0, 0, 0, 0, 0, 0, 0]",27,4
FG5504,"[2, 4, 3, 2, 5, 5, 2, 0, 4, 0, 0, 0, 0, 0, 0, 3, 3, 0, 0, 0, 0, 0, -2, -4]",27,4
FG5505,"[3, 4, 4, 2, 4, 4, 3, 0, 4, 0, 0, 0, 0, 0, 0, 1, 1, 0, 0, 0, 0, 0, -1, -5]",24,3
FG5506,"[2, 4, 3, 2, 4, 5, 2, 0, 4, 0, 0, 0, 0, 0, 0, 0, 0, 0, 0, 0, 0, 0, 0, -5]",21,2
FG5507,"[3, 4, 3, 2, 4, 5, 3, 0, 4, 5, 0, 0, 0, 0, 5, 4, 3, 0, 0, 0, 0, 0, 0, -2]",43,5
FG5508,"[2, 5, 5, 3, 3, 3, 3, 0, 4, 5, 0, 0, 0, 0, 0, 0, 0, 0, 0, 0, 0, 0, 0, 0]",33,5
FG0803,"[3, 3, 3, 3, 4, 4, 2, 4, 4, 0, 0, 0, 0, 0, 0, 0, 0, 0, 0, 0, 0, 0, -2, -2]",26,3
FG0813,"[3, 3, 4, 3, 4, 4, 2, 4, 4, 0, 0, 0, 0, 0, 0, 1, 0, 0, 0, 0, 0, 0, 0, -3]",29,4
FG0823,"[3, 3, 4, 3, 4, 4, 3, 0, 4, 0, 0, 0, 0, 0, 0, 3, 0, 0, 0, 0, 0, 0, 0, -2]",29,4
FG0833,"[3, 4, 4, 3, 5, 4, 3, 0, 4, 0, 0, 0, 0, 0, 0, 2, 2, 0, 0, 0, 0, 0, 0, -2]",32,4
FG2873,"[3, 4, 4, 4, 4, 4, 3, 0, 4, 0, 0, 0, 0, 0, 0, 0, 0, 0, 0, 0, 0, 0, 0, 0]",30,4
FG2883,"[3, 4, 4, 2, 4, 4, 3, 4, 4, 0, 0, 0, 0, 0, 3, 0, 0, 0, 0, 0, 0, 0, 0, 0]",35,5
FG2893,"[3, 2, 3, 2, 4, 4, 3, 0, 4, 0, 0, 0, 0, 0, 3, 0, 0, 0, 0, 0, 0, 0, -3, -1]",24,3
FG3803,"[2, 4, 5, 2, 4, 4, 2, 4, 0, 0, 0, 0, 0, 0, 0, 0, 0, 0, 0, 0, 0, 0, 0, -1]",26,3
FG3813,"[2, 4, 5, 2, 3, 3, 2, 0, 0, 0, 0, 0, 0, 0, 0, 0, 0, 0, 0, 0, 0, 0, 0, -1]",20,2
FG3823,"[3, 3, 3, 2, 4, 4, 3, 4, 0, 0, 0, 0, 0, 0, 0, 0, 0, 0, 0, 0, 0, 0, 0, -1]",25,3
FG3833,"[3, 4, 4, 2, 5, 4, 3, 4, 0, 0, 0, 0, 0, 0, 0, 0, 0, 0, 0, 0, 0, 0, 0, -5]",24,3
FG3843,"[1, 5, 5, 4, 4, 2, 2, 0, 0, 0, 0, 0, 0, 0, 0, 0, 0, 0, 0, 0, 0, 0, 0, 0]",23,3
FG3853,"[1, 3, 5, 5, 3, 3, 1, 0, 0, 0, 0, 0, 0, 0, 0, 0, 0, 0, 0, 0, 0, 0, 0, 0]",21,2
FG3863,"[1, 3, 5, 5, 3, 3, 1, 0, 0, 0, 0, 0, 0, 0, 0, 0, 0, 0, 0, 0, 0, 0, 0, 0]",21,2
FG3873,"[3, 5, 5, 4, 2, 2, 2, 5, 0, 0, 0, 0, 0, 0, 0, 0, 0, 0, 0, 0, 0, 0, 0, 0]",28,4
FG3883,"[3, 5, 5, 2, 2, 1, 2, 5, 0, 0, 0, 0, 0, 0, 0, 0, 0, 0, 0, 0, 0, 0, 0, 0]",25,3
FG3893,"[2, 5, 5, 2, 4, 3, 2, 5, 0, 0, 0, 0, 0, 0, 0, 0, 0, 0, 0, 0, 0, 0, 0, 0]",28,4
FG4803,"[1, 5, 5, 2, 4, 3, 3, 5, 0, 0, 0, 0, 0, 0, 0, 0, 0, 0, 0, 0, -5, 0, 0, 0]",23,3
FG4813,"[1, 5, 5, 3, 3, 3, 3, 0, 0, 0, 0, 0, 0, 0, 0, 0, 0, 0, 0, 0, 0, 0, 0, 0]",23,3
FG4823,"[2, 4, 5, 4, 3, 3, 1, 0, 0, 0, 0, 0, 0, 0, 0, 0, 0, 0, 0, 0, 0, 0, 0, 0]",22,3
FG4833,"[4, 4, 3, 2, 3, 4, 3, 5, 4, 0, 0, 0, 0, 0, 5, 0, 0, 0, 0, 0, 0, 0, 0, -2]",35,5
FG4843,"[4, 5, 5, 3, 3, 2, 2, 5, 4, 5, 0, 0, 0, 0, 0, 0, 0, 0, 0, 0, 0, 0, -1, 0]",37,5
FG4853,"[3, 4, 5, 3, 3, 2, 2, 4, 4, 5, 0, 0, 0, 0, 0, 0, 0, 0, 0, 0, 0, 0, -2, -3]",30,4
FG4863,"[1, 5, 5, 5, 3, 3, 1, 0, 4, 5, 0, 0, 0, 0, 0, 0, 0, 0, 0, 0, 0, 0, 0, 0]",32,4
FG4873,"[1, 5, 5, 5, 3, 3, 2, 0, 5, 5, 0, 0, 0, 0, 0, 3, 3, 0, 0, 0, 0, 0, 0, 0]",40,5
FG0802,"[3, 4, 4, 2, 4, 4, 2, 0, 4, 0, 0, 0, 0, 0, 0, 0, 0, 0, 0, 0, 0, 0, -1, -1]",25,3
FG0812,"[3, 3, 3, 3, 4, 4, 3, 4, 4, 0, 0, 0, 0, 0, 0, 3, 1, 0, 0, 0, 0, 0, -2, -1]",32,4
FG0822,"[3, 3, 3, 3, 5, 4, 2, 0, 4, 0, 3, 0, 0, 0, 5, 3, 3, 0, 0, 0, 0, 0, 0, -1]",40,5
FG0832,"[3, 3, 4, 3, 4, 4, 3, 4, 4, 0, 0, 0, 0, 0, 3, 2, 2, 0, 0, 0, 0, 0, 0, -2]",37,5
FG0842,"[2, 4, 5, 2, 4, 3, 3, 0, 5, 0, 0, 0, 0, 0, 0, 0, 0, 0, 0, 0, 0, 0, 0, 0]",28,4
FG0882,"[2, 4, 5, 2, 3, 3, 3, 4, 4, 0, 0, 0, 0, 0, 0, 0, 0, 0, 0, 0, 0, 0, 0, 0]",30,4
FG0892,"[1, 5, 5, 3, 3, 3, 2, 0, 4, 0, 0, 0, 0, 0, 0, 0, 0, 0, 0, 0, 0, 0, 0, 0]",26,3
FG1802,"[2, 5, 5, 3, 3, 3, 3, 0, 4, 0, 0, 0, 0, 0, 0, 0, 0, 0, 0, 0, 0, 0, 0, 0]",28,4
FG1812,"[3, 5, 4, 3, 4, 4, 2, 0, 4, 0, 0, 0, 0, 0, 0, 2, 0, 0, 0, 0, 0, 0, -1, 0]",30,4
FG1822,"[2, 4, 3, 2, 5, 5, 3, 0, 4, 0, 0, 0, 0, 0, 0, 2, 0, 0, 0, 0, 0, 0, -2, 0]",28,4
FG2862,"[3, 5, 5, 2, 3, 4, 4, 4, 4, 0, 0, 0, 0, 0, 0, 0, 0, 0, 0, 0, 0, 0, 0, 0]",34,5
FG2872,"[4, 3, 3, 2, 5, 4, 3, 4, 4, 0, 0, 0, 0, 0, 5, 0, 0, 0, 0, 0, 0, 0, -2, -1]",34,5
FG2882,"[4, 3, 3, 2, 4, 4, 4, 4, 4, 0, 0, 0, 0, 0, 5, 0, 0, 0, 0, 0, 0, 0, -2, -1]",34,5
FG2892,"[3, 3, 4, 2, 4, 4, 3, 4, 0, 0, 0, 0, 0, 0, 0, 0, 0, 0, 0, 0, 0, 0, -1, -2]",24,3
FG3802,"[1, 5, 5, 3, 4, 3, 3, 0, 0, 0, 0, 0, 0, 0, 0, 0, 0, 0, 0, 0, 0, 0, 0, 0]",24,3
FG3812,"[1, 4, 5, 2, 4, 3, 3, 0, 0, 0, 0, 0, 0, 0, 0, 0, 0, 0, 0, 0, 0, 0, 0, 0]",22,3
FG3822,"[3, 4, 4, 2, 4, 4, 3, 4, 0, 0, 0, 0, 0, 0, 0, 0, 0, 0, 0, 0, 0, 0, 0, -3]",25,3
FG3832,"[3, 3, 4, 2, 4, 3, 3, 4, 0, 0, 0, 0, 0, 0, 0, 0, 0, 0, 0, 0, 0, 0, 0, -1]",25,3
FG3842,"[2, 4, 5, 5, 3, 3, 3, 0, 0, 0, 0, 0, 0, 0, 0, 0, 0, 0, 0, 0, 0, 0, 0, -3]",22,3
FG3852,"[1, 4, 5, 5, 3, 3, 1, 0, 0, 0, 0, 0, 0, 0, 0, 0, 0, 0, 0, 0, 0, 0, 0, 0]",22,3
FG3862,"[2, 4, 5, 5, 3, 3, 1, 5, 0, 0, 0, 0, 0, 0, 0, 0, 0, 5, 0, 0, 0, 0, 0, 0]",33,5
FG3872,"[3, 5, 5, 2, 2, 1, 2, 5, 0, 0, 0, 0, 0, 0, 0, 0, 0, 0, 0, 0, 0, 0, 0, 0]",25,3
FG3882,"[3, 5, 5, 3, 3, 2, 2, 5, 0, 0, 0, 0, 0, 0, 0, 0, 0, 0, 0, 0, 0, 0, 0, 0]",28,4
FG3892,"[2, 3, 5, 2, 4, 3, 3, 5, 0, 0, 0, 0, 0, 0, 0, 0, 0, 0, 0, 0, 0, 0, 0, -2]",25,3
FG4802,"[2, 4, 5, 3, 4, 3, 2, 4, 0, 0, 0, 0, 0, 0, 0, 0, 0, 0, 0, 0, 0, 0, 0, -2]",25,3
FG4812,"[2, 5, 5, 3, 4, 3, 3, 0, 0, 0, 0, 0, 0, 0, 0, 0, 0, 0, 0, 0, 0, 0, 0, 0]",25,3
FG4822,"[1, 5, 5, 4, 3, 3, 2, 0, 0, 0, 0, 0, 0, 0, 0, 0, 0, 0, 0, 0, 0, 0, 0, 0]",23,3
FG4832,"[2, 4, 5, 3, 4, 4, 3, 0, 4, 5, 0, 0, 0, 0, 0, 0, 0, 0, 0, 0, 0, 0, -1, -4]",29,4
FG4842,"[3, 3, 4, 3, 4, 4, 2, 0, 4, 5, 0, 0, 0, 0, 0, 0, 0, 0, 0, 0, 0, 0, -2, -2]",28,4
FG4852,"[3, 4, 5, 5, 3, 3, 2, 4, 4, 5, 0, 0, 0, 0, 0, 0, 0, 0, 0, 0, 0, 0, 0, -1]",37,5
FG4862,"[2, 4, 5, 4, 3, 2, 2, 0, 4, 5, 0, 0, 0, 0, 0, 0, 0, 0, 0, 0, 0, 0, 0, -1]",30,4
FG4872,"[2, 5, 5, 3, 3, 2, 3, 0, 5, 5, 0, 0, 0, 0, 0, 3, 3, 0, 0, 0, 0, 0, 0, 0]",39,5
FG0801,"[3, 4, 4, 3, 4, 4, 3, 4, 4, 0, 0, 0, 0, 0, 0, 0, 0, 0, 0, 0, -5, 0, 0, 0]",28,4
FG0811,"[4, 2, 2, 2, 5, 3, 3, 4, 4, 0, 0, 0, 0, 0, 5, 4, 3, 0, 0, 0, 0, 0, -2, 0]",39,5
FG0821,"[3, 3, 3, 2, 5, 4, 3, 4, 4, 0, 0, 0, 0, 0, 0, 3, 0, 0, 0, 0, 0, 0, 0, -1]",33,5
FG0831,"[3, 3, 5, 2, 3, 4, 3, 0, 4, 0, 0, 0, 0, 0, 0, 2, 0, 0, 0, 0, 0, 0, 0, -1]",28,4
FG0841,"[1, 0, 5, 2, 3, 3, 2, 0, 4, 0, 0, 0, 0, 0, 0, 3, 0, 0, 0, 0, 0, 0, 0, 0]",23,3
FG0861,"[1, 5, 5, 3, 3, 3, 1, 0, 4, 0, 0, 0, 0, 0, 0, 3, 0, 0, 0, 0, 0, 0, 0, 0]",28,4
FG0871,"[1, 5, 5, 3, 3, 3, 1, 0, 4, 0, 0, 0, 0, 0, 0, 4, 0, 0, 0, 0, 0, 0, 0, 0]",29,4
FG0881,"[1, 5, 5, 3, 3, 3, 1, 0, 4, 0, 0, 0, 0, 0, 0, 3, 0, 0, 0, 0, 0, 0, 0, 0]",28,4
FG0891,"[2, 4, 5, 3, 4, 3, 3, 4, 4, 0, 0, 0, 0, 0, 0, 2, 0, 0, 0, 0, 0, 0, 0, -2]",32,4
FG1801,"[1, 5, 5, 4, 3, 3, 3, 0, 4, 0, 0, 0, 0, 0, 0, 0, 0, 0, 0, 0, 0, 0, 0, 0]",28,4
FG1811,"[3, 4, 4, 3, 4, 4, 3, 4, 4, 0, 0, 0, 0, 0, 0, 3, 0, 0, 0, 0, 0, 0, -2, 0]",34,5
FG1821,"[3, 5, 4, 2, 4, 4, 3, 0, 4, 0, 0, 0, 0, 0, 0, 0, 0, 0, 0, 0, 0, 0, 0, 0]",29,4
FG1831,"[1, 5, 5, 3, 3, 3, 3, 0, 4, 0, 0, 0, 0, 0, 0, 0, 0, 0, 0, 0, 0, 0, 0, 0]",27,4
FG2851,"[3, 5, 5, 2, 3, 3, 4, 4, 4, 0, 0, 0, 0, 0, 0, 0, 0, 0, 0, 0, 0, 0, 0, 0]",33,5
FG2861,"[3, 3, 3, 2, 4, 4, 3, 4, 4, 0, 0, 0, 0, 0, 3, 0, 0, 0, 0, 0, 0, 0, -2, -1]",30,4
FG2871,"[3, 4, 4, 3, 4, 4, 4, 4, 4, 0, 0, 0, 0, 0, 0, 0, 0, 0, 0, 0, 0, 0, -1, -1]",32,4
FG2881,"[1, 5, 5, 2, 4, 3, 4, 0, 0, 0, 0, 0, 0, 0, 0, 0, 0, 0, 0, 0, 0, 0, 0, 0]",24,3
FG2891,"[1, 5, 5, 2, 4, 3, 4, 0, 0, 0, 0, 0, 0, 0, 0, 0, 0, 0, 0, 0, 0, 0, 0, 0]",24,3
FG3801,"[2, 4, 5, 2, 4, 3, 4, 0, 0, 0, 0, 0, 0, 0, 0, 0, 0, 0, 0, 0, 0, 0, 0, 0]",24,3
FG3811,"[2, 4, 5, 2, 4, 3, 4, 0, 0, 0, 0, 0, 0, 0, 0, 0, 0, 0, 0, 0, 0, 0, 0, -1]",23,3
FG3821,"[2, 4, 5, 2, 4, 3, 3, 4, 0, 0, 0, 0, 0, 0, 0, 0, 0, 0, 0, 0, 0, 0, 0, 0]",27,4
FG3831,"[4, 3, 4, 3, 4, 3, 3, 5, 0, 0, 0, 0, 0, 0, 3, 2, 2, 0, 0, 0, 0, 0, -1, -1]",34,5
FG3841,"[4, 3, 4, 5, 4, 2, 3, 5, 0, 0, 0, 0, 0, 0, 0, 2, 2, 5, 0, 0, 0, 0, -1, -1]",37,5
FG3851,"[4, 4, 5, 4, 2, 2, 2, 5, 0, 0, 0, 0, 0, 0, 0, 0, 0, 0, 5, 0, 0, 0, 0, -1]",32,4
FG3861,"[3, 5, 5, 3, 1, 1, 2, 5, 0, 0, 0, 0, 0, 0, 0, 0, 0, 0, 0, 0, 0, 0, 0, 0]",25,3
FG3871,"[2, 4, 5, 1, 1, 1, 2, 5, 0, 0, 0, 0, 0, 0, 0, 0, 0, 0, 0, 0, 0, 0, 0, 0]",21,2
FG3881,"[3, 5, 5, 2, 2, 1, 3, 5, 0, 0, 0, 0, 0, 0, 0, 0, 0, 0, 0, 0, 0, 0, 0, 0]",26,3
FG3891,"[3, 3, 5, 3, 4, 3, 3, 5, 0, 0, 0, 0, 0, 0, 0, 0, 0, 0, 0, 0, 0, 0, 0, -1]",28,4
FG4801,"[3, 3, 4, 3, 4, 4, 3, 0, 0, 0, 0, 0, 0, 0, 0, 0, 0, 0, 0, 0, 0, 0, 0, -1]",23,3
FG4811,"[3, 4, 5, 4, 4, 4, 3, 0, 0, 0, 0, 0, 0, 0, 0, 0, 0, 0, 0, 0, 0, 0, 0, 0]",27,4
FG4821,"[1, 5, 5, 3, 3, 3, 3, 0, 0, 0, 0, 0, 0, 0, 0, 0, 0, 0, 0, 0, 0, 0, 0, 0]",23,3
FG4831,"[2, 4, 5, 3, 4, 4, 3, 0, 4, 5, 0, 0, 0, 0, 0, 0, 0, 0, 0, 0, 0, 0, -2, -3]",29,4
FG4841,"[1, 5, 5, 5, 3, 3, 3, 0, 4, 5, 0, 0, 0, 0, 0, 0, 0, 0, 0, 0, 0, 0, -1, 0]",33,5
FG4851,"[1, 0, 5, 5, 3, 3, 1, 0, 4, 5, 0, 0, 0, 0, 0, 0, 0, 0, 0, 0, 0, 0, 0, 0]",27,4
FG4861,"[1, 5, 5, 5, 3, 3, 2, 0, 4, 5, 0, 0, 0, 0, 0, 0, 0, 0, 0, 0, 0, 0, 0, 0]",33,5
FG4871,"[1, 5, 5, 4, 3, 3, 2, 0, 4, 5, 0, 0, 0, 0, 0, 2, 2, 0, 0, 0, 0, 0, 0, 0]",36,5
FG0800,"[5, 3, 3, 2, 4, 4, 2, 4, 4, 0, 0, 0, 0, 0, 0, 0, 0, 0, 0, 0, 0, 0, 0, -1]",30,4
FG0810,"[4, 2, 2, 2, 5, 4, 3, 4, 4, 0, 0, 0, 0, 0, 3, 3, 3, 0, 0, 0, 0, 0, -2, -1]",36,5
FG0820,"[2, 4, 5, 3, 4, 3, 3, 4, 4, 0, 0, 0, 0, 0, 0, 0, 0, 0, 0, 0, 0, 0, 0, 0]",32,4
FG0830,"[1, 5, 5, 2, 3, 3, 2, 0, 4, 0, 0, 0, 0, 0, 0, 1, 0, 0, 0, 0, 0, 0, 0, 0]",26,3
FG0840,"[1, 0, 5, 2, 3, 2, 2, 0, 4, 0, 0, 0, 0, 0, 0, 1, 0, 0, 0, 0, 0, 0, 0, 0]",20,2
FG0850,"[1, 0, 5, 3, 3, 3, 1, 0, 4, 0, 0, 0, 0, 0, 0, 3, 0, 0, 0, 0, 0, 0, 0, 0]",23,3
FG0860,"[1, 0, 5, 3, 3, 3, 1, 0, 4, 0, 0, 0, 0, 0, 0, 0, 0, 0, 0, 0, 0, 0, 0, 0]",20,2
FG0870,"[2, 4, 5, 3, 3, 3, 2, 4, 4, 0, 0, 0, 0, 0, 2, 0, 0, 0, 0, 0, 0, 0, 0, -4]",28,4
FG0880,"[3, 4, 4, 2, 4, 3, 3, 4, 4, 0, 0, 0, 0, 0, 2, 0, 0, 0, 0, 0, 0, 0, 0, -4]",29,4
FG0890,"[3, 4, 4, 4, 4, 4, 2, 0, 3, 0, 0, 0, 0, 0, 0, 2, 0, 0, 0, 0, 0, 0, 0, -3]",27,4
FG1800,"[3, 4, 4, 3, 4, 4, 2, 0, 3, 0, 0, 0, 0, 0, 0, 3, 0, 0, 0, 0, 0, 0, 0, 0]",30,4
FG1810,"[3, 3, 3, 2, 5, 5, 3, 4, 3, 0, 0, 0, 0, 0, 2, 3, 0, 0, 0, 0, 0, 0, -2, -3]",31,4
FG1820,"[2, 5, 5, 3, 3, 3, 3, 0, 4, 0, 0, 0, 0, 0, 0, 1, 0, 0, 0, 0, 0, 0, 0, 0]",29,4
FG1830,"[1, 5, 5, 3, 3, 3, 3, 0, 5, 0, 0, 0, 0, 0, 0, 2, 0, 0, 0, 0, 0, 0, 0, 0]",30,4
FG1840,"[1, 0, 5, 3, 3, 3, 2, 0, 5, 0, 0, 0, 0, 0, 0, 2, 0, 0, 0, 0, 0, 0, 0, 0]",24,3
FG2840,"[1, 5, 5, 2, 4, 3, 3, 0, 4, 0, 0, 0, 0, 0, 0, 0, 0, 0, 0, 0, 0, 0, 0, 0]",27,4
FG2850,"[4, 4, 4, 2, 5, 4, 4, 5, 4, 0, 0, 0, 0, 0, 5, 0, 0, 0, 0, 0, 0, 0, -1, 0]",40,5
FG2860,"[4, 3, 3, 2, 4, 4, 3, 4, 4, 0, 0, 0, 0, 0, 2, 0, 0, 0, 0, 0, 0, 0, -2, -1]",30,4
FG2870,"[1, 5, 5, 2, 4, 3, 3, 0, 0, 0, 0, 0, 0, 0, 0, 0, 0, 0, 0, 0, 0, 0, 0, 0]",23,3
FG2880,"[2, 4, 5, 2, 4, 3, 4, 4, 0, 0, 0, 0, 0, 0, 0, 0, 0, 0, 0, 0, 0, 0, 0, -1]",27,4
FG2890,"[3, 3, 3, 2, 5, 4, 3, 4, 0, 0, 0, 0, 0, 0, 2, 0, 0, 0, 0, 0, 0, 0, -2, -1]",26,3
FG3800,"[3, 3, 4, 2, 5, 4, 3, 4, 0, 0, 0, 0, 0, 0, 0, 0, 0, 0, 0, 0, 0, 0, -2, -2]",24,3
FG3810,"[3, 3, 4, 2, 4, 4, 3, 0, 0, 0, 0, 0, 0, 0, 0, 0, 0, 0, 0, 0, 0, 0, -2, -2]",19,2
FG3820,"[4, 2, 3, 3, 4, 4, 2, 5, 0, 0, 0, 0, 0, 0, 5, 2, 2, 0, 0, 0, 0, 0, -2, -1]",33,5
FG3830,"[5, 3, 4, 3, 4, 3, 1, 5, 0, 0, 0, 0, 0, 0, 3, 3, 3, 0, 0, 0, 0, 0, -2, -1]",34,5
FG3840,"[5, 3, 4, 3, 3, 2, 1, 5, 0, 0, 3, 0, 0, 0, 5, 3, 3, 0, 0, 0, 0, 0, -3, -1]",36,5
FG3850,"[1, 0, 5, 1, 1, 1, 3, 5, 0, 0, 0, 0, 0, 0, 0, 0, 0, 0, 0, 0, 0, 0, 0, 0]",17,2
FG3860,"[3, 4, 5, 1, 2, 1, 1, 5, 0, 0, 0, 0, 0, 0, 0, 0, 0, 0, 5, 0, 0, 0, 0, -4]",23,3
FG3870,"[2, 4, 5, 1, 1, 1, 1, 5, 0, 0, 0, 0, 0, 0, 0, 0, 0, 0, 0, 0, 0, 0, 0, -1]",19,2
FG3880,"[3, 4, 5, 1, 2, 1, 2, 5, 0, 0, 0, 0, 0, 0, 0, 0, 0, 0, 0, 0, 0, 0, 0, -1]",22,3
FG3890,"[3, 5, 5, 2, 2, 1, 2, 5, 0, 0, 0, 0, 0, 0, 0, 0, 0, 0, 0, 0, 0, 0, 0, 0]",25,3
FG4800,"[4, 4, 4, 3, 4, 3, 2, 5, 0, 0, 0, 0, 0, 0, 0, 0, 0, 0, 0, 0, 0, 0, 0, -2]",27,4
FG4810,"[4, 2, 2, 3, 5, 4, 2, 5, 0, 0, 0, 0, 0, 0, 3, 0, 0, 5, 0, 0, 0, 0, 0, -1]",34,5
FG4820,"[2, 4, 5, 3, 3, 3, 3, 0, 0, 0, 0, 0, 0, 0, 0, 0, 0, 0, 0, 0, 0, 0, 0, 0]",23,3
FG4830,"[2, 4, 5, 2, 4, 3, 3, 0, 4, 5, 0, 0, 0, 0, 0, 0, 0, 0, 0, 0, 0, 0, -2, -4]",26,3
FG4840,"[1, 5, 5, 5, 3, 3, 2, 0, 4, 5, 0, 0, 0, 0, 0, 0, 0, 0, 0, 0, 0, 0, -1, 0]",32,4
FG4850,"[1, 5, 5, 5, 3, 3, 2, 0, 4, 5, 0, 0, 0, 0, 0, 0, 0, 0, 0, 0, 0, 0, 0, 0]",33,5
FG0709,"[3, 4, 4, 2, 4, 3, 3, 5, 4, 0, 0, 0, 0, 0, 2, 0, 0, 0, 0, 0, -5, 0, 0, -1]",28,4
FG0719,"[4, 3, 3, 2, 4, 4, 2, 4, 4, 0, 0, 0, 0, 0, 0, 3, 3, 0, 0, 0, 0, 0, -2, -1]",33,5
FG0729,"[2, 4, 5, 3, 4, 4, 2, 4, 4, 0, 0, 0, 0, 0, 0, 0, 0, 0, 0, 0, 0, 0, 0, -4]",28,4
FG0749,"[1, 0, 5, 3, 3, 2, 2, 0, 4, 0, 0, 0, 0, 0, 0, 2, 0, 0, 0, 0, 0, 0, 0, 0]",22,3
FG0759,"[1, 4, 5, 3, 3, 3, 1, 0, 4, 0, 0, 0, 0, 0, 0, 2, 0, 0, 0, 0, 0, 0, 0, 0]",26,3
FG0769,"[3, 3, 4, 2, 3, 3, 3, 4, 4, 0, 0, 0, 0, 0, 0, 0, 0, 0, 0, 0, 0, 0, 0, -2]",27,4
FG0779,"[2, 4, 5, 2, 3, 3, 2, 4, 4, 0, 0, 0, 0, 0, 0, 0, 0, 0, 0, 0, 0, 0, 0, 0]",29,4
FG0789,"[2, 4, 5, 3, 3, 3, 2, 0, 0, 0, 0, 0, 0, 0, 0, 0, 0, 0, 0, 0, 0, 0, 0, 0]",22,3
FG0799,"[3, 4, 4, 4, 4, 4, 2, 0, 0, 0, 0, 0, 0, 0, 0, 0, 0, 0, 0, 0, 0, 0, 0, 0]",25,3
FG1709,"[2, 3, 3, 2, 5, 5, 2, 0, 0, 0, 0, 0, 0, 0, 0, 1, 0, 0, 0, 0, 0, 0, -1, -1]",21,2
FG1719,"[3, 3, 3, 2, 5, 5, 2, 4, 4, 0, 0, 0, 0, 0, 0, 3, 0, 0, 0, 0, 0, 0, -2, -1]",31,4
FG1729,"[1, 4, 5, 3, 3, 3, 3, 0, 4, 0, 0, 0, 0, 0, 0, 2, 0, 0, 0, 0, 0, 0, 0, 0]",28,4
FG1739,"[1, 0, 5, 3, 3, 3, 2, 0, 4, 0, 0, 0, 0, 0, 0, 4, 0, 0, 0, 0, 0, 0, 0, 0]",25,3
FG1749,"[1, 3, 5, 4, 3, 3, 2, 0, 4, 0, 0, 0, 0, 0, 0, 4, 0, 0, 0, 0, 0, 0, 0, 0]",29,4
FG2749,"[4, 3, 3, 2, 4, 4, 4, 4, 4, 0, 0, 0, 0, 0, 0, 0, 0, 0, 0, 0, 0, 0, 0, -1]",31,4
FG2759,"[4, 2, 2, 2, 4, 4, 3, 5, 4, 0, 0, 0, 0, 0, 5, 0, 0, 0, 0, 0, 0, 0, -2, -1]",32,4
FG2769,"[2, 4, 5, 3, 4, 3, 3, 0, 0, 0, 0, 0, 0, 0, 0, 0, 0, 0, 0, 0, 0, 0, 0, 0]",24,3
FG2779,"[1, 4, 5, 2, 4, 3, 3, 0, 0, 0, 0, 0, 0, 0, 0, 0, 0, 0, 0, 0, 0, 0, 0, 0]",22,3
FG2789,"[3, 3, 3, 2, 4, 4, 3, 4, 0, 0, 0, 0, 0, 0, 0, 0, 0, 0, 0, 0, 0, 0, -2, -1]",23,3
FG2799,"[3, 3, 3, 2, 5, 4, 3, 4, 0, 0, 0, 0, 0, 0, 0, 0, 0, 0, 0, 0, 0, 0, -1, -2]",24,3
FG3709,"[3, 4, 4, 2, 4, 4, 2, 4, 0, 0, 0, 0, 0, 0, 0, 0, 0, 0, 0, 0, 0, 0, 0, -3]",24,3
FG3719,"[2, 4, 5, 3, 4, 3, 2, 0, 5, 0, 0, 0, 0, 0, 0, 0, 0, 0, 0, 0, 0, 0, 0, 0]",28,4
FG3729,"[5, 4, 4, 4, 3, 2, 1, 5, 5, 0, 3, 0, 0, 0, 0, 3, 3, 5, 0, 0, 0, 0, 0, 0]",47,5
FG3739,"[3, 4, 5, 5, 3, 3, 2, 5, 5, 0, 0, 0, 0, 0, 0, 0, 0, 0, 0, 0, 0, 0, 0, -1]",34,5
FG3749,"[2, 5, 5, 3, 3, 3, 3, 5, 5, 0, 0, 0, 0, 0, 0, 0, 0, 0, 0, 0, 0, 0, -2, 0]",32,4
FG3759,"[4, 4, 5, 3, 3, 2, 2, 5, 0, 0, 0, 0, 0, 0, 0, 0, 0, 0, 0, 0, 0, 0, -2, -3]",23,3
FG3769,"[3, 5, 5, 2, 3, 2, 2, 5, 0, 0, 0, 0, 0, 0, 0, 0, 0, 0, 0, 0, 0, 0, -1, -2]",24,3
FG3779,"[5, 3, 4, 2, 4, 2, 2, 5, 0, 0, 0, 0, 0, 0, 0, 0, 0, 0, 0, 0, 0, 0, 0, -1]",26,3
FG3789,"[5, 3, 3, 2, 4, 2, 1, 5, 0, 0, 0, 0, 0, 0, 3, 2, 2, 0, 0, 0, 0, 0, -1, -1]",30,4
FG3799,"[3, 5, 5, 2, 2, 1, 2, 5, 0, 0, 0, 0, 0, 0, 0, 0, 0, 0, 0, 0, 0, 0, 0, 0]",25,3
FG4709,"[3, 5, 5, 2, 2, 2, 3, 5, 0, 0, 0, 0, 0, 0, 0, 0, 0, 0, 0, 0, 0, 0, 0, 0]",27,4
FG4719,"[4, 3, 4, 2, 3, 2, 2, 5, 0, 0, 0, 0, 0, 0, 0, 4, 4, 0, 0, 0, 0, 0, -2, -1]",30,4
FG4729,"[4, 3, 4, 2, 3, 3, 2, 5, 0, 0, 0, 0, 0, 0, 0, 0, 0, 0, 0, 0, 0, 0, 0, 0]",26,3
FG4739,"[1, 5, 5, 5, 3, 3, 2, 5, 4, 5, 0, 0, 0, 0, 0, 0, 0, 0, 0, 0, 0, 0, -1, 0]",37,5
FG4749,"[1, 5, 5, 4, 3, 2, 2, 0, 4, 5, 0, 0, 0, 0, 0, 0, 0, 0, 0, 0, 0, 0, -2, 0]",29,4
FG4759,"[4, 3, 3, 3, 4, 4, 2, 4, 4, 5, 0, 0, 0, 0, 3, 4, 4, 0, 0, 0, 0, 0, 0, -1]",46,5
FG0738,"[1, 4, 5, 3, 3, 2, 1, 0, 4, 0, 0, 0, 0, 0, 0, 0, 0, 0, 0, 0, 0, 0, -1, -1]",21,2
FG0748,"[1, 3, 5, 2, 3, 2, 2, 0, 4, 0, 0, 0, 0, 0, 2, 3, 0, 0, 0, 0, 0, 0, 0, -2]",25,3
FG0758,"[3, 2, 4, 3, 4, 3, 3, 4, 4, 0, 0, 0, 0, 0, 3, 0, 0, 0, 0, 0, 0, 0, -1, -1]",31,4
FG0768,"[3, 3, 3, 3, 5, 4, 2, 0, 4, 0, 0, 0, 0, 0, 0, 0, 0, 0, 0, 0, 0, 0, 0, -1]",26,3
FG0778,"[3, 3, 4, 3, 4, 4, 2, 4, 0, 0, 0, 0, 0, 0, 0, 0, 0, 0, 0, 0, 0, 0, 0, -1]",26,3
FG0788,"[2, 4, 5, 3, 3, 3, 1, 0, 0, 0, 0, 0, 0, 0, 0, 0, 0, 0, 0, 0, 0, 0, 0, 0]",21,2
FG0798,"[3, 4, 4, 3, 4, 4, 1, 0, 1, 0, 0, 0, 0, 0, 0, 0, 0, 0, 0, 0, -5, 0, 0, 0]",19,2
FG1708,"[2, 2, 3, 3, 5, 5, 2, 4, 4, 0, 0, 0, 0, 0, 5, 3, 0, 0, 0, 0, 0, 0, -2, -1]",35,5
FG1718,"[2, 3, 5, 3, 4, 4, 2, 0, 4, 0, 0, 0, 0, 0, 0, 0, 0, 0, 0, 0, 0, 0, 0, -1]",26,3
FG1728,"[1, 5, 5, 3, 3, 3, 3, 0, 4, 0, 0, 0, 0, 0, 0, 0, 0, 0, 0, 0, 0, 0, 0, 0]",27,4
FG1738,"[1, 5, 5, 4, 3, 2, 3, 0, 4, 0, 0, 0, 0, 0, 0, 0, 0, 0, 0, 0, 0, 0, 0, 0]",27,4
FG1748,"[3, 3, 4, 2, 3, 4, 3, 4, 4, 0, 0, 0, 0, 0, 0, 4, 0, 0, 0, 0, -5, 0, 0, -3]",26,3
FG2748,"[2, 5, 5, 2, 4, 3, 4, 0, 4, 0, 0, 0, 0, 0, 0, 0, 0, 0, 0, 0, 0, 0, 0, 0]",29,4
FG2758,"[3, 3, 4, 2, 4, 3, 2, 0, 4, 0, 0, 0, 0, 0, 0, 0, 0, 0, 0, 0, 0, 0, -1, -2]",22,3
FG2768,"[3, 4, 3, 2, 4, 4, 3, 0, 4, 0, 0, 0, 0, 0, 0, 0, 0, 0, 0, 0, 0, 0, -2, -3]",22,3
FG2778,"[3, 5, 5, 3, 4, 4, 3, 4, 0, 0, 0, 0, 0, 0, 0, 0, 0, 0, 0, 0, 0, 0, 0, -1]",30,4
FG2788,"[4, 3, 3, 2, 4, 4, 2, 4, 0, 0, 0, 0, 0, 0, 0, 0, 0, 0, 0, 0, 0, 0, -2, -1]",23,3
FG2798,"[2, 4, 5, 3, 4, 3, 2, 0, 1, 0, 0, 0, 0, 0, 0, 0, 0, 0, 0, 0, 0, 0, 0, 0]",24,3
FG3708,"[2, 4, 5, 3, 4, 3, 3, 4, 0, 0, 0, 0, 0, 0, 0, 0, 0, 0, 0, 0, 0, 0, 0, -2]",26,3
FG3718,"[4, 4, 5, 3, 3, 2, 1, 5, 5, 0, 0, 0, 0, 0, 0, 3, 3, 0, 0, 0, 0, 0, 0, -3]",35,5
FG3728,"[3, 4, 5, 4, 3, 3, 1, 5, 5, 0, 0, 0, 0, 0, 0, 1, 1, 0, 0, 0, 0, 0, 0, -4]",31,4
FG3738,"[1, 0, 5, 4, 3, 3, 2, 0, 5, 0, 0, 0, 0, 0, 0, 0, 0, 0, 0, 0, 0, 0, 0, 0]",23,3
FG3748,"[1, 5, 5, 3, 3, 3, 2, 4, 0, 0, 0, 0, 0, 0, 0, 1, 0, 0, 0, 0, 0, 0, 0, 0]",27,4
FG3758,"[3, 3, 4, 3, 4, 4, 4, 0, 0, 0, 0, 0, 0, 0, 0, 2, 0, 0, 0, 0, 0, 0, 0, -4]",23,3
FG3768,"[3, 2, 3, 2, 5, 4, 3, 4, 0, 0, 0, 0, 0, 0, 3, 2, 2, 0, 0, 0, 0, 0, -3, -2]",28,4
FG3778,"[4, 2, 3, 3, 5, 4, 2, 0, 0, 0, 0, 0, 0, 0, 3, 4, 4, 0, 0, 0, 0, 0, -2, -1]",31,4
FG3788,"[3, 3, 3, 3, 5, 4, 2, 4, 0, 0, 0, 0, 0, 0, 0, 4, 4, 0, 0, 0, 0, 0, -2, -1]",32,4
FG3798,"[2, 5, 5, 3, 3, 2, 3, 5, 0, 0, 0, 0, 0, 0, 0, 5, 5, 0, 0, 0, 0, 0, -3, -2]",33,5
FG4708,"[2, 4, 5, 3, 4, 3, 3, 0, 0, 0, 0, 0, 0, 0, 0, 4, 4, 0, 0, 0, 0, 0, -2, -4]",26,3
FG4718,"[4, 4, 3, 3, 4, 4, 3, 5, 0, 0, 0, 0, 0, 0, 5, 5, 5, 0, 0, 0, 0, 0, -3, -1]",41,5
FG4728,"[4, 4, 4, 4, 3, 3, 1, 5, 4, 0, 0, 0, 0, 0, 3, 3, 3, 0, 0, 0, 0, 0, -2, 0]",39,5
FG4738,"[3, 4, 5, 4, 3, 2, 2, 4, 4, 0, 0, 0, 0, 0, 3, 3, 3, 0, 0, 0, 0, 0, -2, -2]",36,5
FG4748,"[4, 3, 3, 4, 4, 3, 2, 0, 4, 5, 0, 0, 0, 0, 3, 3, 3, 0, 0, 0, 0, 0, -3, -1]",37,5
FG4758,"[3, 3, 3, 3, 5, 4, 2, 4, 4, 5, 0, 0, 0, 0, 0, 2, 2, 0, 0, 0, 0, 0, -1, -4]",35,5
FG4768,"[3, 4, 5, 3, 3, 3, 3, 4, 4, 5, 0, 0, 0, 0, 0, 4, 2, 0, 0, 0, 0, 0, 0, -3]",40,5
FG0609,"[3, 3, 4, 2, 4, 4, 3, 0, 0, 0, 0, 0, 0, 0, 0, 2, 2, 0, 0, 0, 0, 0, 0, -4]",23,3
FG0700,"[3, 4, 4, 2, 4, 4, 2, 0, 4, 0, 0, 0, 0, 0, 0, 0, 0, 0, 0, 0, 0, 0, 0, -2]",25,3
FG0619,"[1, 5, 5, 3, 3, 3, 3, 0, 0, 0, 0, 0, 0, 0, 0, 0, 0, 0, 0, 0, 0, 0, 0, 0]",23,3
FG0710,"[1, 4, 5, 2, 4, 3, 2, 0, 0, 0, 0, 0, 0, 0, 0, 0, 0, 0, 0, 0, 0, 0, 0, 0]",21,2
FG0629,"[1, 0, 5, 3, 3, 3, 2, 0, 0, 0, 0, 0, 0, 0, 0, 0, 0, 0, 0, 0, 0, 0, 0, 0]",17,2
FG0720,"[1, 4, 5, 3, 3, 3, 2, 0, 0, 0, 0, 0, 0, 0, 0, 0, 0, 0, 0, 0, 0, 0, 0, 0]",21,2
FG0639,"[1, 0, 5, 3, 3, 3, 1, 0, 0, 0, 0, 0, 0, 0, 0, 0, 0, 0, 0, 0, 0, 0, 0, 0]",16,2
FG0730,"[2, 4, 5, 2, 3, 3, 2, 0, 0, 0, 0, 0, 0, 0, 0, 0, 0, 0, 0, 0, 0, 0, 0, 0]",21,2
FG0649,"[1, 0, 5, 3, 3, 3, 1, 0, 0, 0, 0, 0, 0, 0, 0, 0, 0, 0, 0, 0, 0, 0, 0, 0]",16,2
FG0740,"[2, 5, 5, 3, 4, 3, 2, 0, 0, 0, 0, 0, 0, 0, 0, 0, 0, 0, 0, 0, 0, 0, 0, 0]",24,3
FG0659,"[1, 5, 5, 3, 3, 3, 3, 0, 0, 0, 0, 0, 0, 0, 0, 0, 0, 0, 0, 0, 0, 0, 0, 0]",23,3
FG0750,"[1, 0, 5, 3, 3, 3, 3, 0, 0, 0, 0, 0, 0, 0, 0, 0, 0, 0, 0, 0, 0, 0, 0, 0]",18,2
FG0669,"[1, 5, 5, 4, 3, 3, 2, 0, 0, 0, 0, 0, 0, 0, 0, 0, 0, 0, 0, 0, 0, 0, 0, 0]",23,3
FG0760,"[1, 0, 5, 3, 3, 3, 1, 0, 4, 0, 0, 0, 0, 0, 0, 0, 0, 0, 0, 0, 0, 0, 0, 0]",20,2
FG0679,"[3, 3, 4, 3, 4, 4, 3, 0, 4, 0, 0, 0, 0, 0, 2, 0, 0, 0, 0, 0, 0, 0, 0, -1]",29,4
FG0770,"[2, 4, 5, 4, 3, 3, 2, 0, 4, 0, 0, 0, 0, 0, 0, 0, 0, 0, 0, 0, 0, 0, 0, -2]",25,3
FG0689,"[1, 5, 5, 3, 3, 3, 2, 0, 4, 0, 0, 0, 0, 0, 0, 0, 0, 0, 0, 0, 0, 0, 0, 0]",26,3
FG0780,"[1, 5, 5, 3, 3, 3, 2, 0, 4, 0, 0, 0, 0, 0, 0, 0, 0, 0, 0, 0, 0, 0, 0, 0]",26,3
FG0699,"[1, 0, 5, 4, 3, 3, 2, 0, 4, 0, 0, 0, 0, 0, 0, 0, 0, 0, 0, 0, 0, 0, 0, 0]",22,3
FG0790,"[1, 0, 5, 3, 3, 3, 3, 0, 4, 0, 0, 0, 0, 0, 0, 0, 0, 0, 0, 0, 0, 0, 0, 0]",22,3
FG1689,"[3, 3, 3, 3, 4, 4, 4, 4, 4, 0, 0, 0, 0, 0, 5, 3, 3, 0, 0, 0, 0, 0, -3, -3]",37,5
FG1699,"[3, 3, 5, 4, 3, 3, 2, 0, 4, 0, 3, 0, 0, 0, 0, 2, 2, 0, 0, 0, 0, 0, -2, -1]",31,4
FG1790,"[2, 4, 5, 4, 3, 3, 2, 0, 4, 0, 0, 0, 0, 0, 0, 0, 0, 0, 0, 0, 0, 0, 0, -3]",24,3
FG2609,"[5, 4, 3, 2, 3, 4, 4, 4, 4, 0, 0, 0, 0, 0, 2, 3, 3, 0, 0, 0, -5, 0, 0, -1]",35,5
FG2700,"[4, 3, 4, 3, 3, 3, 3, 4, 5, 0, 0, 0, 0, 0, 3, 3, 3, 0, 0, 0, 0, 0, 0, -1]",40,5
FG2619,"[2, 5, 5, 2, 4, 3, 3, 4, 4, 0, 0, 0, 0, 0, 0, 0, 0, 0, 0, 0, 0, 0, 0, -4]",28,4
FG2710,"[1, 5, 5, 2, 4, 3, 2, 0, 4, 0, 0, 0, 0, 0, 0, 0, 0, 0, 0, 0, 0, 0, 0, 0]",26,3
FG2629,"[1, 5, 5, 2, 4, 3, 3, 0, 0, 0, 0, 0, 0, 0, 0, 0, 0, 0, 0, 0, 0, 0, 0, 0]",23,3
FG2720,"[2, 4, 5, 2, 3, 3, 1, 4, 0, 0, 0, 0, 0, 0, 0, 0, 0, 0, 0, 0, 0, 0, 0, 0]",24,3
FG2639,"[3, 3, 3, 2, 5, 4, 3, 0, 4, 0, 0, 0, 0, 0, 0, 0, 0, 0, 0, 0, 0, 0, -2, -3]",22,3
FG2730,"[4, 3, 3, 2, 3, 4, 2, 4, 4, 0, 0, 0, 0, 0, 3, 0, 0, 0, 0, 0, -5, 0, 0, -1]",26,3
FG2649,"[4, 3, 3, 2, 3, 3, 3, 0, 4, 0, 0, 0, 0, 0, 3, 0, 0, 0, 0, 0, 0, 0, -1, -1]",26,3
FG2740,"[3, 3, 3, 1, 3, 4, 1, 5, 4, 0, 0, 0, 0, 0, 0, 0, 0, 0, 0, 0, -5, 0, -2, -1]",19,2
FG2659,"[3, 4, 4, 1, 3, 4, 1, 0, 4, 0, 0, 0, 0, 0, 0, 0, 0, 0, 0, 0, 0, 0, 0, 0]",24,3
FG2750,"[5, 2, 3, 1, 4, 4, 1, 5, 4, 0, 0, 0, 0, 0, 2, 1, 1, 0, 0, 0, -5, 0, -2, -1]",25,3
FG2669,"[4, 3, 4, 2, 3, 4, 2, 0, 4, 0, 0, 0, 0, 0, 0, 0, 0, 0, 0, 0, 0, 0, 0, -2]",24,3
FG2760,"[5, 3, 3, 2, 4, 4, 2, 4, 4, 0, 0, 0, 0, 0, 0, 1, 0, 0, 0, 0, 0, 0, -1, -1]",30,4
FG2679,"[2, 5, 5, 2, 3, 3, 3, 0, 0, 0, 0, 0, 0, 0, 0, 1, 0, 0, 0, 0, 0, 0, 0, 0]",24,3
FG2770,"[3, 3, 5, 3, 4, 3, 2, 0, 4, 0, 0, 0, 0, 0, 0, 3, 0, 0, 0, 0, 0, 0, -1, 0]",29,4
FG2689,"[1, 5, 5, 4, 3, 3, 3, 0, 0, 0, 0, 0, 0, 0, 0, 3, 0, 0, 0, 0, 0, 0, 0, 0]",27,4
FG2780,"[2, 4, 5, 3, 3, 3, 2, 4, 0, 0, 0, 0, 0, 0, 0, 0, 0, 0, 0, 0, 0, 0, 0, 0]",26,3
FG2699,"[1, 4, 5, 4, 3, 3, 2, 0, 0, 0, 0, 0, 0, 0, 0, 1, 0, 0, 0, 0, 0, 0, 0, 0]",23,3
FG2790,"[3, 4, 5, 4, 4, 4, 2, 4, 0, 0, 0, 0, 0, 0, 0, 0, 0, 0, 0, 0, 0, 0, 0, -4]",26,3
FG3609,"[3, 3, 4, 3, 4, 4, 3, 4, 0, 0, 0, 0, 0, 0, 5, 0, 0, 0, 0, 0, 0, 0, 0, -1]",32,4
FG3700,"[2, 5, 5, 4, 4, 3, 2, 0, 0, 0, 0, 0, 0, 0, 0, 0, 0, 0, 0, 0, 0, 0, 0, 0]",25,3
FG3619,"[3, 3, 3, 2, 5, 5, 3, 4, 0, 0, 0, 0, 0, 0, 2, 0, 0, 0, 0, 0, 0, 0, 0, -1]",29,4
FG3710,"[3, 4, 3, 2, 5, 4, 3, 4, 0, 0, 0, 0, 0, 0, 0, 0, 0, 0, 0, 0, 0, 0, 0, -1]",27,4
FG3629,"[2, 4, 5, 3, 4, 3, 1, 0, 0, 0, 0, 0, 0, 0, 0, 0, 0, 0, 0, 0, 0, 0, 0, 0]",22,3
FG3720,"[3, 4, 3, 2, 5, 5, 1, 4, 4, 0, 0, 0, 0, 0, 0, 0, 0, 0, 0, 0, 0, 0, -2, -2]",27,4
FG3639,"[3, 4, 4, 3, 4, 4, 2, 0, 4, 0, 0, 0, 0, 0, 0, 0, 0, 0, 0, 0, 0, 0, -2, -2]",24,3
FG3730,"[3, 4, 5, 3, 4, 3, 3, 4, 4, 0, 0, 0, 0, 0, 0, 0, 0, 0, 0, 0, 0, 0, -1, 0]",32,4
FG3649,"[3, 3, 4, 3, 4, 4, 2, 4, 4, 0, 0, 0, 0, 0, 0, 0, 0, 0, 0, 0, 0, 0, -1, -1]",29,4
FG3740,"[1, 5, 5, 3, 3, 3, 2, 0, 0, 0, 0, 0, 0, 0, 0, 0, 0, 0, 0, 0, 0, 0, 0, 0]",22,3
FG3659,"[2, 4, 5, 3, 4, 4, 2, 0, 0, 0, 0, 0, 0, 0, 0, 0, 0, 0, 0, 0, 0, 0, 0, 0]",24,3
FG3750,"[2, 4, 5, 3, 4, 3, 2, 0, 0, 0, 0, 0, 0, 0, 0, 0, 0, 0, 0, 0, 0, 0, 0, -2]",21,2
FG3669,"[3, 4, 5, 3, 4, 3, 3, 4, 0, 0, 0, 0, 0, 0, 0, 0, 0, 0, 0, 0, -5, 0, 0, -1]",23,3
FG3760,"[2, 4, 5, 3, 3, 3, 3, 4, 0, 0, 0, 0, 0, 0, 0, 0, 0, 0, 0, 0, 0, 0, 0, -2]",25,3
FG3679,"[3, 5, 4, 3, 4, 4, 2, 0, 0, 0, 0, 0, 0, 0, 0, 0, 0, 0, 0, 0, -5, 0, 0, 0]",20,2
FG3770,"[3, 5, 5, 3, 4, 3, 2, 4, 0, 0, 0, 0, 0, 0, 0, 0, 0, 0, 0, 0, -5, 0, 0, 0]",24,3
FG3689,"[1, 4, 5, 3, 3, 3, 3, 0, 0, 0, 0, 0, 0, 0, 0, 0, 0, 0, 0, 0, -5, 0, 0, 0]",17,2
FG3780,"[3, 5, 4, 4, 4, 4, 3, 0, 0, 0, 0, 0, 0, 0, 0, 0, 0, 0, 0, 0, -5, 0, 0, 0]",22,3
FG3699,"[2, 5, 5, 4, 4, 3, 2, 0, 0, 0, 0, 0, 0, 0, 0, 0, 0, 0, 0, 0, 0, 0, 0, -4]",21,2
FG3790,"[2, 5, 5, 3, 4, 4, 2, 0, 0, 0, 0, 0, 0, 0, 0, 0, 0, 0, 0, 0, -5, 0, 0, 0]",20,2
FG4609,"[4, 3, 3, 3, 4, 4, 3, 0, 0, 0, 0, 0, 0, 0, 3, 3, 3, 0, 0, 0, 0, 0, -2, -1]",30,4
FG4700,"[2, 4, 5, 4, 3, 3, 2, 4, 0, 0, 0, 0, 0, 0, 0, 0, 0, 0, 0, 0, 0, 0, 0, -2]",25,3
FG4619,"[4, 3, 3, 4, 4, 4, 3, 0, 0, 0, 0, 0, 0, 0, 5, 3, 3, 0, 0, 0, 0, 0, -2, -1]",33,5
FG4710,"[3, 5, 4, 3, 5, 4, 2, 0, 0, 0, 0, 0, 0, 0, 0, 0, 0, 0, 0, 0, 0, 0, 0, 0]",26,3
FG4629,"[4, 3, 3, 4, 4, 4, 3, 4, 0, 0, 0, 0, 0, 0, 0, 4, 3, 0, 0, 0, 0, 0, -1, -1]",34,5
FG4720,"[3, 4, 4, 4, 4, 4, 2, 4, 4, 0, 0, 0, 0, 0, 0, 1, 1, 0, 0, 0, 0, 0, 0, -2]",33,5
FG4639,"[3, 4, 4, 4, 4, 4, 2, 4, 4, 5, 0, 0, 0, 0, 0, 0, 0, 0, 0, 0, 0, 0, 0, -4]",34,5
FG4730,"[3, 4, 3, 3, 4, 4, 2, 4, 4, 5, 0, 0, 0, 0, 0, 2, 3, 0, 0, 0, 0, 0, 0, -1]",40,5
FG4649,"[1, 0, 5, 4, 3, 3, 1, 0, 4, 5, 0, 0, 0, 0, 0, 3, 0, 0, 0, 0, 0, 0, 0, 0]",29,4
FG4740,"[1, 5, 5, 4, 3, 3, 2, 0, 4, 5, 0, 0, 0, 0, 0, 0, 0, 0, 0, 0, 0, 0, 0, 0]",32,4
FG4750,"[1, 0, 5, 4, 3, 3, 2, 0, 4, 5, 0, 0, 0, 0, 0, 3, 0, 0, 0, 0, 0, 0, 0, 0]",30,4
FG0608,"[3, 4, 5, 3, 4, 3, 2, 4, 0, 0, 0, 0, 0, 0, 0, 2, 2, 0, 0, 0, 0, 0, 0, -4]",28,4
FG0618,"[2, 4, 5, 3, 3, 3, 2, 0, 0, 0, 0, 0, 0, 0, 3, 3, 3, 0, 0, 0, 0, 0, 0, -4]",27,4
FG0628,"[1, 0, 5, 3, 3, 3, 2, 0, 0, 0, 0, 0, 0, 0, 0, 0, 0, 0, 0, 0, 0, 0, 0, 0]",17,2
FG0638,"[1, 5, 5, 3, 3, 3, 2, 0, 0, 0, 0, 0, 0, 0, 0, 0, 0, 0, 0, 0, 0, 0, 0, 0]",22,3
FG0648,"[1, 5, 5, 3, 3, 3, 2, 0, 0, 0, 0, 0, 0, 0, 0, 0, 0, 0, 0, 0, 0, 0, 0, 0]",22,3
FG0658,"[4, 4, 5, 3, 4, 3, 1, 5, 4, 0, 0, 0, 0, 0, 0, 2, 2, 0, 0, 0, 0, 0, 0, -3]",34,5
FG0668,"[3, 3, 3, 2, 3, 4, 3, 5, 4, 0, 0, 0, 0, 0, 3, 3, 3, 0, 0, 0, 0, 0, 0, -2]",37,5
FG0678,"[4, 3, 3, 2, 4, 4, 2, 4, 4, 0, 0, 0, 0, 0, 5, 2, 2, 0, 0, 0, 0, 0, 0, -1]",38,5
FG0688,"[2, 4, 5, 3, 3, 3, 2, 0, 4, 0, 0, 0, 0, 0, 0, 0, 0, 0, 0, 0, 0, 0, 0, -1]",25,3
FG0698,"[1, 5, 5, 4, 3, 3, 3, 0, 4, 0, 0, 0, 0, 0, 0, 0, 0, 0, 0, 0, 0, 0, 0, 0]",28,4
FG1608,"[1, 5, 5, 4, 3, 3, 1, 0, 4, 0, 0, 0, 0, 0, 0, 0, 0, 0, 0, 0, 0, 0, 0, 0]",26,3
FG1678,"[3, 3, 3, 3, 4, 4, 4, 0, 5, 0, 0, 0, 0, 0, 2, 1, 0, 0, 0, 0, 0, 0, 0, -2]",30,4
FG1688,"[2, 4, 5, 4, 3, 3, 2, 0, 5, 0, 0, 0, 0, 0, 0, 1, 0, 0, 0, 0, 0, 0, 0, 0]",29,4
FG1698,"[3, 3, 4, 4, 4, 4, 3, 4, 4, 0, 0, 0, 0, 0, 0, 3, 3, 0, 0, 0, 0, 0, -2, -2]",35,5
FG2608,"[4, 3, 3, 1, 4, 4, 2, 4, 4, 0, 0, 0, 0, 0, 5, 3, 3, 0, 0, 0, 0, 0, -1, -2]",37,5
FG2618,"[4, 5, 5, 2, 3, 3, 3, 4, 4, 0, 0, 0, 0, 0, 0, 0, 0, 0, 0, 0, 0, 0, 0, -2]",31,4
FG2628,"[1, 4, 5, 2, 3, 3, 3, 0, 0, 0, 0, 0, 0, 0, 0, 0, 0, 0, 0, 0, 0, 0, -2, 0]",19,2
FG2638,"[2, 4, 5, 2, 4, 3, 3, 0, 0, 0, 0, 0, 0, 0, 0, 0, 0, 0, 0, 0, 0, 0, -1, 0]",22,3
FG2648,"[1, 4, 5, 3, 3, 3, 3, 0, 4, 0, 0, 0, 0, 0, 0, 0, 0, 0, 0, 0, 0, 0, 0, 0]",26,3
FG2658,"[3, 4, 5, 3, 3, 3, 2, 0, 4, 0, 0, 0, 0, 0, 2, 0, 0, 0, 0, 0, 0, 0, 0, -1]",28,4
FG2668,"[2, 5, 5, 3, 3, 3, 3, 0, 4, 0, 0, 0, 0, 0, 0, 2, 0, 0, 0, 0, 0, 0, 0, 0]",30,4
FG2678,"[2, 4, 5, 2, 4, 4, 3, 0, 0, 0, 0, 0, 0, 0, 0, 3, 0, 0, 0, 0, 0, 0, 0, 0]",27,4
FG2688,"[1, 5, 5, 4, 3, 3, 2, 0, 0, 0, 0, 0, 0, 0, 0, 3, 0, 0, 0, 0, 0, 0, 0, 0]",26,3
FG2698,"[1, 5, 5, 4, 4, 3, 3, 0, 0, 0, 0, 0, 0, 0, 0, 1, 0, 0, 0, 0, 0, 0, 0, 0]",26,3
FG3608,"[3, 4, 4, 2, 5, 4, 3, 0, 0, 0, 0, 0, 0, 0, 3, 0, 0, 0, 0, 0, 0, 0, 0, -2]",26,3
FG3618,"[3, 5, 4, 3, 5, 4, 3, 4, 0, 0, 0, 0, 0, 0, 0, 0, 0, 0, 0, 0, 0, 0, 0, 0]",31,4
FG3628,"[1, 0, 5, 3, 3, 3, 2, 0, 0, 0, 0, 0, 0, 0, 0, 0, 0, 0, 0, 0, 0, 0, 0, 0]",17,2
FG3638,"[2, 5, 5, 3, 3, 3, 3, 0, 0, 0, 0, 0, 0, 0, 0, 0, 0, 0, 0, 0, 0, 0, 0, 0]",24,3
FG3648,"[4, 3, 3, 3, 4, 4, 3, 4, 4, 0, 0, 0, 0, 0, 0, 0, 0, 0, 0, 0, 0, 0, -2, -1]",29,4
FG3658,"[3, 3, 3, 2, 4, 4, 3, 4, 4, 0, 0, 0, 0, 0, 3, 0, 0, 0, 0, 0, 0, 0, -2, -1]",30,4
FG3668,"[3, 3, 3, 2, 5, 4, 2, 4, 0, 0, 0, 0, 0, 0, 0, 0, 0, 0, 0, 0, 0, 0, -2, -1]",23,3
FG3678,"[3, 4, 4, 2, 4, 4, 3, 4, 0, 0, 0, 0, 0, 0, 0, 0, 0, 0, 0, 0, 0, 0, -2, -2]",24,3
FG3688,"[2, 4, 5, 4, 3, 3, 2, 0, 0, 0, 0, 0, 0, 0, 0, 0, 0, 0, 0, 0, 0, 0, -1, -3]",19,2
FG3698,"[3, 2, 2, 2, 4, 4, 3, 4, 0, 0, 0, 0, 0, 0, 3, 3, 4, 0, 0, 0, 0, 0, -3, -1]",30,4
FG4608,"[1, 2, 3, 3, 5, 5, 1, 0, 0, 0, 0, 0, 0, 0, 0, 1, 1, 0, 0, 0, 0, 0, -1, -2]",19,2
FG4618,"[3, 3, 3, 3, 5, 4, 3, 0, 4, 5, 0, 0, 0, 0, 5, 0, 0, 0, 0, 0, 0, 0, 0, -1]",37,5
FG4628,"[4, 3, 4, 4, 4, 4, 3, 0, 4, 5, 0, 0, 0, 0, 0, 3, 2, 0, 0, 0, 0, 0, -2, -1]",37,5
FG4638,"[3, 4, 5, 5, 3, 3, 3, 4, 4, 5, 0, 0, 0, 0, 0, 4, 3, 0, 0, 0, 0, 0, -2, -1]",43,5
FG4648,"[3, 3, 5, 5, 3, 2, 3, 4, 4, 5, 0, 0, 0, 0, 0, 3, 3, 0, 0, 0, 0, 0, -2, -1]",40,5
FG0727,"[1, 4, 5, 3, 3, 3, 1, 4, 4, 0, 0, 0, 0, 0, 0, 0, 0, 0, 0, 0, 0, 0, 0, 0]",28,4
FG0737,"[3, 4, 4, 3, 4, 4, 1, 4, 4, 0, 0, 0, 0, 0, 0, 0, 0, 0, 0, 0, 0, 0, -2, -2]",27,4
FG0747,"[3, 3, 4, 2, 4, 3, 2, 4, 4, 0, 0, 0, 0, 0, 0, 1, 0, 0, 0, 0, 0, 0, -2, -1]",27,4
FG0757,"[3, 4, 3, 3, 4, 4, 4, 4, 4, 0, 0, 0, 0, 0, 5, 0, 0, 0, 0, 0, 0, 0, -2, -2]",34,5
FG0767,"[3, 4, 3, 3, 5, 4, 2, 0, 0, 0, 0, 0, 0, 0, 0, 0, 0, 0, 0, 0, 0, 0, -2, 0]",22,3
FG0777,"[4, 4, 4, 3, 5, 4, 1, 0, 0, 0, 0, 0, 0, 0, 0, 0, 0, 0, 0, 0, 0, 0, -2, -1]",22,3
FG0787,"[4, 4, 4, 3, 5, 4, 1, 0, 0, 0, 0, 0, 0, 0, 0, 0, 0, 0, 0, 0, 0, 0, -2, -5]",18,2
FG0797,"[3, 3, 3, 3, 5, 4, 1, 0, 4, 0, 3, 0, 0, 0, 0, 0, 0, 0, 0, 0, 0, 0, -2, -4]",23,3
FG1707,"[4, 2, 4, 3, 4, 4, 2, 4, 4, 0, 0, 0, 0, 0, 5, 3, 0, 0, 0, 0, 0, 0, -2, -1]",36,5
FG1717,"[1, 5, 5, 3, 3, 3, 1, 0, 4, 0, 0, 0, 0, 0, 0, 0, 0, 0, 0, 0, 0, 0, 0, 0]",25,3
FG1727,"[1, 5, 5, 4, 3, 3, 1, 0, 4, 0, 0, 0, 0, 0, 0, 0, 0, 0, 0, 0, 0, 0, 0, 0]",26,3
FG1737,"[3, 4, 5, 3, 4, 4, 3, 4, 4, 0, 0, 0, 0, 0, 0, 0, 0, 0, 0, 0, 0, 0, 0, -1]",33,5
FG2757,"[3, 3, 4, 3, 4, 4, 3, 4, 4, 0, 0, 0, 0, 0, 0, 0, 0, 0, 0, 0, 0, 0, 0, -1]",31,4
FG2767,"[4, 3, 3, 2, 4, 4, 3, 4, 4, 0, 0, 0, 0, 0, 3, 0, 0, 0, 0, 0, -5, 0, -2, -2]",25,3
FG2777,"[4, 2, 2, 2, 5, 4, 1, 4, 0, 0, 0, 0, 0, 0, 5, 0, 0, 0, 0, 0, 0, 0, -2, -1]",26,3
FG2787,"[2, 2, 3, 2, 3, 5, 2, 4, 0, 0, 0, 0, 0, 0, 0, 0, 0, 0, 0, 0, 0, 0, -1, -1]",21,2
FG2797,"[3, 3, 4, 3, 4, 3, 3, 4, 4, 0, 0, 0, 0, 0, 0, 2, 2, 5, 0, 0, 0, 0, 0, -1]",39,5
FG3707,"[5, 2, 3, 3, 4, 3, 2, 5, 5, 0, 0, 0, 0, 0, 5, 3, 3, 0, 0, 0, 0, 0, 0, -1]",42,5
FG3717,"[3, 4, 5, 4, 2, 2, 1, 5, 5, 0, 0, 0, 0, 0, 0, 3, 1, 0, 0, 0, 0, 0, 0, 0]",35,5
FG3727,"[1, 5, 5, 4, 3, 3, 2, 0, 5, 0, 0, 0, 0, 0, 0, 3, 0, 0, 0, 0, 0, 0, 0, 0]",31,4
FG3737,"[2, 5, 5, 3, 3, 2, 3, 0, 0, 0, 0, 0, 0, 0, 0, 3, 0, 0, 0, 0, 0, 0, 0, 0]",26,3
FG3747,"[2, 5, 5, 3, 3, 2, 3, 0, 0, 0, 0, 0, 0, 0, 0, 3, 0, 0, 0, 0, 0, 0, 0, 0]",26,3
FG3757,"[1, 3, 5, 3, 4, 3, 3, 0, 0, 0, 0, 0, 0, 0, 0, 2, 2, 0, 0, 0, 0, 0, -1, -2]",23,3
FG3767,"[4, 2, 3, 3, 5, 4, 2, 4, 0, 0, 0, 0, 0, 0, 2, 4, 3, 0, 0, 0, 0, 0, -2, -1]",33,5
FG3777,"[3, 4, 3, 3, 5, 4, 2, 0, 0, 0, 0, 0, 0, 0, 0, 3, 0, 0, 0, 0, 0, 0, 0, -1]",26,3
FG3787,"[2, 4, 5, 4, 3, 3, 3, 0, 0, 0, 0, 0, 0, 0, 0, 0, 0, 0, 0, 0, 0, 0, 0, 0]",24,3
FG3797,"[1, 5, 5, 4, 3, 3, 3, 0, 0, 0, 0, 0, 0, 0, 0, 1, 0, 0, 0, 0, 0, 0, 0, 0]",25,3
FG4707,"[2, 3, 3, 3, 5, 5, 2, 0, 0, 0, 0, 0, 0, 0, 0, 3, 0, 0, 0, 0, 0, 0, 0, -1]",25,3
FG4717,"[4, 3, 3, 3, 4, 4, 3, 4, 4, 0, 0, 0, 0, 0, 5, 4, 3, 0, 0, 0, 0, 0, 0, -1]",43,5
FG4727,"[1, 4, 5, 4, 3, 3, 2, 0, 4, 0, 0, 0, 0, 0, 0, 0, 0, 0, 0, 0, 0, 0, 0, -2]",24,3
FG4737,"[3, 4, 5, 3, 4, 4, 2, 4, 4, 0, 0, 0, 0, 0, 0, 3, 3, 0, 0, 0, 0, 0, 0, -3]",36,5
FG4747,"[3, 2, 3, 3, 5, 5, 2, 4, 4, 5, 0, 0, 0, 0, 0, 2, 2, 0, 0, 0, 0, 0, 0, -1]",39,5
FG4757,"[3, 3, 3, 4, 4, 4, 2, 0, 4, 5, 0, 0, 0, 0, 0, 4, 3, 0, 0, 0, 0, 0, 0, -1]",38,5
FG4767,"[1, 5, 5, 5, 3, 3, 2, 0, 4, 5, 0, 0, 0, 0, 0, 0, 0, 0, 0, 0, 0, 0, 0, 0]",33,5
FG4777,"[1, 5, 5, 5, 3, 3, 2, 0, 4, 5, 0, 0, 0, 0, 0, 0, 0, 0, 0, 0, 0, 0, 0, 0]",33,5
FG0716,"[1, 5, 5, 3, 3, 3, 3, 0, 4, 0, 0, 0, 0, 0, 2, 2, 2, 0, 0, 0, 0, 0, 0, 0]",33,5
FG0726,"[2, 5, 5, 2, 3, 3, 3, 0, 4, 0, 0, 0, 0, 0, 3, 3, 3, 0, 0, 0, 0, 0, 0, 0]",36,5
FG0736,"[3, 3, 4, 2, 3, 3, 3, 4, 4, 0, 0, 0, 0, 0, 5, 2, 2, 0, 0, 0, 0, 0, 0, -2]",36,5
FG0746,"[3, 4, 5, 3, 4, 4, 2, 4, 4, 0, 0, 0, 0, 0, 0, 0, 0, 0, 0, 0, 0, 0, 0, -2]",31,4
FG0756,"[3, 3, 3, 3, 4, 4, 3, 4, 3, 0, 0, 0, 0, 0, 0, 0, 0, 0, 0, 0, 0, 0, 0, -3]",27,4
FG0766,"[3, 3, 3, 3, 4, 4, 3, 0, 0, 0, 0, 0, 0, 0, 0, 0, 0, 0, 0, 0, 0, 0, 0, -1]",22,3
FG0776,"[3, 4, 4, 3, 4, 4, 2, 0, 4, 0, 0, 0, 0, 0, 5, 0, 0, 0, 0, 0, -5, 0, 0, -2]",26,3
FG0786,"[3, 4, 4, 3, 4, 4, 3, 4, 4, 0, 0, 0, 0, 0, 2, 0, 0, 0, 0, 0, -5, 0, 0, -2]",28,4
FG0796,"[1, 4, 5, 3, 3, 3, 2, 0, 4, 0, 0, 0, 0, 0, 0, 0, 0, 0, 0, 0, 0, 0, 0, 0]",25,3
FG1706,"[2, 4, 5, 4, 3, 3, 2, 4, 4, 0, 0, 0, 0, 0, 0, 3, 0, 0, 0, 0, 0, 0, -2, -2]",30,4
FG1716,"[1, 5, 5, 4, 3, 3, 1, 0, 4, 0, 0, 0, 0, 0, 0, 0, 0, 0, 0, 0, 0, 0, 0, 0]",26,3
FG1726,"[2, 4, 5, 4, 3, 3, 3, 0, 4, 0, 0, 0, 0, 0, 0, 0, 0, 0, 0, 0, 0, 0, 0, 0]",28,4
FG1736,"[3, 3, 4, 3, 4, 4, 3, 0, 4, 0, 0, 0, 0, 0, 3, 0, 0, 0, 0, 0, 0, 0, 0, -1]",30,4
FG2756,"[3, 4, 5, 2, 4, 3, 3, 4, 4, 0, 0, 0, 0, 0, 0, 0, 0, 0, 0, 0, 0, 0, 0, -4]",28,4
FG2766,"[4, 3, 3, 2, 5, 4, 2, 0, 4, 0, 0, 0, 0, 0, 0, 0, 0, 0, 0, 0, 0, 0, -2, -1]",24,3
FG2776,"[4, 3, 2, 2, 4, 4, 2, 4, 5, 0, 0, 0, 0, 0, 5, 1, 1, 0, 0, 0, -5, 0, -3, -1]",28,4
FG2786,"[3, 4, 4, 1, 3, 4, 2, 4, 5, 0, 0, 0, 0, 0, 0, 2, 2, 0, 0, 0, -5, 0, 0, -5]",24,3
FG2796,"[3, 3, 3, 1, 4, 4, 1, 0, 4, 0, 0, 0, 0, 0, 0, 3, 3, 0, 0, 0, 0, 0, 0, -2]",27,4
FG3706,"[3, 4, 4, 3, 4, 4, 1, 4, 5, 0, 0, 0, 0, 0, 0, 3, 0, 0, 0, 0, 0, 0, 0, -2]",33,5
FG3716,"[3, 5, 5, 5, 3, 3, 2, 0, 5, 0, 0, 0, 0, 0, 0, 0, 0, 0, 0, 0, 0, 0, 0, -2]",29,4
FG3726,"[1, 0, 5, 3, 3, 3, 3, 0, 5, 0, 0, 0, 0, 0, 0, 0, 0, 0, 0, 0, 0, 0, 0, 0]",23,3
FG3736,"[1, 5, 5, 3, 3, 3, 2, 0, 0, 0, 0, 0, 0, 0, 0, 0, 0, 0, 0, 0, 0, 0, 0, 0]",22,3
FG3746,"[3, 4, 5, 2, 4, 4, 2, 4, 0, 0, 0, 0, 0, 0, 0, 0, 0, 0, 0, 0, 0, 0, 0, -4]",24,3
FG3756,"[4, 3, 3, 2, 5, 4, 3, 4, 0, 0, 0, 0, 0, 0, 0, 3, 3, 0, 0, 0, 0, 0, -2, -1]",31,4
FG3766,"[2, 4, 5, 3, 4, 3, 1, 0, 0, 0, 0, 0, 0, 0, 0, 0, 0, 0, 0, 0, 0, 0, 0, -4]",18,2
FG3776,"[2, 4, 5, 3, 4, 3, 3, 0, 0, 0, 0, 0, 0, 0, 0, 1, 0, 0, 0, 0, 0, 0, 0, 0]",25,3
FG3786,"[1, 5, 5, 2, 3, 3, 3, 0, 0, 0, 0, 0, 0, 0, 0, 3, 0, 0, 0, 0, 0, 0, 0, 0]",25,3
FG3796,"[2, 5, 5, 3, 4, 3, 2, 0, 0, 0, 0, 0, 0, 0, 0, 3, 0, 0, 0, 0, 0, 0, 0, 0]",27,4
FG4706,"[2, 4, 5, 3, 4, 3, 3, 0, 0, 0, 0, 0, 0, 0, 0, 1, 0, 0, 0, 0, 0, 0, 0, -1]",24,3
FG4716,"[2, 4, 5, 3, 3, 3, 3, 4, 4, 0, 0, 0, 0, 0, 0, 2, 1, 0, 0, 0, 0, 0, 0, 0]",34,5
FG4726,"[3, 3, 3, 3, 5, 4, 3, 4, 4, 0, 0, 0, 0, 0, 3, 4, 2, 0, 0, 0, 0, 0, 0, -1]",40,5
FG4736,"[2, 4, 5, 3, 4, 3, 1, 0, 4, 0, 0, 0, 0, 0, 0, 4, 3, 0, 0, 0, 0, 0, 0, 0]",33,5
FG4746,"[2, 4, 5, 3, 3, 3, 3, 0, 4, 0, 0, 0, 0, 0, 0, 4, 4, 0, 0, 0, 0, 0, 0, 0]",35,5
FG4756,"[2, 4, 5, 4, 3, 3, 2, 0, 4, 5, 0, 0, 0, 0, 0, 4, 4, 0, 0, 0, 0, 0, 0, 0]",40,5
FG4766,"[1, 5, 5, 5, 3, 3, 2, 0, 4, 5, 0, 0, 0, 0, 0, 2, 2, 0, 0, 0, 0, 0, 0, 0]",37,5
FG4776,"[1, 0, 5, 5, 3, 3, 2, 0, 4, 5, 0, 0, 0, 0, 0, 0, 0, 0, 0, 0, 0, 0, 0, 0]",28,4
FG4786,"[1, 0, 5, 5, 3, 3, 2, 0, 4, 5, 0, 0, 0, 0, 0, 0, 0, 0, 0, 0, 0, 0, 0, 0]",28,4
FG0705,"[1, 5, 5, 3, 3, 3, 3, 4, 4, 0, 0, 0, 0, 0, 0, 0, 0, 0, 0, 0, 0, 0, 0, 0]",31,4
FG0715,"[2, 5, 5, 2, 3, 3, 2, 4, 4, 0, 0, 0, 0, 0, 0, 0, 0, 0, 0, 0, 0, 0, 0, 0]",30,4
FG0725,"[3, 4, 4, 2, 4, 4, 2, 4, 4, 0, 0, 0, 0, 0, 0, 3, 3, 0, 0, 0, 0, 0, 0, -4]",33,5
FG0735,"[3, 4, 4, 3, 4, 4, 2, 5, 3, 0, 0, 0, 0, 0, 0, 1, 1, 0, 0, 0, 0, 0, 0, 0]",34,5
FG0745,"[1, 5, 5, 3, 3, 3, 1, 4, 3, 0, 0, 0, 0, 0, 0, 0, 0, 0, 0, 0, 0, 0, 0, 0]",28,4
FG0755,"[2, 4, 5, 3, 3, 3, 1, 0, 0, 0, 0, 0, 0, 0, 0, 0, 0, 0, 0, 0, -5, 0, 0, 0]",16,2
FG0765,"[3, 3, 3, 3, 5, 4, 3, 0, 3, 0, 0, 0, 0, 0, 0, 0, 0, 0, 0, 0, -5, 0, 0, -2]",20,2
FG0775,"[3, 4, 4, 3, 4, 3, 3, 4, 4, 0, 0, 0, 0, 0, 0, 0, 0, 0, 0, 0, 0, 0, 0, -1]",31,4
FG0785,"[1, 5, 5, 4, 3, 3, 2, 0, 4, 0, 0, 0, 0, 0, 0, 0, 0, 0, 0, 0, 0, 0, 0, 0]",27,4
FG0795,"[1, 0, 5, 3, 3, 3, 2, 0, 4, 0, 0, 0, 0, 0, 0, 0, 0, 0, 0, 0, 0, 0, 0, 0]",21,2
FG1705,"[2, 4, 5, 3, 3, 3, 1, 4, 4, 0, 0, 0, 0, 0, 2, 2, 0, 0, 0, 0, 0, 0, -1, -4]",28,4
FG1715,"[3, 4, 5, 3, 3, 3, 3, 4, 4, 0, 0, 0, 0, 0, 0, 1, 0, 0, 0, 0, 0, 0, -2, -2]",29,4
FG1725,"[3, 3, 4, 3, 4, 4, 4, 4, 4, 0, 0, 0, 0, 0, 0, 1, 1, 0, 0, 0, 0, 0, -2, -2]",31,4
FG2745,"[1, 5, 5, 2, 4, 3, 3, 0, 4, 0, 0, 0, 0, 0, 0, 0, 0, 0, 0, 0, 0, 0, 0, 0]",27,4
FG2755,"[1, 5, 5, 2, 4, 3, 4, 0, 4, 0, 0, 0, 0, 0, 0, 0, 0, 0, 0, 0, 0, 0, 0, 0]",28,4
FG2765,"[3, 4, 4, 2, 4, 4, 2, 4, 4, 0, 0, 0, 0, 0, 0, 0, 0, 0, 0, 0, 0, 0, -2, -1]",28,4
FG2775,"[3, 4, 4, 2, 4, 4, 3, 4, 4, 0, 0, 0, 0, 0, 0, 3, 3, 0, 0, 0, 0, 0, -1, -2]",35,5
FG2785,"[3, 4, 4, 3, 4, 3, 2, 4, 5, 0, 0, 0, 0, 0, 0, 2, 2, 0, 0, 0, 0, 0, 0, -1]",35,5
FG2795,"[4, 3, 3, 2, 4, 4, 3, 0, 4, 0, 0, 0, 0, 0, 2, 3, 0, 0, 0, 0, 0, 0, 0, -1]",31,4
FG3705,"[3, 4, 5, 3, 3, 3, 1, 0, 4, 0, 0, 0, 0, 0, 0, 2, 0, 0, 0, 0, 0, 0, 0, -1]",27,4
FG3715,"[3, 5, 5, 2, 3, 3, 3, 0, 5, 0, 0, 0, 0, 0, 0, 0, 0, 0, 0, 0, 0, 0, 0, 0]",29,4
FG3725,"[1, 4, 5, 3, 3, 3, 3, 0, 0, 0, 0, 0, 0, 0, 0, 0, 0, 0, 0, 0, 0, 0, 0, 0]",22,3
FG3735,"[1, 5, 5, 3, 3, 3, 3, 0, 0, 0, 0, 0, 0, 0, 0, 0, 0, 0, 0, 0, 0, 0, 0, 0]",23,3
FG3745,"[3, 3, 4, 3, 5, 4, 1, 4, 1, 0, 0, 0, 0, 0, 0, 0, 0, 0, 0, 0, 0, 0, -2, -2]",24,3
FG3755,"[3, 3, 3, 3, 5, 4, 2, 4, 0, 0, 0, 0, 0, 0, 3, 2, 2, 0, 0, 0, 0, 0, -1, -1]",32,4
FG3765,"[3, 3, 3, 3, 5, 4, 3, 4, 0, 0, 0, 0, 0, 0, 0, 3, 3, 0, 0, 0, 0, 0, 0, -1]",33,5
FG3775,"[3, 3, 3, 3, 5, 4, 3, 4, 0, 0, 0, 0, 0, 0, 0, 3, 3, 0, 0, 0, 0, 0, 0, -2]",32,4
FG3785,"[3, 4, 4, 3, 4, 4, 2, 4, 0, 0, 0, 0, 0, 0, 0, 1, 1, 0, 0, 0, 0, 0, 0, -1]",29,4
FG3795,"[2, 4, 5, 3, 4, 3, 2, 0, 0, 0, 0, 0, 0, 0, 0, 0, 0, 0, 0, 0, 0, 0, 0, -1]",22,3
FG4705,"[1, 4, 5, 2, 3, 3, 1, 4, 0, 0, 0, 0, 0, 0, 0, 0, 0, 0, 0, 0, 0, 0, 0, 0]",23,3
FG4715,"[1, 5, 5, 3, 3, 3, 3, 4, 0, 0, 0, 0, 0, 0, 0, 0, 0, 0, 0, 0, 0, 0, 0, 0]",27,4
FG4725,"[4, 4, 4, 3, 4, 4, 3, 4, 4, 0, 0, 0, 0, 0, 5, 3, 4, 0, 0, 0, 0, 0, 0, -1]",45,5
FG4735,"[3, 4, 4, 4, 4, 3, 3, 4, 4, 0, 0, 0, 0, 0, 0, 3, 3, 0, 0, 0, 0, 0, 0, -3]",36,5
FG4745,"[2, 3, 5, 3, 3, 3, 2, 0, 4, 0, 0, 0, 0, 0, 0, 3, 2, 0, 0, 0, 0, 0, 0, -2]",28,4
FG4755,"[1, 0, 5, 4, 3, 3, 2, 0, 4, 0, 0, 0, 0, 0, 0, 0, 0, 0, 0, 0, 0, 0, 0, 0]",22,3
FG4765,"[1, 0, 5, 4, 3, 3, 1, 0, 4, 5, 0, 0, 0, 0, 0, 0, 0, 0, 0, 0, 0, 0, 0, 0]",26,3
FG4775,"[1, 0, 5, 4, 3, 3, 1, 0, 4, 5, 0, 0, 0, 0, 0, 0, 0, 5, 0, 0, 0, 0, 0, 0]",31,4
FG4785,"[1, 0, 5, 5, 3, 3, 3, 0, 4, 5, 0, 0, 0, 0, 0, 0, 0, 0, 0, 0, 0, 0, 0, 0]",29,4
FG0704,"[1, 5, 5, 2, 4, 3, 4, 4, 4, 0, 0, 0, 0, 0, 0, 0, 0, 0, 0, 0, 0, 0, 0, 0]",32,4
FG0714,"[3, 3, 4, 2, 4, 4, 2, 4, 4, 0, 0, 0, 0, 0, 5, 3, 3, 0, 0, 0, 0, 0, 0, -1]",40,5
FG0724,"[3, 4, 4, 3, 4, 4, 2, 0, 4, 0, 0, 0, 0, 0, 0, 1, 1, 0, 0, 0, 0, 0, 0, -2]",28,4
FG0734,"[2, 5, 5, 3, 4, 4, 2, 4, 0, 0, 0, 0, 0, 0, 0, 0, 0, 0, 0, 0, 0, 0, 0, 0]",29,4
FG0744,"[1, 5, 5, 3, 3, 3, 2, 4, 3, 0, 0, 0, 0, 0, 0, 0, 0, 0, 0, 0, 0, 0, 0, 0]",29,4
FG0754,"[2, 3, 5, 2, 3, 3, 2, 0, 4, 0, 0, 0, 0, 0, 0, 0, 0, 0, 0, 0, 0, 0, 0, 0]",24,3
FG0764,"[1, 4, 5, 3, 3, 3, 2, 0, 4, 0, 0, 0, 0, 0, 0, 0, 0, 0, 0, 0, 0, 0, 0, 0]",25,3
FG0774,"[1, 5, 5, 3, 3, 3, 2, 0, 4, 0, 0, 0, 0, 0, 0, 0, 0, 0, 0, 0, 0, 0, 0, 0]",26,3
FG0784,"[1, 5, 5, 3, 3, 3, 2, 0, 4, 0, 0, 0, 0, 0, 0, 0, 0, 0, 0, 0, 0, 0, 0, 0]",26,3
FG0794,"[1, 5, 5, 3, 3, 2, 2, 0, 4, 0, 0, 0, 0, 0, 0, 0, 0, 0, 0, 0, 0, 0, 0, 0]",25,3
FG1704,"[1, 5, 5, 3, 3, 2, 3, 0, 4, 0, 0, 0, 0, 0, 0, 0, 0, 0, 0, 0, 0, 0, 0, 0]",26,3
FG1714,"[2, 4, 5, 3, 4, 3, 4, 4, 4, 0, 0, 0, 0, 0, 0, 0, 0, 0, 0, 0, 0, 0, 0, 0]",33,5
FG2744,"[1, 4, 5, 2, 4, 3, 3, 0, 4, 0, 0, 0, 0, 0, 0, 0, 0, 0, 0, 0, 0, 0, 0, 0]",26,3
FG2754,"[3, 4, 4, 2, 4, 4, 4, 0, 4, 0, 0, 0, 0, 0, 0, 0, 0, 0, 0, 0, 0, 0, 0, -1]",28,4
FG2764,"[4, 3, 3, 2, 5, 4, 2, 4, 4, 0, 0, 0, 0, 0, 2, 0, 0, 0, 0, 0, 0, 0, -1, -2]",30,4
FG2774,"[4, 3, 4, 2, 5, 3, 2, 4, 4, 0, 0, 0, 0, 0, 5, 4, 3, 0, 0, 0, 0, 0, -2, -1]",40,5
FG2784,"[2, 4, 5, 4, 4, 3, 3, 4, 4, 0, 0, 0, 0, 0, 0, 3, 0, 0, 0, 0, 0, 0, 0, 0]",36,5
FG2794,"[1, 5, 5, 5, 3, 3, 1, 0, 4, 0, 0, 0, 0, 0, 0, 3, 0, 0, 0, 0, 0, 0, 0, 0]",30,4
FG3704,"[1, 5, 5, 3, 3, 3, 3, 0, 4, 0, 0, 0, 0, 0, 0, 0, 0, 0, 0, 0, 0, 0, 0, 0]",27,4
FG3714,"[3, 4, 5, 3, 3, 3, 3, 4, 4, 0, 0, 0, 0, 0, 0, 0, 0, 0, 0, 0, 0, 0, 0, 0]",32,4
FG3724,"[3, 4, 4, 3, 4, 4, 2, 4, 0, 0, 0, 0, 0, 0, 0, 0, 0, 0, 0, 0, 0, 0, 0, 0]",28,4
FG3734,"[3, 4, 3, 2, 5, 5, 3, 4, 0, 0, 0, 0, 0, 0, 0, 0, 0, 0, 0, 0, 0, 0, -1, -1]",27,4
FG3744,"[3, 3, 4, 3, 4, 4, 2, 4, 0, 0, 0, 0, 0, 0, 0, 0, 0, 0, 0, 0, 0, 0, -2, -4]",21,2
FG3754,"[2, 4, 5, 3, 4, 3, 3, 0, 0, 0, 0, 0, 0, 0, 0, 0, 0, 0, 0, 0, 0, 0, 0, 0]",24,3
FG3764,"[3, 4, 5, 3, 4, 3, 3, 0, 0, 0, 0, 0, 0, 0, 0, 0, 0, 0, 0, 0, 0, 0, 0, -2]",23,3
FG3774,"[2, 4, 5, 3, 4, 4, 2, 0, 0, 0, 0, 0, 0, 0, 0, 0, 0, 0, 0, 0, 0, 0, 0, -5]",19,2
FG3784,"[3, 4, 4, 2, 4, 4, 3, 0, 0, 0, 0, 0, 0, 0, 0, 3, 3, 0, 0, 0, 0, 0, 0, -5]",25,3
FG3794,"[3, 3, 3, 2, 5, 4, 3, 4, 0, 0, 0, 0, 0, 0, 5, 3, 3, 0, 0, 0, 0, 0, 0, -2]",36,5
FG4704,"[3, 3, 3, 2, 5, 4, 3, 4, 0, 0, 0, 0, 0, 0, 0, 2, 2, 0, 0, 0, 0, 0, 0, -1]",30,4
FG4714,"[2, 4, 5, 3, 4, 3, 3, 4, 0, 0, 0, 0, 0, 0, 0, 4, 4, 0, 0, 0, 0, 0, 0, -4]",32,4
FG4724,"[1, 5, 5, 4, 3, 3, 3, 0, 0, 0, 0, 0, 0, 0, 0, 2, 2, 0, 0, 0, 0, 0, 0, 0]",28,4
FG4734,"[1, 5, 5, 4, 3, 3, 2, 0, 0, 0, 0, 0, 0, 0, 0, 0, 0, 0, 0, 0, 0, 0, 0, 0]",23,3
FG4744,"[1, 5, 5, 4, 3, 3, 2, 0, 4, 0, 0, 0, 0, 0, 0, 2, 2, 0, 0, 0, 0, 0, 0, 0]",31,4
FG4754,"[1, 5, 5, 5, 3, 3, 2, 0, 4, 0, 0, 0, 0, 0, 0, 3, 3, 0, 0, 0, 0, 0, 0, 0]",34,5
FG4764,"[1, 4, 5, 5, 3, 3, 1, 0, 4, 5, 0, 0, 0, 0, 0, 1, 1, 0, 0, 0, 0, 0, 0, -4]",29,4
FG4774,"[2, 5, 5, 5, 3, 3, 3, 0, 4, 5, 0, 0, 0, 0, 0, 0, 0, 0, 0, 0, 0, 0, 0, 0]",35,5
FG4784,"[2, 5, 5, 4, 3, 3, 3, 0, 4, 5, 0, 0, 0, 0, 3, 0, 0, 0, 0, 0, 0, 0, 0, 0]",37,5
FG0703,"[3, 4, 5, 2, 3, 3, 3, 4, 4, 0, 0, 0, 0, 0, 0, 2, 2, 0, 0, 0, 0, 0, 0, 0]",35,5
FG0713,"[3, 3, 3, 3, 4, 4, 2, 0, 4, 0, 0, 0, 0, 0, 5, 2, 2, 0, 0, 0, 0, 0, 0, -1]",34,5
FG0723,"[2, 4, 5, 3, 4, 3, 2, 0, 0, 0, 0, 0, 0, 0, 0, 0, 0, 0, 0, 0, 0, 0, 0, 0]",23,3
FG0733,"[3, 4, 4, 3, 4, 4, 3, 4, 3, 0, 0, 0, 0, 0, 0, 0, 0, 0, 0, 0, 0, 0, 0, -3]",29,4
FG0743,"[3, 4, 4, 2, 4, 4, 2, 4, 1, 0, 0, 0, 0, 0, 0, 0, 0, 0, 0, 0, 0, 0, 0, -3]",25,3
FG0753,"[1, 5, 5, 2, 3, 3, 2, 0, 4, 0, 0, 0, 0, 0, 0, 0, 0, 0, 0, 0, 0, 0, 0, 0]",25,3
FG0763,"[1, 0, 5, 3, 3, 3, 2, 0, 4, 0, 0, 0, 0, 0, 0, 0, 0, 0, 0, 0, 0, 0, 0, 0]",21,2
FG0773,"[1, 0, 5, 2, 3, 3, 3, 0, 4, 0, 0, 0, 0, 0, 0, 0, 0, 0, 0, 0, 0, 0, 0, 0]",21,2
FG0783,"[1, 0, 5, 4, 3, 3, 2, 0, 4, 0, 0, 0, 0, 0, 0, 0, 0, 0, 0, 0, 0, 0, 0, 0]",22,3
FG0793,"[1, 5, 5, 3, 3, 2, 3, 0, 4, 0, 0, 0, 0, 0, 0, 0, 0, 0, 0, 0, 0, 0, 0, 0]",26,3
FG1703,"[2, 4, 5, 4, 3, 3, 3, 4, 4, 0, 0, 0, 0, 0, 3, 0, 0, 0, 0, 0, 0, 0, 0, -2]",33,5
FG1713,"[2, 4, 5, 3, 3, 3, 4, 4, 4, 0, 0, 0, 0, 0, 3, 0, 0, 0, 0, 0, 0, 0, 0, -5]",30,4
FG2733,"[3, 3, 4, 3, 4, 3, 3, 4, 4, 0, 0, 0, 0, 0, 0, 0, 0, 0, 0, 0, 0, 0, 0, -1]",30,4
FG2743,"[3, 4, 5, 3, 4, 3, 2, 0, 4, 0, 0, 0, 0, 0, 3, 0, 0, 0, 0, 0, 0, 0, 0, -1]",30,4
FG2753,"[4, 3, 3, 2, 4, 4, 3, 4, 4, 0, 0, 0, 0, 0, 3, 0, 0, 0, 0, 0, 0, 0, 0, -1]",33,5
FG2763,"[3, 4, 4, 3, 5, 4, 3, 0, 4, 0, 0, 0, 0, 0, 2, 4, 3, 0, 0, 0, 0, 0, -2, -1]",36,5
FG2773,"[1, 4, 5, 2, 3, 3, 3, 0, 4, 0, 3, 0, 0, 0, 0, 1, 1, 0, 0, 0, 0, 0, -1, -3]",26,3
FG2783,"[1, 5, 5, 5, 3, 3, 2, 0, 4, 0, 0, 0, 0, 0, 0, 1, 0, 0, 0, 0, 0, 0, 0, 0]",29,4
FG2793,"[3, 5, 5, 5, 3, 2, 2, 0, 4, 0, 0, 0, 0, 0, 0, 0, 0, 0, 0, 0, 0, 0, 0, 0]",29,4
FG3703,"[2, 4, 5, 3, 3, 3, 3, 0, 4, 0, 0, 0, 0, 0, 0, 0, 0, 0, 0, 0, 0, 0, 0, 0]",27,4
FG3713,"[3, 4, 5, 3, 3, 3, 2, 4, 5, 0, 0, 0, 0, 0, 0, 0, 0, 0, 0, 0, 0, 0, 0, 0]",32,4
FG3723,"[4, 3, 3, 2, 4, 4, 2, 4, 4, 0, 0, 0, 0, 0, 3, 0, 0, 0, 0, 0, 0, 0, -1, -1]",31,4
FG3733,"[3, 2, 2, 2, 5, 4, 2, 4, 0, 0, 0, 0, 0, 0, 3, 0, 0, 0, 0, 0, 0, 0, -3, -1]",23,3
FG3743,"[3, 4, 4, 3, 4, 4, 3, 0, 0, 0, 0, 0, 0, 0, 0, 0, 0, 0, 0, 0, 0, 0, 0, 0]",25,3
FG3753,"[1, 5, 5, 4, 3, 3, 3, 0, 0, 0, 0, 0, 0, 0, 0, 0, 0, 0, 0, 0, 0, 0, 0, 0]",24,3
FG3763,"[1, 5, 5, 4, 4, 3, 2, 0, 0, 0, 0, 0, 0, 0, 0, 0, 0, 0, 0, 0, -5, 0, 0, 0]",19,2
FG3773,"[3, 5, 4, 3, 4, 3, 2, 0, 0, 0, 0, 0, 0, 0, 0, 0, 0, 0, 0, 0, -5, 0, 0, 0]",19,2
FG3783,"[3, 5, 4, 3, 4, 4, 3, 0, 0, 0, 0, 0, 0, 0, 0, 0, 0, 0, 0, 0, -5, 0, 0, 0]",21,2
FG3793,"[3, 5, 4, 2, 4, 4, 3, 4, 0, 0, 0, 0, 0, 0, 0, 0, 0, 0, 0, 0, -5, 0, 0, 0]",24,3
FG4703,"[3, 4, 4, 3, 4, 4, 2, 4, 0, 0, 0, 0, 0, 0, 0, 1, 1, 0, 0, 0, -5, 0, 0, -1]",24,3
FG4713,"[3, 3, 5, 3, 4, 3, 2, 4, 0, 0, 0, 0, 0, 0, 0, 2, 2, 0, 0, 0, 0, 0, 0, -2]",29,4
FG4723,"[1, 0, 5, 4, 3, 3, 2, 0, 0, 0, 0, 0, 0, 0, 0, 0, 0, 0, 0, 0, 0, 0, 0, 0]",18,2
FG4733,"[1, 0, 5, 3, 3, 3, 2, 0, 0, 0, 0, 0, 0, 0, 0, 0, 0, 0, 0, 0, 0, 0, 0, 0]",17,2
FG4743,"[1, 5, 5, 3, 3, 3, 2, 0, 0, 0, 3, 0, 0, 0, 0, 0, 0, 0, 0, 0, 0, 0, 0, 0]",25,3
FG4753,"[2, 5, 5, 4, 4, 3, 2, 0, 4, 5, 0, 0, 0, 0, 0, 2, 2, 0, 0, 0, 0, 0, 0, 0]",38,5
FG4763,"[3, 4, 4, 3, 4, 4, 2, 0, 4, 5, 0, 0, 0, 0, 0, 2, 2, 0, 0, 0, 0, 0, 0, 0]",37,5
FG4773,"[3, 5, 5, 4, 3, 4, 2, 0, 4, 5, 0, 0, 0, 0, 0, 0, 0, 0, 0, 0, 0, 0, 0, 0]",35,5
FG4783,"[1, 5, 5, 4, 3, 3, 2, 0, 4, 5, 0, 0, 0, 0, 0, 0, 0, 0, 0, 0, 0, 0, 0, 0]",32,4
FG0702,"[3, 3, 4, 3, 4, 4, 2, 0, 4, 0, 0, 0, 0, 0, 0, 2, 2, 0, 0, 0, 0, 0, 0, -1]",30,4
FG0712,"[3, 4, 4, 2, 4, 4, 3, 4, 4, 0, 0, 0, 0, 0, 0, 1, 1, 0, 0, 0, 0, 0, 0, -2]",32,4
FG0722,"[3, 4, 4, 2, 4, 4, 3, 0, 3, 0, 0, 0, 0, 0, 0, 0, 0, 0, 0, 0, 0, 0, 0, -5]",22,3
FG0732,"[3, 2, 3, 2, 5, 4, 2, 4, 1, 0, 0, 0, 0, 0, 5, 0, 0, 0, 0, 0, 0, 0, 0, -2]",29,4
FG0742,"[3, 4, 4, 2, 4, 4, 2, 4, 4, 0, 0, 0, 0, 0, 0, 0, 0, 0, 0, 0, -5, 0, 0, -4]",22,3
FG0752,"[1, 5, 5, 3, 3, 3, 1, 0, 4, 0, 0, 0, 0, 0, 0, 0, 0, 0, 0, 0, 0, 0, 0, 0]",25,3
FG0762,"[1, 0, 5, 3, 3, 3, 1, 0, 4, 0, 0, 0, 0, 0, 0, 0, 0, 0, 0, 0, 0, 0, 0, 0]",20,2
FG0772,"[1, 0, 5, 3, 3, 3, 2, 0, 4, 0, 0, 0, 0, 0, 0, 0, 0, 0, 0, 0, 0, 0, 0, 0]",21,2
FG1792,"[1, 5, 5, 4, 3, 2, 2, 0, 5, 0, 0, 0, 0, 0, 0, 0, 0, 0, 0, 0, 0, 0, 0, 0]",27,4
FG2702,"[3, 4, 4, 3, 4, 3, 2, 4, 4, 0, 0, 0, 0, 0, 0, 0, 0, 0, 0, 0, 0, 0, 0, 0]",31,4
FG2712,"[3, 2, 4, 3, 4, 3, 2, 0, 4, 0, 3, 0, 0, 0, 0, 0, 0, 0, 0, 0, 0, 0, 0, -2]",26,3
FG2722,"[2, 4, 5, 2, 4, 3, 2, 0, 4, 0, 0, 0, 0, 0, 0, 0, 0, 0, 0, 0, 0, 0, 0, 0]",26,3
FG2732,"[4, 3, 4, 2, 4, 3, 2, 4, 4, 0, 0, 0, 0, 0, 0, 0, 0, 0, 0, 0, 0, 0, 0, -1]",29,4
FG2742,"[3, 3, 3, 2, 4, 4, 3, 4, 4, 0, 0, 0, 0, 0, 3, 0, 0, 0, 0, 0, 0, 0, 0, -1]",32,4
FG2752,"[3, 3, 3, 2, 4, 4, 2, 4, 0, 0, 0, 0, 0, 0, 0, 0, 0, 0, 0, 0, 0, 0, 0, -1]",24,3
FG2762,"[3, 3, 3, 2, 5, 4, 1, 0, 0, 0, 0, 0, 0, 0, 0, 3, 1, 0, 0, 0, 0, 0, -1, 0]",24,3
FG2772,"[4, 3, 3, 3, 4, 3, 2, 0, 4, 0, 0, 0, 0, 0, 2, 3, 3, 0, 0, 0, 0, 0, -2, -1]",31,4
FG2782,"[4, 3, 4, 3, 3, 2, 2, 4, 4, 0, 0, 0, 0, 0, 0, 0, 0, 0, 0, 0, 0, 0, -2, -1]",26,3
FG2792,"[3, 4, 5, 3, 4, 3, 2, 4, 4, 0, 0, 0, 0, 0, 0, 0, 0, 0, 0, 0, 0, 0, -2, -2]",28,4
FG3702,"[4, 4, 4, 2, 3, 3, 3, 0, 4, 0, 0, 0, 0, 0, 0, 0, 0, 0, 0, 0, 0, 0, -2, -4]",21,2
FG3712,"[3, 4, 4, 2, 3, 4, 3, 4, 5, 0, 0, 0, 0, 0, 0, 0, 0, 0, 0, 0, 0, 0, -1, 0]",31,4
FG3722,"[4, 2, 2, 2, 4, 3, 2, 4, 4, 0, 0, 0, 0, 0, 5, 0, 0, 0, 0, 0, 0, 0, -2, -1]",29,4
FG3732,"[2, 3, 3, 2, 5, 5, 2, 0, 0, 0, 0, 0, 0, 0, 0, 0, 0, 0, 0, 0, 0, 0, 0, -1]",21,2
FG3742,"[3, 3, 4, 3, 5, 4, 3, 0, 0, 0, 0, 0, 0, 0, 0, 0, 0, 0, 0, 0, 0, 0, 0, 0]",25,3
FG3752,"[1, 5, 5, 4, 3, 3, 2, 0, 0, 0, 0, 0, 0, 0, 0, 0, 0, 0, 0, 0, 0, 0, 0, 0]",23,3
FG3762,"[1, 5, 5, 3, 3, 3, 2, 0, 0, 0, 0, 0, 0, 0, 0, 0, 0, 0, 0, 0, 0, 0, 0, 0]",22,3
FG3772,"[3, 5, 4, 3, 4, 4, 2, 0, 0, 0, 0, 0, 0, 0, 0, 0, 0, 0, 0, 0, -5, 0, 0, 0]",20,2
FG3782,"[2, 5, 3, 2, 5, 5, 3, 0, 0, 0, 0, 0, 0, 0, 0, 0, 0, 0, 0, 0, -5, 0, 0, 0]",20,2
FG3792,"[1, 5, 5, 3, 3, 3, 3, 0, 0, 0, 0, 0, 0, 0, 0, 0, 0, 0, 0, 0, -5, 0, 0, 0]",18,2
FG4702,"[1, 5, 5, 3, 3, 3, 2, 0, 0, 0, 0, 0, 0, 0, 0, 0, 0, 0, 0, 0, 0, 0, 0, 0]",22,3
FG4712,"[1, 5, 5, 3, 3, 3, 2, 0, 0, 0, 0, 0, 0, 0, 0, 0, 0, 0, 0, 0, 0, 0, 0, 0]",22,3
FG4722,"[1, 5, 5, 4, 3, 3, 1, 0, 0, 0, 0, 0, 0, 0, 0, 0, 0, 0, 0, 0, 0, 0, 0, 0]",22,3
FG4732,"[2, 4, 5, 4, 4, 3, 2, 4, 0, 0, 0, 0, 0, 0, 0, 0, 0, 0, 0, 0, 0, 0, 0, 0]",28,4
FG4742,"[4, 4, 4, 3, 4, 4, 3, 4, 4, 5, 0, 0, 0, 0, 0, 2, 2, 0, 0, 0, 0, 0, 0, -2]",41,5
FG4752,"[3, 4, 4, 4, 4, 4, 3, 0, 4, 5, 0, 0, 0, 0, 0, 3, 3, 0, 0, 0, 0, 0, 0, 0]",41,5
FG4762,"[3, 5, 4, 5, 4, 4, 2, 0, 4, 5, 0, 0, 0, 0, 0, 0, 0, 0, 0, 0, 0, 0, 0, 0]",36,5
FG0701,"[3, 5, 4, 3, 4, 4, 2, 0, 4, 0, 0, 0, 0, 0, 0, 0, 0, 0, 0, 0, 0, 0, 0, 0]",29,4
FG0711,"[1, 5, 5, 2, 3, 3, 2, 0, 4, 0, 0, 0, 0, 0, 0, 0, 0, 0, 0, 0, 0, 0, 0, 0]",25,3
FG0721,"[2, 4, 5, 3, 4, 4, 2, 4, 0, 0, 0, 0, 0, 0, 0, 0, 0, 0, 0, 0, 0, 0, 0, 0]",28,4
FG0731,"[3, 3, 3, 2, 5, 5, 2, 4, 0, 0, 0, 0, 0, 0, 0, 0, 0, 0, 0, 0, 0, 0, 0, -1]",26,3
FG0741,"[3, 4, 4, 2, 4, 4, 2, 0, 0, 0, 0, 0, 0, 0, 0, 0, 0, 0, 0, 0, 0, 0, 0, 0]",23,3
FG0751,"[2, 5, 5, 3, 3, 3, 1, 0, 4, 0, 0, 0, 0, 0, 0, 0, 0, 0, 0, 0, 0, 0, 0, 0]",26,3
FG0761,"[1, 5, 5, 3, 3, 3, 3, 0, 4, 0, 0, 0, 0, 0, 0, 0, 0, 0, 0, 0, 0, 0, 0, 0]",27,4
FG0771,"[1, 0, 5, 5, 3, 3, 1, 0, 4, 0, 0, 0, 0, 0, 0, 0, 0, 0, 0, 0, 0, 0, 0, 0]",22,3
FG0781,"[1, 0, 5, 4, 3, 3, 2, 0, 4, 0, 0, 0, 0, 0, 0, 0, 0, 0, 0, 0, 0, 0, 0, 0]",22,3
FG1791,"[1, 5, 5, 4, 3, 2, 2, 0, 5, 0, 0, 0, 0, 0, 0, 3, 0, 0, 0, 0, 0, 0, 0, 0]",30,4
FG2701,"[3, 5, 5, 3, 3, 2, 3, 5, 5, 0, 0, 0, 0, 0, 5, 3, 3, 5, 0, 0, 0, 0, 0, 0]",50,5
FG2711,"[5, 4, 3, 1, 3, 4, 3, 4, 4, 0, 0, 0, 0, 0, 5, 3, 3, 0, 0, 0, 0, 0, 0, -2]",40,5
FG2721,"[5, 3, 3, 2, 3, 3, 2, 0, 4, 0, 0, 0, 0, 0, 2, 3, 3, 0, 0, 0, 0, 0, 0, -1]",32,4
FG2731,"[4, 3, 4, 2, 4, 3, 3, 0, 4, 0, 0, 0, 0, 0, 3, 3, 3, 0, 0, 0, -5, 0, 0, 0]",31,4
FG2741,"[4, 4, 4, 1, 4, 4, 2, 5, 0, 0, 0, 0, 0, 0, 0, 3, 3, 0, 0, 0, -5, 0, 0, -2]",27,4
FG2751,"[5, 2, 2, 2, 4, 3, 2, 5, 0, 0, 0, 0, 0, 0, 5, 3, 3, 0, 0, 0, -5, 0, -1, -1]",29,4
FG2761,"[5, 2, 1, 2, 5, 2, 0, 0, 1, 0, 0, 0, 0, 5, 5, 4, 3, 0, 0, 0, 0, 0, -3, 0]",32,4
FG2771,"[5, 3, 3, 3, 4, 3, 2, 0, 4, 0, 0, 0, 0, 0, 5, 2, 2, 0, 0, 0, 0, 0, -3, 0]",33,5
FG2781,"[4, 3, 3, 2, 5, 4, 2, 4, 4, 0, 0, 0, 0, 0, 0, 0, 0, 0, 0, 0, 0, 0, -1, -1]",29,4
FG2791,"[3, 3, 4, 2, 4, 4, 3, 4, 0, 0, 0, 0, 0, 0, 0, 0, 0, 0, 0, 0, 0, 0, 0, -2]",25,3
FG3701,"[2, 4, 5, 4, 3, 3, 2, 0, 0, 0, 0, 0, 0, 0, 0, 0, 0, 0, 0, 0, 0, 0, 0, 0]",23,3
FG3711,"[4, 2, 2, 2, 5, 4, 3, 4, 4, 0, 0, 0, 0, 0, 5, 0, 0, 0, 0, 0, 0, 0, -2, -1]",32,4
FG3721,"[3, 3, 3, 2, 5, 4, 2, 4, 4, 0, 3, 0, 0, 0, 0, 0, 0, 0, 0, 0, 0, 0, -3, -1]",29,4
FG3731,"[2, 4, 3, 3, 5, 5, 2, 4, 0, 0, 0, 0, 0, 0, 0, 0, 0, 0, 0, 0, 0, 0, 0, 0]",28,4
FG3741,"[1, 4, 5, 4, 3, 3, 2, 0, 0, 0, 0, 0, 0, 0, 0, 0, 0, 0, 0, 0, 0, 0, 0, 0]",22,3
FG3751,"[3, 4, 5, 3, 4, 4, 3, 4, 0, 0, 0, 0, 0, 0, 0, 0, 0, 0, 0, 0, 0, 0, 0, -2]",28,4
FG3761,"[2, 4, 5, 3, 4, 3, 2, 0, 0, 0, 0, 0, 0, 0, 0, 0, 0, 0, 0, 0, 0, 0, 0, -5]",18,2
FG3771,"[1, 4, 5, 3, 3, 3, 2, 0, 0, 0, 0, 0, 0, 0, 0, 0, 0, 0, 0, 0, 0, 0, 0, 0]",21,2
FG3781,"[3, 4, 3, 2, 5, 4, 3, 5, 0, 0, 0, 0, 0, 0, 5, 0, 0, 0, 0, 0, -5, 0, 0, 0]",29,4
FG3791,"[2, 5, 5, 3, 3, 3, 3, 0, 0, 0, 0, 0, 0, 0, 0, 0, 0, 0, 0, 0, -5, 0, 0, 0]",19,2
FG4701,"[1, 0, 5, 3, 3, 3, 3, 0, 0, 0, 0, 0, 0, 0, 0, 0, 0, 0, 0, 0, 0, 0, 0, 0]",18,2
FG4711,"[1, 5, 5, 3, 3, 3, 2, 0, 0, 0, 0, 0, 0, 0, 0, 0, 0, 0, 0, 0, 0, 0, 0, 0]",22,3
FG4721,"[3, 4, 5, 4, 4, 3, 2, 0, 5, 0, 0, 0, 0, 0, 0, 0, 0, 0, 0, 0, 0, 0, 0, 0]",30,4
FG4731,"[3, 4, 4, 4, 4, 4, 2, 4, 4, 5, 0, 0, 0, 0, 0, 2, 3, 0, 0, 0, 0, 0, 0, -2]",41,5
FG4741,"[3, 4, 4, 3, 4, 4, 3, 4, 4, 5, 3, 0, 0, 0, 0, 2, 2, 0, 0, 0, 0, 0, 0, -1]",44,5
FG4751,"[1, 5, 5, 5, 3, 3, 3, 0, 4, 5, 0, 0, 0, 0, 0, 0, 0, 0, 0, 0, 0, 0, 0, 0]",34,5
FG4761,"[1, 0, 5, 3, 3, 3, 1, 0, 4, 5, 0, 0, 0, 0, 0, 3, 0, 0, 0, 0, 0, 0, 0, 0]",28,4
FG0607,"[1, 4, 5, 3, 3, 3, 1, 0, 0, 0, 0, 0, 0, 0, 0, 0, 0, 0, 0, 0, 0, 0, 0, -5]",15,1
FG0617,"[1, 0, 5, 3, 3, 3, 2, 0, 0, 0, 0, 0, 0, 0, 0, 1, 1, 0, 0, 0, 0, 0, 0, 0]",19,2
FG0627,"[1, 5, 5, 4, 3, 3, 2, 0, 0, 0, 0, 0, 0, 0, 0, 3, 3, 0, 0, 0, 0, 0, 0, 0]",29,4
FG0637,"[1, 4, 5, 3, 3, 3, 2, 0, 0, 0, 0, 0, 0, 0, 0, 3, 3, 0, 0, 0, 0, 0, 0, -3]",24,3
FG0647,"[3, 3, 5, 3, 3, 3, 2, 0, 0, 0, 0, 0, 0, 0, 0, 2, 2, 0, 0, 0, 0, 0, 0, -3]",23,3
FG0657,"[4, 4, 4, 1, 4, 4, 2, 5, 4, 0, 0, 0, 0, 0, 0, 2, 2, 0, 0, 0, 0, 0, 0, -3]",33,5
FG0667,"[4, 5, 4, 2, 4, 4, 1, 5, 4, 0, 0, 0, 0, 0, 0, 0, 0, 0, 0, 0, 0, 0, 0, 0]",33,5
FG0677,"[4, 5, 3, 2, 4, 4, 2, 5, 4, 0, 0, 0, 0, 0, 0, 2, 2, 0, 0, 0, 0, 0, 0, 0]",37,5
FG0687,"[3, 4, 3, 1, 3, 4, 2, 5, 4, 0, 0, 0, 0, 0, 5, 3, 3, 0, 0, 0, 0, 0, 0, -2]",38,5
FG0697,"[4, 5, 4, 2, 3, 3, 3, 5, 4, 0, 0, 0, 0, 0, 0, 0, 0, 0, 0, 0, 0, 0, 0, -1]",32,4
FG1607,"[4, 3, 4, 3, 4, 4, 1, 4, 4, 0, 0, 0, 0, 0, 0, 0, 0, 0, 0, 0, 0, 0, 0, -2]",29,4
FG1617,"[3, 2, 3, 3, 4, 4, 3, 4, 4, 0, 0, 0, 0, 0, 5, 0, 0, 0, 0, 0, 0, 0, 0, -1]",34,5
FG1677,"[2, 4, 5, 4, 3, 3, 1, 0, 5, 0, 0, 0, 0, 0, 0, 3, 0, 0, 0, 0, 0, 0, 0, 0]",30,4
FG1687,"[3, 2, 4, 4, 4, 3, 3, 4, 5, 0, 0, 0, 0, 0, 0, 4, 3, 0, 0, 0, 0, 0, -2, -1]",36,5
FG1697,"[3, 4, 3, 1, 4, 4, 3, 4, 4, 0, 0, 0, 0, 0, 0, 4, 4, 0, 0, 0, 0, 0, -2, -1]",35,5
FG2607,"[4, 3, 3, 1, 3, 3, 3, 4, 4, 0, 0, 0, 0, 0, 3, 0, 0, 0, 0, 0, 0, 0, 0, -1]",30,4
FG2617,"[5, 3, 3, 2, 4, 3, 2, 0, 4, 0, 0, 0, 0, 0, 3, 0, 0, 0, 0, 0, -5, 0, 0, -2]",22,3
FG2627,"[4, 3, 3, 2, 5, 4, 1, 4, 4, 0, 0, 0, 0, 0, 3, 0, 0, 0, 0, 0, 0, 0, -3, -1]",29,4
FG2637,"[4, 3, 4, 2, 4, 3, 3, 5, 4, 0, 0, 0, 0, 5, 5, 0, 0, 5, 0, 0, 0, 0, 0, -1]",46,5
FG2647,"[3, 4, 4, 2, 4, 4, 3, 5, 0, 0, 0, 0, 0, 0, 0, 2, 0, 0, 0, 0, 0, 0, 0, -3]",28,4
FG2657,"[3, 4, 4, 2, 4, 4, 3, 0, 0, 0, 0, 0, 0, 0, 0, 3, 0, 0, 0, 0, 0, 0, 0, 0]",27,4
FG2667,"[3, 4, 4, 3, 4, 4, 3, 0, 0, 0, 0, 0, 0, 0, 0, 2, 0, 0, 0, 0, 0, 0, 0, 0]",27,4
FG2677,"[2, 4, 5, 3, 3, 3, 4, 0, 0, 0, 0, 0, 0, 0, 0, 0, 0, 0, 0, 0, 0, 0, 0, 0]",24,3
FG2687,"[3, 4, 4, 3, 4, 4, 2, 0, 0, 0, 0, 0, 0, 0, 3, 0, 0, 0, 0, 0, 0, 0, 0, 0]",27,4
FG2697,"[1, 4, 5, 3, 3, 3, 3, 4, 0, 0, 0, 0, 0, 0, 0, 0, 0, 0, 0, 0, 0, 0, 0, 0]",26,3
FG3607,"[3, 2, 3, 2, 4, 4, 3, 4, 0, 0, 0, 0, 0, 0, 2, 0, 0, 0, 0, 0, 0, 0, 0, -1]",26,3
FG3617,"[3, 4, 4, 3, 4, 4, 2, 0, 0, 0, 0, 0, 0, 0, 0, 0, 0, 0, 0, 0, 0, 0, 0, 0]",24,3
FG3627,"[1, 5, 5, 3, 3, 3, 3, 0, 0, 0, 0, 0, 0, 0, 0, 0, 0, 0, 0, 0, 0, 0, 0, 0]",23,3
FG3637,"[1, 5, 5, 3, 3, 3, 3, 0, 0, 0, 0, 0, 0, 0, 0, 0, 0, 0, 0, 0, 0, 0, 0, 0]",23,3
FG3647,"[1, 0, 5, 4, 3, 3, 3, 0, 0, 0, 0, 0, 0, 0, 0, 0, 0, 0, 0, 0, 0, 0, 0, 0]",19,2
FG3657,"[3, 4, 4, 3, 4, 4, 3, 0, 0, 0, 0, 0, 0, 0, 2, 0, 0, 0, 0, 0, 0, 0, 0, 0]",27,4
FG3667,"[2, 2, 3, 2, 5, 5, 2, 4, 0, 0, 0, 0, 0, 0, 0, 0, 0, 0, 0, 0, 0, 0, 0, -1]",24,3
FG3677,"[3, 3, 4, 4, 4, 4, 2, 4, 0, 0, 0, 0, 0, 0, 0, 0, 0, 0, 0, 0, 0, 0, -1, -4]",23,3
FG3687,"[3, 4, 5, 4, 3, 3, 3, 4, 0, 0, 0, 0, 0, 0, 3, 0, 0, 0, 0, 0, 0, 0, -2, -4]",26,3
FG3697,"[3, 4, 3, 3, 5, 5, 2, 0, 0, 0, 0, 0, 0, 0, 0, 2, 2, 0, 0, 0, 0, 0, 0, -1]",28,4
FG4607,"[3, 2, 2, 3, 5, 4, 3, 4, 4, 5, 0, 0, 0, 0, 0, 2, 2, 0, 0, 0, 0, 0, 0, -1]",38,5
FG4617,"[2, 4, 5, 4, 4, 4, 1, 0, 4, 5, 0, 0, 0, 0, 0, 0, 0, 0, 0, 0, 0, 0, 0, -2]",31,4
FG4627,"[1, 0, 5, 4, 3, 3, 2, 0, 4, 5, 0, 0, 0, 0, 0, 0, 0, 0, 0, 0, 0, 0, 0, 0]",27,4
FG4637,"[1, 4, 5, 5, 3, 3, 1, 0, 4, 5, 0, 0, 0, 0, 0, 0, 0, 0, 0, 0, 0, 0, 0, 0]",31,4
FG4647,"[2, 4, 5, 5, 3, 3, 3, 0, 4, 5, 0, 0, 0, 0, 0, 0, 0, 0, 0, 0, 0, 0, 0, 0]",34,5
FG0606,"[1, 4, 5, 3, 3, 3, 2, 0, 0, 0, 0, 0, 0, 0, 0, 0, 0, 0, 0, 0, 0, 0, 0, 0]",21,2
FG0616,"[1, 0, 5, 3, 3, 3, 2, 0, 0, 0, 0, 0, 0, 0, 0, 0, 0, 0, 0, 0, 0, 0, 0, 0]",17,2
FG0626,"[1, 0, 5, 4, 3, 3, 1, 0, 0, 0, 0, 0, 0, 0, 0, 0, 0, 0, 0, 0, 0, 0, 0, 0]",17,2
FG0636,"[2, 4, 5, 3, 3, 3, 2, 0, 0, 0, 0, 0, 0, 0, 3, 2, 2, 0, 0, 0, 0, 0, 0, -5]",24,3
FG0646,"[2, 2, 3, 2, 3, 5, 1, 0, 0, 0, 0, 0, 5, 0, 2, 4, 4, 0, 0, 0, 0, 0, 0, 0]",33,5
FG0656,"[3, 5, 3, 2, 2, 4, 1, 0, 4, 0, 0, 0, 0, 0, 0, 0, 0, 0, 0, 0, 0, 0, 0, 0]",24,3
FG0666,"[3, 3, 3, 2, 5, 4, 2, 0, 1, 0, 0, 0, 0, 0, 5, 0, 0, 0, 0, 0, 0, 0, 0, -1]",27,4
FG0676,"[3, 3, 3, 2, 5, 4, 2, 0, 1, 0, 0, 0, 0, 0, 0, 0, 0, 0, 0, 0, 0, 0, 0, -1]",22,3
FG0686,"[3, 3, 3, 4, 5, 4, 1, 4, 0, 0, 0, 0, 0, 0, 3, 2, 2, 0, 0, 0, 0, 0, 0, -1]",33,5
FG0696,"[2, 2, 3, 2, 4, 5, 2, 4, 0, 0, 0, 0, 0, 0, 3, 3, 3, 0, 0, 0, 0, 0, 0, -3]",30,4
FG1606,"[4, 2, 3, 2, 3, 4, 2, 5, 4, 0, 0, 0, 0, 0, 5, 3, 3, 0, 0, 0, 0, 0, 0, 0]",40,5
FG1616,"[3, 3, 5, 2, 3, 3, 3, 0, 4, 0, 3, 0, 0, 0, 0, 0, 0, 0, 0, 0, 0, 0, 0, -2]",27,4
FG1626,"[1, 5, 5, 5, 3, 3, 2, 0, 4, 0, 0, 0, 0, 0, 0, 0, 0, 0, 0, 0, 0, 0, 0, 0]",28,4
FG1676,"[1, 0, 5, 5, 3, 3, 1, 0, 5, 0, 0, 0, 0, 0, 0, 0, 0, 0, 0, 0, 0, 0, 0, 0]",23,3
FG1686,"[4, 2, 4, 3, 4, 4, 1, 4, 5, 0, 0, 0, 0, 0, 0, 4, 4, 0, 0, 0, 0, 0, -2, -1]",36,5
FG1696,"[3, 4, 3, 1, 3, 4, 2, 0, 4, 0, 0, 0, 0, 0, 3, 0, 0, 0, 0, 0, 0, 0, 0, -1]",26,3
FG2606,"[3, 4, 3, 1, 4, 4, 2, 0, 4, 0, 0, 0, 0, 0, 0, 0, 0, 0, 0, 0, -5, 0, 0, -2]",18,2
FG2616,"[5, 2, 2, 2, 4, 3, 2, 4, 4, 0, 0, 0, 0, 0, 5, 0, 0, 0, 0, 0, -5, 0, -2, -1]",25,3
FG2626,"[5, 2, 2, 2, 4, 3, 2, 0, 4, 0, 0, 0, 0, 0, 5, 2, 0, 0, 0, 0, 0, 0, -3, 0]",28,4
FG2636,"[5, 2, 2, 2, 5, 4, 2, 4, 4, 0, 0, 0, 0, 0, 5, 3, 0, 0, 0, 0, 0, 0, -2, 0]",36,5
FG2646,"[4, 3, 3, 2, 5, 4, 3, 0, 4, 0, 0, 0, 0, 0, 2, 3, 0, 0, 0, 0, 0, 0, -2, -1]",30,4
FG2656,"[3, 2, 3, 2, 5, 4, 3, 4, 4, 0, 0, 0, 0, 0, 0, 0, 0, 0, 0, 0, 0, 0, -2, -1]",27,4
FG2666,"[3, 3, 3, 2, 5, 4, 3, 0, 4, 0, 0, 0, 0, 0, 0, 0, 0, 0, 0, 0, 0, 0, -2, -1]",24,3
FG2676,"[3, 3, 3, 4, 5, 4, 2, 0, 4, 0, 0, 0, 0, 0, 2, 0, 0, 0, 0, 0, 0, 0, 0, -1]",29,4
FG2686,"[4, 3, 3, 3, 4, 4, 3, 4, 4, 0, 0, 0, 0, 0, 5, 0, 0, 0, 0, 0, 0, 0, 0, -1]",36,5
FG2696,"[3, 3, 3, 2, 5, 4, 3, 4, 4, 0, 0, 0, 0, 0, 3, 0, 0, 0, 0, 0, 0, 0, 0, -1]",33,5
FG3606,"[3, 3, 3, 3, 5, 4, 2, 4, 4, 0, 0, 0, 0, 0, 3, 0, 0, 0, 0, 0, 0, 0, 0, -2]",32,4
FG3616,"[3, 4, 4, 3, 4, 4, 2, 0, 0, 0, 0, 0, 0, 0, 0, 0, 0, 0, 0, 0, 0, 0, 0, 0]",24,3
FG3626,"[3, 4, 4, 2, 4, 4, 3, 0, 0, 0, 0, 0, 0, 0, 0, 0, 0, 0, 0, 0, 0, 0, 0, 0]",24,3
FG3636,"[2, 5, 5, 3, 4, 4, 2, 0, 0, 0, 0, 0, 0, 0, 0, 0, 0, 0, 0, 0, 0, 0, 0, 0]",25,3
FG3646,"[1, 5, 5, 3, 3, 3, 3, 0, 0, 0, 0, 0, 0, 0, 0, 0, 0, 0, 0, 0, 0, 0, 0, 0]",23,3
FG3656,"[2, 5, 5, 3, 3, 3, 3, 0, 0, 0, 0, 0, 0, 0, 0, 0, 0, 0, 0, 0, 0, 0, 0, 0]",24,3
FG3666,"[3, 4, 5, 3, 4, 4, 3, 0, 0, 0, 0, 0, 0, 0, 0, 0, 0, 0, 0, 0, 0, 0, 0, -4]",22,3
FG3676,"[3, 4, 4, 4, 4, 4, 2, 4, 0, 0, 0, 0, 0, 0, 0, 0, 0, 0, 0, 0, 0, 0, 0, -1]",28,4
FG3686,"[3, 3, 3, 3, 5, 4, 3, 4, 0, 0, 0, 0, 0, 0, 0, 0, 0, 0, 0, 0, 0, 0, 0, -2]",26,3
FG3696,"[2, 4, 5, 5, 3, 3, 2, 0, 0, 0, 0, 0, 0, 0, 0, 0, 0, 0, 0, 0, 0, 0, 0, 0]",24,3
FG4606,"[3, 4, 4, 4, 3, 3, 3, 0, 4, 5, 0, 0, 0, 0, 3, 3, 3, 0, 0, 0, 0, 0, 0, -1]",41,5
FG4616,"[3, 3, 4, 5, 4, 4, 4, 0, 4, 5, 0, 0, 0, 0, 5, 0, 0, 0, 0, 0, 0, 0, 0, -2]",39,5
FG4626,"[2, 4, 5, 4, 3, 3, 3, 0, 4, 5, 0, 0, 0, 0, 0, 0, 0, 0, 0, 0, 0, 0, 0, 0]",33,5
FG0605,"[1, 0, 5, 3, 3, 3, 2, 0, 0, 0, 0, 0, 0, 0, 0, 0, 0, 0, 0, 0, 0, 0, 0, 0]",17,2
FG0615,"[1, 0, 5, 4, 3, 3, 2, 0, 0, 0, 0, 0, 0, 0, 0, 0, 0, 0, 0, 0, 0, 0, 0, 0]",18,2
FG0625,"[2, 5, 5, 4, 3, 3, 1, 0, 0, 0, 0, 0, 0, 0, 0, 0, 0, 0, 0, 0, 0, 0, 0, 0]",23,3
FG0635,"[4, 4, 3, 2, 4, 4, 2, 5, 0, 0, 0, 0, 0, 0, 0, 4, 4, 0, 0, 0, 0, 0, 0, 0]",36,5
FG0645,"[4, 5, 2, 1, 3, 3, 1, 5, 4, 0, 0, 0, 0, 0, 0, 0, 0, 0, 0, 0, 0, 0, 0, 0]",28,4
FG0655,"[3, 4, 4, 2, 4, 4, 3, 0, 4, 0, 0, 0, 0, 0, 0, 0, 0, 0, 0, 0, 0, 0, 0, -2]",26,3
FG0665,"[2, 4, 5, 2, 3, 3, 3, 4, 0, 0, 0, 0, 0, 0, 0, 0, 0, 0, 0, 0, 0, 0, 0, 0]",26,3
FG0675,"[1, 4, 5, 3, 3, 3, 2, 0, 0, 0, 0, 0, 0, 0, 0, 0, 0, 0, 0, 0, 0, 0, 0, -2]",19,2
FG0685,"[3, 3, 4, 3, 4, 4, 2, 4, 0, 0, 0, 0, 0, 0, 0, 0, 0, 0, 0, 0, 0, 0, 0, -3]",24,3
FG0695,"[3, 4, 4, 3, 4, 4, 2, 0, 0, 0, 0, 0, 0, 0, 0, 0, 0, 0, 0, 0, 0, 0, 0, 0]",24,3
FG1605,"[3, 2, 3, 2, 3, 4, 2, 5, 0, 0, 0, 0, 0, 0, 3, 2, 2, 0, 0, 0, 0, 0, 0, -1]",30,4
FG1615,"[3, 4, 5, 3, 3, 3, 3, 0, 4, 0, 0, 0, 0, 0, 3, 2, 2, 0, 0, 0, 0, 0, 0, -2]",33,5
FG1625,"[1, 5, 5, 5, 3, 3, 1, 0, 4, 0, 0, 0, 0, 0, 0, 0, 0, 0, 0, 0, 0, 0, 0, 0]",27,4
FG1675,"[1, 5, 5, 3, 3, 3, 2, 4, 5, 0, 0, 0, 0, 0, 0, 0, 0, 0, 0, 0, 0, 0, 0, 0]",31,4
FG1685,"[4, 2, 3, 3, 5, 4, 3, 4, 5, 0, 0, 0, 0, 0, 0, 4, 4, 0, 0, 0, 0, 0, -2, -1]",38,5
FG1695,"[4, 3, 3, 1, 3, 4, 2, 0, 4, 0, 0, 0, 0, 0, 5, 0, 0, 0, 0, 0, 0, 0, 0, -1]",28,4
FG2605,"[4, 2, 3, 1, 4, 4, 2, 4, 0, 0, 0, 0, 0, 0, 2, 0, 0, 0, 0, 0, 0, 0, -1, -1]",24,3
FG2615,"[4, 1, 2, 2, 5, 4, 1, 4, 0, 0, 0, 0, 0, 0, 2, 0, 0, 0, 0, 0, 0, 0, -2, 0]",23,3
FG2625,"[3, 4, 4, 2, 4, 4, 1, 0, 0, 0, 0, 0, 0, 0, 0, 0, 0, 0, 0, 0, 0, 0, 0, -1]",21,2
FG2635,"[3, 3, 4, 2, 4, 4, 3, 4, 0, 0, 0, 0, 0, 0, 0, 0, 0, 0, 0, 0, 0, 0, 0, -2]",25,3
FG2645,"[3, 3, 4, 2, 4, 4, 2, 4, 0, 0, 0, 0, 0, 0, 0, 0, 0, 0, 0, 0, -5, 0, 0, -4]",17,2
FG2655,"[3, 3, 5, 3, 4, 3, 2, 4, 0, 0, 0, 0, 0, 0, 0, 0, 0, 0, 0, 0, -5, 0, 0, -1]",21,2
FG2665,"[4, 3, 3, 3, 4, 4, 2, 4, 4, 0, 0, 0, 0, 0, 0, 0, 0, 0, 0, 0, 0, 0, -1, -1]",29,4
FG2675,"[3, 2, 2, 2, 5, 4, 2, 0, 4, 0, 0, 0, 0, 0, 3, 0, 0, 0, 0, 0, 0, 0, -2, -1]",24,3
FG2685,"[1, 2, 3, 2, 5, 5, 3, 0, 1, 0, 0, 0, 0, 0, 0, 0, 0, 0, 0, 0, 0, 0, 0, -1]",21,2
FG2695,"[3, 3, 4, 3, 4, 4, 2, 0, 0, 0, 0, 0, 0, 0, 0, 0, 0, 0, 0, 0, 0, 0, 0, 0]",23,3
FG3605,"[3, 3, 3, 3, 5, 4, 3, 4, 4, 0, 0, 0, 0, 0, 0, 0, 0, 0, 0, 0, 0, 0, 0, -1]",31,4
FG3615,"[2, 2, 2, 2, 5, 5, 2, 0, 4, 0, 0, 0, 0, 0, 3, 0, 0, 0, 0, 0, 0, 0, 0, -1]",26,3
FG3625,"[2, 3, 3, 3, 5, 5, 3, 4, 4, 0, 0, 0, 0, 0, 3, 0, 0, 0, 0, 0, -5, 0, 0, -1]",29,4
FG3635,"[3, 3, 4, 3, 4, 4, 2, 4, 4, 0, 0, 0, 0, 0, 0, 0, 0, 0, 0, 0, 0, 0, 0, -2]",29,4
FG3645,"[3, 3, 4, 2, 4, 4, 3, 0, 0, 0, 0, 0, 0, 0, 0, 0, 0, 0, 0, 0, 0, 0, 0, -1]",22,3
FG3655,"[1, 4, 5, 3, 3, 3, 3, 0, 0, 0, 0, 0, 0, 0, 0, 0, 0, 0, 0, 0, 0, 0, 0, 0]",22,3
FG3665,"[1, 5, 5, 3, 3, 3, 3, 0, 0, 0, 0, 0, 0, 0, 0, 0, 0, 0, 0, 0, 0, 0, 0, 0]",23,3
FG3675,"[2, 4, 5, 3, 4, 4, 2, 0, 0, 0, 0, 0, 0, 0, 0, 0, 0, 0, 0, 0, 0, 0, 0, -5]",19,2
FG3685,"[1, 5, 5, 5, 3, 3, 2, 0, 0, 0, 0, 0, 0, 0, 0, 0, 0, 0, 0, 0, 0, 0, 0, 0]",24,3
FG3695,"[2, 4, 5, 4, 3, 3, 3, 0, 4, 5, 0, 0, 0, 0, 3, 1, 1, 0, 0, 0, 0, 0, 0, -2]",36,5
FG4605,"[3, 4, 4, 3, 4, 4, 4, 4, 4, 5, 0, 0, 0, 0, 3, 3, 3, 0, 0, 0, 0, 0, 0, -2]",46,5
FG4615,"[3, 3, 3, 2, 5, 4, 2, 0, 4, 5, 0, 0, 0, 0, 0, 0, 0, 0, 0, 0, 0, 0, 0, -3]",28,4
FG0604,"[1, 0, 5, 3, 3, 3, 2, 0, 0, 0, 0, 0, 0, 0, 0, 0, 0, 0, 0, 0, 0, 0, 0, 0]",17,2
FG0614,"[1, 5, 5, 4, 3, 3, 2, 0, 0, 0, 0, 0, 0, 0, 0, 0, 0, 0, 0, 0, 0, 0, 0, 0]",23,3
FG0624,"[3, 4, 4, 2, 3, 4, 3, 4, 0, 0, 0, 0, 0, 0, 0, 4, 4, 0, 0, 0, 0, 0, 0, 0]",35,5
FG0634,"[3, 4, 3, 2, 3, 4, 3, 0, 4, 0, 0, 0, 0, 0, 0, 2, 2, 0, 0, 0, 0, 0, 0, 0]",30,4
FG0644,"[4, 4, 3, 2, 5, 4, 2, 5, 4, 0, 0, 0, 0, 0, 5, 0, 0, 0, 0, 0, 0, 0, 0, -1]",37,5
FG0654,"[3, 3, 4, 3, 4, 4, 3, 4, 0, 0, 0, 0, 0, 0, 5, 0, 0, 0, 0, 0, 0, 0, 0, -2]",31,4
FG0664,"[2, 4, 5, 3, 4, 4, 1, 0, 0, 0, 0, 0, 0, 0, 0, 0, 0, 0, 0, 0, 0, 0, 0, 0]",23,3
FG0674,"[3, 4, 4, 3, 4, 4, 2, 0, 0, 0, 0, 0, 0, 0, 0, 0, 0, 0, 0, 0, 0, 0, 0, -1]",23,3
FG0684,"[3, 4, 4, 3, 5, 4, 1, 0, 0, 0, 0, 0, 0, 0, 0, 0, 0, 0, 0, 0, 0, 0, 0, -4]",20,2
FG0694,"[1, 5, 5, 3, 3, 2, 2, 0, 0, 0, 0, 0, 0, 0, 0, 0, 0, 0, 0, 0, 0, 0, 0, 0]",21,2
FG1604,"[2, 4, 5, 4, 3, 3, 3, 0, 0, 0, 0, 0, 0, 0, 0, 0, 0, 0, 0, 0, 0, 0, 0, 0]",24,3
FG1614,"[3, 5, 5, 4, 3, 2, 2, 4, 4, 0, 0, 0, 0, 0, 3, 3, 3, 0, 0, 0, 0, 0, 0, -3]",38,5
FG1624,"[2, 4, 5, 4, 3, 3, 2, 0, 4, 0, 0, 0, 0, 0, 0, 0, 0, 0, 0, 0, 0, 0, 0, 0]",27,4
FG1634,"[3, 3, 3, 5, 5, 5, 2, 4, 4, 0, 0, 0, 0, 0, 5, 0, 0, 0, 0, 0, 0, 0, 0, -1]",38,5
FG1674,"[4, 2, 3, 3, 4, 3, 1, 0, 4, 0, 0, 0, 0, 0, 0, 2, 2, 0, 0, 0, 0, 0, -1, -1]",26,3
FG1684,"[3, 1, 2, 1, 3, 4, 2, 4, 4, 0, 0, 0, 0, 0, 2, 4, 4, 0, 0, 0, 0, 0, -2, 0]",32,4
FG1694,"[4, 4, 4, 1, 3, 4, 3, 0, 4, 0, 0, 0, 0, 0, 0, 0, 0, 0, 0, 0, 0, 0, 0, -1]",26,3
FG2604,"[4, 2, 3, 2, 4, 3, 3, 4, 4, 0, 0, 0, 0, 0, 0, 0, 0, 0, 0, 0, 0, 0, -2, -1]",26,3
FG2614,"[3, 2, 2, 2, 5, 4, 2, 0, 1, 0, 0, 0, 0, 0, 3, 0, 0, 0, 0, 0, 0, 0, 0, -1]",23,3
FG2624,"[3, 3, 4, 2, 4, 4, 3, 0, 0, 0, 0, 0, 0, 0, 0, 0, 0, 0, 0, 0, 0, 0, 0, -1]",22,3
FG2634,"[2, 4, 5, 2, 4, 3, 2, 0, 0, 0, 0, 0, 0, 0, 0, 0, 0, 0, 0, 0, 0, 0, 0, 0]",22,3
FG2644,"[3, 3, 4, 2, 5, 4, 3, 4, 0, 0, 0, 0, 0, 0, 0, 0, 0, 0, 0, 0, 0, 0, 0, -1]",27,4
FG2654,"[3, 2, 4, 3, 4, 4, 2, 0, 0, 0, 0, 0, 0, 0, 0, 0, 0, 0, 0, 0, 0, 0, 0, -1]",21,2
FG2664,"[3, 4, 4, 3, 5, 4, 2, 4, 0, 0, 0, 0, 0, 0, 0, 0, 0, 0, 0, 0, 0, 0, 0, -3]",26,3
FG2674,"[4, 4, 4, 2, 4, 4, 3, 4, 4, 0, 0, 0, 0, 0, 0, 0, 0, 0, 0, 0, 0, 0, -2, -2]",29,4
FG2684,"[2, 2, 3, 2, 4, 5, 2, 0, 4, 0, 0, 0, 0, 0, 0, 0, 0, 0, 0, 0, 0, 0, -2, -1]",21,2
FG2694,"[3, 3, 4, 3, 5, 4, 2, 0, 0, 0, 0, 0, 0, 0, 0, 0, 0, 0, 0, 0, 0, 0, -1, -2]",21,2
FG3604,"[3, 4, 4, 3, 4, 4, 3, 4, 0, 0, 0, 0, 0, 0, 0, 0, 0, 0, 0, 0, 0, 0, 0, 0]",29,4
FG3614,"[2, 3, 3, 2, 5, 5, 2, 4, 0, 0, 0, 0, 0, 0, 0, 0, 0, 0, 0, 0, 0, 0, 0, -4]",22,3
FG3624,"[3, 3, 3, 3, 5, 4, 2, 0, 4, 0, 0, 0, 0, 0, 5, 0, 0, 0, 0, 0, 0, 0, 0, -1]",31,4
FG3634,"[3, 4, 3, 3, 4, 4, 3, 4, 4, 0, 0, 0, 0, 0, 0, 0, 0, 0, 0, 0, 0, 0, 0, -1]",31,4
FG3644,"[3, 3, 3, 2, 5, 5, 3, 4, 4, 0, 0, 0, 0, 0, 0, 0, 0, 0, 0, 0, 0, 0, 0, -2]",30,4
FG3654,"[3, 4, 4, 3, 4, 4, 2, 0, 0, 0, 0, 0, 0, 0, 0, 0, 0, 0, 0, 0, 0, 0, 0, 0]",24,3
FG3664,"[2, 4, 5, 3, 4, 3, 2, 0, 0, 0, 0, 0, 0, 0, 0, 0, 0, 0, 0, 0, 0, 0, 0, 0]",23,3
FG3674,"[2, 4, 5, 4, 3, 3, 3, 0, 0, 0, 0, 0, 0, 0, 0, 0, 0, 0, 0, 0, 0, 0, 0, 0]",24,3
FG3684,"[1, 0, 5, 5, 3, 3, 2, 0, 0, 0, 0, 0, 0, 0, 0, 0, 0, 0, 0, 0, 0, 0, 0, 0]",19,2
FG3694,"[3, 4, 4, 3, 4, 4, 3, 4, 4, 5, 0, 0, 0, 0, 0, 3, 3, 0, 0, 0, 0, 0, 0, -4]",40,5
FG4604,"[3, 5, 4, 4, 4, 4, 3, 4, 4, 5, 0, 0, 0, 0, 0, 0, 0, 0, 0, 0, 0, 0, 0, 0]",40,5
FG4614,"[1, 5, 5, 4, 3, 3, 3, 0, 4, 5, 0, 0, 0, 0, 0, 0, 0, 0, 0, 0, 0, 0, 0, 0]",33,5
FG0603,"[1, 5, 5, 3, 3, 3, 1, 0, 0, 0, 0, 0, 0, 0, 0, 0, 0, 0, 0, 0, 0, 0, 0, 0]",21,2
FG0613,"[1, 4, 5, 4, 3, 3, 2, 0, 4, 0, 0, 0, 0, 0, 0, 3, 3, 0, 0, 0, 0, 0, 0, 0]",32,4
FG0623,"[4, 4, 4, 3, 4, 3, 2, 4, 4, 0, 0, 0, 0, 0, 0, 2, 2, 0, 0, 0, 0, 0, 0, 0]",36,5
FG0633,"[1, 5, 5, 3, 3, 3, 2, 0, 4, 0, 0, 0, 0, 0, 0, 0, 0, 0, 0, 0, 0, 0, 0, 0]",26,3
FG0643,"[3, 4, 5, 3, 4, 3, 3, 0, 0, 0, 0, 0, 0, 0, 0, 0, 0, 0, 0, 0, 0, 0, 0, -3]",22,3
FG0653,"[4, 3, 3, 3, 4, 4, 3, 4, 0, 0, 0, 0, 0, 0, 2, 0, 0, 0, 0, 0, 0, 0, 0, -1]",29,4
FG0663,"[3, 3, 3, 3, 5, 4, 3, 4, 0, 0, 0, 0, 0, 0, 5, 0, 0, 0, 0, 0, 0, 0, 0, -1]",32,4
FG0673,"[2, 4, 3, 3, 5, 5, 2, 4, 0, 0, 0, 0, 0, 0, 2, 0, 0, 0, 0, 0, 0, 0, 0, -2]",28,4
FG0683,"[2, 4, 5, 2, 4, 3, 2, 0, 0, 0, 0, 0, 0, 0, 0, 0, 0, 0, 0, 0, 0, 0, 0, 0]",22,3
FG0693,"[1, 5, 5, 4, 3, 2, 3, 0, 0, 0, 0, 0, 0, 0, 0, 0, 0, 0, 0, 0, 0, 0, 0, 0]",23,3
FG1603,"[1, 0, 5, 4, 3, 3, 1, 0, 0, 0, 0, 0, 0, 0, 0, 0, 0, 0, 0, 0, 0, 0, 0, 0]",17,2
FG1613,"[3, 3, 3, 4, 4, 4, 3, 0, 4, 0, 0, 0, 0, 0, 3, 2, 2, 0, 0, 0, 0, 0, 0, 0]",35,5
FG1623,"[3, 4, 3, 2, 3, 4, 2, 4, 4, 0, 0, 0, 0, 0, 0, 3, 3, 0, 0, 0, 0, 0, 0, -2]",33,5
FG1633,"[3, 4, 4, 4, 4, 4, 2, 4, 4, 0, 0, 0, 0, 0, 0, 1, 1, 0, 0, 0, 0, 0, 0, -3]",32,4
FG1643,"[1, 5, 5, 4, 3, 3, 2, 0, 4, 0, 0, 0, 0, 0, 0, 4, 0, 0, 0, 0, 0, 0, 0, 0]",31,4
FG1683,"[5, 2, 2, 1, 3, 2, 2, 0, 4, 0, 0, 0, 0, 0, 0, 2, 2, 0, 0, 0, 0, 0, -1, 0]",24,3
FG1693,"[5, 2, 2, 1, 5, 3, 1, 4, 4, 0, 0, 0, 0, 0, 0, 3, 3, 0, 0, 0, -5, 0, -3, 0]",25,3
FG2603,"[3, 1, 2, 1, 5, 4, 1, 4, 0, 0, 0, 0, 0, 0, 0, 0, 0, 0, 0, 0, -5, 0, -1, -1]",14,1
FG2613,"[2, 4, 3, 2, 5, 4, 3, 4, 0, 0, 0, 0, 0, 0, 0, 0, 0, 0, 0, 0, 0, 0, 0, -2]",25,3
FG2623,"[3, 4, 4, 2, 4, 4, 3, 0, 0, 0, 0, 0, 0, 0, 0, 0, 0, 0, 0, 0, 0, 0, 0, 0]",24,3
FG2633,"[1, 5, 5, 2, 3, 3, 3, 0, 0, 0, 0, 0, 0, 0, 0, 0, 0, 0, 0, 0, 0, 0, 0, 0]",22,3
FG2643,"[3, 4, 4, 3, 5, 4, 2, 0, 0, 0, 0, 0, 0, 0, 0, 0, 0, 0, 0, 0, 0, 0, 0, 0]",25,3
FG2653,"[3, 2, 2, 3, 5, 4, 3, 0, 0, 0, 0, 0, 0, 0, 5, 0, 0, 0, 0, 0, 0, 0, 0, -1]",26,3
FG2663,"[2, 3, 3, 2, 5, 5, 2, 0, 0, 0, 0, 0, 0, 0, 0, 0, 0, 0, 0, 0, 0, 0, 0, -5]",17,2
FG2673,"[3, 3, 3, 2, 5, 4, 2, 0, 4, 0, 0, 0, 0, 0, 0, 0, 0, 0, 0, 0, 0, 0, 0, -2]",24,3
FG2683,"[4, 2, 2, 2, 5, 4, 2, 4, 4, 0, 0, 0, 0, 0, 3, 0, 0, 0, 0, 0, 0, 0, 0, -1]",31,4
FG2693,"[2, 1, 2, 3, 5, 4, 2, 4, 4, 0, 0, 0, 0, 0, 3, 0, 0, 0, 0, 0, 0, 0, -2, -1]",27,4
FG3603,"[2, 2, 3, 2, 5, 5, 3, 4, 0, 0, 0, 0, 0, 0, 5, 0, 0, 0, 0, 0, 0, 0, -1, -1]",29,4
FG3613,"[3, 4, 4, 3, 4, 4, 3, 0, 0, 0, 0, 0, 0, 0, 0, 0, 0, 0, 0, 0, 0, 0, 0, 0]",25,3
FG3623,"[2, 5, 5, 3, 4, 4, 3, 0, 0, 0, 0, 0, 0, 0, 0, 0, 0, 0, 0, 0, 0, 0, 0, 0]",26,3
FG3633,"[1, 5, 5, 3, 3, 3, 3, 0, 0, 0, 0, 0, 0, 0, 0, 0, 0, 0, 0, 0, 0, 0, 0, 0]",23,3
FG3643,"[3, 4, 4, 4, 4, 4, 2, 4, 4, 0, 0, 0, 0, 0, 0, 0, 0, 0, 0, 0, 0, 0, 0, -1]",32,4
FG3653,"[3, 4, 4, 4, 4, 4, 3, 4, 4, 0, 0, 0, 0, 0, 0, 0, 0, 0, 0, 0, 0, 0, 0, -1]",33,5
FG3663,"[2, 5, 3, 3, 5, 5, 2, 4, 4, 0, 0, 0, 0, 0, 0, 0, 0, 0, 0, 0, 0, 0, 0, 0]",33,5
FG3673,"[1, 5, 5, 4, 3, 3, 3, 0, 0, 0, 0, 0, 0, 0, 0, 0, 0, 0, 0, 0, 0, 0, 0, 0]",24,3
FG3683,"[2, 4, 4, 3, 4, 4, 3, 0, 0, 0, 0, 0, 0, 0, 0, 0, 0, 0, 0, 0, 0, 0, 0, 0]",24,3
FG3693,"[2, 5, 3, 3, 4, 5, 4, 0, 4, 5, 0, 0, 0, 0, 5, 3, 3, 0, 0, 0, 0, 0, 0, 0]",46,5
FG4603,"[2, 5, 5, 4, 4, 3, 2, 0, 4, 5, 0, 0, 0, 0, 0, 0, 0, 0, 0, 0, 0, 0, 0, 0]",34,5
FG4596,"[3, 4, 4, 3, 4, 4, 3, 4, 4, 5, 0, 0, 0, 0, 3, 2, 1, 0, 0, 0, 0, 0, 0, -4]",40,5
FG4597,"[3, 4, 4, 3, 4, 4, 2, 0, 4, 5, 0, 0, 0, 0, 3, 3, 2, 0, 0, 0, 0, 0, 0, -2]",39,5
FG4598,"[2, 5, 5, 4, 3, 3, 3, 0, 4, 5, 0, 0, 0, 0, 0, 0, 0, 0, 0, 0, 0, 0, 0, 0]",34,5
FG0602,"[3, 4, 4, 4, 4, 4, 1, 0, 0, 0, 0, 0, 0, 0, 0, 0, 0, 0, 0, 0, -5, 0, 0, 0]",19,2
FG0612,"[3, 4, 5, 3, 3, 3, 2, 0, 4, 0, 0, 0, 0, 0, 0, 4, 4, 0, 0, 0, 0, 0, 0, -5]",30,4
FG0622,"[4, 2, 3, 3, 4, 4, 2, 5, 4, 0, 0, 0, 0, 0, 5, 0, 0, 0, 0, 0, 0, 0, 0, -1]",35,5
FG0632,"[2, 4, 5, 3, 4, 3, 2, 0, 0, 0, 0, 0, 0, 0, 0, 0, 0, 0, 0, 0, 0, 0, 0, -1]",22,3
FG0642,"[2, 4, 5, 3, 3, 3, 2, 4, 0, 0, 0, 0, 0, 0, 0, 0, 0, 0, 0, 0, 0, 0, 0, 0]",26,3
FG0652,"[3, 4, 4, 2, 4, 4, 1, 4, 0, 0, 0, 0, 0, 0, 0, 0, 0, 0, 0, 0, 0, 0, 0, -1]",25,3
FG0662,"[3, 4, 4, 2, 5, 4, 3, 0, 0, 0, 0, 0, 0, 0, 3, 0, 0, 0, 0, 0, 0, 0, 0, -1]",27,4
FG0672,"[3, 2, 3, 2, 5, 4, 3, 4, 0, 0, 0, 0, 0, 0, 2, 0, 0, 0, 0, 0, 0, 0, 0, -1]",27,4
FG0682,"[2, 4, 5, 4, 4, 4, 2, 0, 0, 0, 0, 0, 0, 0, 0, 0, 0, 0, 0, 0, 0, 0, 0, 0]",25,3
FG0692,"[1, 5, 5, 3, 3, 3, 2, 0, 0, 0, 0, 0, 0, 0, 0, 0, 0, 0, 0, 0, 0, 0, 0, 0]",22,3
FG1602,"[1, 5, 5, 5, 3, 3, 3, 0, 0, 0, 0, 0, 0, 0, 0, 0, 0, 0, 0, 0, 0, 0, 0, 0]",25,3
FG1612,"[3, 3, 4, 2, 4, 4, 3, 4, 0, 0, 0, 0, 0, 0, 0, 1, 1, 0, 0, 0, 0, 0, 0, -2]",27,4
FG1622,"[3, 4, 3, 2, 5, 4, 2, 4, 4, 0, 0, 0, 0, 0, 0, 3, 3, 0, 0, 0, 0, 0, 0, -3]",34,5
FG1632,"[2, 4, 5, 4, 3, 3, 3, 0, 4, 0, 0, 0, 0, 0, 0, 2, 2, 0, 0, 0, 0, 0, 0, -1]",31,4
FG1642,"[1, 3, 5, 4, 3, 3, 3, 0, 4, 0, 0, 0, 0, 0, 0, 2, 0, 0, 0, 0, 0, 0, 0, -1]",27,4
FG1692,"[4, 2, 2, 1, 4, 5, 2, 0, 0, 0, 0, 0, 0, 0, 0, 4, 0, 0, 0, 0, -5, 0, -2, -2]",15,1
FG2602,"[2, 3, 3, 2, 5, 5, 2, 4, 0, 0, 0, 0, 0, 0, 0, 3, 0, 0, 0, 0, -5, 0, 0, -3]",21,2
FG2612,"[2, 4, 3, 2, 5, 5, 2, 4, 0, 0, 0, 0, 0, 0, 0, 0, 0, 0, 0, 0, 0, 0, 0, -2]",25,3
FG2622,"[1, 4, 5, 2, 3, 3, 3, 0, 0, 0, 0, 0, 0, 0, 0, 0, 0, 0, 0, 0, 0, 0, 0, 0]",21,2
FG2632,"[1, 5, 5, 4, 3, 3, 3, 0, 0, 0, 0, 0, 0, 0, 0, 2, 0, 0, 0, 0, 0, 0, 0, 0]",26,3
FG2642,"[3, 4, 4, 3, 5, 4, 2, 0, 0, 0, 0, 0, 0, 0, 0, 3, 0, 0, 0, 0, 0, 0, 0, 0]",28,4
FG2652,"[3, 2, 3, 2, 5, 4, 4, 4, 0, 0, 0, 0, 0, 0, 3, 0, 0, 0, 0, 0, 0, 0, 0, -1]",29,4
FG2662,"[3, 3, 4, 2, 5, 4, 4, 4, 0, 0, 0, 0, 0, 0, 0, 0, 0, 0, 0, 0, 0, 0, 0, -2]",27,4
FG2672,"[3, 4, 4, 2, 4, 4, 3, 0, 4, 0, 0, 0, 0, 0, 0, 0, 0, 0, 0, 0, 0, 0, 0, 0]",28,4
FG2682,"[3, 4, 4, 2, 4, 4, 2, 0, 4, 0, 0, 0, 0, 0, 0, 0, 0, 0, 0, 0, 0, 0, 0, 0]",27,4
FG2692,"[2, 3, 3, 2, 4, 5, 3, 4, 4, 0, 0, 0, 0, 0, 0, 0, 0, 0, 0, 0, 0, 0, 0, -3]",27,4
FG3602,"[3, 3, 4, 3, 4, 4, 3, 4, 0, 0, 0, 0, 0, 0, 0, 0, 0, 0, 0, 0, 0, 0, -2, -1]",25,3
FG3612,"[3, 3, 4, 3, 4, 4, 3, 4, 0, 0, 0, 0, 0, 0, 0, 0, 0, 0, 0, 0, 0, 0, -3, -3]",22,3
FG3622,"[3, 4, 4, 3, 4, 4, 3, 0, 0, 0, 0, 0, 0, 0, 0, 0, 0, 0, 0, 0, 0, 0, 0, -2]",23,3
FG3632,"[1, 5, 5, 3, 3, 3, 3, 0, 0, 0, 0, 0, 0, 0, 0, 0, 0, 0, 0, 0, 0, 0, 0, 0]",23,3
FG3642,"[1, 4, 5, 3, 3, 3, 3, 0, 0, 0, 0, 0, 0, 0, 0, 0, 0, 0, 0, -5, 0, 0, 0, 0]",17,2
FG3652,"[3, 4, 4, 4, 4, 4, 2, 0, 0, 0, 0, 0, 0, 0, 0, 0, 0, 0, 0, -5, 0, 0, 0, 0]",20,2
FG3662,"[3, 4, 4, 3, 4, 4, 3, 4, 4, 0, 0, 0, 0, 0, 0, 0, 0, 0, 0, 0, 0, 0, 0, -2]",31,4
FG3672,"[2, 5, 5, 5, 3, 3, 2, 0, 0, 0, 0, 0, 0, 0, 0, 0, 0, 0, 0, 0, 0, 0, 0, 0]",25,3
FG3682,"[3, 4, 4, 4, 4, 4, 3, 4, 0, 0, 0, 0, 0, 0, 0, 0, 0, 0, 0, 0, 0, 0, 0, -1]",29,4
FG3692,"[2, 4, 3, 2, 5, 5, 3, 4, 4, 5, 3, 0, 0, 0, 5, 2, 2, 0, 0, 0, 0, 0, 0, -1]",48,5
FG4602,"[2, 4, 3, 2, 4, 5, 3, 4, 4, 5, 0, 0, 0, 0, 0, 3, 3, 0, 0, 0, 0, 0, 0, -3]",39,5
FG4612,"[3, 5, 4, 4, 4, 4, 2, 0, 4, 5, 0, 0, 0, 0, 0, 3, 3, 0, 0, 0, 0, 0, 0, 0]",41,5
FG0601,"[5, 4, 4, 2, 3, 3, 4, 5, 4, 0, 0, 0, 0, 0, 0, 4, 4, 0, 0, 0, 0, 0, -1, -5]",36,5
FG0611,"[4, 5, 3, 1, 4, 3, 2, 5, 4, 0, 0, 0, 0, 0, 0, 3, 3, 0, 0, 0, 0, 0, 0, -3]",34,5
FG0621,"[4, 4, 4, 2, 3, 3, 2, 5, 4, 0, 0, 0, 0, 0, 2, 0, 0, 0, 0, 0, 0, 0, 0, -3]",30,4
FG0631,"[2, 5, 5, 4, 4, 4, 2, 0, 0, 0, 0, 0, 0, 0, 0, 0, 0, 0, 0, 0, 0, 0, 0, 0]",26,3
FG0641,"[1, 5, 5, 3, 3, 3, 2, 0, 0, 0, 0, 0, 0, 0, 0, 0, 0, 0, 0, 0, 0, 0, 0, 0]",22,3
FG0651,"[3, 4, 4, 2, 5, 4, 3, 0, 0, 0, 0, 0, 0, 0, 0, 0, 0, 0, 0, 0, 0, 0, 0, -3]",22,3
FG0661,"[3, 3, 3, 2, 5, 4, 2, 0, 0, 0, 0, 0, 0, 0, 0, 0, 0, 0, 0, 0, 0, 0, 0, -1]",21,2
FG0671,"[2, 4, 5, 4, 3, 3, 3, 0, 0, 0, 0, 0, 0, 0, 0, 0, 0, 0, 0, 0, 0, 0, 0, -1]",23,3
FG0681,"[2, 4, 5, 4, 3, 3, 1, 0, 0, 0, 0, 0, 0, 0, 0, 0, 0, 0, 0, 0, 0, 0, 0, 0]",22,3
FG0691,"[3, 4, 4, 4, 4, 4, 3, 0, 0, 0, 0, 0, 0, 0, 0, 0, 0, 0, 0, 0, 0, 0, 0, 0]",26,3
FG1601,"[1, 5, 5, 3, 3, 3, 3, 0, 0, 0, 0, 0, 0, 0, 0, 0, 0, 0, 0, 0, 0, 0, 0, 0]",23,3
FG1611,"[2, 3, 5, 4, 3, 2, 2, 4, 4, 0, 0, 0, 0, 0, 0, 3, 3, 0, 0, 0, 0, 0, 0, -1]",34,5
FG1621,"[3, 3, 4, 2, 4, 4, 2, 0, 4, 0, 0, 0, 0, 0, 2, 0, 0, 0, 0, 0, 0, 0, 0, -1]",27,4
FG1631,"[2, 5, 5, 4, 3, 2, 3, 4, 4, 0, 0, 0, 0, 0, 0, 0, 0, 0, 0, 0, 0, 0, 0, 0]",32,4
FG1641,"[4, 4, 4, 2, 4, 4, 3, 4, 4, 0, 0, 0, 0, 0, 0, 0, 0, 0, 0, 0, 0, 0, 0, 0]",33,5
FG1681,"[4, 1, 2, 2, 5, 4, 0, 4, 0, 0, 0, 0, 0, 0, 0, 0, 0, 0, 0, 0, 0, 0, 0, 0]",22,3
FG1691,"[4, 4, 2, 2, 5, 5, 2, 4, 0, 0, 0, 0, 0, 0, 0, 0, 0, 0, 0, 0, 0, 0, -2, -3]",23,3
FG2601,"[3, 4, 3, 2, 5, 5, 2, 4, 0, 0, 0, 0, 0, 0, 0, 2, 0, 0, 0, 0, 0, 0, 0, 0]",30,4
FG2611,"[3, 4, 3, 2, 5, 4, 2, 0, 0, 0, 0, 0, 0, 0, 0, 4, 0, 0, 0, 0, 0, 0, 0, -4]",23,3
FG2621,"[1, 4, 5, 3, 3, 3, 3, 0, 0, 0, 0, 0, 0, 0, 0, 2, 0, 0, 0, 0, 0, 0, 0, 0]",24,3
FG2631,"[2, 4, 5, 3, 4, 4, 1, 0, 0, 0, 0, 0, 0, 0, 0, 4, 0, 0, 0, 0, 0, 0, 0, 0]",27,4
FG2641,"[1, 4, 5, 3, 3, 3, 3, 0, 0, 0, 0, 0, 0, 0, 0, 4, 0, 0, 0, 0, 0, 0, 0, 0]",26,3
FG2651,"[3, 2, 4, 2, 4, 4, 3, 4, 0, 0, 3, 0, 0, 0, 0, 4, 0, 0, 0, 0, 0, 0, 0, -1]",32,4
FG2661,"[2, 2, 3, 2, 5, 5, 2, 4, 0, 0, 0, 0, 0, 0, 0, 4, 0, 0, 0, 0, 0, 0, 0, -2]",27,4
FG2671,"[3, 3, 3, 3, 5, 5, 1, 0, 4, 0, 0, 0, 0, 0, 3, 3, 0, 0, 0, 0, 0, 0, 0, -3]",30,4
FG2681,"[3, 4, 3, 2, 4, 4, 3, 4, 4, 0, 0, 0, 0, 0, 0, 0, 0, 0, 0, 0, 0, 0, 0, -2]",29,4
FG2691,"[2, 4, 5, 3, 3, 3, 2, 0, 0, 0, 0, 0, 0, 0, 0, 0, 0, 0, 0, 0, 0, 0, 0, 0]",22,3
FG3601,"[1, 5, 5, 3, 3, 3, 3, 0, 0, 0, 0, 0, 0, 0, 0, 0, 0, 0, 0, 0, 0, 0, 0, 0]",23,3
FG3611,"[2, 4, 5, 3, 4, 4, 3, 0, 0, 0, 0, 0, 0, 0, 0, 0, 0, 0, 0, 0, 0, 0, -1, -3]",21,2
FG3621,"[2, 3, 5, 3, 4, 3, 3, 0, 0, 0, 0, 0, 0, 0, 0, 4, 0, 0, 0, 0, 0, 0, -2, -1]",24,3
FG3631,"[1, 5, 5, 3, 3, 3, 2, 0, 0, 0, 0, 0, 0, 0, 0, 3, 0, 0, 0, 0, 0, 0, -1, 0]",24,3
FG3641,"[2, 4, 5, 3, 4, 4, 2, 0, 0, 0, 0, 0, 0, 0, 0, 3, 0, 0, 0, -5, 0, 0, 0, 0]",22,3
FG3651,"[1, 5, 5, 3, 3, 3, 2, 0, 0, 0, 0, 0, 0, 0, 0, 2, 0, 0, 0, -5, 0, 0, 0, 0]",19,2
FG3661,"[1, 5, 5, 3, 3, 3, 3, 0, 0, 0, 0, 0, 0, 0, 0, 0, 0, 0, 0, 0, 0, 0, 0, 0]",23,3
FG3671,"[2, 5, 5, 5, 3, 3, 2, 0, 0, 0, 0, 0, 0, 0, 0, 0, 0, 0, 0, 0, 0, 0, 0, -5]",20,2
FG3681,"[2, 4, 5, 4, 3, 3, 3, 0, 0, 0, 0, 0, 0, 0, 0, 0, 0, 0, 0, 0, 0, 0, 0, 0]",24,3
FG3691,"[2, 5, 5, 4, 3, 3, 3, 0, 0, 0, 0, 0, 0, 0, 0, 0, 0, 0, 0, 0, 0, 0, 0, 0]",25,3
FG4601,"[2, 5, 5, 3, 3, 3, 3, 0, 4, 5, 0, 0, 0, 0, 0, 0, 0, 0, 0, 0, 0, 0, 0, 0]",33,5
FG4611,"[2, 4, 5, 3, 3, 3, 2, 0, 4, 5, 0, 0, 0, 0, 0, 0, 0, 0, 0, 0, 0, 0, 0, 0]",31,4
FG0600,"[3, 3, 4, 3, 3, 3, 2, 5, 0, 0, 0, 0, 0, 0, 3, 0, 0, 0, 0, 0, 0, 0, -2, -2]",25,3
FG0610,"[5, 3, 4, 2, 4, 3, 2, 5, 0, 0, 0, 0, 0, 0, 5, 0, 0, 0, 0, 0, 0, 0, -2, -2]",29,4
FG0620,"[3, 3, 4, 3, 4, 3, 3, 4, 0, 0, 0, 0, 0, 0, 2, 0, 0, 0, 0, 0, 0, 0, -1, -1]",27,4
FG0630,"[3, 3, 4, 4, 4, 3, 2, 4, 0, 0, 0, 0, 0, 0, 5, 0, 0, 0, 0, 0, 0, 0, -1, -2]",29,4
FG0640,"[3, 3, 3, 2, 5, 4, 3, 0, 0, 0, 0, 0, 0, 0, 0, 0, 0, 0, 0, 0, 0, 0, 0, -1]",22,3
FG0650,"[4, 3, 3, 2, 5, 4, 3, 4, 0, 0, 0, 0, 0, 0, 2, 0, 0, 0, 0, 0, 0, 0, 0, -1]",29,4
FG0660,"[3, 4, 5, 4, 4, 4, 2, 0, 0, 0, 0, 0, 0, 0, 0, 0, 0, 0, 0, 0, 0, 0, 0, 0]",26,3
FG0670,"[2, 3, 5, 3, 3, 3, 2, 4, 0, 0, 0, 0, 0, 0, 0, 0, 0, 0, 0, 0, 0, 0, 0, -2]",23,3
FG0680,"[3, 3, 3, 3, 5, 4, 3, 4, 0, 0, 0, 0, 0, 0, 5, 0, 0, 0, 0, 0, 0, 0, 0, -1]",32,4
FG0690,"[3, 4, 3, 2, 5, 5, 2, 0, 0, 0, 0, 0, 0, 0, 0, 0, 0, 0, 0, 0, 0, 0, 0, -1]",23,3
FG1600,"[1, 4, 5, 4, 3, 3, 2, 0, 3, 0, 0, 0, 0, 0, 0, 0, 0, 0, 0, 0, 0, 0, 0, 0]",25,3
FG1610,"[1, 5, 5, 5, 3, 3, 2, 0, 4, 0, 0, 0, 0, 0, 0, 1, 1, 0, 0, 0, 0, 0, 0, 0]",30,4
FG1620,"[2, 5, 5, 3, 3, 3, 3, 0, 4, 0, 3, 0, 0, 0, 2, 3, 3, 0, 0, 0, 0, 0, 0, 0]",39,5
FG1630,"[4, 3, 3, 3, 4, 3, 2, 4, 4, 0, 0, 0, 0, 0, 3, 3, 3, 0, 0, 0, 0, 0, 0, -1]",38,5
FG1640,"[3, 1, 2, 1, 5, 4, 2, 4, 4, 0, 0, 0, 0, 0, 5, 3, 3, 0, 0, 0, 0, 0, 0, -1]",36,5
FG1650,"[4, 2, 3, 3, 5, 4, 1, 4, 0, 0, 0, 0, 0, 0, 0, 1, 1, 0, 0, 0, 0, 0, 0, -1]",27,4
FG1670,"[4, 1, 2, 1, 4, 4, 1, 0, 1, 0, 0, 0, 0, 0, 3, 0, 0, 0, 0, 0, 0, 0, -2, 0]",19,2
FG1680,"[2, 3, 2, 1, 5, 5, 2, 4, 0, 0, 0, 0, 0, 0, 0, 0, 0, 0, 0, 0, 0, 0, -3, -4]",17,2
FG1690,"[4, 1, 2, 2, 5, 4, 2, 0, 0, 0, 0, 0, 0, 0, 3, 0, 0, 0, 0, 0, 0, 0, -1, -1]",21,2
FG2600,"[3, 3, 4, 2, 4, 4, 2, 0, 0, 0, 0, 0, 0, 0, 0, 0, 0, 0, 0, 0, 0, 0, 0, -4]",18,2
FG2610,"[1, 5, 5, 3, 3, 3, 3, 0, 0, 0, 0, 0, 0, 0, 0, 0, 0, 0, 0, 0, 0, 0, 0, 0]",23,3
FG2620,"[2, 4, 5, 3, 4, 3, 2, 0, 0, 0, 0, 0, 0, 0, 0, 4, 0, 0, 0, 0, 0, 0, 0, 0]",27,4
FG2630,"[2, 3, 3, 3, 5, 5, 3, 0, 0, 0, 0, 0, 0, 0, 0, 0, 0, 0, 0, 0, 0, 0, 0, 0]",24,3
FG2640,"[3, 2, 3, 2, 5, 4, 3, 4, 0, 0, 0, 0, 0, 0, 0, 0, 0, 0, 0, 0, 0, 0, 0, -1]",25,3
FG2650,"[3, 3, 4, 2, 4, 4, 3, 4, 0, 0, 0, 0, 0, 0, 0, 0, 0, 0, 0, 0, 0, 0, 0, -1]",26,3
FG2660,"[3, 4, 4, 2, 5, 4, 2, 0, 0, 0, 0, 0, 0, 0, 0, 0, 0, 0, 0, 0, 0, 0, 0, 0]",24,3
FG2670,"[3, 3, 3, 2, 5, 5, 3, 4, 0, 0, 0, 0, 0, 0, 5, 3, 0, 0, 0, 0, 0, 0, 0, -2]",34,5
FG2680,"[3, 3, 3, 2, 4, 5, 3, 0, 4, 0, 0, 0, 0, 0, 0, 4, 0, 0, 0, 0, 0, 0, 0, -2]",29,4
FG2690,"[3, 4, 4, 2, 4, 4, 3, 0, 5, 0, 0, 0, 0, 0, 0, 4, 0, 0, 0, 0, 0, 0, 0, -2]",31,4
FG3600,"[1, 4, 5, 4, 3, 2, 3, 0, 5, 0, 0, 0, 0, 0, 0, 4, 0, 0, 0, 0, 0, 0, 0, 0]",31,4
FG3610,"[1, 5, 5, 4, 3, 3, 3, 0, 5, 0, 0, 0, 0, 0, 0, 4, 0, 0, 0, 0, 0, 0, 0, 0]",33,5
FG3620,"[1, 4, 5, 3, 3, 3, 3, 0, 0, 0, 0, 0, 0, 0, 0, 1, 0, 0, 0, 0, 0, 0, 0, 0]",23,3
FG3630,"[3, 3, 4, 3, 5, 4, 2, 4, 0, 0, 0, 0, 0, 0, 0, 3, 0, 0, 0, 0, 0, 0, -2, -2]",27,4
FG3640,"[3, 4, 4, 3, 4, 4, 4, 0, 0, 0, 0, 0, 0, 0, 0, 0, 0, 0, 0, 0, 0, 0, 0, 0]",26,3
FG3650,"[1, 5, 5, 3, 3, 3, 3, 0, 0, 0, 0, 0, 0, 0, 0, 2, 0, 0, 0, 0, 0, 0, 0, 0]",25,3
FG3660,"[1, 0, 5, 4, 3, 3, 2, 0, 0, 0, 0, 0, 0, 0, 0, 3, 0, 0, 0, 0, 0, 0, 0, 0]",21,2
FG3670,"[1, 0, 5, 4, 3, 3, 2, 0, 0, 0, 0, 0, 0, 0, 0, 3, 0, 0, 0, 0, 0, 0, 0, 0]",21,2
FG3680,"[1, 5, 5, 4, 3, 3, 2, 0, 0, 0, 0, 0, 0, 0, 0, 3, 0, 0, 0, 0, 0, 0, 0, 0]",26,3
FG3690,"[2, 5, 5, 4, 3, 3, 1, 0, 0, 0, 0, 0, 0, 0, 0, 3, 0, 0, 0, 0, 0, 0, 0, 0]",26,3
FG4600,"[3, 4, 4, 3, 4, 4, 3, 0, 4, 5, 0, 0, 0, 0, 0, 2, 0, 0, 0, 0, 0, 0, 0, 0]",36,5
FG4610,"[3, 4, 4, 3, 4, 4, 2, 0, 4, 5, 0, 0, 0, 0, 0, 0, 0, 0, 0, 0, 0, 0, 0, 0]",33,5
FG0509,"[2, 3, 5, 2, 4, 3, 3, 0, 0, 0, 0, 0, 0, 0, 0, 0, 0, 0, 0, 0, 0, 0, 0, -3]",19,2
FG0519,"[2, 4, 5, 3, 4, 4, 4, 0, 0, 0, 0, 0, 0, 0, 0, 0, 0, 0, 0, 0, 0, 0, 0, 0]",26,3
FG0529,"[3, 3, 3, 3, 4, 4, 2, 0, 0, 0, 0, 0, 0, 0, 0, 0, 0, 0, 0, 0, 0, 0, -2, -1]",19,2
FG0539,"[3, 2, 2, 2, 4, 4, 3, 4, 4, 0, 0, 0, 0, 0, 5, 0, 0, 0, 0, 0, 0, 0, -2, -2]",29,4
FG0549,"[3, 3, 4, 2, 4, 4, 3, 0, 0, 0, 0, 0, 0, 0, 0, 0, 0, 0, 0, 0, 0, 0, 0, -1]",22,3
FG0559,"[3, 4, 5, 3, 4, 3, 3, 0, 0, 0, 0, 0, 0, 0, 0, 0, 0, 0, 0, 0, 0, 0, 0, -4]",21,2
FG0569,"[1, 5, 5, 4, 3, 3, 2, 0, 0, 0, 0, 0, 0, 0, 0, 0, 0, 0, 0, 0, 0, 0, 0, 0]",23,3
FG0579,"[3, 3, 4, 3, 4, 4, 1, 0, 0, 0, 0, 0, 0, 0, 0, 0, 0, 0, 0, 0, 0, 0, 0, 0]",22,3
FG0589,"[3, 3, 3, 3, 5, 5, 2, 4, 0, 0, 0, 0, 0, 0, 0, 0, 0, 0, 0, 0, 0, 0, 0, -1]",27,4
FG0599,"[3, 3, 3, 3, 4, 4, 3, 0, 0, 0, 0, 0, 0, 0, 0, 0, 0, 0, 0, 0, 0, 0, 0, -1]",22,3
FG1509,"[1, 4, 5, 4, 3, 3, 2, 0, 0, 0, 0, 0, 0, 0, 0, 0, 0, 0, 0, 0, 0, 0, 0, 0]",22,3
FG1519,"[1, 0, 5, 3, 3, 3, 2, 0, 0, 0, 0, 0, 0, 0, 0, 0, 0, 0, 0, 0, 0, 0, 0, 0]",17,2
FG1529,"[1, 4, 5, 4, 3, 3, 3, 0, 0, 0, 0, 0, 0, 0, 0, 0, 0, 0, 0, 0, 0, 0, 0, 0]",23,3
FG1539,"[3, 3, 4, 2, 4, 4, 3, 4, 0, 0, 0, 0, 0, 0, 0, 0, 0, 0, 0, 0, 0, 0, 0, -1]",26,3
FG1549,"[1, 3, 3, 1, 4, 5, 3, 4, 4, 0, 0, 0, 0, 0, 0, 0, 0, 0, 0, 0, 0, 0, 0, -1]",27,4
FG1559,"[4, 3, 3, 3, 4, 4, 1, 4, 4, 0, 0, 0, 0, 0, 0, 0, 0, 0, 0, 0, 0, 0, 0, -3]",27,4
FG1579,"[4, 3, 2, 1, 5, 4, 1, 4, 0, 0, 0, 0, 0, 0, 0, 0, 0, 0, 0, 0, 0, 0, -2, -1]",21,2
FG1589,"[4, 2, 3, 2, 5, 5, 3, 0, 0, 0, 0, 0, 0, 0, 0, 0, 0, 0, 0, 0, 0, 0, 0, -1]",23,3
FG1599,"[4, 2, 3, 2, 5, 4, 3, 4, 0, 0, 0, 0, 0, 0, 2, 0, 0, 0, 0, 0, 0, 0, 0, -1]",28,4
FG2509,"[2, 4, 5, 2, 4, 3, 3, 0, 0, 0, 0, 0, 0, 0, 0, 0, 0, 0, 0, 0, 0, 0, 0, 0]",23,3
FG2519,"[1, 5, 5, 3, 4, 3, 2, 0, 0, 0, 0, 0, 0, 0, 0, 0, 0, 0, 0, 0, 0, 0, 0, 0]",23,3
FG2529,"[3, 4, 4, 3, 5, 4, 2, 0, 0, 0, 0, 0, 0, 0, 0, 0, 0, 0, 0, 0, 0, 0, 0, 0]",25,3
FG2539,"[1, 1, 3, 2, 5, 5, 2, 0, 0, 0, 0, 0, 0, 0, 0, 0, 0, 0, 0, 0, 0, 0, 0, -1]",18,2
FG2549,"[2, 1, 2, 2, 5, 5, 3, 0, 0, 0, 0, 0, 0, 0, 0, 0, 0, 0, 0, 0, 0, 0, 0, -1]",19,2
FG2559,"[1, 3, 3, 2, 5, 5, 2, 0, 0, 0, 0, 0, 0, 0, 0, 0, 0, 0, 0, 0, 0, 0, 0, 0]",21,2
FG2569,"[2, 4, 5, 2, 3, 3, 3, 0, 0, 0, 0, 0, 0, 0, 0, 0, 0, 0, 0, 0, 0, 0, 0, 0]",22,3
FG2579,"[3, 3, 4, 3, 4, 4, 3, 4, 0, 0, 0, 0, 0, 0, 0, 0, 0, 0, 0, 0, 0, 0, 0, -2]",26,3
FG2589,"[3, 2, 3, 3, 5, 5, 3, 0, 4, 0, 0, 0, 0, 0, 2, 0, 0, 0, 0, 0, 0, 0, 0, -1]",29,4
FG2599,"[3, 3, 3, 3, 4, 4, 2, 0, 5, 0, 0, 0, 0, 0, 3, 0, 0, 0, 0, 0, 0, 0, 0, -1]",29,4
FG3509,"[4, 4, 4, 3, 3, 3, 2, 0, 5, 0, 0, 0, 0, 0, 0, 0, 0, 0, 0, 0, 0, 0, 0, -2]",26,3
FG3519,"[1, 5, 5, 4, 3, 3, 2, 0, 5, 0, 0, 0, 0, 0, 0, 0, 0, 0, 0, 0, 0, 0, 0, 0]",28,4
FG3529,"[2, 4, 5, 3, 4, 4, 2, 0, 0, 0, 0, 0, 0, 0, 0, 0, 0, 0, 0, 0, 0, 0, 0, 0]",24,3
FG3539,"[2, 2, 3, 4, 5, 5, 2, 0, 0, 0, 0, 0, 0, 0, 5, 3, 0, 0, 0, 0, 0, 0, -2, -3]",26,3
FG3549,"[3, 3, 4, 3, 4, 4, 3, 0, 0, 0, 0, 0, 0, 0, 0, 2, 0, 0, 0, 0, 0, 0, -3, -2]",21,2
FG3559,"[1, 5, 5, 4, 3, 3, 3, 0, 0, 0, 0, 0, 0, 0, 0, 0, 0, 0, 0, 0, 0, 0, 0, 0]",24,3
FG3569,"[1, 0, 5, 4, 3, 3, 2, 0, 0, 0, 0, 0, 0, 0, 0, 0, 0, 0, 0, 0, 0, 0, 0, 0]",18,2
FG3579,"[1, 4, 5, 3, 3, 3, 3, 4, 0, 0, 0, 0, 0, 0, 0, 0, 0, 0, 0, 0, 0, 0, 0, 0]",26,3
FG3589,"[2, 5, 5, 3, 3, 3, 2, 0, 0, 0, 0, 0, 0, 0, 0, 0, 0, 0, 0, 0, 0, 0, 0, 0]",23,3
FG3599,"[2, 3, 3, 5, 5, 5, 1, 0, 4, 5, 0, 0, 0, 0, 0, 0, 0, 0, 0, 0, 0, 0, 0, -2]",31,4
FG4509,"[3, 3, 3, 3, 4, 4, 3, 0, 4, 5, 0, 0, 0, 0, 0, 2, 0, 0, 0, 0, 0, 0, 0, -2]",32,4
FG4519,"[1, 5, 5, 4, 3, 3, 1, 0, 4, 5, 0, 0, 0, 0, 0, 3, 0, 0, 0, 0, 0, 0, 0, 0]",34,5
FG0508,"[3, 4, 4, 3, 4, 4, 3, 4, 0, 0, 0, 0, 0, 0, 5, 0, 0, 0, 0, 0, 0, 0, 0, -2]",32,4
FG0518,"[3, 4, 4, 3, 4, 4, 2, 0, 0, 0, 0, 0, 0, 0, 0, 0, 0, 0, 0, 0, 0, 0, 0, 0]",24,3
FG0528,"[3, 2, 3, 3, 5, 4, 2, 0, 0, 0, 0, 0, 0, 0, 0, 0, 0, 0, 0, 0, 0, 0, -1, -1]",20,2
FG0538,"[3, 3, 3, 2, 4, 4, 3, 4, 4, 0, 0, 0, 0, 0, 0, 0, 0, 0, 0, 0, 0, 0, -1, -1]",28,4
FG0548,"[2, 4, 5, 2, 4, 3, 4, 0, 4, 0, 0, 0, 0, 0, 0, 0, 0, 0, 0, 0, 0, 0, 0, -4]",24,3
FG0558,"[1, 5, 5, 4, 3, 3, 2, 0, 0, 0, 0, 0, 0, 0, 0, 0, 0, 0, 0, 0, 0, 0, 0, 0]",23,3
FG0568,"[2, 4, 5, 3, 4, 4, 2, 0, 0, 0, 0, 0, 0, 0, 0, 0, 0, 0, 0, 0, 0, 0, 0, -5]",19,2
FG0578,"[3, 3, 3, 3, 5, 4, 2, 0, 0, 0, 0, 0, 0, 0, 0, 0, 0, 0, 0, 0, 0, 0, 0, -1]",22,3
FG0588,"[3, 3, 3, 2, 5, 5, 3, 0, 0, 0, 0, 0, 0, 0, 3, 0, 0, 0, 0, 0, 0, 0, 0, -2]",25,3
FG0598,"[3, 2, 2, 2, 5, 4, 3, 4, 1, 0, 0, 0, 0, 0, 5, 0, 0, 0, 0, 0, 0, 0, 0, -1]",30,4
FG1508,"[3, 3, 4, 2, 4, 4, 4, 0, 0, 0, 0, 0, 0, 0, 3, 0, 0, 0, 0, 0, 0, 0, 0, -2]",25,3
FG1518,"[1, 4, 5, 3, 3, 3, 1, 0, 0, 0, 0, 0, 0, 0, 0, 0, 0, 0, 0, 0, 0, 0, 0, 0]",20,2
FG1528,"[3, 4, 4, 4, 4, 4, 2, 0, 0, 0, 0, 0, 0, 0, 0, 0, 0, 0, 0, 0, 0, 0, 0, 0]",25,3
FG1538,"[3, 2, 3, 2, 5, 5, 2, 0, 0, 0, 0, 0, 0, 0, 5, 0, 0, 0, 0, 0, 0, 0, 0, -1]",26,3
FG1548,"[3, 3, 3, 2, 5, 5, 2, 4, 0, 0, 0, 0, 0, 0, 0, 0, 0, 0, 0, 0, 0, 0, 0, -2]",25,3
FG1558,"[4, 2, 2, 1, 4, 4, 3, 0, 4, 0, 0, 0, 0, 0, 5, 0, 0, 0, 0, 0, 0, 0, -1, -1]",27,4
FG1568,"[5, 2, 1, 2, 4, 2, 3, 4, 4, 0, 0, 0, 0, 0, 0, 0, 0, 0, 0, 0, 0, 0, -4, -1]",22,3
FG1578,"[4, 2, 3, 2, 4, 4, 2, 0, 0, 0, 0, 0, 0, 0, 0, 0, 0, 0, 0, 0, 0, 0, -1, -1]",19,2
FG1588,"[3, 3, 3, 1, 5, 5, 2, 0, 0, 0, 0, 0, 0, 0, 0, 0, 0, 0, 0, 0, 0, 0, 0, -1]",21,2
FG1598,"[3, 4, 4, 2, 5, 4, 3, 0, 0, 0, 0, 0, 0, 0, 0, 0, 0, 0, 0, 0, 0, 0, 0, 0]",25,3
FG2508,"[1, 5, 5, 3, 3, 3, 3, 0, 0, 0, 0, 0, 0, 0, 0, 0, 0, 0, 0, 0, 0, 0, 0, 0]",23,3
FG2518,"[3, 4, 4, 3, 4, 4, 2, 0, 0, 0, 0, 0, 0, 0, 0, 0, 0, 0, 0, 0, 0, 0, 0, -1]",23,3
FG2528,"[2, 2, 3, 2, 5, 5, 3, 4, 0, 0, 0, 0, 0, 0, 5, 0, 0, 0, 0, 0, 0, 0, 0, -1]",30,4
FG2538,"[2, 1, 2, 1, 5, 4, 3, 4, 0, 0, 0, 0, 0, 0, 5, 0, 0, 0, 0, 0, 0, 0, 0, -1]",26,3
FG2548,"[2, 2, 3, 3, 5, 5, 2, 0, 0, 0, 0, 0, 0, 0, 0, 0, 0, 0, 0, 0, 0, 0, 0, -1]",21,2
FG2558,"[3, 4, 4, 3, 5, 4, 2, 0, 0, 0, 0, 0, 0, 0, 0, 0, 0, 0, 0, 0, 0, 0, 0, 0]",25,3
FG2568,"[2, 4, 5, 2, 4, 3, 2, 0, 0, 0, 0, 0, 0, 0, 0, 0, 0, 0, 0, 0, 0, 0, 0, 0]",22,3
FG2578,"[3, 4, 4, 3, 4, 4, 4, 0, 0, 0, 0, 0, 0, 0, 0, 0, 0, 0, 0, 0, 0, 0, 0, 0]",26,3
FG2588,"[1, 4, 5, 3, 3, 3, 2, 0, 0, 0, 0, 0, 0, 0, 0, 0, 0, 0, 0, 0, 0, 0, 0, 0]",21,2
FG2598,"[1, 5, 5, 4, 3, 3, 2, 0, 5, 0, 0, 0, 0, 0, 0, 0, 0, 0, 0, 0, 0, 0, 0, 0]",28,4
FG3508,"[3, 4, 4, 3, 4, 4, 3, 0, 5, 0, 0, 0, 0, 0, 0, 0, 0, 0, 0, 0, 0, 0, 0, -4]",26,3
FG3518,"[3, 4, 3, 2, 4, 4, 3, 4, 5, 0, 0, 0, 0, 0, 3, 0, 0, 0, 0, 0, 0, 0, 0, -3]",32,4
FG3528,"[3, 5, 4, 4, 4, 4, 2, 0, 4, 0, 0, 0, 0, 0, 0, 0, 0, 0, 0, 0, 0, 0, 0, 0]",30,4
FG3538,"[2, 3, 3, 3, 5, 5, 3, 0, 4, 0, 0, 0, 0, 0, 0, 3, 0, 0, 0, 0, 0, 0, -1, -2]",28,4
FG3548,"[4, 3, 3, 3, 4, 4, 3, 4, 4, 0, 0, 0, 0, 0, 0, 3, 0, 0, 0, 0, -5, 0, -3, -1]",26,3
FG3558,"[3, 4, 4, 4, 4, 4, 3, 0, 4, 0, 0, 0, 0, 0, 3, 3, 0, 0, 0, 0, -5, 0, -2, -3]",26,3
FG3568,"[2, 5, 5, 4, 3, 3, 3, 0, 4, 0, 3, 0, 0, 0, 0, 0, 0, 0, 0, 0, 0, 0, 0, 0]",32,4
FG3578,"[1, 5, 5, 3, 3, 3, 3, 0, 0, 0, 0, 0, 0, 0, 0, 0, 0, 0, 0, 0, 0, 0, 0, 0]",23,3
FG3588,"[3, 4, 4, 4, 4, 4, 2, 0, 0, 0, 0, 0, 0, 0, 0, 0, 0, 0, 0, 0, -5, 0, 0, 0]",20,2
FG3598,"[2, 2, 3, 4, 5, 5, 2, 4, 4, 5, 0, 0, 0, 0, 3, 0, 0, 0, 0, 0, -5, 0, 0, -2]",32,4
FG4508,"[2, 3, 5, 4, 3, 3, 2, 0, 4, 5, 0, 0, 0, 0, 0, 0, 0, 0, 0, 0, 0, 0, 0, 0]",31,4
FG4518,"[1, 5, 5, 3, 3, 3, 2, 0, 4, 5, 0, 0, 0, 0, 0, 0, 0, 0, 0, 0, 0, 0, 0, 0]",31,4
FG4548,"[1, 0, 5, 4, 3, 3, 2, 0, 5, 5, 0, 0, 0, 0, 0, 3, 0, 0, 0, 0, 0, 0, 0, 0]",31,4
FG4558,"[1, 0, 5, 4, 3, 3, 2, 0, 4, 5, 0, 0, 0, 0, 0, 0, 0, 0, 0, 0, 0, 0, 0, 0]",27,4
FG4568,"[1, 0, 5, 4, 3, 3, 3, 0, 4, 5, 0, 0, 0, 0, 0, 0, 0, 0, 0, 0, 0, 0, 0, 0]",28,4
FG0507,"[3, 4, 5, 3, 4, 4, 2, 0, 0, 0, 0, 0, 0, 0, 3, 0, 0, 0, 0, 0, 0, 0, 0, -5]",23,3
FG0517,"[3, 3, 3, 3, 4, 4, 2, 0, 0, 0, 0, 0, 0, 0, 0, 0, 0, 0, 0, 0, 0, 0, 0, -1]",21,2
FG0527,"[3, 2, 2, 2, 4, 4, 3, 4, 0, 0, 0, 0, 0, 0, 0, 0, 0, 0, 0, 0, 0, 0, -2, -1]",21,2
FG0537,"[3, 4, 4, 2, 4, 4, 3, 0, 4, 0, 0, 0, 0, 0, 0, 0, 0, 0, 0, 0, 0, 0, 0, 0]",28,4
FG0547,"[3, 3, 4, 4, 4, 4, 2, 0, 4, 0, 0, 0, 0, 0, 0, 0, 0, 0, 0, 0, 0, 0, 0, -3]",25,3
FG0557,"[2, 4, 5, 3, 4, 3, 2, 0, 0, 0, 0, 0, 0, 0, 0, 0, 0, 0, 0, 0, -5, 0, 0, 0]",18,2
FG0567,"[3, 3, 3, 3, 5, 5, 2, 0, 0, 0, 0, 0, 0, 0, 5, 0, 0, 0, 0, 0, 0, 0, 0, -3]",26,3
FG0577,"[3, 4, 4, 2, 4, 4, 4, 4, 0, 0, 0, 0, 0, 0, 5, 0, 0, 0, 0, 0, 0, 0, 0, -4]",30,4
FG0587,"[2, 4, 5, 2, 4, 3, 2, 0, 0, 0, 0, 0, 0, 0, 0, 0, 0, 0, 0, 0, 0, 0, 0, -4]",18,2
FG0597,"[2, 4, 5, 2, 4, 4, 2, 4, 0, 0, 0, 0, 0, 0, 0, 0, 0, 0, 0, 0, 0, 0, 0, 0]",27,4
FG1507,"[3, 3, 4, 3, 4, 4, 3, 4, 0, 0, 0, 0, 0, 0, 3, 0, 0, 0, 0, 0, 0, 0, 0, -2]",29,4
FG1517,"[3, 2, 3, 2, 5, 4, 4, 4, 1, 0, 0, 0, 0, 0, 0, 0, 0, 0, 0, 0, 0, 0, 0, -1]",27,4
FG1527,"[3, 2, 2, 1, 5, 4, 2, 4, 0, 0, 0, 0, 0, 0, 3, 0, 0, 0, 0, 0, 0, 0, 0, -1]",25,3
FG1537,"[3, 2, 3, 2, 4, 5, 2, 0, 0, 0, 0, 0, 0, 0, 3, 0, 0, 0, 0, 0, 0, 0, 0, -1]",23,3
FG1547,"[3, 3, 3, 2, 5, 5, 2, 4, 0, 0, 0, 0, 0, 0, 0, 0, 0, 0, 0, 0, -5, 0, -2, -4]",16,2
FG1567,"[3, 1, 2, 1, 4, 4, 2, 0, 4, 0, 0, 0, 0, 0, 0, 0, 0, 0, 0, 0, 0, 0, -2, -1]",18,2
FG1577,"[3, 3, 3, 1, 4, 4, 3, 4, 4, 0, 0, 0, 0, 0, 0, 0, 0, 0, 0, 0, 0, 0, 0, -1]",28,4
FG1587,"[3, 2, 2, 2, 4, 4, 2, 4, 0, 0, 0, 0, 0, 0, 3, 0, 0, 0, 0, 0, 0, 0, 0, -1]",25,3
FG1597,"[3, 3, 3, 2, 5, 5, 3, 4, 0, 0, 0, 0, 0, 0, 0, 0, 0, 0, 0, 0, 0, 0, 0, -1]",27,4
FG2507,"[3, 4, 4, 3, 5, 4, 2, 0, 0, 0, 0, 0, 0, 0, 0, 0, 0, 0, 0, 0, 0, 0, 0, 0]",25,3
FG2517,"[2, 2, 3, 2, 5, 5, 3, 0, 0, 0, 0, 0, 0, 0, 0, 0, 0, 0, 0, 0, 0, 0, 0, -1]",21,2
FG2527,"[2, 1, 2, 1, 4, 4, 3, 4, 0, 0, 0, 0, 0, 0, 0, 0, 0, 0, 0, 0, 0, 0, 0, -1]",20,2
FG2537,"[1, 2, 3, 2, 5, 5, 2, 0, 0, 0, 0, 0, 0, 0, 0, 0, 0, 0, 0, 0, 0, 0, 0, -2]",18,2
FG2547,"[3, 4, 4, 2, 5, 4, 2, 0, 0, 0, 0, 0, 0, 0, 0, 0, 0, 0, 0, 0, 0, 0, 0, 0]",24,3
FG2557,"[2, 4, 5, 3, 4, 3, 2, 4, 0, 0, 0, 0, 0, 0, 0, 0, 0, 0, 0, 0, 0, 0, 0, 0]",27,4
FG2567,"[2, 4, 5, 2, 4, 3, 2, 4, 0, 0, 0, 0, 0, 0, 0, 0, 0, 0, 0, 0, 0, 0, 0, 0]",26,3
FG2577,"[1, 5, 5, 3, 3, 3, 2, 0, 0, 0, 0, 0, 0, 0, 0, 0, 0, 0, 0, 0, 0, 0, 0, 0]",22,3
FG2587,"[1, 0, 5, 3, 3, 3, 3, 0, 0, 0, 0, 0, 0, 0, 0, 0, 0, 0, 0, 0, 0, 0, 0, 0]",18,2
FG2597,"[1, 5, 5, 4, 3, 3, 2, 0, 0, 0, 0, 0, 0, 0, 0, 0, 0, 0, 0, 0, 0, 0, 0, 0]",23,3
FG3507,"[3, 5, 4, 3, 4, 4, 2, 0, 0, 0, 0, 0, 0, 0, 0, 0, 0, 5, 0, 0, 0, 0, 0, 0]",30,4
FG3517,"[2, 3, 3, 3, 5, 5, 2, 4, 4, 0, 0, 0, 0, 0, 3, 0, 0, 0, 0, 0, 0, 0, 0, -5]",29,4
FG3527,"[5, 5, 3, 2, 4, 4, 3, 4, 4, 0, 3, 0, 0, 0, 0, 0, 0, 0, 0, 0, 0, 0, 0, -4]",33,5
FG3537,"[4, 4, 4, 2, 4, 3, 3, 0, 4, 0, 0, 0, 0, 0, 0, 0, 0, 0, 0, 0, 0, -5, -3, -4]",16,2
FG3547,"[3, 4, 4, 3, 4, 4, 2, 0, 0, 0, 0, 0, 0, 0, 0, 0, 0, 0, 0, 0, -5, 0, 0, -4]",15,1
FG3557,"[3, 4, 4, 3, 4, 4, 2, 0, 4, 0, 0, 0, 0, 0, 5, 1, 0, 0, 0, 0, -5, 0, -1, -4]",24,3
FG3567,"[5, 4, 3, 2, 4, 4, 4, 5, 4, 0, 0, 0, 0, 0, 0, 3, 0, 0, 0, 0, -5, 0, -3, -1]",29,4
FG3577,"[3, 4, 4, 4, 3, 3, 3, 0, 4, 0, 0, 0, 0, 0, 0, 0, 0, 0, 0, 0, -5, 0, -1, -5]",17,2
FG3587,"[2, 3, 3, 4, 5, 5, 2, 4, 4, 5, 0, 5, 0, 0, 2, 0, 0, 0, 0, 0, 0, 0, 0, -1]",43,5
FG3597,"[3, 4, 4, 4, 4, 4, 1, 0, 4, 5, 0, 0, 0, 0, 0, 0, 0, 0, 0, 0, 0, 0, 0, -1]",32,4
FG4507,"[1, 0, 5, 4, 3, 3, 1, 0, 4, 5, 0, 0, 0, 0, 0, 0, 0, 0, 0, 0, 0, 0, 0, 0]",26,3
FG4517,"[1, 5, 5, 4, 3, 3, 2, 0, 4, 5, 0, 0, 0, 0, 0, 0, 0, 0, 0, 0, 0, 0, 0, 0]",32,4
FG4537,"[1, 5, 5, 5, 3, 3, 1, 0, 4, 5, 0, 0, 0, 0, 0, 0, 0, 0, 0, 0, 0, 0, 0, 0]",32,4
FG4547,"[1, 5, 5, 5, 3, 3, 2, 0, 4, 5, 0, 0, 0, 0, 0, 2, 0, 0, 0, 0, 0, 0, 0, 0]",35,5
FG4557,"[2, 5, 5, 5, 3, 2, 3, 0, 4, 5, 0, 0, 0, 0, 3, 4, 2, 0, 0, 0, 0, 0, 0, 0]",43,5
FG4567,"[1, 5, 5, 4, 3, 3, 3, 0, 4, 5, 0, 0, 0, 0, 0, 0, 0, 0, 0, 0, 0, 0, 0, 0]",33,5
FG4577,"[2, 3, 5, 3, 3, 3, 2, 0, 4, 5, 0, 0, 0, 0, 0, 3, 3, 0, 0, 0, 0, 0, 0, 0]",36,5
FG4587,"[2, 3, 5, 4, 4, 3, 2, 0, 4, 5, 0, 0, 0, 0, 0, 0, 0, 0, 0, 0, 0, 0, 0, 0]",32,4
FG0506,"[3, 2, 3, 3, 4, 4, 3, 0, 1, 0, 0, 0, 0, 0, 5, 0, 0, 0, 0, 0, 0, 0, 0, -1]",27,4
FG0516,"[3, 3, 4, 2, 4, 4, 3, 4, 0, 0, 0, 0, 0, 0, 0, 0, 0, 0, 0, 0, 0, 0, -1, -2]",24,3
FG0526,"[3, 3, 4, 3, 4, 4, 3, 0, 0, 0, 0, 0, 0, 0, 0, 0, 0, 0, 0, 0, 0, 0, -2, -1]",21,2
FG0536,"[2, 4, 5, 3, 4, 4, 2, 0, 0, 0, 0, 0, 0, 0, 0, 0, 0, 0, 0, 0, 0, 0, 0, -4]",20,2
FG0546,"[3, 3, 3, 3, 5, 4, 2, 0, 0, 0, 0, 0, 0, 0, 0, 0, 0, 0, 0, 0, 0, 0, 0, -2]",21,2
FG0556,"[3, 4, 4, 3, 5, 4, 3, 0, 0, 0, 0, 0, 0, 0, 0, 0, 0, 0, 0, 0, 0, 0, 0, -2]",24,3
FG0566,"[3, 2, 3, 2, 5, 4, 3, 4, 0, 0, 0, 0, 0, 0, 3, 0, 0, 0, 0, 0, 0, 0, 0, -1]",28,4
FG1506,"[1, 4, 5, 4, 3, 3, 2, 4, 0, 0, 0, 0, 0, 0, 0, 0, 0, 0, 0, 0, 0, 0, 0, 0]",26,3
FG1516,"[1, 2, 3, 2, 5, 5, 2, 0, 0, 0, 0, 0, 0, 0, 0, 0, 0, 0, 0, 0, 0, 0, 0, -1]",19,2
FG1526,"[1, 2, 2, 1, 4, 5, 1, 4, 0, 0, 0, 0, 0, 0, 5, 0, 0, 0, 0, 0, -5, 0, -2, -2]",16,2
FG1536,"[2, 1, 2, 1, 3, 5, 2, 4, 0, 0, 0, 0, 0, 0, 5, 0, 0, 0, 0, 0, -5, 0, -2, -1]",17,2
FG1576,"[3, 4, 4, 2, 4, 4, 2, 0, 4, 0, 0, 0, 0, 0, 0, 0, 0, 0, 0, 0, 0, 0, 0, -2]",25,3
FG1586,"[3, 4, 3, 2, 4, 4, 2, 4, 4, 0, 0, 0, 0, 0, 0, 0, 0, 0, 0, 0, -5, 0, 0, -2]",23,3
FG1596,"[3, 2, 3, 2, 4, 4, 2, 4, 4, 0, 0, 0, 0, 0, 0, 0, 0, 0, 0, 0, -5, 0, 0, -1]",22,3
FG2506,"[3, 3, 3, 2, 5, 4, 2, 4, 4, 0, 0, 0, 0, 0, 5, 0, 0, 0, 0, 0, 0, 0, 0, -1]",34,5
FG2516,"[3, 2, 2, 1, 3, 4, 3, 4, 0, 0, 0, 0, 0, 0, 3, 0, 0, 0, 0, 0, 0, 0, 0, -1]",24,3
FG2526,"[2, 3, 3, 2, 3, 5, 2, 0, 0, 0, 0, 0, 0, 0, 0, 0, 0, 0, 0, 0, 0, 0, 0, -1]",19,2
FG2536,"[2, 4, 3, 2, 4, 5, 3, 0, 0, 0, 0, 0, 0, 0, 0, 0, 0, 0, 0, 0, 0, 0, 0, 0]",23,3
FG2546,"[3, 4, 4, 2, 4, 4, 3, 0, 0, 0, 0, 0, 0, 0, 0, 0, 0, 0, 0, 0, 0, 0, 0, -4]",20,2
FG2556,"[2, 4, 5, 2, 4, 3, 3, 0, 0, 0, 0, 0, 0, 0, 0, 0, 0, 0, 0, 0, 0, 0, 0, 0]",23,3
FG2566,"[1, 5, 5, 3, 3, 3, 3, 0, 0, 0, 0, 0, 0, 0, 0, 0, 0, 0, 0, 0, 0, 0, 0, 0]",23,3
FG2576,"[1, 0, 5, 3, 3, 3, 1, 0, 0, 0, 0, 0, 0, 0, 0, 0, 0, 0, 0, 0, 0, 0, 0, 0]",16,2
FG2586,"[1, 0, 5, 4, 3, 3, 3, 0, 0, 0, 0, 0, 0, 0, 0, 0, 0, 0, 0, 0, 0, 0, 0, 0]",19,2
FG2596,"[1, 5, 5, 4, 3, 3, 1, 0, 0, 0, 0, 0, 0, 0, 0, 0, 0, 0, 0, 0, 0, 0, 0, 0]",22,3
FG3506,"[2, 5, 5, 4, 4, 3, 2, 0, 0, 0, 0, 0, 0, 0, 0, 0, 0, 0, 0, 0, 0, 0, 0, 0]",25,3
FG3516,"[3, 4, 4, 2, 4, 4, 3, 0, 0, 0, 0, 0, 0, 0, 0, 0, 0, 0, 0, 0, 0, 0, 0, 0]",24,3
FG3526,"[2, 4, 3, 2, 4, 5, 2, 4, 0, 0, 0, 0, 0, 0, 0, 0, 0, 0, 0, 0, 0, 0, -3, -4]",19,2
FG3536,"[2, 5, 5, 4, 4, 4, 2, 4, 0, 0, 0, 0, 0, 0, 0, 0, 0, 0, 0, 0, 0, 0, -1, 0]",29,4
FG3546,"[2, 5, 5, 3, 4, 3, 2, 0, 0, 0, 0, 0, 0, 0, 0, 0, 0, 0, 0, 0, 0, 0, 0, 0]",24,3
FG3556,"[3, 4, 4, 4, 4, 4, 2, 0, 0, 0, 0, 0, 0, 0, 0, 1, 0, 0, 0, 0, 0, 0, 0, -2]",24,3
FG3566,"[3, 4, 4, 4, 4, 4, 2, 4, 0, 0, 0, 0, 0, 0, 0, 3, 0, 0, 0, 0, -5, 0, 0, -1]",26,3
FG3576,"[4, 3, 3, 2, 4, 4, 3, 4, 4, 0, 0, 0, 0, 0, 0, 0, 0, 0, 0, 0, -5, 0, -2, -2]",22,3
FG3586,"[5, 3, 3, 2, 4, 3, 3, 0, 4, 5, 0, 0, 0, 0, 2, 0, 0, 0, 0, 0, 0, 0, -2, -1]",31,4
FG3596,"[3, 4, 5, 3, 3, 2, 2, 4, 4, 5, 0, 0, 0, 0, 5, 0, 0, 0, 0, 0, 0, 0, -1, -1]",38,5
FG4506,"[1, 5, 5, 4, 3, 2, 2, 0, 4, 5, 0, 0, 0, 0, 3, 0, 0, 0, 0, 0, 0, 0, 0, 0]",34,5
FG4516,"[1, 5, 5, 4, 3, 3, 2, 0, 4, 5, 0, 0, 0, 0, 0, 0, 0, 0, 0, 0, 0, 0, 0, 0]",32,4
FG4526,"[1, 5, 5, 4, 3, 2, 2, 0, 4, 5, 0, 0, 0, 0, 0, 0, 0, 0, 0, 0, 0, 0, 0, 0]",31,4
FG4536,"[1, 5, 5, 5, 3, 3, 2, 0, 5, 5, 0, 0, 0, 0, 3, 4, 2, 0, 0, 0, 0, 0, 0, 0]",43,5
FG4546,"[2, 5, 5, 4, 3, 2, 4, 0, 5, 5, 5, 0, 0, 0, 3, 5, 3, 0, 0, 0, 0, 0, 0, -4]",47,5
FG4556,"[2, 5, 5, 4, 3, 3, 3, 0, 5, 5, 0, 0, 0, 0, 3, 3, 2, 0, 0, 0, 0, 0, 0, -4]",39,5
FG4566,"[2, 5, 5, 4, 3, 3, 2, 0, 4, 5, 0, 0, 0, 0, 3, 4, 3, 0, 0, 0, 0, 0, 0, 0]",43,5
FG4576,"[2, 5, 5, 4, 3, 3, 3, 0, 4, 5, 0, 0, 0, 0, 2, 4, 3, 0, 0, 0, 0, 0, 0, -3]",40,5
FG4586,"[3, 5, 5, 3, 4, 4, 3, 0, 4, 5, 0, 0, 0, 0, 3, 4, 3, 0, 0, 0, 0, 0, 0, -4]",42,5
FG0505,"[3, 4, 4, 2, 4, 4, 2, 4, 0, 0, 0, 0, 0, 0, 0, 0, 0, 0, 0, 0, 0, 0, 0, -4]",23,3
FG0515,"[4, 2, 3, 2, 4, 4, 3, 4, 0, 0, 0, 0, 0, 0, 3, 0, 0, 0, 0, 0, 0, 0, -2, -1]",26,3
FG0525,"[3, 3, 3, 3, 5, 4, 1, 0, 0, 0, 0, 0, 0, 0, 0, 0, 0, 0, 0, 0, 0, 0, -1, -1]",20,2
FG0535,"[3, 3, 3, 3, 4, 4, 2, 4, 0, 0, 0, 0, 0, 0, 0, 0, 0, 0, 0, 0, 0, 0, -2, -1]",23,3
FG0545,"[3, 3, 4, 2, 5, 4, 3, 0, 0, 0, 0, 0, 0, 0, 0, 0, 0, 0, 0, 0, 0, 0, -1, -1]",22,3
FG0555,"[3, 3, 3, 2, 5, 4, 2, 0, 0, 0, 0, 0, 0, 0, 0, 0, 0, 0, 0, 0, 0, 0, 0, -2]",20,2
FG1595,"[2, 2, 2, 2, 5, 5, 1, 0, 0, 0, 0, 0, 0, 0, 0, 0, 0, 0, 0, 0, -5, 0, 0, -1]",13,1
FG2505,"[3, 3, 3, 1, 5, 4, 1, 0, 4, 0, 0, 0, 0, 0, 5, 0, 0, 0, 0, 0, 0, 0, 0, -1]",28,4
FG2515,"[2, 4, 3, 1, 3, 5, 1, 4, 4, 0, 0, 0, 0, 0, 0, 0, 0, 0, 0, 0, 0, -5, 0, -2]",20,2
FG2525,"[2, 2, 2, 2, 5, 5, 2, 4, 0, 0, 0, 0, 0, 0, 2, 0, 0, 0, 0, 0, 0, 0, 0, -1]",25,3
FG2535,"[2, 3, 3, 3, 5, 5, 2, 4, 0, 0, 0, 0, 0, 0, 0, 0, 0, 0, 0, 0, 0, 0, 0, -3]",24,3
FG2545,"[3, 4, 4, 2, 4, 4, 3, 0, 0, 0, 0, 0, 0, 0, 0, 0, 0, 0, 0, 0, 0, 0, 0, 0]",24,3
FG2555,"[2, 4, 5, 2, 4, 3, 2, 0, 0, 0, 0, 0, 0, 0, 0, 0, 0, 0, 0, 0, 0, 0, 0, 0]",22,3
FG2565,"[1, 5, 5, 3, 3, 3, 2, 0, 0, 0, 0, 0, 0, 0, 0, 0, 0, 0, 0, 0, 0, 0, 0, 0]",22,3
FG2575,"[2, 5, 5, 4, 3, 3, 2, 0, 0, 0, 0, 0, 0, 0, 0, 0, 0, 0, 0, 0, 0, 0, 0, 0]",24,3
FG2585,"[3, 5, 4, 4, 4, 4, 2, 0, 0, 0, 0, 0, 0, 0, 0, 0, 0, 0, 0, 0, 0, 0, 0, 0]",26,3
FG2595,"[3, 5, 4, 3, 5, 4, 2, 0, 0, 0, 0, 0, 0, 0, 3, 0, 0, 0, 0, 0, 0, 0, 0, 0]",29,4
FG3505,"[3, 4, 3, 3, 5, 5, 3, 0, 0, 0, 0, 0, 0, 0, 0, 0, 0, 0, 0, 0, 0, 0, 0, 0]",26,3
FG3515,"[3, 3, 3, 2, 5, 5, 3, 4, 0, 0, 0, 0, 0, 0, 5, 0, 0, 0, 0, 0, 0, 0, -2, -4]",27,4
FG3525,"[2, 4, 3, 3, 5, 5, 2, 0, 0, 0, 0, 0, 0, 0, 0, 0, 0, 0, 0, 0, 0, 0, -1, 0]",23,3
FG3535,"[1, 5, 5, 3, 3, 3, 2, 0, 0, 0, 0, 0, 0, 0, 0, 0, 0, 0, 0, 0, 0, 0, 0, 0]",22,3
FG3545,"[1, 5, 5, 3, 3, 3, 4, 0, 0, 0, 0, 0, 0, 0, 0, 0, 0, 0, 0, 0, 0, 0, 0, 0]",24,3
FG3555,"[2, 5, 5, 4, 3, 3, 2, 0, 0, 0, 0, 0, 0, 0, 0, 3, 0, 0, 0, 0, 0, 0, 0, 0]",27,4
FG3565,"[3, 3, 4, 3, 4, 4, 3, 4, 4, 0, 0, 0, 0, 0, 5, 0, 0, 0, 0, 0, 0, 0, 0, -2]",35,5
FG3575,"[3, 4, 4, 5, 4, 4, 2, 0, 4, 0, 0, 0, 0, 0, 0, 0, 0, 0, 0, 0, -5, 0, 0, -1]",24,3
FG3585,"[2, 4, 5, 5, 3, 3, 1, 4, 4, 0, 0, 0, 0, 0, 0, 0, 0, 0, 0, 0, 0, 0, -1, -1]",29,4
FG3595,"[3, 3, 5, 3, 3, 3, 2, 0, 4, 0, 0, 0, 0, 0, 0, 2, 2, 0, 0, 0, 0, 0, -3, -2]",25,3
FG4505,"[2, 4, 5, 5, 3, 3, 1, 0, 4, 0, 0, 0, 0, 0, 3, 1, 1, 0, 0, 0, 0, 0, -1, -1]",30,4
FG4515,"[2, 5, 5, 4, 3, 3, 1, 0, 4, 5, 0, 0, 0, 0, 3, 0, 0, 0, 0, 0, 0, 0, 0, 0]",35,5
FG4525,"[2, 5, 5, 4, 3, 3, 2, 4, 4, 5, 0, 0, 0, 0, 3, 5, 3, 0, 0, 0, 0, 0, 0, -5]",43,5
FG4535,"[1, 5, 5, 4, 3, 3, 3, 0, 5, 5, 0, 0, 0, 0, 3, 4, 3, 0, 0, 0, 0, 0, 0, -4]",40,5
FG4545,"[1, 5, 5, 5, 3, 3, 2, 0, 5, 5, 0, 0, 0, 0, 0, 0, 0, 0, 0, 0, 0, 0, 0, 0]",34,5
FG4555,"[1, 0, 5, 4, 3, 3, 2, 0, 5, 0, 0, 0, 0, 0, 0, 0, 0, 0, 0, 0, 0, 0, 0, 0]",23,3
FG4565,"[1, 5, 5, 4, 3, 3, 1, 0, 4, 0, 0, 0, 0, 0, 0, 0, 0, 0, 0, 0, 0, 0, 0, 0]",26,3
FG4575,"[1, 5, 5, 4, 3, 3, 3, 0, 4, 0, 0, 0, 0, 0, 0, 0, 0, 0, 0, 0, 0, 0, 0, 0]",28,4
FG4585,"[2, 5, 5, 3, 4, 3, 2, 0, 0, 0, 0, 0, 0, 0, 0, 0, 0, 0, 0, 0, 0, 0, 0, 0]",24,3
FG4595,"[3, 4, 4, 2, 4, 4, 2, 0, 0, 0, 0, 0, 0, 0, 0, 0, 0, 0, 0, 0, 0, 0, 0, 0]",23,3
FG4591,"[1, 5, 5, 3, 3, 3, 2, 0, 4, 0, 0, 0, 0, 0, 0, 2, 0, 0, 0, 0, 0, 0, 0, 0]",28,4
FG4592,"[1, 5, 5, 4, 3, 3, 2, 0, 4, 0, 0, 0, 0, 0, 0, 0, 0, 0, 0, 0, 0, 0, 0, 0]",27,4
FG4593,"[3, 4, 4, 4, 4, 4, 2, 0, 4, 0, 0, 0, 0, 0, 0, 0, 0, 0, 0, 0, 0, 0, 0, -5]",24,3
FG4594,"[1, 4, 3, 2, 5, 5, 2, 0, 0, 0, 0, 0, 0, 0, 0, 3, 3, 0, 0, 0, 0, 0, -2, 0]",26,3
FG0504,"[1, 4, 5, 3, 3, 2, 3, 0, 0, 0, 0, 0, 0, 0, 0, 0, 0, 0, 0, 0, 0, 0, 0, 0]",21,2
FG0514,"[3, 4, 4, 3, 4, 4, 2, 4, 0, 0, 0, 0, 0, 0, 0, 0, 0, 0, 0, 0, 0, 0, 0, -2]",26,3
FG0524,"[4, 2, 3, 3, 4, 4, 3, 4, 1, 0, 0, 0, 0, 0, 5, 0, 0, 0, 0, 0, 0, 0, -2, -1]",30,4
FG0534,"[3, 3, 3, 2, 5, 5, 2, 4, 0, 0, 0, 0, 0, 0, 0, 0, 0, 0, 0, 0, 0, 0, -1, -2]",24,3
FG0544,"[3, 2, 2, 2, 5, 4, 3, 4, 0, 0, 0, 0, 0, 0, 5, 0, 0, 0, 0, 0, 0, 0, -2, -1]",27,4
FG0554,"[3, 3, 3, 2, 4, 4, 3, 4, 0, 0, 0, 0, 0, 0, 0, 0, 0, 0, 0, 0, 0, 0, 0, -1]",25,3
FG1594,"[1, 2, 3, 1, 3, 5, 2, 0, 0, 0, 0, 0, 0, 0, 0, 0, 0, 0, 0, 0, 0, 0, 0, 0]",17,2
FG2504,"[2, 2, 3, 2, 5, 5, 1, 4, 0, 0, 0, 0, 0, 0, 3, 0, 0, 0, 0, 0, 0, 0, 0, -1]",26,3
FG2514,"[3, 2, 2, 2, 5, 4, 2, 4, 4, 0, 0, 0, 0, 0, 3, 0, 0, 0, 0, 0, 0, 0, 0, -1]",30,4
FG2524,"[2, 3, 3, 2, 5, 5, 2, 0, 0, 0, 0, 0, 0, 0, 3, 0, 0, 0, 0, 0, 0, 0, 0, -1]",24,3
FG2534,"[2, 3, 3, 2, 5, 5, 2, 0, 0, 0, 0, 0, 0, 0, 2, 0, 0, 0, 0, 0, 0, 0, 0, -2]",22,3
FG2544,"[3, 4, 4, 3, 4, 4, 2, 0, 0, 0, 0, 0, 0, 0, 0, 0, 0, 0, 0, 0, 0, 0, 0, 0]",24,3
FG2554,"[2, 4, 5, 4, 3, 3, 2, 0, 0, 0, 0, 0, 0, 0, 0, 0, 0, 0, 0, 0, 0, -5, 0, 0]",18,2
FG2564,"[2, 4, 5, 3, 4, 4, 2, 0, 0, 0, 0, 0, 0, 0, 0, 0, 0, 0, 0, 0, 0, -5, 0, 0]",19,2
FG2574,"[3, 4, 4, 4, 4, 4, 3, 0, 0, 0, 0, 0, 0, 0, 0, 0, 0, 0, 0, 0, 0, 0, 0, 0]",26,3
FG2584,"[3, 4, 4, 4, 4, 4, 2, 0, 0, 0, 0, 0, 0, 0, 0, 0, 0, 0, 0, 0, 0, 0, 0, 0]",25,3
FG2594,"[3, 4, 4, 2, 4, 4, 3, 4, 0, 0, 0, 0, 0, 0, 3, 0, 0, 0, 0, 0, 0, 0, 0, 0]",31,4
FG3504,"[3, 4, 4, 2, 4, 4, 2, 0, 0, 0, 0, 0, 0, 0, 0, 0, 0, 0, 0, 0, 0, 0, 0, 0]",23,3
FG3514,"[2, 3, 3, 2, 5, 5, 3, 4, 0, 0, 0, 0, 0, 0, 0, 0, 0, 0, 0, 0, 0, 0, -2, -4]",21,2
FG3524,"[2, 4, 3, 2, 5, 5, 2, 0, 0, 0, 0, 0, 0, 0, 0, 0, 0, 0, 0, 0, 0, 0, 0, 0]",23,3
FG3534,"[3, 4, 5, 3, 4, 3, 4, 0, 4, 0, 0, 0, 0, 0, 0, 0, 0, 0, 0, 0, 0, 0, 0, 0]",30,4
FG3544,"[2, 5, 5, 4, 3, 3, 3, 0, 4, 0, 0, 0, 0, 0, 0, 2, 0, 0, 0, 0, 0, 0, 0, 0]",31,4
FG3554,"[3, 5, 4, 4, 4, 4, 2, 0, 0, 0, 0, 0, 0, 0, 0, 2, 0, 0, 0, 0, 0, 0, 0, 0]",28,4
FG3564,"[3, 4, 4, 3, 4, 4, 3, 0, 4, 0, 0, 0, 0, 0, 0, 0, 0, 0, 0, 0, 0, 0, 0, -3]",26,3
FG3574,"[1, 0, 5, 4, 3, 3, 1, 0, 4, 0, 0, 0, 0, 0, 0, 0, 0, 0, 0, 0, 0, 0, 0, 0]",21,2
FG3584,"[1, 5, 5, 5, 3, 3, 2, 0, 4, 0, 0, 0, 0, 0, 0, 0, 0, 0, 0, 0, 0, 0, 0, 0]",28,4
FG3594,"[1, 4, 5, 4, 3, 3, 2, 0, 4, 0, 0, 0, 0, 0, 0, 0, 0, 0, 0, 0, 0, 0, 0, 0]",26,3
FG4504,"[3, 5, 4, 3, 3, 3, 3, 0, 4, 0, 3, 0, 0, 0, 0, 3, 3, 0, 0, 0, 0, 0, -2, -4]",31,4
FG4514,"[3, 3, 4, 3, 4, 4, 2, 0, 4, 0, 0, 0, 0, 0, 0, 2, 2, 0, 0, 0, 0, 0, -2, -1]",28,4
FG4524,"[2, 4, 5, 3, 3, 3, 3, 0, 0, 0, 0, 0, 0, 0, 0, 4, 2, 0, 0, 0, 0, 0, 0, -5]",24,3
FG4534,"[1, 5, 5, 4, 3, 3, 3, 0, 5, 0, 0, 0, 0, 0, 0, 3, 3, 0, 0, 0, 0, 0, 0, 0]",35,5
FG4544,"[1, 0, 5, 4, 3, 3, 3, 0, 5, 0, 0, 0, 0, 0, 0, 0, 0, 0, 0, 0, 0, 0, 0, 0]",24,3
FG4554,"[1, 0, 5, 4, 3, 3, 2, 0, 5, 0, 0, 0, 0, 0, 0, 0, 0, 0, 0, 0, 0, 0, 0, 0]",23,3
FG4564,"[1, 5, 5, 4, 3, 2, 3, 0, 0, 0, 0, 0, 0, 0, 0, 0, 0, 0, 0, 0, 0, 0, 0, 0]",23,3
FG4574,"[3, 5, 4, 3, 4, 4, 4, 0, 0, 0, 0, 0, 0, 0, 0, 0, 0, 0, 0, 0, 0, 0, 0, 0]",27,4
FG4584,"[1, 5, 3, 3, 5, 5, 2, 0, 0, 0, 0, 0, 0, 0, 0, 2, 2, 0, 0, 0, 0, 0, -1, 0]",27,4
FG0503,"[2, 5, 5, 3, 3, 3, 2, 0, 0, 0, 0, 0, 0, 0, 0, 0, 0, 0, 0, 0, 0, 0, 0, 0]",23,3
FG0513,"[3, 4, 4, 3, 4, 4, 3, 0, 0, 0, 0, 0, 0, 0, 0, 0, 0, 0, 0, 0, 0, 0, 0, -2]",23,3
FG0523,"[3, 4, 4, 2, 4, 4, 3, 4, 1, 0, 0, 0, 0, 0, 0, 0, 0, 0, 0, 0, 0, 0, 0, -1]",28,4
FG0533,"[3, 4, 4, 3, 4, 4, 3, 4, 0, 0, 0, 0, 0, 0, 0, 0, 0, 0, 0, 0, 0, 0, 0, -4]",25,3
FG0543,"[3, 2, 2, 2, 5, 4, 3, 4, 0, 0, 0, 0, 0, 0, 3, 0, 0, 0, 0, 0, 0, 0, -2, -1]",25,3
FG0553,"[3, 3, 5, 3, 4, 3, 4, 4, 0, 0, 0, 0, 0, 0, 0, 0, 0, 0, 0, 0, 0, 0, -1, -2]",26,3
FG0563,"[3, 4, 5, 3, 4, 4, 2, 4, 0, 0, 0, 0, 0, 0, 0, 0, 0, 0, 0, 0, 0, 0, 0, 0]",29,4
FG2503,"[2, 3, 3, 2, 5, 5, 2, 0, 0, 0, 0, 0, 0, 0, 2, 0, 0, 0, 0, 0, 0, 0, 0, -2]",22,3
FG2513,"[3, 3, 4, 2, 5, 4, 2, 0, 0, 0, 0, 0, 0, 0, 0, 0, 0, 0, 0, 0, 0, 0, 0, 0]",23,3
FG2523,"[3, 4, 4, 2, 4, 4, 2, 0, 0, 0, 0, 0, 0, 0, 0, 0, 0, 0, 0, 0, 0, 0, 0, -2]",21,2
FG2533,"[4, 3, 3, 2, 4, 4, 3, 0, 0, 0, 0, 0, 0, 0, 2, 0, 0, 0, 0, 0, 0, 0, 0, -1]",24,3
FG2543,"[3, 4, 3, 3, 4, 4, 3, 0, 0, 0, 0, 0, 0, 0, 0, 0, 0, 0, 0, 0, 0, 0, 0, -2]",22,3
FG2553,"[3, 4, 5, 4, 4, 4, 1, 4, 0, 0, 0, 0, 0, 0, 0, 0, 0, 0, 0, 0, 0, -5, 0, 0]",24,3
FG2563,"[2, 4, 4, 3, 5, 5, 2, 0, 0, 0, 0, 0, 0, 0, 0, 0, 0, 0, 0, 0, 0, -5, 0, 0]",20,2
FG2573,"[2, 3, 3, 2, 5, 5, 3, 0, 0, 0, 0, 0, 0, 0, 0, 0, 0, 0, 0, 0, 0, 0, 0, -2]",21,2
FG2583,"[2, 4, 5, 2, 4, 3, 3, 0, 0, 0, 0, 0, 0, 0, 3, 0, 0, 0, 0, 0, 0, 0, 0, 0]",26,3
FG2593,"[3, 4, 4, 2, 4, 4, 3, 0, 0, 0, 0, 0, 0, 0, 0, 0, 0, 0, 0, 0, 0, 0, 0, 0]",24,3
FG3503,"[2, 3, 3, 2, 5, 5, 3, 0, 0, 0, 0, 0, 0, 0, 0, 0, 0, 0, 0, 0, 0, 0, 0, 0]",23,3
FG3513,"[2, 4, 3, 2, 5, 5, 3, 0, 0, 0, 0, 0, 0, 0, 0, 0, 0, 0, 0, 0, 0, 0, -2, 0]",22,3
FG3523,"[3, 4, 4, 2, 4, 4, 3, 4, 4, 0, 0, 0, 0, 0, 0, 0, 0, 0, 0, 0, 0, 0, 0, 0]",32,4
FG3533,"[1, 5, 5, 3, 3, 3, 3, 0, 4, 0, 0, 0, 0, 0, 0, 0, 0, 0, 0, 0, 0, 0, 0, 0]",27,4
FG3543,"[3, 5, 4, 3, 4, 4, 3, 0, 4, 0, 0, 0, 0, 0, 0, 3, 0, 0, 0, 0, 0, 0, 0, 0]",33,5
FG3553,"[2, 4, 3, 4, 5, 5, 3, 0, 4, 0, 0, 0, 0, 0, 0, 0, 0, 0, 0, 0, 0, 0, 0, -5]",25,3
FG3563,"[2, 4, 5, 4, 3, 3, 4, 4, 4, 0, 0, 0, 0, 0, 0, 0, 0, 0, 0, 0, 0, 0, 0, 0]",33,5
FG3573,"[1, 5, 5, 4, 3, 3, 3, 0, 4, 0, 0, 0, 0, 0, 0, 0, 0, 0, 0, 0, 0, 0, 0, 0]",28,4
FG3583,"[2, 5, 5, 3, 3, 3, 3, 0, 4, 0, 0, 0, 0, 0, 0, 0, 0, 0, 0, 0, 0, 0, 0, 0]",28,4
FG3593,"[1, 0, 5, 3, 3, 3, 2, 0, 4, 0, 0, 0, 0, 0, 0, 0, 0, 0, 0, 0, 0, 0, 0, 0]",21,2
FG4503,"[1, 4, 5, 3, 3, 3, 3, 0, 4, 0, 0, 0, 0, 0, 0, 4, 0, 0, 0, 0, 0, 0, 0, 0]",30,4
FG4513,"[3, 3, 4, 3, 4, 4, 4, 4, 4, 0, 0, 0, 0, 0, 5, 5, 2, 0, 0, 0, 0, 0, -2, -2]",41,5
FG4523,"[4, 3, 2, 3, 4, 4, 3, 4, 4, 0, 0, 0, 0, 0, 0, 5, 4, 0, 0, 0, 0, 0, -3, -1]",36,5
FG4533,"[2, 3, 5, 4, 3, 3, 1, 0, 0, 0, 0, 0, 0, 0, 0, 0, 0, 0, 0, 0, 0, 0, 0, -2]",19,2
FG4543,"[1, 4, 5, 5, 3, 3, 2, 0, 4, 0, 0, 0, 0, 0, 0, 1, 1, 0, 0, 0, 0, 0, -1, 0]",28,4
FG4553,"[3, 5, 4, 4, 3, 3, 4, 0, 4, 0, 0, 0, 0, 0, 0, 1, 1, 0, 0, 0, 0, 0, -1, 0]",31,4
FG4563,"[3, 5, 3, 3, 5, 5, 3, 0, 0, 0, 0, 0, 0, 0, 0, 0, 0, 0, 0, 0, 0, 0, 0, 0]",27,4
FG4573,"[2, 4, 3, 2, 5, 5, 2, 4, 0, 0, 0, 0, 0, 0, 3, 2, 2, 0, 0, 0, 0, 0, -1, -1]",32,4
FG4583,"[2, 4, 3, 1, 5, 5, 3, 4, 4, 0, 0, 0, 0, 0, 0, 3, 3, 0, 0, 0, 0, 0, -2, -5]",30,4
FG0502,"[1, 4, 5, 3, 3, 3, 1, 0, 0, 0, 0, 0, 0, 0, 0, 0, 0, 0, 0, 0, 0, 0, 0, 0]",20,2
FG0512,"[1, 0, 5, 2, 3, 2, 4, 0, 1, 0, 0, 0, 0, 0, 0, 0, 0, 0, 0, 0, 0, 0, 0, 0]",18,2
FG0522,"[1, 5, 5, 2, 3, 3, 3, 0, 0, 0, 0, 0, 0, 0, 0, 0, 0, 0, 0, 0, 0, 0, 0, 0]",22,3
FG0532,"[2, 4, 5, 3, 3, 3, 3, 0, 0, 0, 0, 0, 0, 0, 0, 0, 0, 0, 0, 0, 0, 0, 0, -2]",21,2
FG0542,"[3, 3, 5, 2, 4, 3, 3, 4, 0, 0, 0, 0, 0, 0, 0, 0, 0, 0, 0, 0, 0, 0, 0, -1]",26,3
FG0552,"[4, 2, 4, 2, 4, 3, 3, 0, 1, 0, 0, 0, 0, 0, 0, 0, 0, 0, 0, 0, 0, 0, -2, -1]",20,2
FG0562,"[3, 1, 1, 2, 4, 3, 3, 4, 0, 0, 0, 0, 0, 0, 5, 0, 0, 0, 0, 0, 0, 0, -3, 0]",23,3
FG1592,"[1, 2, 3, 1, 5, 5, 2, 0, 0, 0, 0, 0, 0, 0, 0, 0, 0, 0, 0, 0, 0, 0, 0, -2]",17,2
FG2502,"[2, 1, 2, 2, 5, 5, 2, 4, 0, 0, 0, 0, 0, 0, 2, 0, 0, 0, 0, 0, 0, 0, 0, -1]",24,3
FG2522,"[1, 5, 5, 3, 3, 3, 3, 0, 0, 0, 0, 0, 0, 0, 0, 0, 0, 0, 0, 0, 0, 0, 0, 0]",23,3
FG2532,"[2, 4, 5, 4, 4, 4, 1, 0, 0, 0, 0, 0, 0, 0, 0, 0, 0, 0, 0, 0, 0, 0, 0, 0]",24,3
FG2542,"[3, 4, 4, 4, 4, 4, 3, 0, 0, 0, 0, 0, 0, 0, 0, 0, 0, 0, 0, 0, 0, 0, 0, -2]",24,3
FG2552,"[3, 3, 3, 3, 5, 4, 2, 4, 0, 0, 0, 0, 0, 0, 0, 0, 0, 0, 0, 0, -5, 0, 0, -1]",21,2
FG2562,"[3, 2, 2, 2, 5, 4, 3, 4, 0, 0, 0, 0, 0, 0, 0, 0, 0, 0, 0, 0, 0, 0, 0, -1]",24,3
FG2572,"[2, 3, 3, 2, 5, 5, 3, 4, 0, 0, 0, 0, 0, 0, 0, 0, 0, 0, 0, 0, 0, 0, 0, -1]",26,3
FG2582,"[1, 2, 3, 2, 5, 5, 3, 0, 0, 0, 0, 0, 0, 0, 0, 0, 0, 0, 0, 0, 0, 0, 0, 0]",21,2
FG2592,"[2, 3, 3, 2, 5, 5, 2, 0, 0, 0, 0, 0, 0, 0, 0, 0, 0, 0, 0, -5, -5, 0, 0, 0]",12,1
FG3502,"[1, 2, 3, 1, 5, 5, 3, 5, 0, 0, 0, 0, 0, 0, 0, 0, 0, 0, 0, 0, -5, 0, -2, 0]",18,2
FG3512,"[3, 3, 3, 3, 5, 4, 3, 4, 0, 0, 0, 0, 0, 0, 2, 0, 0, 0, 0, 0, 0, 0, -2, -1]",27,4
FG3522,"[3, 4, 4, 3, 4, 3, 3, 4, 4, 0, 0, 0, 0, 0, 0, 0, 0, 0, 0, 0, 0, 0, 0, -4]",28,4
FG3532,"[2, 4, 5, 4, 4, 4, 2, 0, 4, 0, 0, 0, 0, 0, 0, 0, 0, 0, 0, 0, 0, 0, 0, 0]",29,4
FG3542,"[1, 5, 5, 3, 3, 3, 2, 0, 4, 0, 0, 0, 0, 0, 0, 3, 0, 0, 0, 0, 0, 0, 0, 0]",29,4
FG3552,"[1, 5, 5, 4, 3, 3, 3, 0, 5, 0, 0, 0, 0, 0, 0, 2, 0, 0, 0, 0, 0, 0, 0, 0]",31,4
FG3562,"[1, 5, 5, 4, 3, 3, 2, 0, 5, 0, 0, 0, 0, 0, 0, 0, 0, 0, 0, 0, 0, 0, 0, 0]",28,4
FG3572,"[2, 5, 5, 3, 3, 3, 3, 0, 4, 0, 0, 0, 0, 0, 0, 0, 0, 0, 0, 0, 0, 0, 0, 0]",28,4
FG3582,"[3, 5, 4, 3, 4, 4, 3, 0, 4, 0, 0, 0, 0, 0, 0, 0, 0, 0, 0, 0, 0, 0, 0, 0]",30,4
FG3592,"[1, 5, 5, 3, 3, 3, 3, 0, 4, 0, 0, 0, 0, 0, 0, 2, 0, 0, 0, 0, 0, 0, 0, 0]",29,4
FG4502,"[1, 4, 5, 2, 3, 3, 2, 0, 4, 0, 0, 0, 0, 0, 0, 4, 0, 0, 0, 0, 0, 0, 0, 0]",28,4
FG4512,"[3, 4, 4, 3, 4, 4, 2, 0, 4, 0, 0, 0, 0, 0, 0, 0, 0, 5, 0, 0, 0, 0, 0, 0]",33,5
FG4522,"[4, 3, 3, 3, 4, 4, 3, 4, 4, 0, 0, 0, 0, 0, 5, 4, 3, 0, 0, 0, 0, 0, -2, -1]",41,5
FG4532,"[3, 4, 5, 3, 3, 3, 2, 0, 4, 0, 0, 0, 0, 0, 0, 3, 3, 0, 0, 0, 0, 0, -2, -1]",30,4
FG4542,"[2, 5, 5, 3, 3, 3, 3, 4, 4, 0, 3, 0, 0, 0, 0, 3, 3, 0, 0, 0, 0, 0, -2, 0]",39,5
FG4552,"[2, 4, 3, 2, 5, 5, 2, 0, 4, 0, 3, 0, 0, 0, 0, 3, 3, 0, 0, 0, 0, 0, -2, 0]",34,5
FG4562,"[2, 4, 3, 2, 5, 5, 3, 4, 0, 0, 0, 0, 0, 0, 0, 3, 3, 0, 0, 0, 0, 0, -3, -2]",29,4
FG4572,"[2, 5, 3, 2, 4, 5, 4, 0, 0, 0, 0, 0, 0, 0, 0, 2, 2, 0, 0, 0, 0, 0, -1, 0]",28,4
FG4582,"[3, 5, 4, 3, 4, 4, 1, 4, 4, 0, 0, 0, 0, 0, 0, 0, 0, 0, 0, 0, 0, 0, 0, 0]",32,4
FG0501,"[2, 4, 5, 3, 4, 3, 2, 0, 0, 0, 0, 0, 0, 0, 0, 0, 0, 0, 0, 0, 0, 0, 0, 0]",23,3
FG0511,"[1, 5, 5, 3, 3, 3, 3, 0, 0, 0, 0, 0, 0, 0, 0, 0, 0, 0, 0, 0, 0, 0, 0, 0]",23,3
FG0521,"[1, 5, 5, 3, 3, 3, 4, 0, 0, 0, 0, 0, 0, 0, 0, 0, 0, 0, 0, 0, 0, 0, 0, 0]",24,3
FG0531,"[3, 3, 5, 2, 4, 3, 2, 4, 0, 0, 0, 0, 0, 0, 0, 0, 0, 0, 0, 0, 0, 0, 0, -2]",24,3
FG0541,"[3, 2, 4, 2, 4, 4, 2, 0, 0, 0, 4, 0, 0, 0, 0, 0, 0, 0, 0, 0, 0, 0, 0, -1]",24,3
FG0551,"[3, 2, 2, 1, 5, 4, 2, 0, 0, 0, 0, 0, 0, 0, 5, 0, 0, 0, 0, 0, 0, 0, -2, -1]",21,2
FG0561,"[3, 3, 3, 1, 5, 5, 1, 4, 0, 0, 0, 0, 0, 0, 5, 0, 0, 0, 0, 0, 0, 0, -1, -1]",28,4
FG1581,"[2, 3, 3, 2, 4, 5, 2, 0, 0, 0, 0, 0, 0, 0, 0, 0, 0, 0, 0, 0, 0, 0, 0, 0]",21,2
FG1591,"[3, 3, 2, 1, 4, 4, 2, 4, 1, 0, 0, 0, 0, 0, 2, 0, 0, 0, 0, 0, 0, 0, 0, -1]",25,3
FG2501,"[2, 3, 3, 2, 5, 5, 2, 4, 0, 0, 0, 0, 0, 0, 2, 0, 0, 0, 0, 0, 0, 0, 0, -1]",27,4
FG2511,"[2, 4, 3, 3, 5, 5, 3, 0, 0, 0, 0, 0, 0, 0, 0, 0, 0, 0, 0, 0, 0, 0, 0, 0]",25,3
FG2521,"[2, 4, 5, 3, 3, 3, 2, 0, 0, 0, 0, 0, 0, 0, 0, 0, 0, 0, 0, 0, 0, 0, 0, 0]",22,3
FG2531,"[3, 4, 4, 3, 4, 4, 2, 0, 0, 0, 0, 0, 0, 0, 0, 0, 0, 0, 0, 0, 0, -5, 0, 0]",19,2
FG2541,"[3, 4, 4, 4, 4, 4, 2, 0, 0, 0, 0, 0, 0, 0, 0, 0, 0, 0, 0, 0, 0, 0, 0, -4]",21,2
FG2551,"[1, 3, 3, 1, 5, 5, 2, 4, 0, 0, 0, 0, 0, 0, 0, 0, 0, 0, 0, 0, -5, 0, -1, -2]",16,2
FG2561,"[3, 1, 2, 2, 5, 4, 2, 4, 0, 0, 0, 0, 0, 0, 5, 0, 0, 0, 0, 0, 0, 0, -3, 0]",25,3
FG2571,"[3, 2, 2, 2, 5, 4, 2, 4, 3, 0, 0, 0, 0, 0, 5, 2, 0, 0, 0, 0, 0, 0, -2, -1]",31,4
FG2581,"[2, 2, 3, 2, 5, 5, 2, 0, 0, 0, 0, 0, 0, 0, 0, 0, 0, 0, 0, 0, 0, 0, -2, -1]",18,2
FG2591,"[1, 2, 3, 2, 5, 5, 3, 4, 0, 0, 0, 0, 0, 0, 3, 0, 0, 0, 0, 0, 0, 0, -2, -1]",25,3
FG3501,"[2, 3, 3, 2, 5, 5, 4, 5, 4, 0, 0, 0, 0, 0, 0, 0, 0, 0, 0, 0, 0, 0, -1, 0]",32,4
FG3511,"[3, 4, 4, 3, 4, 4, 2, 0, 4, 0, 0, 0, 0, 0, 0, 0, 0, 0, 0, 0, 0, 0, 0, 0]",28,4
FG3521,"[3, 4, 4, 5, 4, 4, 2, 0, 4, 0, 0, 0, 0, 0, 0, 3, 0, 0, 0, 0, 0, 0, 0, 0]",33,5
FG3531,"[3, 4, 4, 3, 4, 4, 3, 0, 4, 0, 0, 0, 0, 0, 3, 3, 0, 0, 0, 0, 0, 0, 0, -2]",33,5
FG3541,"[3, 5, 4, 3, 4, 4, 2, 0, 5, 0, 0, 0, 0, 0, 0, 1, 0, 0, 0, 0, 0, 0, 0, 0]",31,4
FG3551,"[1, 0, 5, 3, 3, 3, 2, 0, 5, 0, 0, 0, 0, 0, 0, 3, 0, 0, 0, 0, 0, 0, 0, 0]",25,3
FG3561,"[1, 5, 5, 3, 3, 3, 2, 0, 5, 0, 0, 0, 0, 0, 0, 4, 0, 0, 0, 0, 0, 0, 0, 0]",31,4
FG3571,"[2, 5, 5, 2, 4, 3, 4, 0, 4, 0, 0, 0, 0, 0, 0, 1, 0, 0, 0, 0, 0, 0, 0, 0]",30,4
FG3581,"[2, 5, 3, 3, 5, 5, 2, 0, 4, 0, 0, 0, 0, 0, 0, 4, 0, 0, 0, 0, 0, 0, 0, 0]",33,5
FG3591,"[3, 5, 4, 3, 4, 4, 2, 0, 4, 0, 0, 0, 0, 0, 0, 4, 0, 0, 0, 0, 0, 0, 0, 0]",33,5
FG4501,"[1, 5, 5, 2, 3, 3, 1, 0, 4, 0, 0, 0, 0, 0, 0, 0, 0, 0, 0, 0, 0, 0, 0, 0]",24,3
FG4511,"[2, 4, 5, 3, 4, 3, 2, 0, 4, 0, 0, 0, 0, 0, 0, 1, 1, 0, 0, 0, 0, 0, -1, -3]",25,3
FG4521,"[3, 4, 4, 3, 3, 3, 2, 0, 4, 0, 0, 0, 0, 0, 0, 3, 3, 0, 0, 0, 0, 0, -2, -3]",27,4
FG4531,"[2, 4, 5, 3, 3, 3, 3, 0, 4, 0, 0, 0, 0, 0, 0, 3, 0, 0, 0, 0, 0, 0, 0, -4]",26,3
FG4541,"[1, 4, 5, 2, 3, 3, 2, 0, 4, 0, 0, 0, 0, 0, 0, 0, 0, 0, 0, 0, 0, 0, 0, 0]",24,3
FG4551,"[2, 4, 3, 2, 5, 5, 1, 0, 4, 0, 0, 0, 0, 0, 0, 1, 1, 0, 0, 0, 0, 0, -1, -4]",23,3
FG4561,"[2, 3, 3, 2, 5, 5, 2, 0, 4, 0, 0, 0, 0, 0, 5, 2, 3, 0, 0, 0, 0, 0, -2, -2]",32,4
FG4571,"[2, 5, 5, 5, 3, 3, 1, 0, 4, 0, 0, 0, 0, 0, 0, 0, 0, 0, 0, 0, 0, 0, 0, 0]",28,4
FG4581,"[1, 5, 5, 4, 3, 3, 2, 0, 4, 0, 0, 0, 0, 0, 0, 0, 0, 0, 0, 0, 0, 0, 0, 0]",27,4
FG0500,"[3, 3, 4, 3, 4, 4, 3, 0, 1, 0, 0, 0, 0, 0, 3, 0, 0, 0, 0, 0, 0, 0, 0, -1]",27,4
FG0510,"[3, 3, 4, 3, 4, 4, 3, 0, 0, 0, 0, 0, 0, 0, 0, 0, 0, 0, 0, 0, 0, 0, 0, -2]",22,3
FG0520,"[2, 4, 5, 2, 4, 3, 2, 4, 0, 0, 0, 0, 0, 0, 0, 0, 0, 0, 0, 0, 0, 0, 0, -5]",21,2
FG0530,"[3, 3, 4, 2, 4, 4, 1, 4, 0, 0, 0, 0, 0, 0, 0, 0, 0, 0, 0, 0, 0, 0, 0, -1]",24,3
FG0540,"[3, 1, 1, 1, 4, 3, 3, 0, 0, 0, 0, 0, 0, 0, 3, 0, 0, 0, 0, 0, 0, 0, -2, 0]",17,2
FG0550,"[3, 1, 2, 1, 3, 4, 1, 0, 1, 0, 0, 0, 0, 0, 5, 0, 0, 0, 0, 0, 0, 0, -1, -1]",19,2
FG1560,"[3, 2, 2, 1, 3, 4, 2, 0, 0, 0, 0, 0, 0, 0, 0, 0, 0, 0, 0, 0, 0, 0, 0, 0]",17,2
FG1570,"[1, 3, 3, 2, 5, 5, 2, 0, 0, 0, 0, 0, 0, 0, 0, 0, 0, 0, 0, 0, 0, 0, 0, 0]",21,2
FG1580,"[1, 3, 3, 2, 4, 5, 2, 4, 4, 0, 0, 0, 0, 0, 0, 0, 0, 0, 0, 0, 0, 0, 0, 0]",28,4
FG1590,"[2, 2, 3, 2, 5, 5, 2, 0, 4, 0, 0, 0, 0, 0, 0, 0, 0, 0, 0, 0, 0, 0, 0, -2]",23,3
FG2500,"[3, 3, 3, 2, 5, 5, 3, 0, 0, 0, 0, 0, 0, 0, 2, 0, 0, 0, 0, 0, 0, 0, 0, -1]",25,3
FG2510,"[4, 3, 3, 3, 4, 4, 2, 4, 0, 0, 0, 0, 0, 0, 0, 0, 0, 0, 0, 0, 0, 0, 0, -1]",26,3
FG2520,"[2, 4, 3, 3, 5, 5, 2, 0, 0, 0, 0, 0, 0, 0, 0, 0, 0, 0, 0, 0, -5, 0, 0, -1]",18,2
FG2530,"[2, 3, 3, 3, 5, 5, 3, 0, 0, 0, 0, 0, 0, 0, 0, 0, 0, 0, 0, 0, -5, 0, 0, -1]",18,2
FG2540,"[2, 2, 3, 2, 5, 5, 2, 4, 0, 0, 0, 0, 0, 0, 0, 0, 0, 0, 0, 0, 0, 0, -2, -1]",22,3
FG2550,"[1, 3, 3, 1, 5, 5, 3, 0, 0, 0, 0, 0, 0, 0, 0, 0, 0, 0, 0, 0, 0, 0, -2, -5]",14,1
FG2560,"[1, 3, 3, 2, 5, 5, 2, 0, 4, 0, 0, 0, 0, 0, 0, 0, 0, 0, 0, 0, 0, 0, 0, 0]",25,3
FG2570,"[2, 4, 3, 2, 5, 5, 2, 0, 4, 0, 0, 0, 0, 0, 0, 1, 0, 0, 0, 0, 0, 0, 0, 0]",28,4
FG2580,"[1, 3, 3, 2, 5, 5, 1, 0, 0, 0, 0, 0, 0, 0, 0, 3, 0, 0, 0, 0, -5, 0, 0, 0]",18,2
FG2590,"[2, 3, 3, 3, 5, 5, 3, 0, 4, 0, 0, 0, 0, 0, 3, 2, 0, 0, 0, 0, 0, 0, 0, 0]",33,5
FG3500,"[3, 3, 3, 3, 4, 4, 3, 0, 4, 0, 0, 0, 0, 0, 0, 0, 0, 0, 0, 0, 0, 0, 0, -1]",26,3
FG3510,"[1, 5, 5, 5, 3, 3, 3, 0, 4, 0, 0, 0, 0, 0, 0, 1, 0, 0, 0, 0, 0, 0, 0, 0]",30,4
FG3520,"[1, 4, 5, 4, 3, 3, 2, 0, 4, 0, 0, 0, 0, 0, 0, 3, 0, 0, 0, 0, 0, 0, 0, 0]",29,4
FG3530,"[1, 5, 5, 4, 3, 3, 3, 0, 4, 0, 0, 0, 0, 0, 0, 0, 0, 0, 0, 0, 0, 0, 0, 0]",28,4
FG3540,"[1, 5, 5, 3, 3, 3, 1, 0, 5, 0, 0, 0, 0, 0, 0, 4, 0, 0, 0, 0, 0, 0, 0, 0]",30,4
FG3550,"[1, 5, 5, 4, 3, 3, 4, 0, 5, 0, 0, 0, 0, 0, 0, 2, 0, 0, 0, 0, 0, 0, 0, 0]",32,4
FG3560,"[1, 5, 5, 2, 3, 3, 4, 0, 4, 0, 0, 0, 0, 0, 0, 1, 0, 0, 0, 0, 0, 0, 0, 0]",28,4
FG3570,"[3, 4, 4, 2, 4, 4, 2, 0, 4, 0, 0, 0, 0, 0, 0, 4, 0, 0, 0, 0, 0, 0, 0, 0]",31,4
FG3580,"[2, 5, 3, 3, 5, 5, 3, 0, 4, 0, 0, 0, 0, 0, 0, 2, 0, 0, 0, 0, 0, 0, 0, 0]",32,4
FG3590,"[2, 5, 3, 3, 5, 5, 2, 0, 4, 0, 0, 0, 0, 0, 0, 0, 0, 0, 0, 0, 0, 0, 0, 0]",29,4
FG4500,"[3, 4, 4, 3, 4, 4, 3, 0, 4, 0, 0, 0, 0, 0, 0, 2, 2, 0, 0, 0, 0, 0, -2, -4]",27,4
FG4510,"[3, 4, 4, 3, 3, 4, 3, 4, 4, 0, 0, 0, 0, 0, 0, 3, 3, 0, 0, 0, 0, 0, -2, -2]",34,5
FG4520,"[2, 4, 5, 3, 4, 3, 3, 0, 4, 0, 0, 0, 0, 0, 0, 0, 0, 0, 0, 0, 0, 0, 0, 0]",28,4
FG4530,"[3, 3, 3, 2, 4, 4, 2, 0, 4, 0, 0, 0, 0, 0, 0, 3, 0, 0, 0, 0, 0, 0, 0, -2]",26,3
FG4540,"[3, 5, 4, 2, 4, 4, 2, 0, 4, 0, 0, 0, 0, 0, 0, 0, 0, 0, 0, 0, 0, 0, 0, 0]",28,4
FG4550,"[3, 4, 4, 4, 4, 4, 2, 0, 4, 0, 0, 0, 0, 0, 0, 0, 0, 0, 0, 0, 0, 0, 0, 0]",29,4
FG4560,"[2, 3, 5, 4, 3, 3, 2, 0, 4, 0, 0, 0, 0, 0, 0, 3, 3, 0, 0, 0, 0, 0, -2, -2]",28,4
FG4570,"[1, 5, 5, 4, 3, 3, 2, 0, 4, 0, 0, 0, 0, 0, 0, 2, 2, 0, 0, 0, 0, 0, -1, 0]",30,4
FG4580,"[1, 5, 5, 3, 3, 3, 2, 0, 4, 0, 0, 0, 0, 0, 0, 5, 0, 0, 0, 0, 0, 0, 0, 0]",31,4
FG0409,"[4, 2, 2, 2, 4, 4, 2, 4, 0, 0, 0, 0, 0, 0, 5, 0, 0, 0, 0, 0, -5, 0, 0, 0]",24,3
FG0419,"[3, 3, 3, 2, 5, 4, 1, 0, 0, 0, 0, 0, 0, 0, 0, 0, 0, 0, 0, 0, -5, 0, -1, -3]",12,1
FG0429,"[3, 3, 3, 2, 5, 5, 2, 4, 0, 0, 0, 0, 0, 0, 0, 0, 0, 0, 0, 0, 0, 0, -1, -1]",25,3
FG1459,"[3, 1, 2, 1, 3, 4, 1, 0, 0, 0, 0, 0, 0, 0, 0, 0, 0, 0, 0, 0, -5, 0, -2, 0]",8,1
FG1469,"[1, 1, 3, 1, 1, 5, 1, 0, 0, 0, 0, 0, 0, 0, 0, 0, 0, 0, 0, 0, 0, 0, 0, -1]",12,1
FG1479,"[2, 3, 3, 2, 4, 5, 3, 0, 4, 0, 0, 0, 0, 0, 0, 0, 0, 0, 0, 0, 0, 0, 0, -2]",24,3
FG1489,"[2, 4, 5, 2, 4, 3, 3, 0, 4, 0, 0, 0, 0, 0, 0, 0, 0, 0, 0, 0, 0, 0, 0, 0]",27,4
FG1499,"[1, 4, 5, 2, 3, 2, 4, 0, 4, 0, 0, 0, 0, 0, 0, 0, 0, 0, 0, 0, 0, 0, 0, 0]",25,3
FG2409,"[3, 4, 4, 2, 4, 4, 2, 4, 4, 0, 0, 0, 0, 0, 0, 0, 0, 0, 0, 0, 0, 0, 0, -3]",28,4
FG2419,"[2, 4, 3, 3, 5, 5, 1, 0, 0, 0, 0, 0, 0, 0, 0, 0, 0, 0, 0, 0, 0, 0, 0, 0]",23,3
FG2429,"[3, 3, 2, 2, 5, 4, 3, 4, 0, 0, 0, 0, 0, 0, 3, 0, 0, 0, 0, 0, 0, 0, -2, -1]",26,3
FG2439,"[3, 1, 2, 2, 5, 4, 3, 0, 0, 0, 0, 0, 0, 0, 5, 0, 0, 0, 0, 0, 0, 0, -2, -1]",22,3
FG2449,"[2, 1, 2, 1, 4, 5, 2, 4, 0, 0, 0, 0, 0, 0, 2, 0, 0, 0, 0, 0, 0, 0, -1, -1]",21,2
FG2459,"[2, 3, 3, 2, 5, 5, 2, 4, 0, 0, 0, 0, 0, 0, 0, 0, 0, 0, 0, 0, 0, 0, 0, -2]",24,3
FG2469,"[2, 4, 5, 2, 3, 3, 2, 0, 4, 0, 0, 0, 0, 0, 0, 0, 0, 0, 0, 0, 0, 0, 0, 0]",25,3
FG2479,"[2, 3, 3, 3, 5, 5, 1, 4, 4, 0, 0, 0, 0, 0, 0, 0, 0, 0, 0, 0, 0, 0, 0, -3]",27,4
FG2489,"[2, 3, 3, 2, 5, 5, 3, 4, 0, 0, 0, 0, 0, 0, 3, 0, 0, 0, 0, 0, 0, 0, 0, -1]",29,4
FG2499,"[3, 4, 4, 3, 4, 4, 3, 0, 4, 0, 0, 0, 0, 0, 0, 2, 0, 0, 0, 0, 0, 0, 0, 0]",31,4
FG3409,"[3, 4, 4, 3, 4, 4, 2, 0, 4, 0, 0, 0, 0, 0, 0, 3, 0, 0, 0, 0, 0, 0, 0, 0]",31,4
FG3419,"[2, 4, 5, 4, 4, 4, 2, 0, 4, 0, 0, 0, 0, 0, 0, 4, 0, 0, 0, 0, 0, 0, 0, 0]",33,5
FG3429,"[1, 5, 5, 4, 3, 2, 3, 0, 4, 0, 0, 0, 0, 0, 0, 0, 0, 0, 0, 0, 0, 0, 0, 0]",27,4
FG3439,"[1, 0, 5, 3, 3, 2, 3, 0, 4, 0, 0, 0, 0, 0, 0, 0, 0, 0, 0, 0, 0, 0, 0, 0]",21,2
FG3449,"[1, 5, 5, 3, 3, 3, 3, 0, 4, 0, 0, 0, 0, 0, 0, 0, 0, 0, 0, 0, 0, 0, 0, 0]",27,4
FG3459,"[1, 5, 5, 3, 3, 3, 3, 0, 4, 0, 0, 0, 0, 0, 0, 0, 0, 0, 0, 0, 0, 0, 0, 0]",27,4
FG3469,"[2, 4, 5, 3, 4, 3, 2, 0, 4, 0, 0, 0, 0, 0, 0, 0, 0, 0, 0, 0, 0, 0, 0, 0]",27,4
FG3479,"[3, 4, 4, 2, 4, 4, 2, 0, 4, 0, 0, 0, 0, 0, 0, 1, 0, 0, 0, 0, 0, 0, 0, 0]",28,4
FG3489,"[2, 4, 5, 2, 3, 3, 3, 0, 4, 0, 0, 0, 0, 0, 0, 0, 0, 0, 0, 0, 0, 0, 0, 0]",26,3
FG3499,"[3, 4, 4, 2, 4, 4, 3, 0, 4, 0, 0, 0, 0, 0, 0, 2, 2, 0, 0, 0, 0, 0, -2, -4]",26,3
FG4409,"[2, 2, 3, 2, 5, 5, 2, 0, 4, 0, 0, 0, 0, 0, 0, 2, 2, 0, 0, 0, 0, 0, -1, -2]",26,3
FG4419,"[1, 4, 3, 2, 5, 5, 2, 0, 4, 0, 0, 0, 0, 0, 0, 0, 0, 0, 0, 0, 0, 0, 0, 0]",26,3
FG4429,"[1, 4, 3, 2, 5, 5, 2, 0, 4, 0, 0, 0, 0, 0, 0, 0, 0, 0, 0, 0, 0, 0, 0, 0]",26,3
FG4439,"[2, 3, 3, 2, 5, 5, 2, 0, 4, 0, 0, 0, 0, 0, 0, 3, 0, 0, 0, 0, 0, 0, 0, -3]",26,3
FG4449,"[2, 4, 5, 4, 3, 3, 2, 0, 4, 0, 0, 0, 0, 0, 0, 1, 0, 0, 0, 0, 0, 0, 0, 0]",28,4
FG4459,"[1, 0, 5, 3, 3, 3, 2, 0, 4, 0, 0, 0, 0, 0, 0, 0, 0, 0, 0, 0, 0, 0, 0, 0]",21,2
FG4469,"[1, 0, 5, 3, 3, 3, 2, 0, 4, 0, 0, 0, 0, 0, 0, 0, 0, 0, 0, 0, 0, 0, 0, 0]",21,2
FG4479,"[1, 5, 5, 3, 3, 3, 3, 0, 4, 0, 3, 0, 0, 0, 0, 4, 3, 0, 0, 0, 0, 0, -2, 0]",35,5
FG0408,"[2, 3, 3, 1, 4, 5, 2, 4, 0, 0, 0, 0, 0, 0, 0, 0, 0, 0, 0, 0, -5, 0, 0, -2]",17,2
FG0418,"[5, 1, 1, 1, 4, 3, 2, 4, 0, 0, 0, 0, 0, 0, 5, 0, 0, 0, 0, 0, -5, 0, -2, -1]",18,2
FG1448,"[1, 1, 2, 1, 1, 5, 1, 0, 0, 0, 0, 0, 0, 0, 0, 0, 0, 0, 0, 0, 0, 0, 0, -1]",11,1
FG1458,"[4, 2, 2, 1, 3, 3, 2, 5, 1, 0, 0, 0, 0, 0, 5, 0, 0, 0, 0, 0, 0, 0, -2, 0]",26,3
FG1468,"[3, 3, 3, 1, 2, 4, 2, 5, 1, 0, 0, 0, 0, 0, 2, 0, 0, 0, 0, 0, -5, 0, 0, -1]",20,2
FG1478,"[3, 5, 4, 2, 4, 4, 2, 0, 4, 0, 0, 0, 0, 0, 0, 0, 0, 0, 0, 0, 0, 0, 0, 0]",28,4
FG1488,"[1, 5, 5, 2, 4, 3, 3, 0, 4, 0, 0, 0, 0, 0, 0, 0, 0, 0, 0, 0, 0, 0, 0, 0]",27,4
FG1498,"[1, 3, 5, 3, 3, 3, 3, 0, 4, 0, 0, 0, 0, 0, 0, 0, 0, 0, 0, 0, 0, 0, 0, 0]",25,3
FG2408,"[3, 3, 3, 2, 5, 4, 3, 4, 4, 0, 0, 0, 0, 0, 0, 0, 0, 0, 0, 0, 0, 0, 0, -1]",30,4
FG2418,"[1, 3, 3, 2, 5, 5, 2, 4, 0, 0, 0, 0, 0, 0, 0, 0, 0, 0, 0, 0, -5, 0, 0, -2]",18,2
FG2428,"[2, 2, 2, 2, 4, 5, 2, 4, 0, 0, 0, 0, 0, 0, 0, 0, 0, 0, 0, 0, 0, 0, -2, -1]",20,2
FG2438,"[2, 3, 3, 2, 5, 5, 2, 4, 1, 0, 0, 0, 0, 0, 5, 0, 0, 0, 0, 0, 0, 0, -1, -2]",29,4
FG2448,"[1, 2, 3, 2, 5, 5, 2, 0, 0, 0, 0, 0, 0, 0, 0, 0, 0, 0, 0, 0, 0, 0, 0, 0]",20,2
FG2458,"[3, 4, 4, 3, 4, 4, 3, 4, 4, 0, 0, 0, 0, 0, 0, 0, 0, 0, 0, 0, 0, 0, 0, -2]",31,4
FG2468,"[3, 4, 4, 3, 4, 4, 2, 0, 4, 0, 0, 0, 0, 0, 0, 0, 0, 0, 0, 0, 0, 0, 0, 0]",28,4
FG2478,"[2, 4, 5, 2, 3, 3, 3, 0, 4, 0, 0, 0, 0, 0, 0, 0, 0, 0, 0, 0, 0, 0, 0, 0]",26,3
FG2488,"[2, 4, 5, 3, 4, 3, 3, 4, 4, 0, 0, 0, 0, 0, 0, 0, 0, 0, 0, 0, 0, 0, 0, -1]",31,4
FG2498,"[3, 3, 4, 3, 4, 4, 2, 4, 4, 0, 0, 0, 0, 0, 0, 0, 0, 0, 0, 0, 0, 0, 0, -1]",30,4
FG3408,"[1, 5, 5, 4, 3, 3, 3, 0, 4, 0, 0, 0, 0, 0, 0, 3, 2, 0, 0, 0, 0, 0, 0, 0]",33,5
FG3418,"[1, 5, 5, 3, 3, 3, 2, 0, 4, 0, 0, 0, 0, 0, 0, 4, 3, 0, 0, 0, 0, 0, 0, 0]",33,5
FG3428,"[1, 0, 5, 3, 3, 2, 2, 0, 4, 0, 0, 0, 0, 0, 0, 3, 2, 0, 0, 0, 0, 0, 0, 0]",25,3
FG3438,"[1, 0, 5, 4, 3, 3, 2, 0, 4, 0, 0, 0, 0, 0, 0, 0, 0, 0, 0, 0, 0, 0, 0, 0]",22,3
FG3448,"[1, 5, 5, 3, 3, 2, 2, 0, 4, 0, 0, 0, 0, 0, 0, 0, 0, 0, 0, 0, 0, 0, 0, 0]",25,3
FG3458,"[2, 4, 5, 2, 3, 3, 4, 0, 4, 0, 0, 0, 0, 0, 0, 0, 0, 0, 0, 0, 0, 0, 0, 0]",27,4
FG3468,"[2, 4, 3, 3, 5, 5, 2, 4, 4, 0, 0, 0, 0, 0, 0, 0, 0, 0, 0, 0, 0, 0, 0, 0]",32,4
FG3478,"[2, 4, 3, 3, 5, 5, 3, 0, 4, 0, 0, 0, 0, 0, 0, 0, 0, 0, 0, 0, 0, 0, 0, -2]",27,4
FG3488,"[3, 3, 4, 2, 4, 4, 2, 4, 4, 0, 0, 0, 0, 0, 0, 2, 2, 0, 0, 0, 0, 0, -1, -4]",29,4
FG3498,"[3, 3, 3, 2, 5, 4, 2, 0, 4, 0, 0, 0, 0, 0, 0, 3, 3, 0, 0, 0, 0, 0, -2, -2]",28,4
FG4408,"[3, 3, 4, 2, 4, 4, 2, 0, 4, 0, 0, 0, 0, 0, 0, 0, 0, 0, 0, 0, 0, 0, 0, -5]",21,2
FG4418,"[2, 4, 5, 3, 3, 3, 2, 0, 4, 0, 0, 0, 0, 0, 0, 0, 0, 0, 0, 0, 0, 0, 0, 0]",26,3
FG4428,"[1, 4, 5, 3, 3, 3, 2, 0, 4, 0, 0, 0, 0, 0, 0, 0, 0, 0, 0, 0, 0, 0, 0, 0]",25,3
FG4438,"[2, 4, 5, 5, 3, 3, 1, 0, 4, 0, 0, 0, 0, 0, 0, 0, 0, 0, 0, 0, 0, 0, 0, 0]",27,4
FG4448,"[1, 5, 5, 3, 3, 3, 3, 0, 4, 0, 0, 0, 0, 0, 0, 3, 0, 0, 0, 0, 0, 0, 0, 0]",30,4
FG4458,"[1, 5, 5, 4, 3, 3, 2, 0, 4, 0, 0, 0, 0, 0, 0, 2, 0, 0, 0, 0, 0, 0, 0, 0]",29,4
FG0417,"[4, 2, 2, 1, 4, 4, 2, 0, 0, 0, 0, 0, 0, 0, 2, 0, 0, 0, 0, 0, 0, 0, -2, -1]",18,2
FG0427,"[4, 2, 2, 2, 5, 3, 1, 4, 1, 0, 0, 0, 0, 0, 5, 0, 0, 0, 0, 0, 0, 0, 0, 0]",29,4
FG0437,"[4, 2, 3, 2, 5, 3, 1, 4, 0, 0, 0, 0, 0, 0, 0, 0, 0, 0, 0, 0, -5, 0, 0, 0]",19,2
FG0447,"[3, 4, 5, 2, 4, 3, 3, 4, 0, 0, 0, 0, 0, 0, 0, 0, 0, 0, 0, 0, 0, 0, 0, -2]",26,3
FG0457,"[3, 3, 5, 2, 4, 3, 2, 4, 0, 0, 0, 0, 0, 0, 0, 0, 0, 0, 0, 0, 0, 0, -1, -1]",24,3
FG0467,"[3, 2, 3, 1, 4, 4, 1, 4, 0, 0, 3, 0, 0, 0, 3, 0, 0, 0, 0, 0, 0, 0, -2, -1]",25,3
FG0477,"[1, 2, 3, 1, 1, 5, 2, 0, 0, 0, 0, 0, 0, 0, 0, 0, 0, 0, 0, 0, 0, 0, 0, 0]",15,1
FG1447,"[1, 2, 2, 1, 2, 5, 1, 0, 0, 0, 0, 0, 0, 0, 0, 0, 0, 0, 0, 0, 0, 0, 0, -1]",13,1
FG1457,"[3, 1, 1, 1, 2, 4, 1, 0, 0, 0, 0, 0, 0, 0, 2, 0, 0, 0, 0, 0, 0, 0, -2, 0]",13,1
FG1467,"[1, 3, 3, 2, 5, 5, 1, 4, 1, 0, 0, 0, 0, 0, 2, 0, 0, 0, 0, 0, 0, 0, 0, -4]",23,3
FG1477,"[3, 4, 4, 2, 4, 4, 2, 0, 4, 0, 0, 0, 0, 0, 0, 0, 0, 0, 0, 0, 0, 0, 0, 0]",27,4
FG1487,"[1, 5, 5, 3, 4, 3, 4, 0, 4, 0, 0, 0, 0, 0, 0, 0, 0, 0, 0, 0, 0, 0, 0, 0]",29,4
FG1497,"[2, 3, 3, 3, 5, 5, 2, 4, 4, 0, 0, 0, 0, 0, 0, 0, 0, 0, 0, 0, 0, 0, 0, 0]",31,4
FG2407,"[2, 3, 3, 2, 5, 5, 3, 4, 0, 0, 0, 0, 0, 0, 0, 0, 0, 0, 0, 0, 0, 0, 0, -1]",26,3
FG2417,"[1, 3, 3, 1, 5, 5, 2, 0, 0, 0, 0, 0, 0, 0, 0, 0, 0, 0, 0, 0, -5, 0, -1, -4]",10,1
FG2427,"[1, 1, 2, 1, 5, 5, 2, 0, 0, 0, 0, 0, 0, 0, 0, 0, 0, 0, 0, 0, 0, 0, -2, -1]",14,1
FG2437,"[2, 2, 2, 1, 5, 5, 2, 0, 4, 0, 0, 0, 0, 0, 2, 0, 0, 0, 0, 0, 0, 0, -1, -1]",23,3
FG2447,"[2, 3, 3, 2, 5, 5, 2, 4, 4, 0, 0, 0, 0, 0, 5, 0, 0, 0, 0, 0, 0, 0, 0, -1]",34,5
FG2457,"[3, 4, 4, 3, 4, 4, 2, 0, 4, 0, 0, 0, 0, 0, 0, 0, 0, 0, 0, 0, 0, 0, 0, 0]",28,4
FG2467,"[1, 5, 5, 3, 3, 3, 2, 0, 4, 0, 0, 0, 0, 0, 0, 0, 0, 0, 0, 0, 0, 0, 0, 0]",26,3
FG2477,"[1, 0, 5, 2, 3, 3, 3, 0, 4, 0, 0, 0, 0, 0, 0, 0, 0, 0, 0, 0, 0, 0, 0, 0]",21,2
FG2487,"[2, 4, 5, 4, 3, 3, 2, 0, 4, 0, 0, 0, 0, 0, 0, 0, 0, 0, 0, 0, 0, 0, 0, 0]",27,4
FG2497,"[1, 4, 5, 4, 3, 3, 2, 0, 4, 0, 0, 0, 0, 0, 0, 1, 1, 0, 0, 0, 0, 0, 0, 0]",28,4
FG3407,"[1, 0, 5, 4, 3, 3, 2, 0, 4, 0, 0, 0, 0, 0, 0, 4, 3, 0, 0, 0, 0, 0, 0, 0]",29,4
FG3417,"[1, 0, 5, 3, 3, 3, 2, 0, 4, 0, 0, 0, 0, 0, 0, 0, 0, 0, 0, 0, 0, 0, 0, 0]",21,2
FG3427,"[1, 5, 5, 3, 3, 3, 3, 0, 4, 0, 0, 0, 0, 0, 0, 3, 2, 0, 0, 0, 0, 0, 0, 0]",32,4
FG3437,"[1, 5, 5, 3, 3, 3, 2, 0, 4, 0, 0, 0, 0, 0, 0, 3, 2, 0, 0, 0, 0, 0, 0, 0]",31,4
FG3447,"[3, 4, 4, 3, 3, 4, 2, 0, 4, 0, 0, 0, 0, 0, 0, 0, 0, 0, 0, 0, 0, 0, 0, 0]",27,4
FG3457,"[3, 5, 4, 3, 4, 4, 2, 0, 4, 0, 0, 0, 0, 0, 0, 0, 0, 0, 0, 0, 0, 0, 0, 0]",29,4
FG3467,"[1, 3, 3, 2, 5, 5, 2, 0, 4, 0, 0, 0, 0, 0, 0, 2, 2, 0, 0, 0, 0, 0, -1, -4]",24,3
FG3477,"[1, 2, 3, 2, 5, 5, 2, 0, 4, 0, 0, 0, 0, 0, 0, 4, 3, 0, 0, 0, 0, 0, -2, -3]",26,3
FG3487,"[2, 3, 3, 2, 5, 5, 3, 4, 4, 0, 0, 0, 0, 0, 0, 4, 2, 0, 0, 0, 0, 0, -1, -1]",35,5
FG3497,"[2, 4, 5, 3, 3, 3, 2, 0, 4, 0, 0, 0, 0, 0, 0, 0, 0, 0, 0, 0, 0, 0, 0, 0]",26,3
FG4407,"[1, 0, 5, 3, 3, 3, 2, 0, 4, 0, 0, 0, 0, 0, 0, 0, 0, 0, 0, 0, 0, 0, 0, 0]",21,2
FG4417,"[1, 0, 5, 3, 3, 3, 2, 0, 4, 0, 0, 0, 0, 0, 0, 0, 0, 0, 0, 0, 0, 0, 0, 0]",21,2
FG4427,"[1, 0, 5, 4, 3, 3, 3, 0, 4, 0, 0, 0, 0, 0, 0, 0, 0, 0, 0, 0, 0, 0, 0, 0]",23,3
FG4437,"[1, 5, 5, 4, 3, 3, 2, 0, 4, 0, 0, 0, 0, 0, 0, 0, 0, 0, 0, 0, 0, 0, 0, 0]",27,4
FG4447,"[1, 5, 5, 5, 3, 3, 2, 0, 4, 0, 0, 0, 0, 0, 0, 0, 0, 0, 0, 0, 0, 0, 0, 0]",28,4
FG0305,"[3, 3, 4, 2, 5, 4, 3, 0, 0, 0, 0, 0, 0, 0, 0, 0, 0, 0, 0, 0, 0, 0, 0, -2]",22,3
FG0306,"[3, 3, 4, 2, 4, 4, 3, 4, 0, 0, 0, 0, 0, 0, 0, 0, 0, 0, 0, 0, 0, 0, 0, -4]",23,3
FG0315,"[3, 3, 3, 1, 4, 5, 2, 4, 0, 0, 0, 0, 0, 0, 0, 0, 0, 0, 0, 0, 0, 0, 0, -2]",23,3
FG0316,"[4, 3, 3, 2, 5, 5, 3, 4, 0, 0, 0, 0, 0, 0, 3, 0, 0, 0, 0, 0, 0, 0, 0, -2]",30,4
FG1335,"[1, 4, 3, 1, 3, 5, 2, 0, 0, 0, 0, 0, 0, 0, 0, 0, 0, 0, 0, 0, 0, -5, 0, 0]",14,1
FG1345,"[1, 2, 3, 1, 3, 5, 3, 0, 0, 0, 0, 0, 0, 0, 0, 0, 0, 0, 0, 0, 0, -5, 0, -1]",12,1
FG1346,"[1, 1, 3, 1, 1, 5, 3, 0, 4, 0, 0, 0, 0, 0, 0, 0, 0, 0, 0, 0, 0, -5, 0, -2]",12,1
FG1355,"[2, 1, 2, 2, 3, 5, 3, 0, 0, 0, 0, 0, 0, 0, 2, 3, 3, 0, 0, 0, 0, 0, -2, -1]",23,3
FG1356,"[2, 1, 2, 1, 1, 5, 2, 0, 0, 0, 0, 0, 0, 0, 0, 2, 2, 0, 0, 0, 0, 0, -2, -1]",15,1
FG1365,"[2, 4, 3, 3, 5, 5, 2, 4, 0, 0, 0, 0, 0, 0, 0, 0, 0, 0, 0, 0, 0, 0, 0, 0]",28,4
FG1366,"[3, 2, 2, 2, 4, 4, 2, 0, 0, 0, 0, 0, 0, 0, 0, 2, 2, 0, 0, 0, 0, 0, -1, 0]",22,3
FG1375,"[3, 4, 4, 3, 4, 4, 3, 0, 4, 0, 0, 0, 0, 0, 0, 0, 0, 0, 0, 0, 0, 0, 0, 0]",29,4
FG1376,"[3, 3, 3, 2, 5, 4, 2, 0, 0, 0, 0, 0, 0, 0, 0, 1, 1, 0, 0, 0, 0, 0, -1, -1]",22,3
FG1385,"[3, 4, 4, 5, 4, 4, 2, 0, 4, 0, 0, 0, 0, 0, 0, 0, 0, 0, 0, 0, 0, 0, 0, -1]",29,4
FG1386,"[4, 2, 2, 3, 5, 3, 3, 0, 4, 0, 0, 0, 0, 0, 0, 4, 4, 0, 0, 0, 0, 0, -2, 0]",32,4
FG1395,"[1, 3, 5, 5, 3, 3, 1, 0, 4, 0, 0, 0, 0, 0, 0, 3, 0, 0, 0, 0, 0, 0, 0, -1]",27,4
FG1396,"[4, 3, 4, 4, 3, 2, 2, 4, 4, 0, 3, 0, 0, 5, 5, 4, 4, 0, 0, 0, 0, 0, -2, 0]",49,5
FG2305,"[4, 2, 3, 2, 4, 3, 3, 0, 4, 0, 0, 0, 0, 0, 2, 4, 4, 0, 0, 0, 0, 0, -2, 0]",33,5
FG2306,"[3, 3, 5, 3, 3, 3, 2, 0, 4, 0, 3, 0, 0, 0, 3, 4, 2, 0, 0, 0, 0, 0, -1, -3]",34,5
FG2315,"[3, 4, 4, 4, 4, 4, 3, 0, 4, 0, 0, 0, 0, 0, 0, 3, 3, 0, 0, 0, 0, 0, -2, -1]",33,5
FG2316,"[3, 5, 4, 5, 4, 4, 2, 0, 4, 0, 0, 0, 0, 0, 0, 0, 0, 0, 0, 0, 0, 0, 0, 0]",31,4
FG2325,"[1, 4, 5, 4, 3, 3, 2, 0, 4, 0, 0, 0, 0, 0, 0, 2, 2, 0, 0, 0, 0, 0, 0, 0]",30,4
FG2326,"[1, 5, 5, 4, 3, 3, 2, 0, 4, 0, 0, 0, 0, 0, 0, 0, 0, 0, 0, 0, 0, 0, 0, 0]",27,4
FG2335,"[2, 4, 5, 3, 4, 4, 2, 0, 4, 0, 0, 0, 0, 0, 0, 1, 1, 0, 0, 0, 0, 0, 0, 0]",30,4
FG2336,"[1, 5, 5, 3, 3, 3, 2, 0, 4, 0, 0, 0, 0, 0, 0, 3, 3, 0, 0, 0, 0, 0, 0, 0]",32,4
FG2345,"[3, 4, 4, 3, 4, 4, 3, 0, 4, 0, 0, 0, 0, 0, 0, 0, 0, 0, 0, 0, 0, 0, 0, 0]",29,4
FG2346,"[2, 5, 5, 3, 4, 3, 2, 0, 4, 0, 0, 0, 0, 0, 0, 3, 3, 0, 0, 0, 0, 0, 0, 0]",34,5
FG2355,"[1, 4, 5, 3, 3, 3, 3, 0, 4, 0, 0, 0, 0, 0, 0, 0, 0, 0, 0, 0, 0, 0, 0, 0]",26,3
FG2356,"[3, 3, 4, 3, 4, 4, 3, 4, 4, 0, 0, 0, 0, 0, 0, 3, 3, 0, 0, 0, 0, 0, 0, -3]",35,5
FG2365,"[1, 0, 5, 4, 3, 3, 2, 0, 4, 0, 0, 0, 0, 0, 0, 0, 0, 0, 0, 0, 0, 0, 0, 0]",22,3
FG2366,"[1, 4, 5, 4, 3, 3, 3, 0, 4, 0, 0, 0, 0, 0, 0, 0, 0, 0, 0, 0, 0, 0, 0, 0]",27,4
FG2375,"[1, 5, 5, 4, 3, 3, 3, 0, 4, 0, 0, 0, 0, 0, 0, 0, 0, 0, 0, 0, 0, 0, 0, 0]",28,4
FG2376,"[1, 5, 5, 4, 3, 3, 3, 0, 4, 0, 0, 0, 0, 0, 0, 0, 0, 0, 0, 0, 0, 0, 0, 0]",28,4
FG2385,"[1, 5, 5, 4, 3, 3, 2, 0, 4, 0, 0, 0, 0, 0, 0, 0, 0, 0, 0, 0, 0, 0, 0, 0]",27,4
FG2386,"[1, 0, 5, 4, 3, 3, 1, 0, 4, 0, 0, 0, 0, 0, 0, 0, 0, 0, 0, 0, 0, 0, 0, 0]",21,2
FG2395,"[1, 4, 5, 4, 3, 3, 3, 0, 4, 0, 0, 0, 0, 0, 0, 0, 0, 0, 0, 0, 0, 0, 0, 0]",27,4
FG2396,"[1, 5, 5, 3, 3, 3, 2, 0, 4, 0, 0, 0, 0, 0, 0, 0, 0, 0, 0, 0, 0, 0, 0, 0]",26,3
FG3305,"[2, 4, 3, 3, 4, 5, 3, 0, 4, 0, 0, 0, 0, 0, 0, 0, 0, 0, 0, 0, 0, 0, 0, 0]",28,4
FG3306,"[2, 4, 5, 3, 3, 4, 3, 0, 4, 0, 0, 0, 0, 0, 0, 0, 0, 0, 0, 0, 0, 0, 0, 0]",28,4
FG3315,"[2, 4, 3, 2, 5, 5, 2, 0, 4, 0, 0, 0, 0, 0, 0, 0, 0, 0, 0, 0, 0, 0, 0, 0]",27,4
FG3316,"[3, 4, 4, 2, 4, 4, 3, 4, 4, 0, 0, 0, 0, 0, 0, 0, 0, 0, 0, 0, 0, 0, 0, 0]",32,4
FG3325,"[3, 3, 3, 2, 5, 5, 2, 4, 4, 0, 0, 0, 0, 0, 0, 4, 4, 0, 0, 0, 0, 0, -2, -1]",36,5
FG3326,"[4, 4, 3, 3, 4, 4, 2, 4, 4, 0, 0, 0, 0, 0, 5, 4, 4, 0, 0, 0, 0, 0, -2, -1]",42,5
FG3335,"[2, 4, 3, 2, 5, 5, 2, 0, 4, 0, 0, 0, 0, 0, 0, 0, 0, 0, 0, 0, 0, 0, 0, 0]",27,4
FG3336,"[2, 4, 4, 2, 4, 5, 1, 4, 4, 0, 0, 0, 0, 0, 0, 3, 3, 0, 0, 0, 0, 0, 0, -4]",32,4
FG0304,"[3, 3, 3, 2, 5, 5, 2, 4, 0, 0, 0, 0, 0, 0, 0, 0, 0, 0, 0, 0, 0, 0, 0, -2]",25,3
FG0314,"[2, 1, 2, 1, 4, 5, 2, 0, 0, 0, 0, 0, 0, 0, 2, 0, 0, 0, 0, 0, 0, 0, 0, -1]",18,2
FG1334,"[1, 3, 3, 1, 5, 5, 1, 0, 0, 0, 0, 0, 0, 0, 0, 0, 0, 0, 0, 0, 0, -5, 0, 0]",14,1
FG1344,"[1, 1, 2, 1, 5, 5, 2, 0, 0, 0, 0, 0, 0, 0, 0, 2, 2, 0, 0, 0, 0, 0, -2, -1]",18,2
FG1354,"[4, 2, 2, 2, 5, 4, 3, 4, 1, 0, 3, 0, 0, 0, 5, 1, 1, 0, 0, 0, 0, 0, -1, 0]",36,5
FG1364,"[3, 2, 2, 2, 5, 4, 2, 4, 0, 0, 0, 0, 0, 0, 5, 0, 0, 0, 0, 0, 0, 0, 0, 0]",29,4
FG1374,"[3, 3, 3, 3, 4, 5, 2, 0, 4, 0, 0, 0, 0, 0, 5, 0, 0, 0, 0, 0, 0, 0, 0, -1]",31,4
FG1384,"[1, 5, 5, 4, 3, 3, 2, 0, 4, 0, 0, 0, 0, 0, 0, 1, 0, 0, 0, 0, 0, 0, 0, 0]",28,4
FG1394,"[1, 5, 5, 4, 3, 3, 3, 0, 4, 0, 0, 0, 0, 0, 0, 3, 0, 0, 0, 0, 0, 0, 0, 0]",31,4
FG2304,"[3, 5, 4, 4, 4, 4, 3, 0, 4, 0, 0, 0, 0, 0, 0, 0, 0, 0, 0, 0, 0, 0, 0, 0]",31,4
FG2314,"[3, 4, 4, 4, 3, 4, 2, 0, 4, 0, 0, 0, 0, 0, 0, 3, 3, 0, 0, 0, 0, 0, -1, -4]",29,4
FG2324,"[3, 4, 3, 3, 4, 4, 2, 0, 4, 0, 3, 0, 0, 0, 3, 5, 5, 0, 0, 0, 0, 0, -2, -1]",40,5
FG2334,"[3, 2, 2, 3, 5, 4, 1, 4, 0, 0, 0, 0, 0, 0, 5, 4, 4, 0, 0, 0, 0, 0, -2, 0]",35,5
FG2344,"[3, 3, 2, 2, 5, 5, 3, 4, 1, 0, 0, 0, 0, 0, 5, 3, 3, 0, 0, 0, 0, 0, -2, 0]",37,5
FG2354,"[3, 4, 4, 3, 4, 4, 2, 0, 4, 0, 0, 0, 0, 0, 0, 0, 0, 0, 0, 0, 0, 0, 0, 0]",28,4
FG2364,"[1, 5, 5, 3, 3, 3, 2, 0, 4, 0, 0, 0, 0, 0, 0, 0, 0, 0, 0, 0, 0, 0, 0, 0]",26,3
FG2374,"[2, 5, 3, 4, 5, 5, 1, 0, 4, 0, 0, 0, 0, 0, 0, 0, 0, 0, 0, 0, 0, 0, 0, 0]",29,4
FG2384,"[2, 5, 5, 3, 3, 3, 3, 0, 4, 0, 0, 0, 0, 0, 0, 0, 0, 0, 0, 0, 0, 0, 0, 0]",28,4
FG2394,"[2, 4, 5, 2, 3, 3, 3, 0, 4, 0, 0, 0, 0, 0, 0, 0, 0, 0, 0, 0, 0, 0, 0, 0]",26,3
FG3304,"[3, 4, 4, 3, 4, 4, 1, 0, 4, 0, 0, 0, 0, 0, 0, 0, 0, 0, 0, 0, 0, 0, 0, 0]",27,4
FG3314,"[3, 3, 2, 2, 5, 5, 2, 0, 4, 0, 0, 0, 0, 0, 5, 3, 3, 0, 0, 0, 0, 0, -2, -1]",34,5
FG3324,"[2, 3, 2, 2, 5, 5, 1, 0, 4, 0, 0, 0, 0, 0, 0, 3, 3, 0, 0, 0, 0, 0, -1, -1]",28,4
FG3334,"[1, 3, 3, 2, 5, 5, 2, 4, 4, 0, 0, 0, 0, 0, 0, 0, 0, 0, 0, 0, 0, 0, 0, 0]",29,4
FG0313,"[3, 1, 2, 1, 5, 5, 2, 4, 0, 0, 0, 0, 0, 0, 3, 0, 0, 0, 0, 0, 0, -5, 0, -1]",20,2
FG0323,"[3, 1, 2, 1, 4, 5, 2, 0, 0, 0, 0, 0, 0, 0, 0, 0, 0, 0, 0, 0, 0, 0, 0, -1]",17,2
FG1323,"[1, 2, 3, 1, 5, 5, 1, 0, 0, 0, 0, 0, 0, 0, 0, 0, 0, 0, 0, 0, -5, -5, 0, -1]",7,1
FG1333,"[2, 1, 2, 1, 4, 5, 4, 0, 0, 0, 0, 0, 0, 0, 0, 0, 0, 0, 0, 0, 0, -5, -2, -1]",11,1
FG1343,"[2, 4, 3, 1, 5, 5, 3, 0, 0, 0, 0, 0, 0, 0, 0, 0, 0, 0, 0, 0, 0, 0, -1, 0]",22,3
FG1353,"[2, 5, 3, 3, 5, 5, 2, 4, 0, 0, 0, 0, 0, 0, 0, 0, 0, 0, 0, 0, 0, 0, 0, 0]",29,4
FG1363,"[3, 3, 3, 3, 5, 5, 1, 0, 0, 0, 0, 0, 0, 0, 0, 0, 0, 0, 0, 0, 0, 0, 0, 0]",23,3
FG1373,"[4, 2, 3, 3, 4, 4, 3, 4, 4, 0, 0, 0, 0, 0, 0, 0, 0, 0, 0, 0, 0, 0, 0, -1]",30,4
FG1383,"[1, 5, 5, 4, 3, 3, 1, 0, 4, 0, 0, 0, 0, 0, 0, 3, 0, 0, 0, 0, 0, 0, 0, 0]",29,4
FG1393,"[2, 5, 5, 3, 3, 3, 2, 0, 4, 0, 0, 0, 0, 0, 0, 1, 0, 0, 0, 0, 0, 0, 0, 0]",28,4
FG2303,"[3, 4, 4, 3, 4, 4, 1, 0, 4, 0, 0, 0, 0, 0, 0, 0, 0, 0, 0, 0, 0, 0, 0, 0]",27,4
FG2313,"[3, 3, 4, 4, 4, 4, 2, 0, 4, 0, 0, 0, 0, 0, 3, 2, 2, 0, 0, 0, 0, 0, 0, -2]",33,5
FG2323,"[2, 4, 3, 3, 5, 5, 2, 0, 4, 0, 0, 0, 0, 0, 3, 3, 3, 0, 0, 0, 0, 0, 0, -1]",36,5
FG2333,"[2, 4, 3, 3, 5, 5, 3, 0, 4, 0, 0, 0, 0, 0, 0, 0, 0, 0, 0, 0, 0, 0, 0, -1]",28,4
FG2343,"[3, 3, 3, 3, 5, 5, 4, 0, 4, 0, 0, 0, 0, 0, 5, 2, 2, 0, 0, 0, 0, 0, -1, -1]",37,5
FG2353,"[3, 4, 4, 3, 4, 4, 3, 0, 4, 0, 0, 0, 0, 0, 3, 4, 4, 0, 0, 0, 0, 0, -2, 0]",38,5
FG2363,"[3, 5, 4, 2, 4, 4, 3, 0, 4, 0, 0, 0, 0, 0, 5, 4, 4, 0, 0, 0, 0, 0, -2, 0]",40,5
FG2373,"[3, 4, 3, 3, 5, 5, 2, 0, 4, 0, 0, 0, 0, 0, 0, 4, 4, 0, 0, 0, 0, 0, -2, 0]",35,5
FG2383,"[3, 3, 3, 2, 5, 5, 2, 0, 4, 0, 0, 0, 0, 0, 0, 4, 4, 0, 0, 0, 0, 0, -2, -2]",31,4
FG2393,"[3, 5, 4, 3, 4, 4, 2, 0, 4, 0, 0, 0, 0, 0, 0, 1, 1, 0, 0, 0, 0, 0, -1, 0]",30,4
FG3303,"[2, 4, 3, 3, 5, 5, 2, 0, 4, 0, 0, 0, 0, 0, 0, 0, 0, 0, 0, 0, 0, 0, 0, -2]",26,3
FG3313,"[3, 2, 2, 1, 5, 4, 3, 4, 4, 0, 4, 0, 0, 0, 5, 5, 5, 0, 0, 0, 0, 0, -2, 0]",45,5
FG3323,"[2, 3, 3, 1, 5, 5, 3, 4, 4, 0, 0, 0, 0, 0, 2, 3, 3, 0, 0, 0, 0, 0, 0, -3]",35,5
FG0406,"[3, 2, 2, 2, 4, 4, 1, 4, 0, 0, 0, 0, 0, 0, 0, 0, 0, 0, 0, 0, 0, 0, 0, -1]",21,2
FG0416,"[3, 2, 2, 1, 4, 4, 3, 0, 0, 0, 0, 0, 0, 0, 0, 0, 0, 0, 0, 0, 0, 0, 0, 0]",19,2
FG0426,"[3, 3, 3, 2, 5, 4, 2, 4, 0, 0, 0, 0, 0, 0, 0, 0, 0, 0, 0, 0, 0, 0, 0, 0]",26,3
FG0436,"[4, 2, 3, 2, 5, 3, 2, 4, 0, 0, 0, 0, 0, 0, 3, 0, 0, 0, 0, 0, -5, 0, 0, 0]",23,3
FG0446,"[3, 3, 4, 2, 4, 3, 3, 4, 0, 0, 0, 0, 0, 0, 0, 0, 0, 0, 0, 0, 0, 0, 0, -1]",25,3
FG0456,"[4, 3, 4, 2, 4, 4, 1, 4, 1, 0, 0, 0, 0, 0, 0, 0, 0, 0, 0, 0, 0, 0, 0, -1]",26,3
FG0466,"[3, 1, 2, 1, 4, 4, 2, 0, 0, 0, 3, 0, 0, 0, 3, 0, 0, 0, 0, 0, 0, 0, -2, -1]",20,2
FG0476,"[1, 1, 2, 1, 1, 5, 3, 0, 0, 0, 0, 0, 0, 0, 3, 0, 0, 0, 0, 0, 0, 0, -1, -2]",14,1
FG0486,"[3, 2, 3, 1, 5, 4, 1, 4, 0, 0, 0, 0, 0, 0, 5, 0, 0, 0, 0, 0, 0, 0, 0, -1]",27,4
FG1446,"[1, 2, 3, 1, 1, 5, 2, 0, 0, 0, 0, 0, 0, 0, 0, 0, 0, 0, 0, 0, 0, 0, 0, 0]",15,1
FG1456,"[1, 1, 2, 1, 1, 5, 1, 0, 0, 0, 0, 0, 0, 0, 0, 0, 0, 0, 0, 0, 0, 0, -2, -5]",5,1
FG1466,"[1, 4, 3, 2, 5, 5, 2, 4, 0, 0, 0, 0, 0, 0, 0, 0, 0, 0, 0, 0, 0, 0, 0, 0]",26,3
FG1476,"[3, 4, 4, 2, 4, 4, 2, 4, 4, 0, 0, 0, 0, 0, 0, 0, 0, 0, 0, 0, 0, 0, 0, 0]",31,4
FG1486,"[3, 4, 3, 3, 5, 5, 1, 0, 4, 0, 0, 0, 0, 0, 0, 0, 0, 0, 0, 0, 0, 0, 0, -2]",26,3
FG1496,"[1, 2, 2, 3, 5, 5, 2, 4, 0, 0, 0, 0, 0, 0, 0, 0, 0, 0, 0, 0, 0, 0, 0, -1]",23,3
FG2406,"[1, 2, 3, 1, 5, 5, 3, 4, 0, 0, 0, 0, 0, 0, 0, 0, 0, 0, 0, 0, 0, 0, 0, -2]",22,3
FG2416,"[1, 3, 3, 1, 4, 5, 3, 0, 0, 0, 0, 0, 0, 0, 0, 0, 0, 0, 0, 0, 0, 0, -2, -4]",14,1
FG2426,"[2, 4, 3, 1, 4, 5, 3, 0, 4, 0, 0, 0, 0, 0, 0, 0, 0, 0, 0, 0, 0, 0, 0, 0]",26,3
FG2436,"[3, 4, 4, 2, 4, 4, 3, 0, 4, 0, 0, 0, 0, 0, 0, 0, 0, 0, 0, 0, 0, 0, 0, 0]",28,4
FG2446,"[2, 4, 5, 3, 4, 4, 2, 4, 4, 0, 0, 0, 0, 0, 0, 0, 0, 0, 0, 0, 0, 0, 0, 0]",32,4
FG2456,"[2, 4, 5, 3, 3, 3, 3, 4, 4, 0, 0, 0, 0, 0, 3, 0, 0, 0, 0, 0, 0, 0, 0, -3]",31,4
FG2466,"[1, 5, 5, 3, 3, 2, 3, 0, 4, 0, 0, 0, 0, 0, 0, 0, 0, 0, 0, 0, 0, 0, 0, 0]",26,3
FG2476,"[1, 0, 5, 4, 3, 3, 1, 0, 4, 0, 0, 0, 0, 0, 0, 0, 0, 0, 0, 0, 0, 0, 0, 0]",21,2
FG2486,"[1, 0, 5, 3, 3, 3, 2, 0, 4, 0, 0, 0, 0, 0, 0, 0, 0, 0, 0, 0, 0, 0, 0, 0]",21,2
FG2496,"[1, 5, 5, 4, 3, 3, 2, 0, 4, 0, 0, 0, 0, 0, 0, 4, 4, 0, 0, 0, 0, 0, 0, 0]",35,5
FG3406,"[1, 5, 5, 3, 3, 3, 3, 0, 4, 0, 0, 0, 0, 0, 0, 3, 3, 0, 0, 0, 0, 0, 0, 0]",33,5
FG3416,"[1, 0, 5, 3, 3, 2, 2, 0, 4, 0, 0, 0, 0, 0, 0, 2, 2, 0, 0, 0, 0, 0, 0, 0]",24,3
FG3426,"[2, 4, 5, 3, 3, 3, 2, 0, 4, 0, 0, 0, 0, 0, 0, 2, 2, 0, 0, 0, 0, 0, 0, 0]",30,4
FG3436,"[3, 4, 5, 3, 4, 3, 3, 0, 4, 0, 0, 0, 0, 0, 0, 4, 3, 0, 0, 0, 0, 0, 0, 0]",36,5
FG3446,"[3, 4, 3, 2, 4, 4, 2, 4, 4, 0, 0, 0, 0, 0, 5, 5, 4, 0, 0, 0, 0, 0, -2, -2]",40,5
FG3456,"[2, 4, 3, 2, 5, 5, 2, 4, 4, 0, 0, 0, 0, 0, 0, 4, 3, 0, 0, 0, 0, 0, -2, -3]",33,5
FG3466,"[2, 3, 3, 2, 5, 5, 3, 0, 4, 0, 0, 0, 0, 0, 0, 4, 2, 0, 0, 0, 0, 0, -2, -2]",29,4
FG3476,"[2, 4, 5, 4, 4, 4, 3, 0, 4, 0, 0, 0, 0, 0, 0, 0, 0, 0, 0, 0, 0, 0, 0, 0]",30,4
FG3486,"[1, 5, 5, 2, 3, 3, 2, 0, 4, 0, 0, 0, 0, 0, 0, 3, 0, 0, 0, 0, 0, 0, 0, 0]",28,4
FG3496,"[1, 5, 5, 3, 3, 3, 3, 0, 4, 0, 0, 0, 0, 0, 0, 0, 0, 0, 0, 0, 0, 0, 0, 0]",27,4
FG4406,"[1, 0, 5, 3, 3, 3, 4, 0, 5, 0, 0, 0, 0, 0, 0, 0, 0, 0, 0, 0, 0, 0, 0, 0]",24,3
FG0405,"[2, 4, 3, 1, 5, 5, 2, 0, 0, 0, 0, 0, 0, 0, 0, 0, 0, 0, 0, 0, 0, 0, 0, 0]",22,3
FG0415,"[3, 4, 4, 1, 4, 4, 3, 4, 0, 0, 0, 0, 0, 0, 0, 0, 0, 0, 0, 0, 0, 0, 0, 0]",27,4
FG0425,"[2, 4, 5, 2, 4, 3, 2, 0, 0, 0, 0, 0, 0, 0, 0, 0, 0, 0, 0, 0, 0, 0, 0, 0]",22,3
FG0435,"[2, 3, 5, 3, 4, 3, 2, 4, 0, 0, 0, 0, 0, 0, 0, 0, 0, 0, 0, -5, 0, 0, 0, -2]",19,2
FG0445,"[1, 5, 5, 2, 3, 3, 2, 0, 0, 0, 0, 0, 0, 0, 0, 0, 0, 0, 0, 0, 0, 0, 0, 0]",21,2
FG0455,"[3, 3, 4, 2, 4, 3, 2, 0, 0, 0, 0, 0, 0, 0, 0, 0, 0, 0, 0, 0, 0, 0, 0, -1]",20,2
FG0465,"[3, 2, 2, 2, 5, 4, 2, 4, 0, 0, 0, 0, 0, 0, 0, 0, 0, 0, 0, 0, 0, 0, 0, -1]",23,3
FG0475,"[3, 1, 2, 1, 4, 4, 3, 4, 0, 0, 0, 0, 0, 0, 3, 0, 0, 0, 0, 0, 0, 0, -3, -1]",21,2
FG0485,"[2, 1, 2, 1, 3, 5, 3, 4, 0, 0, 0, 0, 0, 0, 0, 0, 0, 0, 0, 0, 0, 0, -1, -1]",19,2
FG0495,"[1, 1, 2, 1, 1, 5, 2, 0, 0, 0, 0, 0, 0, 0, 0, 0, 0, 0, 0, 0, 0, 0, 0, -1]",12,1
FG1445,"[2, 1, 2, 1, 1, 5, 0, 4, 0, 0, 0, 0, 0, 0, 0, 0, 0, 0, 0, 0, 0, 0, 0, -4]",12,1
FG1455,"[2, 2, 2, 1, 2, 5, 2, 5, 0, 0, 0, 0, 0, 0, 0, 0, 0, 0, 0, 0, 0, 0, -2, -1]",18,2
FG1465,"[2, 4, 3, 2, 5, 5, 3, 5, 1, 0, 0, 0, 0, 0, 0, 0, 0, 0, 0, 0, 0, 0, 0, 0]",30,4
FG1475,"[2, 5, 5, 3, 4, 4, 2, 0, 0, 0, 0, 0, 0, 0, 0, 0, 0, 0, 0, 0, 0, 0, 0, 0]",25,3
FG1485,"[1, 3, 3, 2, 5, 5, 2, 0, 0, 0, 0, 0, 0, 0, 0, 0, 0, 0, 0, 0, 0, 0, 0, -1]",20,2
FG1495,"[3, 1, 2, 1, 5, 4, 3, 0, 0, 0, 0, 0, 0, 0, 5, 0, 0, 0, 0, 0, 0, 0, 0, -1]",23,3
FG2405,"[1, 1, 2, 1, 3, 5, 2, 0, 0, 0, 0, 0, 0, 0, 0, 3, 3, 0, 0, 0, 0, 0, -2, -1]",18,2
FG2415,"[1, 4, 3, 1, 4, 5, 2, 0, 0, 0, 0, 0, 0, 0, 0, 3, 3, 0, 0, 0, 0, 0, -2, 0]",24,3
FG2425,"[2, 4, 3, 1, 4, 5, 2, 0, 4, 0, 0, 0, 0, 0, 0, 0, 0, 0, 0, 0, 0, 0, 0, 0]",25,3
FG2435,"[1, 5, 5, 3, 3, 2, 2, 0, 4, 0, 0, 0, 0, 0, 0, 0, 0, 0, 0, 0, 0, 0, 0, 0]",25,3
FG2445,"[1, 0, 5, 3, 3, 3, 3, 0, 4, 0, 0, 0, 0, 0, 0, 0, 0, 0, 0, 0, 0, 0, 0, 0]",22,3
FG2455,"[1, 5, 5, 3, 3, 3, 3, 0, 4, 0, 0, 0, 0, 0, 0, 0, 0, 0, 0, 0, 0, 0, 0, 0]",27,4
FG2465,"[1, 5, 5, 3, 3, 2, 2, 0, 4, 0, 0, 0, 0, 0, 0, 0, 0, 0, 0, 0, 0, 0, 0, 0]",25,3
FG2475,"[1, 5, 5, 3, 3, 3, 2, 0, 4, 0, 0, 0, 0, 0, 0, 0, 0, 0, 0, 0, 0, 0, 0, 0]",26,3
FG2485,"[1, 0, 5, 4, 3, 3, 2, 0, 4, 0, 0, 0, 0, 0, 0, 3, 2, 0, 0, 0, 0, 0, 0, 0]",27,4
FG2495,"[1, 5, 5, 4, 3, 3, 2, 0, 4, 0, 0, 0, 0, 0, 0, 4, 4, 0, 0, 0, 0, 0, 0, 0]",35,5
FG3405,"[1, 5, 5, 3, 3, 2, 3, 0, 4, 0, 0, 0, 0, 0, 0, 0, 0, 0, 0, 0, 0, 0, 0, 0]",26,3
FG3415,"[1, 0, 5, 3, 3, 2, 2, 0, 4, 0, 0, 0, 0, 0, 0, 2, 2, 0, 0, 0, 0, 0, 0, 0]",24,3
FG3425,"[1, 5, 5, 3, 3, 2, 3, 0, 4, 0, 0, 0, 0, 0, 0, 2, 2, 0, 0, 0, 0, 0, 0, 0]",30,4
FG3435,"[3, 4, 4, 3, 4, 4, 2, 0, 4, 0, 0, 0, 0, 0, 0, 2, 2, 0, 0, 0, 0, 0, -1, 0]",31,4
FG3445,"[3, 4, 4, 3, 4, 4, 2, 0, 4, 0, 0, 0, 0, 0, 0, 3, 3, 0, 0, 0, 0, 0, -2, 0]",32,4
FG3455,"[3, 4, 4, 2, 4, 4, 2, 0, 4, 0, 0, 0, 0, 0, 0, 0, 0, 0, 0, 0, 0, 0, 0, 0]",27,4
FG3465,"[2, 4, 5, 3, 3, 3, 2, 4, 4, 0, 0, 0, 0, 0, 0, 0, 0, 0, 0, 0, 0, 0, 0, 0]",30,4
FG3475,"[1, 0, 5, 3, 3, 3, 2, 0, 4, 0, 0, 0, 0, 0, 0, 0, 0, 0, 0, 0, 0, 0, 0, 0]",21,2
FG3485,"[1, 0, 5, 3, 3, 3, 2, 0, 5, 0, 0, 0, 0, 0, 0, 2, 0, 0, 0, 0, 0, 0, 0, 0]",24,3
FG3495,"[1, 0, 5, 3, 3, 3, 2, 0, 5, 0, 0, 0, 0, 0, 0, 3, 0, 0, 0, 0, 0, 0, 0, 0]",25,3
FG0404,"[3, 3, 3, 1, 5, 4, 3, 4, 0, 0, 0, 0, 0, 0, 0, 0, 0, 0, 0, 0, 0, 0, 0, -2]",24,3
FG0414,"[3, 4, 4, 2, 4, 4, 2, 4, 0, 0, 0, 0, 0, 0, 0, 0, 0, 0, 0, 0, 0, 0, 0, 0]",27,4
FG0424,"[1, 5, 5, 3, 3, 2, 2, 0, 0, 0, 0, 0, 0, 0, 0, 0, 0, 0, 0, 0, 0, 0, 0, 0]",21,2
FG0434,"[1, 3, 5, 3, 3, 3, 3, 0, 0, 0, 0, 0, 0, 0, 0, 0, 0, 0, 0, 0, 0, 0, 0, -2]",19,2
FG0444,"[3, 3, 4, 2, 4, 3, 3, 0, 0, 0, 0, 0, 0, 0, 3, 0, 0, 0, 0, 0, 0, 0, 0, -1]",24,3
FG0454,"[3, 2, 3, 1, 5, 4, 3, 4, 0, 0, 0, 0, 0, 0, 5, 0, 0, 0, 0, 0, 0, 0, 0, -1]",29,4
FG0464,"[3, 3, 4, 3, 4, 4, 3, 4, 0, 0, 0, 0, 0, 0, 3, 0, 0, 0, 0, 0, 0, 0, 0, -1]",30,4
FG0474,"[4, 2, 3, 3, 5, 4, 1, 0, 0, 0, 0, 0, 0, 0, 5, 0, 0, 0, 0, 0, 0, 0, 0, -1]",26,3
FG0484,"[2, 2, 2, 1, 4, 5, 2, 4, 0, 0, 0, 0, 0, 0, 3, 0, 0, 0, 0, 0, 0, 0, -2, -1]",22,3
FG0494,"[2, 1, 2, 1, 1, 5, 3, 4, 0, 0, 0, 0, 0, 0, 0, 0, 0, 0, 0, 0, 0, 0, 0, -1]",18,2
FG1444,"[4, 1, 1, 1, 3, 3, 1, 0, 4, 0, 0, 0, 0, 0, 5, 0, 0, 0, 0, 0, 0, 0, 0, 0]",23,3
FG1454,"[3, 1, 2, 1, 4, 4, 2, 0, 0, 0, 0, 0, 0, 0, 0, 0, 0, 0, 0, 0, 0, 0, -2, -1]",14,1
FG1464,"[2, 3, 3, 2, 5, 5, 3, 4, 0, 0, 0, 0, 0, 0, 0, 0, 0, 0, 0, 0, 0, 0, 0, -2]",25,3
FG1474,"[3, 4, 4, 3, 4, 4, 2, 0, 0, 0, 0, 0, 0, 0, 0, 0, 0, 0, 0, 0, 0, 0, 0, 0]",24,3
FG1484,"[1, 4, 3, 2, 5, 5, 1, 0, 0, 0, 0, 0, 0, 0, 0, 0, 0, 0, 0, 0, 0, 0, 0, 0]",21,2
FG1494,"[2, 2, 2, 1, 4, 4, 3, 0, 0, 0, 0, 0, 0, 0, 0, 2, 2, 0, 0, 0, 0, 0, -2, -1]",19,2
FG2404,"[2, 3, 2, 1, 5, 5, 3, 4, 0, 0, 0, 0, 0, 0, 0, 2, 2, 0, 0, 0, 0, 0, -1, 0]",28,4
FG2414,"[2, 4, 4, 2, 5, 4, 3, 0, 4, 0, 0, 0, 0, 0, 0, 1, 1, 0, 0, 0, 0, 0, 0, 0]",30,4
FG2424,"[1, 4, 5, 3, 3, 2, 2, 0, 4, 0, 0, 0, 0, 0, 0, 3, 3, 0, 0, 0, 0, 0, 0, 0]",30,4
FG2434,"[1, 0, 5, 3, 3, 3, 2, 0, 4, 0, 0, 0, 0, 0, 0, 0, 0, 0, 0, 0, 0, 0, 0, 0]",21,2
FG2444,"[1, 5, 5, 3, 4, 3, 3, 0, 4, 0, 0, 0, 0, 0, 0, 0, 0, 0, 0, 0, 0, 0, 0, 0]",28,4
FG2454,"[1, 5, 5, 4, 3, 3, 3, 0, 4, 0, 0, 0, 0, 0, 0, 0, 0, 0, 0, 0, 0, 0, 0, 0]",28,4
FG2464,"[1, 5, 5, 4, 3, 3, 2, 0, 4, 0, 0, 0, 0, 0, 0, 0, 0, 0, 0, 0, 0, 0, 0, 0]",27,4
FG2474,"[1, 5, 5, 5, 3, 3, 2, 0, 5, 0, 0, 0, 0, 0, 0, 3, 2, 0, 0, 0, 0, 0, 0, 0]",34,5
FG2484,"[1, 0, 5, 4, 3, 3, 3, 0, 5, 0, 0, 0, 0, 0, 0, 3, 2, 0, 0, 0, 0, 0, 0, 0]",29,4
FG2494,"[1, 5, 5, 4, 3, 2, 3, 0, 4, 0, 0, 0, 0, 0, 0, 3, 3, 0, 0, 0, 0, 0, 0, 0]",33,5
FG3404,"[1, 5, 5, 3, 3, 3, 3, 0, 4, 0, 0, 0, 0, 0, 0, 1, 1, 0, 0, 0, 0, 0, 0, 0]",29,4
FG3414,"[1, 0, 5, 3, 3, 3, 2, 0, 4, 0, 0, 0, 0, 0, 0, 0, 0, 0, 0, 0, 0, 0, 0, 0]",21,2
FG3424,"[1, 5, 5, 3, 3, 3, 3, 0, 4, 0, 0, 0, 0, 0, 0, 0, 0, 0, 0, 0, 0, 0, 0, 0]",27,4
FG3434,"[3, 5, 4, 3, 4, 4, 2, 0, 4, 0, 0, 0, 0, 0, 0, 3, 3, 0, 0, 0, 0, 0, -2, 0]",33,5
FG3444,"[3, 4, 4, 2, 4, 4, 1, 0, 4, 0, 0, 0, 0, 0, 0, 3, 3, 0, 0, 0, 0, 0, -2, 0]",30,4
FG3454,"[1, 4, 5, 3, 3, 3, 1, 0, 4, 0, 0, 0, 0, 0, 0, 0, 0, 0, 0, 0, 0, 0, 0, 0]",24,3
FG0403,"[3, 2, 3, 2, 5, 4, 2, 4, 0, 0, 0, 0, 0, 0, 0, 0, 0, 0, 0, 0, 0, 0, 0, -1]",24,3
FG0413,"[3, 3, 4, 2, 4, 3, 3, 0, 0, 0, 0, 0, 0, 0, 0, 0, 0, 0, 0, 0, 0, 0, 0, -2]",20,2
FG0423,"[1, 3, 5, 3, 3, 3, 2, 0, 0, 0, 0, 0, 0, 0, 0, 0, 0, 0, 0, 0, 0, 0, 0, -2]",18,2
FG0433,"[2, 4, 5, 2, 4, 3, 2, 4, 0, 0, 0, 0, 0, 0, 0, 0, 0, 0, 0, 0, 0, 0, 0, -1]",25,3
FG0443,"[4, 2, 2, 2, 5, 4, 3, 0, 0, 0, 0, 0, 0, 0, 0, 0, 0, 0, 0, 0, 0, 0, 0, -1]",21,2
FG0453,"[3, 2, 3, 2, 5, 4, 3, 0, 0, 0, 0, 0, 0, 0, 3, 0, 0, 0, 0, 0, 0, 0, 0, 0]",25,3
FG0463,"[2, 4, 5, 2, 3, 3, 2, 0, 0, 0, 0, 0, 0, 0, 0, 0, 0, 0, 0, 0, 0, 0, 0, -3]",18,2
FG0473,"[2, 5, 5, 3, 4, 3, 2, 4, 0, 0, 0, 0, 0, 0, 0, 0, 0, 0, 0, 0, 0, 0, 0, 0]",28,4
FG0483,"[4, 2, 3, 2, 4, 4, 2, 4, 1, 0, 0, 0, 0, 0, 5, 0, 0, 0, 0, 0, 0, 0, -2, -1]",28,4
FG0493,"[1, 2, 3, 1, 2, 5, 2, 0, 0, 0, 0, 0, 0, 0, 0, 0, 0, 0, 0, 0, 0, 0, 0, 0]",16,2
FG1433,"[1, 1, 2, 1, 1, 5, 0, 0, 0, 0, 0, 0, 0, 0, 0, 0, 0, 0, 0, 0, -5, 0, 0, -2]",4,1
FG1443,"[4, 1, 1, 2, 3, 3, 1, 0, 4, 0, 0, 0, 0, 0, 0, 2, 0, 0, 0, 0, 0, 0, -2, 0]",19,2
FG1453,"[4, 3, 3, 2, 5, 4, 2, 0, 4, 0, 4, 0, 0, 0, 3, 3, 0, 0, 0, 0, 0, 0, -1, -1]",35,5
FG1463,"[3, 2, 3, 2, 4, 4, 1, 0, 4, 0, 0, 0, 0, 0, 0, 2, 0, 0, 0, 0, 0, 0, 0, -1]",24,3
FG1473,"[3, 4, 4, 2, 5, 4, 2, 0, 0, 0, 0, 0, 0, 0, 0, 0, 0, 0, 0, 0, 0, 0, 0, 0]",24,3
FG1483,"[3, 4, 3, 1, 4, 4, 3, 0, 0, 0, 0, 0, 0, 0, 0, 0, 0, 0, 0, 0, 0, 0, 0, -1]",21,2
FG1493,"[2, 4, 3, 1, 3, 5, 3, 0, 0, 0, 0, 0, 0, 0, 0, 3, 3, 0, 0, 0, 0, 0, -2, -1]",24,3
FG2403,"[1, 2, 3, 1, 4, 5, 2, 0, 0, 0, 0, 0, 0, 0, 0, 0, 0, 0, 0, 0, 0, 0, 0, 0]",18,2
FG2413,"[2, 5, 5, 3, 3, 3, 2, 0, 4, 0, 0, 0, 0, 0, 0, 0, 0, 0, 0, 0, 0, 0, 0, 0]",27,4
FG2423,"[1, 5, 5, 4, 3, 3, 2, 0, 5, 0, 0, 0, 0, 0, 0, 3, 1, 0, 0, 0, 0, 0, 0, 0]",32,4
FG2433,"[1, 5, 5, 3, 3, 3, 2, 0, 4, 0, 0, 0, 0, 0, 0, 4, 4, 0, 0, 0, 0, 0, 0, 0]",34,5
FG2443,"[2, 3, 5, 2, 4, 3, 2, 4, 4, 0, 0, 0, 0, 0, 0, 3, 2, 0, 0, 0, 0, 0, 0, -4]",30,4
FG2453,"[3, 4, 4, 4, 4, 4, 2, 4, 4, 0, 0, 0, 0, 0, 0, 0, 0, 0, 0, 0, 0, 0, 0, -3]",30,4
FG2463,"[3, 4, 5, 3, 4, 4, 3, 0, 4, 0, 0, 0, 0, 0, 0, 0, 0, 0, 0, 0, 0, 0, 0, 0]",30,4
FG2473,"[1, 3, 5, 4, 3, 3, 1, 0, 5, 0, 0, 0, 0, 0, 0, 4, 3, 0, 0, 0, 0, 0, 0, 0]",32,4
FG2483,"[1, 0, 5, 5, 3, 2, 3, 0, 5, 0, 3, 0, 0, 0, 0, 0, 0, 0, 0, 0, 0, 0, 0, 0]",27,4
FG2493,"[1, 4, 5, 4, 3, 2, 3, 0, 5, 0, 0, 0, 0, 0, 0, 2, 2, 0, 0, 0, 0, 0, 0, 0]",31,4
FG3403,"[1, 5, 5, 3, 3, 3, 2, 0, 4, 0, 0, 0, 0, 0, 0, 2, 2, 0, 0, 0, 0, 0, 0, 0]",30,4
FG3413,"[1, 5, 5, 4, 3, 3, 1, 0, 4, 0, 0, 0, 0, 0, 0, 0, 0, 0, 0, 0, 0, 0, 0, 0]",26,3
FG3423,"[3, 5, 4, 3, 3, 3, 3, 0, 4, 0, 0, 0, 0, 0, 0, 0, 0, 0, 0, 0, 0, 0, 0, 0]",28,4
FG3433,"[3, 5, 4, 3, 5, 5, 3, 0, 4, 0, 0, 0, 0, 0, 0, 0, 0, 0, 0, 0, 0, 0, 0, 0]",32,4
FG3443,"[3, 4, 4, 3, 4, 4, 3, 0, 4, 0, 0, 0, 0, 0, 0, 4, 4, 0, 0, 0, 0, 0, -2, 0]",35,5
FG3453,"[1, 5, 5, 3, 3, 3, 2, 0, 4, 0, 0, 0, 0, 0, 0, 0, 0, 0, 0, 0, 0, 0, 0, 0]",26,3
FG0402,"[3, 4, 4, 2, 4, 4, 2, 0, 0, 0, 0, 0, 0, 0, 0, 0, 0, 0, 0, 0, 0, 0, 0, -3]",20,2
FG0412,"[1, 4, 5, 2, 3, 3, 2, 0, 0, 0, 3, 0, 0, 0, 0, 0, 0, 0, 0, 0, 0, 0, 0, 0]",23,3
FG0422,"[3, 3, 5, 3, 4, 4, 2, 0, 0, 0, 0, 0, 0, 0, 0, 0, 0, 0, 0, 0, 0, 0, 0, -3]",21,2
FG0432,"[4, 3, 3, 2, 5, 4, 2, 0, 0, 0, 0, 0, 0, 0, 3, 0, 0, 0, 0, 0, 0, 0, 0, -1]",25,3
FG0442,"[4, 3, 4, 2, 5, 4, 3, 0, 0, 0, 0, 0, 0, 0, 0, 0, 0, 0, 0, 0, 0, 0, 0, -1]",24,3
FG0452,"[3, 4, 4, 2, 4, 4, 2, 0, 0, 0, 0, 0, 0, 0, 0, 0, 0, 0, 0, 0, 0, 0, 0, -2]",21,2
FG0462,"[2, 4, 5, 2, 3, 3, 2, 4, 0, 0, 0, 0, 0, 0, 0, 0, 0, 0, 0, 0, 0, 0, 0, -5]",20,2
FG0472,"[3, 3, 4, 2, 4, 4, 2, 4, 0, 0, 0, 0, 0, 0, 0, 0, 0, 0, 0, 0, 0, 0, 0, -3]",23,3
FG0482,"[3, 1, 2, 2, 5, 4, 1, 0, 0, 0, 0, 0, 0, 0, 2, 0, 0, 0, 0, 0, 0, 0, -2, -1]",17,2
FG0492,"[1, 1, 3, 1, 1, 5, 1, 0, 0, 0, 0, 0, 0, 0, 0, 0, 0, 0, 0, 0, 0, 0, 0, 0]",13,1
FG1432,"[1, 2, 3, 1, 1, 5, 1, 0, 0, 0, 0, 0, 0, 0, 0, 0, 0, 0, 0, 0, 0, 0, 0, 0]",14,1
FG1442,"[4, 2, 3, 2, 3, 4, 3, 4, 4, 0, 0, 0, 0, 0, 0, 0, 0, 0, 0, 0, 0, 0, 0, -1]",28,4
FG1452,"[4, 2, 3, 2, 5, 4, 2, 4, 4, 0, 0, 0, 0, 0, 2, 1, 0, 0, 0, 0, -5, 0, -2, -1]",25,3
FG1462,"[3, 3, 3, 2, 4, 4, 3, 0, 4, 0, 0, 0, 0, 0, 0, 2, 0, 0, 0, 0, 0, 0, 0, -1]",27,4
FG1472,"[5, 3, 4, 2, 4, 3, 2, 5, 4, 0, 0, 0, 0, 0, 0, 4, 3, 0, 0, 0, 0, 0, -2, -1]",36,5
FG1482,"[4, 4, 4, 1, 2, 3, 1, 5, 4, 0, 0, 0, 0, 0, 5, 4, 3, 0, 0, 0, 0, 0, -2, -1]",37,5
FG1492,"[4, 3, 3, 1, 3, 4, 1, 5, 4, 0, 0, 0, 0, 0, 0, 4, 3, 0, 0, 0, 0, 0, -1, -1]",33,5
FG2402,"[4, 3, 3, 2, 4, 4, 1, 5, 4, 0, 0, 0, 0, 0, 0, 4, 3, 0, 0, 0, 0, 0, 0, -1]",36,5
FG2412,"[1, 5, 5, 4, 3, 2, 1, 0, 4, 0, 0, 0, 0, 0, 0, 3, 0, 0, 0, 0, 0, 0, 0, 0]",28,4
FG2422,"[2, 5, 5, 5, 3, 3, 2, 0, 5, 0, 4, 0, 0, 0, 0, 2, 0, 0, 0, 0, 0, 0, 0, 0]",36,5
FG2432,"[1, 5, 5, 3, 3, 3, 3, 0, 5, 0, 0, 0, 0, 0, 0, 0, 0, 0, 0, 0, 0, 0, 0, 0]",28,4
FG2442,"[3, 4, 4, 3, 4, 4, 2, 4, 4, 0, 0, 0, 0, 0, 0, 5, 4, 0, 0, 0, 0, 0, 0, -1]",40,5
FG2452,"[3, 4, 4, 4, 4, 4, 1, 0, 4, 0, 0, 0, 0, 0, 0, 4, 3, 0, 0, 0, 0, 0, 0, 0]",35,5
FG2462,"[2, 4, 5, 4, 4, 4, 3, 0, 4, 0, 0, 0, 0, 0, 0, 4, 3, 0, 0, 0, 0, 0, 0, 0]",37,5
FG2472,"[1, 0, 5, 4, 3, 3, 1, 0, 5, 0, 0, 0, 0, 0, 0, 4, 2, 0, 0, 0, 0, 0, 0, 0]",28,4
FG2482,"[1, 0, 5, 4, 3, 3, 1, 0, 5, 0, 0, 0, 0, 0, 0, 3, 0, 0, 0, 0, 0, 0, 0, 0]",25,3
FG2492,"[1, 0, 5, 4, 3, 3, 2, 0, 5, 0, 0, 0, 0, 0, 0, 3, 0, 0, 0, 0, 0, 0, 0, 0]",26,3
FG3402,"[2, 5, 5, 3, 3, 3, 2, 0, 4, 0, 0, 0, 0, 0, 0, 4, 3, 0, 0, 0, 0, 0, 0, 0]",34,5
FG3412,"[1, 5, 5, 3, 3, 2, 2, 0, 4, 0, 0, 0, 0, 0, 0, 0, 0, 0, 0, 0, 0, 0, 0, 0]",25,3
FG3422,"[1, 5, 5, 3, 3, 3, 1, 0, 4, 0, 0, 0, 0, 0, 0, 0, 0, 0, 0, 0, 0, 0, 0, 0]",25,3
FG3432,"[3, 4, 4, 2, 5, 4, 2, 0, 4, 0, 0, 0, 0, 0, 0, 1, 1, 0, 0, 0, 0, 0, -1, -2]",27,4
FG3442,"[3, 3, 3, 3, 5, 4, 2, 4, 4, 0, 0, 0, 0, 0, 0, 5, 4, 0, 0, 0, 0, 0, -2, 0]",38,5
FG3452,"[1, 4, 5, 3, 3, 3, 2, 0, 4, 0, 0, 0, 0, 0, 0, 4, 3, 0, 0, 0, 0, 0, 0, 0]",32,4
FG0401,"[3, 3, 4, 2, 4, 4, 2, 4, 0, 0, 0, 0, 0, 0, 0, 0, 0, 0, 0, 0, 0, 0, 0, -2]",24,3
FG0411,"[1, 5, 5, 2, 3, 3, 2, 4, 0, 0, 0, 0, 0, 0, 0, 0, 0, 0, 0, 0, 0, 0, 0, 0]",25,3
FG0421,"[4, 2, 4, 2, 4, 3, 3, 4, 0, 0, 0, 0, 0, 0, 2, 0, 0, 0, 0, 0, 0, 0, 0, -1]",27,4
FG0431,"[3, 3, 3, 2, 5, 4, 3, 0, 0, 0, 0, 0, 0, 0, 3, 0, 0, 0, 0, 0, 0, 0, 0, -1]",25,3
FG0441,"[3, 3, 4, 2, 5, 4, 2, 0, 0, 0, 0, 0, 0, 0, 0, 0, 0, 0, 0, 0, 0, 0, 0, -2]",21,2
FG0451,"[2, 3, 5, 2, 4, 3, 2, 0, 0, 0, 0, 0, 0, 0, 0, 0, 0, 0, 0, 0, 0, 0, 0, -4]",17,2
FG0461,"[3, 4, 4, 2, 4, 4, 3, 4, 0, 0, 0, 0, 0, 0, 0, 0, 0, 0, 0, 0, 0, 0, 0, -5]",23,3
FG0471,"[3, 4, 4, 2, 5, 4, 2, 0, 0, 0, 0, 0, 0, 0, 0, 0, 0, 0, 0, 0, 0, 0, 0, -2]",22,3
FG0481,"[3, 1, 2, 1, 4, 4, 1, 4, 0, 0, 0, 0, 0, 0, 0, 0, 0, 0, 0, 0, 0, 0, -1, -1]",18,2
FG0491,"[1, 3, 3, 1, 3, 5, 1, 0, 4, 0, 0, 0, 0, 0, 0, 0, 0, 0, 0, 0, 0, 0, -3, 0]",18,2
FG1441,"[2, 4, 5, 2, 4, 3, 2, 0, 4, 0, 0, 0, 0, 0, 0, 0, 0, 0, 0, 0, 0, 0, 0, 0]",26,3
FG1451,"[3, 3, 3, 2, 5, 5, 2, 0, 4, 0, 0, 0, 0, 0, 2, 0, 0, 0, 0, 0, -5, 0, -2, -1]",21,2
FG1461,"[3, 2, 2, 2, 4, 4, 2, 0, 4, 0, 0, 0, 0, 0, 0, 0, 0, 0, 0, 0, -5, 0, -2, -1]",15,1
FG1471,"[3, 1, 2, 1, 2, 4, 1, 0, 0, 0, 0, 0, 0, 0, 0, 3, 3, 0, 0, 0, 0, 0, -2, 0]",18,2
FG1481,"[3, 2, 2, 1, 4, 4, 2, 5, 4, 0, 0, 0, 0, 0, 2, 1, 1, 0, 0, 0, 0, 0, 0, 0]",31,4
FG1491,"[3, 3, 3, 2, 5, 5, 3, 5, 4, 0, 3, 0, 0, 0, 0, 0, 0, 0, 0, 0, 0, 0, 0, -1]",35,5
FG2401,"[3, 4, 4, 4, 4, 4, 3, 5, 4, 0, 0, 0, 0, 0, 0, 1, 1, 0, 0, 0, 0, 0, 0, -5]",32,4
FG2411,"[2, 4, 5, 4, 3, 3, 2, 0, 4, 0, 3, 0, 0, 0, 0, 3, 3, 0, 0, 0, 0, 0, 0, 0]",36,5
FG2421,"[3, 5, 4, 3, 4, 4, 2, 0, 4, 0, 4, 0, 0, 0, 0, 3, 3, 0, 0, 0, 0, 0, 0, 0]",39,5
FG2431,"[3, 4, 4, 3, 3, 3, 3, 4, 4, 0, 3, 0, 0, 0, 0, 4, 3, 0, 0, 0, 0, 0, 0, -1]",40,5
FG2441,"[2, 5, 5, 5, 3, 3, 2, 0, 4, 0, 3, 0, 0, 0, 0, 2, 1, 0, 0, 0, 0, 0, 0, 0]",35,5
FG2451,"[3, 5, 5, 4, 4, 3, 2, 0, 4, 0, 0, 0, 0, 0, 0, 4, 3, 0, 0, 0, 0, 0, 0, 0]",37,5
FG2461,"[1, 5, 5, 4, 3, 3, 2, 0, 4, 0, 0, 0, 0, 0, 0, 0, 0, 0, 0, 0, 0, 0, 0, 0]",27,4
FG2471,"[1, 0, 5, 5, 3, 2, 2, 0, 4, 0, 0, 0, 0, 0, 0, 0, 0, 0, 0, 0, 0, 0, 0, 0]",22,3
FG2481,"[1, 5, 5, 5, 3, 3, 2, 0, 4, 0, 0, 0, 0, 0, 0, 0, 0, 0, 0, 0, 0, 0, 0, 0]",28,4
FG2491,"[1, 0, 5, 4, 3, 3, 3, 0, 4, 0, 0, 0, 0, 0, 0, 0, 0, 0, 0, 0, 0, 0, 0, 0]",23,3
FG3401,"[2, 4, 5, 3, 3, 3, 1, 0, 4, 0, 0, 0, 0, 0, 0, 3, 2, 0, 0, 0, 0, 0, 0, -3]",27,4
FG3411,"[3, 5, 5, 3, 3, 3, 3, 4, 4, 0, 0, 0, 0, 0, 0, 3, 2, 0, 0, 0, 0, 0, 0, 0]",38,5
FG3421,"[2, 5, 3, 3, 5, 5, 1, 0, 4, 0, 0, 0, 0, 0, 0, 1, 0, 0, 0, 0, 0, 0, 0, 0]",29,4
FG3431,"[2, 3, 3, 2, 5, 5, 3, 0, 4, 0, 0, 0, 0, 0, 0, 5, 4, 0, 0, 0, 0, 0, -2, 0]",34,5
FG3441,"[2, 3, 3, 1, 5, 5, 2, 0, 4, 0, 0, 0, 0, 0, 0, 3, 2, 0, 0, 0, 0, 0, 0, -4]",26,3
FG3451,"[2, 5, 5, 2, 3, 3, 4, 0, 4, 0, 0, 0, 0, 0, 0, 0, 0, 0, 0, 0, 0, 0, 0, 0]",28,4
FG0400,"[1, 5, 5, 3, 3, 3, 3, 0, 5, 0, 0, 0, 0, 0, 0, 0, 0, 0, 0, 0, 0, 0, 0, 0]",28,4
FG0410,"[1, 4, 5, 2, 4, 3, 2, 0, 5, 0, 0, 0, 0, 0, 0, 0, 0, 0, 0, 0, 0, 0, 0, 0]",26,3
FG0420,"[3, 3, 3, 2, 5, 4, 2, 4, 5, 0, 3, 0, 0, 0, 0, 0, 0, 0, 0, 0, 0, 0, 0, -1]",33,5
FG0430,"[3, 2, 4, 2, 4, 3, 2, 0, 0, 0, 0, 0, 0, 0, 0, 0, 0, 0, 0, 0, 0, 0, 0, -1]",19,2
FG0440,"[3, 4, 5, 2, 4, 4, 1, 4, 0, 0, 0, 0, 0, 0, 0, 0, 0, 0, 0, 0, 0, 0, 0, -4]",23,3
FG0450,"[1, 3, 3, 2, 5, 5, 2, 0, 0, 0, 0, 0, 0, 0, 0, 0, 0, 0, 0, 0, 0, 0, 0, -1]",20,2
FG0460,"[1, 3, 3, 2, 4, 5, 2, 4, 0, 0, 0, 0, 0, 0, 0, 0, 0, 0, 0, 0, 0, 0, 0, -4]",20,2
FG0470,"[3, 2, 2, 2, 5, 5, 1, 4, 4, 0, 0, 0, 0, 0, 0, 0, 0, 0, 0, 0, 0, 0, 0, -1]",27,4
FG0480,"[3, 3, 3, 1, 5, 4, 2, 4, 4, 0, 0, 0, 0, 0, 5, 0, 0, 0, 0, 0, 0, 0, 0, -1]",33,5
FG0490,"[3, 3, 3, 1, 4, 4, 2, 0, 4, 0, 0, 0, 0, 0, 3, 0, 0, 0, 0, 0, 0, 0, 0, -1]",26,3
FG1450,"[3, 2, 3, 2, 5, 5, 2, 0, 4, 0, 0, 0, 0, 0, 0, 0, 0, 0, 0, 0, -5, 0, -2, -1]",18,2
FG1460,"[1, 2, 3, 2, 5, 5, 1, 0, 0, 0, 0, 0, 0, 0, 0, 0, 0, 0, 0, 0, -5, -5, -1, -3]",5,1
FG1470,"[1, 0, 3, 1, 1, 5, 2, 0, 0, 0, 0, 0, 0, 0, 0, 2, 2, 0, 0, 0, 0, 0, 0, 0]",17,2
FG1480,"[1, 3, 3, 2, 4, 5, 3, 0, 0, 0, 0, 0, 0, 0, 0, 2, 2, 0, 0, 0, 0, 0, 0, 0]",25,3
FG1490,"[3, 2, 2, 3, 5, 5, 2, 0, 0, 0, 0, 0, 0, 0, 3, 0, 0, 0, 0, 0, 0, 0, 0, 0]",25,3
FG2400,"[4, 3, 3, 3, 4, 4, 2, 0, 4, 0, 0, 0, 0, 0, 0, 0, 0, 0, 0, 0, 0, 0, 0, 0]",27,4
FG2410,"[1, 5, 5, 4, 3, 3, 2, 0, 4, 0, 0, 0, 0, 0, 0, 0, 0, 0, 0, 0, 0, 0, 0, 0]",27,4
FG2420,"[1, 0, 5, 3, 3, 3, 3, 0, 4, 0, 0, 0, 0, 0, 0, 0, 0, 0, 0, 0, 0, 0, 0, 0]",22,3
FG2430,"[2, 4, 5, 4, 3, 3, 2, 0, 4, 0, 0, 0, 0, 0, 0, 4, 3, 0, 0, 0, 0, 0, 0, 0]",34,5
FG2440,"[2, 5, 5, 4, 3, 3, 1, 0, 4, 0, 3, 0, 0, 0, 0, 4, 3, 0, 0, 0, 0, 0, 0, 0]",37,5
FG2450,"[4, 4, 4, 3, 4, 4, 2, 0, 4, 0, 3, 0, 0, 0, 0, 4, 3, 0, 0, 0, 0, 0, 0, -2]",37,5
FG2460,"[2, 5, 5, 4, 3, 3, 3, 0, 4, 0, 3, 0, 0, 0, 0, 3, 3, 0, 0, 0, 0, 0, 0, 0]",38,5
FG2470,"[2, 5, 5, 5, 3, 3, 2, 0, 4, 0, 4, 0, 0, 0, 0, 4, 4, 0, 0, 0, 0, 0, 0, 0]",41,5
FG2480,"[2, 5, 5, 3, 3, 3, 4, 0, 4, 0, 0, 0, 0, 0, 0, 3, 3, 0, 0, 0, 0, 0, 0, 0]",35,5
FG2490,"[2, 5, 5, 3, 3, 3, 3, 0, 4, 0, 0, 0, 0, 0, 0, 3, 3, 0, 0, 0, 0, 0, 0, 0]",34,5
FG3400,"[3, 5, 4, 2, 3, 3, 3, 0, 4, 0, 0, 0, 0, 0, 0, 4, 4, 0, 0, 0, 0, 0, 0, 0]",35,5
FG3410,"[2, 4, 3, 2, 5, 5, 1, 0, 4, 0, 0, 0, 0, 0, 0, 3, 3, 0, 0, 0, 0, 0, 0, 0]",32,4
FG3420,"[2, 4, 3, 2, 4, 5, 3, 0, 4, 0, 0, 0, 0, 0, 0, 4, 3, 0, 0, 0, 0, 0, 0, 0]",34,5
FG3430,"[2, 4, 3, 1, 5, 5, 2, 0, 4, 0, 0, 0, 0, 0, 0, 4, 4, 0, 0, 0, 0, 0, -2, 0]",32,4
FG3440,"[2, 5, 5, 2, 3, 3, 5, 0, 4, 0, 0, 0, 0, 0, 0, 0, 0, 0, 0, 0, 0, 0, 0, 0]",29,4
FG0309,"[3, 3, 5, 2, 4, 3, 3, 0, 5, 0, 3, 0, 0, 0, 0, 0, 0, 0, 0, 0, 0, 0, -4, -2]",25,3
FG0319,"[3, 4, 4, 2, 4, 4, 3, 4, 5, 0, 4, 0, 0, 0, 0, 0, 0, 0, 0, 0, 0, 0, -1, -4]",32,4
FG0329,"[4, 2, 2, 1, 5, 4, 4, 4, 0, 0, 3, 0, 0, 0, 5, 0, 0, 0, 0, 0, 0, 0, 0, -1]",33,5
FG0339,"[3, 3, 3, 2, 5, 4, 2, 4, 0, 0, 0, 0, 0, 0, 3, 0, 0, 0, 0, 0, 0, 0, 0, -1]",28,4
FG0349,"[2, 2, 3, 2, 5, 5, 2, 0, 0, 0, 0, 0, 0, 0, 0, 0, 0, 0, 0, 0, 0, 0, 0, -2]",19,2
FG0359,"[2, 1, 2, 1, 4, 5, 3, 0, 4, 0, 0, 0, 0, 0, 5, 0, 0, 0, 0, 0, 0, 0, 0, -2]",25,3
FG0369,"[4, 2, 2, 1, 4, 3, 2, 0, 4, 0, 0, 0, 0, 0, 5, 0, 0, 0, 0, 0, 0, 0, 0, -1]",26,3
FG0379,"[4, 3, 3, 1, 3, 4, 2, 0, 4, 0, 0, 0, 0, 0, 5, 0, 0, 0, 0, 0, -5, 0, 0, -1]",23,3
FG0389,"[2, 3, 3, 1, 2, 5, 1, 0, 4, 0, 0, 0, 0, 0, 3, 0, 0, 0, 0, 0, 0, 0, 0, -1]",23,3
FG1369,"[1, 3, 2, 2, 3, 5, 4, 5, 0, 0, 0, 0, 0, 0, 0, 0, 0, 0, 0, 0, 0, 0, -2, 0]",23,3
FG1379,"[2, 3, 3, 1, 3, 5, 2, 5, 0, 0, 0, 0, 0, 0, 0, 3, 3, 0, 0, 0, 0, 0, 0, -1]",29,4
FG1389,"[2, 3, 3, 2, 5, 5, 3, 5, 0, 0, 0, 0, 0, 0, 0, 0, 0, 0, 0, 0, 0, 0, 0, -1]",27,4
FG1399,"[3, 4, 4, 4, 4, 4, 3, 0, 4, 0, 0, 0, 0, 0, 0, 0, 0, 0, 0, 0, 0, 0, 0, 0]",30,4
FG2309,"[2, 4, 5, 4, 3, 3, 1, 0, 4, 0, 0, 0, 0, 0, 0, 0, 0, 0, 0, 0, 0, 0, 0, 0]",26,3
FG2319,"[1, 0, 5, 3, 3, 3, 3, 0, 4, 0, 0, 0, 0, 0, 0, 0, 0, 0, 0, 0, 0, 0, 0, 0]",22,3
FG2329,"[1, 0, 5, 4, 3, 3, 3, 0, 4, 0, 0, 0, 0, 0, 0, 0, 0, 0, 0, 0, 0, 0, 0, 0]",23,3
FG2339,"[1, 5, 5, 4, 3, 3, 2, 4, 4, 0, 0, 0, 0, 0, 0, 4, 3, 0, 0, 0, 0, 0, 0, 0]",38,5
FG2349,"[2, 5, 5, 4, 3, 3, 1, 0, 4, 0, 0, 0, 0, 0, 0, 0, 0, 0, 0, 0, 0, 0, 0, 0]",27,4
FG2359,"[1, 5, 5, 3, 3, 2, 2, 0, 4, 0, 0, 0, 0, 0, 0, 0, 0, 0, 0, 0, 0, 0, 0, 0]",25,3
FG2369,"[1, 0, 5, 4, 3, 3, 2, 0, 4, 0, 0, 0, 0, 0, 0, 0, 0, 0, 0, 0, 0, 0, 0, 0]",22,3
FG2379,"[1, 5, 5, 5, 3, 3, 3, 0, 4, 0, 3, 0, 0, 0, 0, 3, 3, 0, 0, 0, 0, 0, 0, 0]",38,5
FG2389,"[1, 0, 5, 5, 3, 3, 2, 0, 4, 0, 0, 0, 0, 0, 0, 0, 0, 0, 0, 0, 0, 0, 0, 0]",23,3
FG2399,"[2, 5, 5, 5, 3, 4, 3, 0, 4, 0, 0, 0, 0, 0, 0, 0, 0, 0, 0, 0, 0, 0, 0, 0]",31,4
FG3309,"[3, 5, 4, 2, 4, 4, 2, 0, 4, 0, 0, 0, 0, 0, 0, 3, 3, 0, 0, 0, 0, 0, 0, 0]",34,5
FG3319,"[2, 5, 5, 2, 3, 3, 3, 0, 4, 0, 0, 0, 0, 0, 0, 0, 0, 0, 0, 0, 0, 0, 0, 0]",27,4
FG3329,"[2, 5, 5, 2, 3, 3, 2, 0, 4, 0, 0, 0, 0, 0, 0, 0, 0, 0, 0, 0, 0, 0, 0, 0]",26,3
FG3339,"[3, 5, 3, 2, 4, 4, 2, 0, 4, 0, 0, 0, 0, 0, 0, 4, 4, 0, 0, 0, 0, 0, -2, 0]",33,5
FG3349,"[2, 5, 5, 3, 3, 3, 3, 0, 4, 0, 0, 0, 0, 0, 0, 0, 0, 0, 0, 0, 0, 0, 0, 0]",28,4
FG0308,"[3, 3, 4, 2, 4, 4, 3, 0, 1, 0, 0, 0, 0, 0, 0, 0, 0, 0, 0, 0, 0, 0, -1, -2]",21,2
FG0318,"[3, 2, 3, 2, 5, 4, 3, 4, 0, 0, 0, 0, 0, 0, 0, 0, 0, 0, 0, 0, -5, 0, -4, -1]",16,2
FG0328,"[2, 1, 2, 1, 4, 5, 1, 4, 0, 0, 0, 0, 0, 0, 3, 0, 0, 0, 0, 0, 0, 0, -3, -1]",19,2
FG0338,"[2, 3, 3, 2, 3, 5, 3, 0, 0, 0, 0, 0, 0, 0, 0, 0, 0, 0, 0, 0, 0, 0, -1, -2]",18,2
FG0348,"[3, 2, 2, 1, 5, 4, 4, 4, 4, 0, 0, 0, 0, 0, 0, 0, 0, 0, 0, 0, 0, 0, 0, -1]",28,4
FG0358,"[3, 2, 2, 1, 4, 3, 2, 4, 4, 0, 0, 5, 0, 0, 5, 0, 0, 0, 0, 0, 0, 0, 0, -1]",34,5
FG0368,"[3, 2, 2, 1, 2, 4, 1, 0, 4, 0, 0, 0, 0, 0, 5, 0, 0, 0, 0, 0, 0, 0, 0, -1]",23,3
FG0378,"[3, 3, 3, 1, 3, 5, 2, 0, 0, 0, 0, 0, 0, 0, 0, 0, 0, 0, 0, 0, -5, 0, 0, -2]",13,1
FG1368,"[3, 2, 2, 1, 3, 4, 3, 5, 0, 0, 0, 0, 0, 0, 0, 2, 2, 0, 0, 0, 0, 0, -2, -2]",23,3
FG1378,"[1, 3, 3, 2, 5, 5, 1, 4, 0, 0, 0, 0, 0, 0, 0, 2, 2, 0, 0, 0, 0, 0, 0, 0]",28,4
FG1388,"[3, 3, 3, 3, 5, 5, 2, 0, 0, 0, 0, 0, 0, 0, 0, 0, 0, 0, 0, 0, 0, 0, 0, 0]",24,3
FG1398,"[3, 4, 5, 3, 4, 4, 2, 0, 4, 0, 0, 0, 0, 0, 0, 0, 0, 0, 0, 0, 0, 0, 0, 0]",29,4
FG2308,"[1, 0, 5, 4, 3, 3, 1, 0, 4, 0, 0, 0, 0, 0, 0, 0, 0, 0, 0, 0, 0, 0, 0, 0]",21,2
FG2318,"[1, 0, 5, 3, 3, 2, 3, 0, 4, 0, 0, 0, 0, 0, 0, 0, 0, 0, 0, 0, 0, 0, 0, 0]",21,2
FG2328,"[1, 0, 5, 3, 3, 3, 1, 0, 4, 0, 0, 0, 0, 0, 0, 2, 0, 0, 0, 0, 0, 0, 0, 0]",22,3
FG2338,"[3, 4, 5, 4, 3, 3, 3, 0, 4, 0, 3, 0, 0, 0, 0, 3, 2, 0, 0, 0, 0, 0, 0, -1]",36,5
FG2348,"[3, 4, 3, 3, 5, 4, 1, 0, 4, 0, 0, 0, 0, 0, 0, 2, 2, 0, 0, 0, 0, 0, 0, -1]",30,4
FG2358,"[2, 5, 5, 3, 3, 3, 2, 0, 4, 0, 0, 0, 0, 0, 0, 0, 0, 0, 0, 0, 0, 0, 0, 0]",27,4
FG2368,"[1, 5, 5, 5, 3, 3, 3, 0, 4, 0, 0, 0, 0, 0, 0, 0, 0, 0, 0, 0, 0, 0, 0, 0]",29,4
FG2378,"[1, 5, 5, 5, 3, 3, 3, 0, 4, 0, 0, 0, 0, 0, 0, 2, 2, 0, 0, 0, 0, 0, 0, 0]",33,5
FG2388,"[1, 5, 5, 4, 3, 3, 2, 0, 4, 0, 0, 0, 0, 0, 0, 2, 2, 0, 0, 0, 0, 0, 0, 0]",31,4
FG2398,"[3, 5, 4, 5, 4, 4, 2, 4, 4, 0, 0, 0, 0, 0, 0, 0, 0, 0, 0, 0, 0, 0, 0, 0]",35,5
FG3308,"[3, 4, 4, 2, 4, 4, 4, 0, 4, 0, 0, 0, 0, 0, 0, 4, 4, 0, 0, 0, 0, 0, 0, 0]",37,5
FG3318,"[1, 5, 5, 2, 3, 3, 2, 0, 4, 0, 0, 0, 0, 0, 0, 3, 3, 0, 0, 0, 0, 0, 0, 0]",31,4
FG3328,"[1, 4, 5, 2, 3, 3, 2, 0, 4, 0, 0, 0, 0, 0, 0, 3, 3, 0, 0, 0, 0, 0, 0, 0]",30,4
FG3338,"[2, 4, 5, 3, 3, 3, 2, 0, 4, 0, 0, 0, 0, 0, 0, 4, 4, 0, 0, 0, 0, 0, -2, 0]",32,4
FG3348,"[1, 5, 5, 3, 3, 2, 2, 0, 4, 0, 0, 0, 0, 0, 0, 0, 0, 0, 0, 0, 0, 0, 0, 0]",25,3
FG0307,"[4, 3, 3, 3, 5, 4, 2, 0, 0, 0, 0, 0, 0, 0, 0, 0, 0, 0, 0, 0, 0, 0, 0, -1]",23,3
FG0317,"[4, 2, 3, 2, 5, 4, 1, 4, 0, 0, 0, 0, 0, 0, 5, 0, 0, 0, 0, 0, -5, 0, 0, -1]",24,3
FG0327,"[3, 1, 2, 1, 4, 5, 1, 4, 0, 0, 0, 0, 0, 0, 3, 0, 0, 0, 0, 0, 0, 0, -2, -1]",21,2
FG0337,"[2, 2, 2, 1, 4, 5, 3, 4, 0, 0, 0, 0, 0, 0, 0, 0, 0, 0, 0, 0, 0, 0, -2, -1]",20,2
FG0347,"[2, 3, 3, 1, 3, 5, 2, 4, 4, 0, 0, 0, 0, 0, 0, 0, 0, 0, 0, 0, 0, 0, -2, -1]",24,3
FG0357,"[3, 3, 3, 1, 4, 4, 2, 4, 0, 0, 0, 0, 0, 0, 3, 0, 0, 0, 0, 0, 0, 0, -1, -1]",25,3
FG1357,"[3, 1, 2, 1, 3, 4, 2, 0, 0, 0, 0, 0, 0, 0, 5, 0, 0, 0, 0, 0, 0, 0, -2, 0]",19,2
FG1367,"[5, 2, 1, 2, 4, 2, 2, 0, 1, 0, 0, 0, 0, 0, 5, 4, 4, 0, 0, 0, 0, 0, -4, 0]",28,4
FG1377,"[4, 2, 2, 2, 4, 4, 3, 4, 0, 0, 0, 0, 0, 0, 2, 4, 4, 0, 0, 0, 0, 0, -2, 0]",33,5
FG1387,"[2, 2, 3, 2, 5, 5, 3, 0, 0, 0, 0, 0, 0, 0, 0, 0, 0, 0, 0, 0, 0, 0, 0, 0]",22,3
FG1397,"[2, 5, 5, 4, 4, 3, 1, 0, 4, 0, 3, 0, 0, 0, 0, 0, 0, 0, 0, 0, 0, 0, 0, 0]",31,4
FG2307,"[1, 5, 5, 4, 3, 2, 2, 0, 4, 0, 3, 0, 0, 0, 0, 2, 0, 0, 0, 0, 0, 0, 0, 0]",31,4
FG2317,"[2, 5, 5, 4, 3, 3, 3, 0, 4, 0, 0, 0, 0, 0, 0, 3, 0, 0, 0, 0, 0, 0, 0, 0]",32,4
FG2327,"[2, 5, 5, 3, 3, 3, 1, 0, 4, 0, 0, 0, 0, 0, 0, 2, 0, 0, 0, 0, 0, 0, 0, 0]",28,4
FG2337,"[1, 5, 5, 3, 3, 3, 3, 0, 4, 0, 0, 0, 0, 0, 0, 0, 0, 0, 0, 0, 0, 0, 0, 0]",27,4
FG2347,"[2, 4, 3, 3, 5, 5, 1, 0, 4, 0, 0, 0, 0, 0, 0, 2, 2, 0, 0, 0, 0, 0, 0, -1]",30,4
FG2357,"[2, 4, 3, 2, 5, 5, 3, 0, 4, 0, 0, 0, 0, 0, 0, 2, 2, 0, 0, 0, 0, 0, 0, 0]",32,4
FG2367,"[2, 4, 5, 4, 3, 3, 1, 0, 4, 0, 0, 0, 0, 0, 0, 0, 0, 0, 0, 0, 0, 0, 0, 0]",26,3
FG2377,"[1, 5, 5, 4, 3, 3, 3, 0, 4, 0, 0, 0, 0, 0, 0, 0, 0, 0, 0, 0, 0, 0, 0, 0]",28,4
FG2387,"[1, 5, 5, 4, 3, 3, 2, 0, 4, 0, 0, 0, 0, 0, 0, 4, 4, 0, 0, 0, 0, 0, 0, 0]",35,5
FG2397,"[2, 5, 5, 4, 3, 3, 3, 0, 4, 0, 0, 0, 0, 0, 0, 3, 3, 0, 0, 0, 0, 0, 0, 0]",35,5
FG3307,"[2, 5, 5, 3, 4, 4, 2, 0, 4, 0, 0, 0, 0, 0, 0, 2, 2, 0, 0, 0, 0, 0, 0, 0]",33,5
FG3317,"[2, 5, 5, 2, 4, 4, 3, 0, 4, 0, 0, 0, 0, 0, 0, 0, 0, 0, 0, 0, 0, 0, 0, 0]",29,4
FG3327,"[3, 4, 4, 2, 4, 4, 3, 4, 4, 0, 0, 0, 0, 0, 0, 3, 3, 0, 0, 0, 0, 0, -2, -2]",34,5
FG3337,"[3, 4, 3, 2, 5, 5, 2, 0, 4, 0, 0, 0, 0, 0, 0, 4, 4, 0, 0, 0, 0, 0, -1, -2]",33,5
FG3347,"[3, 5, 4, 2, 4, 4, 3, 0, 4, 0, 0, 0, 0, 0, 0, 3, 4, 0, 0, 0, 0, 0, 0, -4]",32,4
FG0312,"[4, 1, 1, 1, 4, 3, 2, 4, 0, 0, 0, 0, 0, 0, 5, 0, 0, 0, 0, 0, 0, 0, -1, 0]",24,3
FG0322,"[2, 1, 2, 1, 3, 5, 3, 0, 0, 0, 0, 0, 0, 0, 0, 0, 0, 0, 0, 0, 0, 0, 0, -1]",16,2
FG1322,"[3, 1, 1, 1, 5, 3, 2, 0, 0, 0, 0, 0, 0, 0, 3, 0, 0, 0, 0, 0, 0, 0, -2, -1]",16,2
FG1332,"[4, 1, 1, 1, 4, 3, 4, 4, 1, 0, 0, 0, 0, 0, 5, 0, 0, 0, 0, 0, 0, 0, -1, -1]",26,3
FG1342,"[4, 2, 2, 2, 4, 4, 3, 0, 0, 0, 0, 0, 0, 0, 2, 0, 0, 0, 0, 0, 0, 0, 0, 0]",23,3
FG1352,"[4, 3, 3, 2, 4, 4, 2, 0, 0, 0, 0, 0, 0, 0, 0, 0, 0, 0, 0, 0, 0, 0, 0, 0]",22,3
FG1362,"[4, 3, 4, 3, 4, 3, 3, 4, 0, 0, 0, 0, 0, 0, 5, 0, 0, 0, 0, 0, 0, 0, 0, 0]",33,5
FG1372,"[4, 2, 2, 3, 4, 3, 3, 4, 4, 0, 0, 0, 0, 0, 5, 4, 4, 0, 0, 0, 0, 0, 0, 0]",42,5
FG1382,"[1, 3, 5, 4, 3, 3, 2, 0, 4, 0, 3, 0, 0, 0, 2, 3, 1, 0, 0, 0, 0, 0, 0, 0]",34,5
FG1392,"[3, 5, 4, 4, 4, 4, 2, 0, 4, 0, 0, 0, 0, 0, 0, 0, 0, 0, 0, 0, 0, 0, 0, 0]",30,4
FG2302,"[3, 4, 4, 3, 5, 4, 2, 0, 4, 0, 0, 0, 0, 0, 0, 3, 3, 0, 0, 0, 0, 0, 0, 0]",35,5
FG2312,"[3, 4, 3, 3, 5, 5, 3, 0, 0, 0, 0, 0, 0, 0, 5, 2, 2, 0, 0, 0, 0, 0, 0, -2]",33,5
FG2322,"[2, 4, 3, 2, 5, 5, 2, 4, 4, 0, 0, 0, 0, 0, 0, 0, 0, 0, 0, 0, 0, 0, 0, 0]",31,4
FG2332,"[2, 4, 5, 3, 3, 4, 5, 0, 4, 0, 0, 0, 0, 0, 0, 0, 0, 0, 0, 0, 0, 0, 0, 0]",30,4
FG2342,"[3, 4, 4, 3, 4, 4, 2, 0, 4, 0, 0, 0, 0, 0, 0, 0, 0, 0, 0, 0, 0, 0, 0, 0]",28,4
FG2352,"[2, 5, 5, 3, 3, 3, 5, 0, 4, 0, 0, 0, 0, 0, 0, 0, 0, 0, 0, 0, 0, 0, 0, 0]",30,4
FG2362,"[3, 5, 4, 3, 4, 4, 3, 0, 4, 0, 0, 0, 0, 0, 0, 0, 0, 0, 0, 0, 0, 0, 0, 0]",30,4
FG2372,"[2, 5, 5, 4, 3, 3, 2, 0, 4, 0, 0, 0, 0, 0, 0, 0, 0, 0, 0, 0, 0, 0, 0, 0]",28,4
FG2382,"[3, 5, 4, 4, 4, 4, 2, 0, 4, 0, 0, 0, 0, 0, 0, 0, 0, 0, 0, 0, 0, 0, 0, 0]",30,4
FG2392,"[2, 4, 3, 2, 5, 5, 4, 0, 4, 0, 0, 0, 0, 0, 0, 4, 4, 0, 0, 0, 0, 0, -2, 0]",35,5
FG3302,"[3, 3, 2, 2, 5, 4, 4, 4, 4, 0, 0, 0, 0, 0, 2, 4, 4, 0, 0, 0, 0, 0, -3, -1]",37,5
FG3312,"[2, 3, 3, 2, 5, 5, 3, 4, 4, 0, 0, 0, 0, 0, 3, 1, 1, 0, 0, 0, 0, 0, -1, -1]",34,5
FG3322,"[1, 4, 3, 4, 5, 5, 1, 0, 4, 0, 0, 0, 0, 0, 0, 2, 2, 0, 0, 0, 0, 0, 0, -5]",26,3
FG0311,"[3, 1, 2, 1, 5, 4, 1, 4, 0, 0, 0, 0, 0, 0, 0, 0, 0, 0, 0, 0, 0, 0, -2, -1]",18,2
FG1321,"[1, 1, 2, 1, 4, 5, 2, 0, 0, 0, 0, 0, 0, 0, 0, 0, 0, 0, 0, 0, 0, 0, 0, -2]",14,1
FG1331,"[2, 1, 2, 2, 3, 5, 2, 0, 0, 0, 0, 0, 0, 0, 0, 0, 0, 0, 0, 0, 0, 0, 0, -3]",14,1
FG1341,"[2, 4, 3, 2, 5, 5, 3, 4, 0, 0, 0, 0, 0, 0, 0, 0, 0, 0, 0, 0, 0, 0, 0, -1]",27,4
FG1351,"[3, 4, 5, 3, 4, 4, 2, 0, 0, 0, 0, 0, 0, 0, 0, 0, 0, 0, 0, 0, 0, 0, 0, 0]",25,3
FG1361,"[3, 4, 4, 3, 4, 4, 2, 0, 0, 0, 0, 0, 0, 0, 0, 0, 0, 0, 0, 0, 0, 0, 0, -1]",23,3
FG1371,"[3, 3, 4, 3, 4, 4, 2, 0, 0, 0, 0, 0, 0, 0, 2, 0, 0, 0, 0, 0, 0, 0, 0, -2]",23,3
FG1381,"[2, 3, 5, 4, 3, 3, 1, 4, 1, 0, 4, 0, 5, 0, 5, 4, 3, 0, 0, 0, 0, 0, 0, -1]",46,5
FG1391,"[3, 3, 4, 4, 3, 4, 3, 4, 4, 0, 0, 0, 0, 0, 0, 4, 3, 0, 0, 0, 0, 0, 0, -1]",38,5
FG2301,"[3, 4, 3, 3, 5, 4, 3, 0, 4, 0, 0, 0, 0, 0, 0, 3, 3, 0, 0, 0, 0, 0, 0, -1]",34,5
FG2311,"[2, 4, 3, 3, 5, 5, 2, 0, 0, 0, 0, 0, 0, 0, 0, 0, 0, 0, 0, 0, 0, 0, 0, 0]",24,3
FG2321,"[2, 4, 3, 2, 5, 5, 5, 0, 4, 0, 0, 0, 0, 0, 0, 0, 0, 0, 0, 0, 0, 0, 0, -1]",29,4
FG2331,"[1, 5, 5, 3, 3, 3, 2, 0, 4, 0, 0, 0, 0, 0, 0, 0, 0, 0, 0, 0, 0, 0, 0, 0]",26,3
FG2341,"[2, 5, 5, 3, 4, 3, 1, 0, 4, 0, 0, 0, 0, 0, 0, 0, 0, 0, 0, 0, 0, 0, 0, 0]",27,4
FG2351,"[3, 5, 4, 3, 4, 4, 2, 0, 4, 0, 0, 0, 0, 0, 0, 0, 0, 0, 0, 0, 0, 0, 0, 0]",29,4
FG2361,"[1, 5, 5, 3, 3, 3, 3, 0, 4, 0, 0, 0, 0, 0, 0, 0, 0, 0, 0, 0, 0, 0, 0, 0]",27,4
FG2371,"[1, 0, 5, 3, 3, 3, 2, 0, 4, 0, 0, 0, 0, 0, 0, 0, 0, 0, 0, 0, 0, 0, 0, 0]",21,2
FG2381,"[1, 0, 5, 3, 3, 3, 2, 0, 4, 0, 0, 0, 0, 0, 0, 0, 0, 0, 0, 0, 0, 0, 0, 0]",21,2
FG2391,"[2, 4, 5, 3, 3, 3, 2, 4, 4, 0, 0, 0, 0, 0, 0, 0, 0, 0, 0, 0, 0, 0, -1, -3]",26,3
FG3301,"[3, 4, 4, 3, 4, 4, 3, 4, 4, 0, 0, 0, 0, 0, 0, 0, 0, 0, 0, 0, 0, 0, -2, -1]",30,4
FG3311,"[1, 5, 5, 3, 3, 3, 2, 0, 4, 0, 0, 0, 0, 0, 0, 0, 0, 0, 0, 0, 0, 0, 0, 0]",26,3
FG0310,"[3, 2, 3, 2, 4, 5, 0, 4, 1, 0, 0, 0, 0, 0, 0, 4, 0, 0, 0, 0, 0, 0, 0, -1]",27,4
FG1310,"[3, 2, 2, 1, 4, 4, 3, 0, 0, 0, 0, 0, 0, 0, 0, 0, 0, 0, 0, 0, 0, 0, -2, -1]",16,2
FG1320,"[1, 1, 3, 1, 4, 5, 1, 0, 0, 0, 0, 0, 0, 0, 0, 0, 0, 0, 0, 0, -5, 0, 0, -1]",10,1
FG1330,"[2, 4, 3, 2, 5, 5, 2, 4, 0, 0, 0, 0, 0, 0, 3, 0, 0, 0, 0, 0, 0, 0, 0, 0]",30,4
FG1340,"[3, 5, 4, 2, 5, 5, 1, 0, 0, 0, 0, 0, 0, 0, 0, 0, 0, 0, 0, 0, 0, 0, 0, 0]",25,3
FG1350,"[3, 5, 4, 3, 4, 4, 3, 0, 0, 0, 0, 0, 0, 0, 0, 0, 0, 0, 0, 0, 0, 0, 0, 0]",26,3
FG1360,"[1, 5, 3, 2, 5, 5, 2, 0, 0, 0, 0, 0, 0, 0, 0, 0, 0, 0, 0, 0, 0, 0, 0, 0]",23,3
FG1370,"[2, 5, 5, 3, 4, 3, 2, 0, 0, 0, 0, 0, 0, 0, 0, 0, 0, 0, 0, 0, 0, 0, 0, 0]",24,3
FG1380,"[2, 3, 5, 4, 3, 3, 3, 0, 1, 0, 0, 0, 0, 0, 0, 0, 0, 0, 0, 0, 0, 0, 0, -1]",23,3
FG1390,"[3, 3, 3, 4, 5, 5, 2, 0, 0, 0, 0, 0, 0, 0, 0, 0, 0, 0, 0, 0, 0, 0, 0, -2]",23,3
FG2300,"[3, 2, 2, 3, 5, 4, 3, 4, 0, 0, 0, 0, 0, 0, 3, 3, 0, 0, 0, 0, 0, 0, 0, -1]",31,4
FG2310,"[3, 2, 2, 3, 5, 4, 3, 0, 0, 0, 0, 0, 0, 0, 0, 0, 0, 0, 0, 0, 0, 0, 0, 0]",22,3
FG2320,"[3, 3, 3, 2, 5, 4, 4, 0, 4, 0, 0, 0, 0, 0, 0, 0, 0, 0, 0, 0, 0, 0, 0, -1]",27,4
FG2330,"[3, 4, 4, 3, 4, 4, 3, 0, 4, 0, 0, 0, 0, 0, 0, 0, 0, 0, 0, 0, 0, 0, 0, 0]",29,4
FG2340,"[3, 5, 4, 3, 4, 4, 2, 0, 4, 0, 0, 0, 0, 0, 0, 0, 0, 0, 0, 0, 0, 0, 0, 0]",29,4
FG2350,"[3, 4, 4, 3, 4, 4, 2, 4, 4, 0, 0, 0, 0, 0, 3, 0, 0, 0, 0, 0, 0, 0, 0, -2]",33,5
FG2360,"[1, 5, 5, 3, 3, 3, 2, 0, 4, 0, 0, 0, 0, 0, 0, 0, 0, 0, 0, 0, 0, 0, 0, 0]",26,3
FG0219,"[4, 3, 2, 2, 5, 4, 0, 0, 0, 0, 3, 0, 0, 0, 0, 0, 0, 0, 0, -5, 0, 0, 0, -1]",17,2
FG1219,"[3, 1, 1, 1, 3, 4, 2, 0, 0, 0, 0, 0, 0, 0, 0, 0, 0, 0, 0, 0, 0, 0, -5, -1]",9,1
FG1229,"[4, 2, 1, 1, 4, 3, 2, 4, 1, 0, 0, 0, 0, 0, 2, 0, 0, 0, 0, 0, -5, 0, -1, -1]",17,2
FG1239,"[3, 3, 2, 2, 5, 4, 2, 0, 0, 0, 0, 0, 0, 0, 0, 0, 0, 0, 0, 0, -5, 0, 0, -1]",15,1
FG1249,"[3, 3, 4, 2, 4, 4, 3, 0, 0, 0, 0, 0, 0, 0, 3, 0, 0, 0, 0, 0, 0, 0, 0, -1]",25,3
FG1259,"[3, 2, 3, 3, 4, 4, 2, 0, 1, 0, 0, 0, 0, 0, 3, 0, 0, 0, 0, 0, 0, 0, 0, -1]",24,3
FG1269,"[3, 2, 2, 3, 5, 4, 3, 0, 0, 0, 0, 0, 0, 0, 5, 0, 0, 0, 0, 0, 0, 0, 0, 0]",27,4
FG1279,"[3, 3, 4, 3, 3, 4, 3, 0, 0, 0, 0, 0, 0, 0, 0, 0, 0, 0, 0, 0, 0, 0, 0, -1]",22,3
FG1289,"[3, 3, 4, 3, 4, 4, 3, 4, 0, 0, 0, 0, 0, 0, 3, 0, 0, 0, 0, 0, 0, 0, 0, -1]",30,4
FG1299,"[3, 1, 2, 3, 5, 4, 2, 0, 0, 0, 0, 0, 0, 0, 3, 0, 0, 0, 0, 0, 0, 0, 0, 0]",23,3
FG2209,"[3, 2, 2, 2, 5, 5, 2, 0, 1, 0, 0, 0, 0, 0, 5, 3, 0, 0, 0, 0, 0, 0, 0, -1]",29,4
FG2219,"[2, 3, 3, 2, 5, 5, 2, 0, 4, 0, 0, 0, 0, 0, 0, 2, 0, 0, 0, 0, 0, 0, 0, -1]",27,4
FG2229,"[1, 3, 3, 2, 5, 5, 2, 0, 4, 0, 0, 0, 0, 0, 0, 0, 0, 0, 0, 0, 0, 0, 0, 0]",25,3
FG2239,"[3, 4, 4, 3, 4, 4, 3, 4, 4, 0, 0, 0, 0, 0, 0, 0, 0, 0, 0, 0, 0, 0, 0, 0]",33,5
FG2249,"[2, 4, 3, 4, 5, 5, 3, 0, 4, 0, 0, 0, 0, 0, 0, 0, 0, 0, 0, 0, 0, 0, 0, 0]",30,4
FG2259,"[3, 4, 5, 3, 3, 3, 3, 4, 4, 0, 5, 0, 0, 0, 0, 0, 0, 0, 0, 0, 0, 0, 0, -3]",34,5
FG2269,"[1, 5, 5, 4, 3, 3, 2, 0, 4, 0, 0, 0, 0, 0, 0, 0, 0, 0, 0, 0, 0, 0, 0, 0]",27,4
FG0218,"[2, 2, 2, 1, 5, 5, 1, 0, 4, 0, 0, 0, 0, 0, 0, 0, 0, 0, 0, 0, 0, -5, 0, -1]",16,2
FG1218,"[2, 2, 2, 1, 5, 5, 3, 0, 0, 0, 0, 0, 0, 0, 0, 0, 0, 0, 0, 0, -5, 0, -1, -2]",12,1
FG1228,"[3, 1, 2, 2, 5, 5, 2, 0, 0, 0, 0, 0, 0, 0, 0, 0, 0, 0, 0, 0, -5, -5, -5, -1]",4,1
FG1238,"[3, 4, 3, 3, 4, 4, 2, 4, 0, 0, 0, 0, 0, 0, 0, 0, 0, 0, 0, 0, 0, 0, -1, -1]",25,3
FG1248,"[3, 4, 4, 3, 4, 4, 2, 0, 0, 0, 0, 0, 0, 0, 0, 0, 0, 0, 0, 0, 0, 0, 0, 0]",24,3
FG1258,"[3, 2, 2, 2, 5, 5, 2, 0, 0, 0, 0, 0, 0, 0, 0, 0, 0, 0, 0, 0, 0, 0, 0, -1]",20,2
FG1268,"[3, 3, 3, 4, 5, 5, 2, 4, 0, 0, 0, 0, 0, 0, 0, 0, 0, 0, 0, 0, 0, 0, 0, -1]",28,4
FG1278,"[1, 5, 5, 3, 3, 3, 3, 0, 0, 0, 0, 0, 0, 0, 0, 0, 0, 0, 0, 0, 0, 0, 0, 0]",23,3
FG1288,"[3, 4, 4, 3, 4, 4, 3, 0, 0, 0, 0, 0, 0, 0, 0, 0, 0, 0, 0, 0, 0, 0, 0, 0]",25,3
FG1298,"[2, 4, 3, 3, 5, 5, 2, 0, 0, 0, 0, 0, 0, 0, 0, 0, 0, 0, 0, 0, 0, 0, 0, 0]",24,3
FG2208,"[2, 3, 3, 3, 5, 5, 3, 0, 0, 0, 0, 0, 0, 0, 3, 0, 0, 0, 0, 0, 0, 0, 0, -1]",26,3
FG2218,"[3, 4, 4, 3, 4, 4, 5, 0, 4, 0, 0, 0, 0, 0, 0, 3, 0, 0, 0, 0, 0, 0, 0, -1]",33,5
FG2228,"[2, 3, 5, 3, 3, 3, 2, 0, 4, 0, 0, 0, 0, 0, 0, 2, 0, 0, 0, 0, 0, 0, 0, 0]",27,4
FG2238,"[2, 5, 5, 3, 3, 3, 3, 0, 4, 0, 0, 0, 0, 0, 0, 0, 0, 0, 0, 0, 0, 0, 0, 0]",28,4
FG2248,"[3, 4, 3, 3, 4, 5, 5, 4, 4, 0, 3, 0, 0, 0, 0, 0, 0, 0, 0, 0, 0, 0, 0, -2]",36,5
FG2258,"[2, 5, 5, 2, 4, 4, 3, 0, 4, 0, 0, 0, 0, 0, 0, 0, 0, 0, 0, 0, 0, 0, 0, 0]",29,4
FG1217,"[4, 2, 3, 1, 3, 4, 2, 4, 4, 0, 0, 0, 0, 0, 5, 0, 0, 0, 0, 0, 0, 0, 0, -1]",31,4
FG1227,"[4, 3, 3, 2, 4, 4, 3, 4, 4, 0, 0, 0, 0, 0, 0, 0, 0, 0, 0, 0, 0, 0, -1, -1]",29,4
FG1237,"[4, 3, 3, 3, 4, 4, 2, 4, 4, 0, 3, 0, 0, 0, 0, 0, 0, 0, 0, 0, 0, 0, -5, -3]",26,3
FG1247,"[2, 3, 3, 2, 5, 5, 1, 0, 0, 0, 0, 0, 0, 0, 0, 0, 0, 0, 0, 0, 0, 0, 0, 0]",21,2
FG1257,"[3, 2, 2, 2, 5, 4, 3, 0, 0, 0, 0, 0, 0, 0, 3, 0, 0, 0, 0, 0, 0, 0, 0, 0]",24,3
FG1267,"[2, 4, 4, 3, 4, 5, 2, 0, 0, 0, 0, 0, 0, 0, 0, 0, 0, 0, 0, 0, 0, 0, 0, 0]",24,3
FG1277,"[1, 5, 5, 3, 3, 3, 3, 0, 0, 0, 0, 0, 0, 0, 0, 0, 0, 0, 0, 0, 0, 0, 0, 0]",23,3
FG1287,"[2, 4, 4, 3, 5, 5, 2, 0, 0, 0, 0, 0, 0, 0, 0, 0, 0, 0, 0, 0, 0, 0, 0, 0]",25,3
FG1297,"[4, 2, 2, 3, 5, 4, 3, 4, 1, 0, 0, 0, 0, 0, 5, 0, 0, 0, 0, 0, 0, 0, 0, -1]",32,4
FG2207,"[2, 1, 2, 2, 5, 5, 3, 0, 0, 0, 0, 0, 0, 0, 3, 0, 0, 0, 0, 0, 0, 0, 0, -1]",22,3
FG2217,"[3, 4, 4, 5, 4, 4, 4, 0, 5, 0, 0, 0, 0, 0, 0, 1, 0, 0, 0, 0, 0, 0, 0, 0]",34,5
FG2227,"[1, 5, 5, 5, 3, 3, 2, 0, 5, 0, 4, 0, 0, 0, 0, 3, 0, 0, 0, 0, 0, 0, 0, 0]",36,5
FG2237,"[3, 4, 4, 3, 4, 4, 3, 4, 4, 0, 0, 0, 0, 0, 0, 0, 0, 0, 0, 0, 0, 0, 0, 0]",33,5
FG2247,"[3, 3, 3, 2, 4, 4, 5, 4, 4, 0, 0, 0, 0, 0, 5, 0, 0, 0, 0, 0, 0, 0, 0, -2]",35,5
FG2257,"[2, 5, 5, 3, 3, 3, 1, 0, 4, 0, 0, 0, 0, 0, 0, 0, 0, 0, 0, 0, 0, 0, 0, 0]",26,3
FG2267,"[1, 5, 5, 4, 3, 3, 2, 0, 4, 0, 0, 0, 0, 0, 0, 0, 0, 0, 0, 0, 0, 0, 0, 0]",27,4
FG2277,"[1, 5, 5, 3, 3, 2, 2, 0, 4, 0, 0, 0, 0, 0, 0, 0, 0, 0, 0, 0, 0, 0, 0, 0]",25,3
FG2287,"[3, 5, 5, 3, 3, 3, 2, 4, 4, 0, 0, 0, 0, 0, 0, 3, 0, 0, 0, 0, 0, 0, -2, -2]",31,4
FG2297,"[1, 5, 5, 4, 3, 3, 2, 0, 4, 0, 0, 0, 0, 0, 0, 1, 0, 0, 0, 0, 0, 0, -1, 0]",27,4
FG1178,"[2, 4, 3, 3, 5, 5, 2, 4, 0, 0, 0, 0, 0, 0, 0, 0, 0, 0, 0, 0, 0, 0, 0, -1]",27,4
FG1179,"[2, 2, 3, 3, 5, 5, 1, 0, 0, 0, 0, 0, 0, 0, 5, 0, 0, 0, 0, 0, 0, 0, 0, -1]",25,3
FG1188,"[2, 1, 2, 2, 5, 5, 3, 4, 0, 0, 0, 0, 0, 0, 3, 0, 0, 0, 0, 0, 0, 0, -2, -1]",24,3
FG1189,"[2, 1, 2, 2, 5, 5, 2, 4, 0, 0, 0, 0, 0, 0, 5, 0, 0, 0, 0, 0, 0, 0, -2, -1]",25,3
FG1198,"[3, 4, 4, 4, 4, 4, 2, 0, 4, 0, 0, 0, 0, 0, 0, 0, 0, 0, 0, 0, 0, 0, 0, -5]",24,3
FG1199,"[3, 2, 3, 3, 5, 5, 2, 0, 4, 0, 0, 0, 0, 0, 5, 3, 3, 0, 0, 0, 0, 0, 0, -1]",37,5
FG2108,"[1, 5, 5, 4, 3, 3, 2, 0, 4, 0, 0, 0, 0, 0, 0, 2, 0, 0, 0, 0, 0, 0, 0, 0]",29,4
FG2109,"[3, 3, 4, 4, 4, 4, 2, 0, 4, 0, 3, 0, 0, 0, 0, 4, 4, 0, 0, 0, 0, 0, 0, -1]",38,5
FG2118,"[1, 5, 5, 5, 3, 3, 2, 0, 4, 0, 0, 0, 0, 0, 0, 3, 0, 0, 0, 0, 0, 0, 0, 0]",31,4
FG2119,"[3, 4, 4, 3, 4, 4, 5, 4, 4, 0, 0, 0, 0, 0, 0, 4, 4, 0, 0, 0, 0, 0, 0, -2]",41,5
FG2128,"[2, 5, 5, 5, 3, 3, 1, 0, 4, 0, 0, 0, 0, 0, 0, 0, 0, 0, 0, 0, 0, 0, 0, 0]",28,4
FG2129,"[2, 4, 3, 3, 4, 5, 3, 4, 4, 0, 0, 0, 0, 0, 5, 5, 4, 0, 0, 0, 0, 0, 0, -3]",43,5
FG2138,"[1, 5, 5, 4, 3, 3, 1, 0, 4, 0, 0, 0, 0, 0, 0, 0, 0, 0, 0, 0, 0, 0, 0, 0]",26,3
FG2139,"[3, 3, 4, 3, 4, 4, 3, 4, 4, 0, 0, 0, 0, 0, 0, 3, 3, 0, 0, 0, 0, 0, 0, -2]",36,5
FG2148,"[2, 5, 5, 4, 3, 3, 3, 0, 4, 0, 0, 0, 0, 0, 0, 0, 0, 0, 0, 0, 0, 0, 0, 0]",29,4
FG2149,"[1, 5, 5, 3, 3, 3, 1, 0, 4, 0, 0, 0, 0, 0, 0, 0, 0, 0, 0, 0, 0, 0, 0, 0]",25,3
FG2158,"[1, 5, 5, 5, 3, 3, 4, 0, 4, 0, 0, 0, 0, 0, 0, 0, 0, 0, 0, 0, 0, 0, 0, 0]",30,4
FG2159,"[1, 5, 5, 4, 3, 3, 2, 0, 4, 0, 0, 0, 0, 0, 0, 3, 3, 0, 0, 0, 0, 0, 0, 0]",33,5
FG2168,"[1, 5, 5, 4, 3, 3, 3, 0, 4, 0, 0, 0, 0, 0, 0, 0, 0, 0, 0, 0, 0, 0, 0, 0]",28,4
FG2169,"[1, 5, 5, 3, 3, 3, 3, 0, 4, 0, 0, 0, 0, 0, 0, 3, 3, 0, 0, 0, 0, 0, 0, 0]",33,5
FG3108,"[2, 4, 5, 3, 3, 3, 3, 4, 4, 0, 0, 0, 0, 0, 0, 1, 0, 0, 0, 0, 0, 0, 0, 0]",32,4
FG3109,"[1, 5, 5, 3, 3, 2, 3, 0, 4, 0, 0, 0, 0, 0, 0, 2, 0, 0, 0, 0, 0, 0, 0, 0]",28,4
FG3118,"[1, 0, 5, 4, 3, 3, 3, 0, 4, 0, 0, 0, 0, 0, 0, 0, 0, 0, 0, 0, 0, 0, 0, 0]",23,3
FG3119,"[1, 5, 5, 3, 3, 3, 3, 0, 4, 0, 0, 0, 0, 0, 0, 4, 0, 0, 0, 0, 0, 0, 0, 0]",31,4
FG3128,"[1, 5, 5, 3, 4, 3, 2, 0, 4, 0, 0, 0, 0, 0, 0, 4, 0, 5, 0, 0, 0, 0, 0, 0]",36,5
FG1270,"[3, 4, 4, 3, 4, 4, 2, 0, 0, 0, 0, 0, 0, 0, 0, 0, 0, 0, 0, 0, 0, 0, 0, -4]",20,2
FG1280,"[2, 3, 3, 2, 5, 5, 3, 0, 0, 0, 0, 0, 0, 0, 3, 0, 0, 0, 0, 0, 0, 0, -1, -2]",23,3
FG1281,"[3, 3, 3, 2, 5, 5, 2, 0, 0, 0, 0, 0, 0, 0, 3, 0, 0, 0, 0, 0, 0, 0, 0, -1]",25,3
FG1290,"[3, 2, 2, 2, 5, 5, 2, 4, 0, 0, 0, 0, 0, 0, 0, 4, 4, 0, 0, 0, 0, 0, -2, -1]",30,4
FG1291,"[3, 2, 2, 2, 5, 4, 1, 0, 0, 0, 0, 0, 0, 0, 0, 4, 4, 0, 0, 0, 0, 0, -2, -1]",24,3
FG2200,"[2, 4, 5, 4, 4, 3, 3, 0, 4, 0, 0, 0, 0, 0, 0, 0, 0, 0, 0, 0, 0, 0, 0, -2]",27,4
FG2201,"[2, 4, 5, 4, 4, 3, 2, 0, 4, 0, 0, 0, 0, 0, 0, 0, 0, 0, 0, 0, 0, 0, 0, 0]",28,4
FG2210,"[2, 5, 5, 4, 4, 4, 3, 0, 4, 0, 0, 0, 0, 0, 0, 0, 0, 0, 0, 0, 0, 0, 0, 0]",31,4
FG2211,"[1, 5, 5, 4, 3, 3, 3, 0, 4, 0, 0, 0, 0, 0, 0, 0, 0, 0, 0, 0, 0, 0, 0, 0]",28,4
FG2220,"[2, 5, 4, 3, 4, 5, 2, 0, 4, 0, 0, 0, 0, 0, 0, 0, 0, 0, 0, 0, 0, 0, 0, 0]",29,4
FG2221,"[2, 5, 5, 3, 3, 3, 2, 0, 4, 0, 0, 0, 0, 0, 0, 3, 2, 0, 0, 0, 0, 0, 0, 0]",32,4
FG2230,"[2, 4, 4, 3, 4, 5, 3, 0, 4, 0, 0, 0, 0, 0, 0, 3, 2, 0, 0, 0, 0, 0, 0, 0]",34,5
FG2231,"[1, 5, 5, 3, 3, 3, 2, 0, 5, 0, 0, 0, 0, 0, 0, 4, 3, 0, 0, 0, 0, 0, 0, 0]",34,5
FG2240,"[3, 4, 4, 2, 4, 4, 1, 0, 4, 0, 0, 0, 0, 0, 0, 5, 4, 0, 0, 0, 0, 0, 0, 0]",35,5
FG2241,"[3, 5, 4, 4, 4, 4, 2, 0, 5, 0, 0, 0, 0, 0, 0, 0, 0, 0, 0, 0, 0, 0, 0, 0]",31,4
FG2250,"[3, 4, 4, 3, 4, 4, 3, 0, 4, 0, 0, 0, 0, 0, 0, 2, 2, 0, 0, 0, 0, 0, 0, 0]",33,5
FG2251,"[1, 2, 3, 2, 5, 5, 3, 0, 4, 0, 0, 0, 0, 0, 0, 3, 3, 0, 0, 0, 0, 0, 0, -2]",29,4
FG2260,"[2, 5, 5, 3, 4, 3, 2, 0, 5, 0, 0, 0, 0, 0, 0, 0, 0, 0, 0, 0, 0, 0, 0, 0]",29,4
FG2261,"[3, 2, 3, 4, 5, 5, 3, 0, 4, 0, 0, 0, 0, 0, 0, 2, 2, 0, 0, 0, 0, 0, 0, -1]",32,4
FG2271,"[2, 4, 5, 3, 3, 3, 2, 0, 4, 0, 3, 0, 0, 0, 0, 0, 0, 0, 0, 0, 0, 0, 0, 0]",29,4
FG3200,"[1, 5, 5, 3, 3, 3, 3, 4, 4, 0, 0, 0, 0, 0, 0, 0, 0, 0, 0, 0, 0, 0, 0, 0]",31,4
FG3210,"[1, 5, 5, 3, 3, 3, 1, 0, 4, 0, 0, 0, 0, 0, 0, 4, 0, 0, 0, 0, 0, 0, 0, 0]",29,4
FG1235,"[4, 2, 3, 2, 4, 4, 3, 4, 0, 0, 0, 0, 0, 0, 3, 3, 3, 0, 0, 0, 0, 0, 0, -1]",34,5
FG1245,"[4, 3, 3, 2, 5, 4, 2, 0, 4, 0, 0, 0, 0, 0, 2, 4, 4, 0, 0, 0, 0, 0, -2, -1]",34,5
FG1254,"[3, 3, 4, 2, 4, 4, 2, 0, 4, 0, 0, 0, 0, 0, 0, 2, 2, 0, 0, 0, 0, 0, 0, -2]",28,4
FG1255,"[3, 4, 2, 2, 4, 4, 1, 0, 4, 0, 0, 0, 0, 0, 3, 3, 3, 0, 0, 0, 0, 0, -5, -4]",24,3
FG1264,"[3, 4, 4, 2, 3, 3, 3, 4, 4, 0, 0, 0, 0, 0, 0, 3, 3, 0, 0, 0, 0, 0, -3, -5]",28,4
FG1265,"[4, 3, 3, 2, 4, 3, 2, 0, 4, 0, 3, 0, 0, 0, 0, 2, 2, 0, 0, 0, 0, 0, -2, -1]",29,4
FG1274,"[4, 3, 3, 2, 5, 4, 2, 0, 0, 0, 0, 0, 0, 0, 3, 0, 0, 0, 0, -5, 0, 0, -4, -1]",16,2
FG1275,"[5, 3, 3, 3, 4, 3, 2, 4, 4, 0, 0, 0, 0, 0, 5, 3, 4, 0, 0, 0, 0, 0, -2, -1]",40,5
FG1284,"[5, 3, 2, 2, 5, 4, 2, 5, 4, 0, 0, 0, 0, 0, 5, 2, 2, 0, 0, 0, 0, 0, -3, -1]",37,5
FG1285,"[3, 3, 3, 2, 5, 5, 3, 4, 4, 0, 0, 0, 0, 0, 0, 2, 2, 0, 0, 0, 0, 0, -1, -1]",34,5
FG1294,"[4, 2, 1, 2, 4, 2, 2, 5, 4, 0, 0, 0, 0, 5, 5, 5, 4, 0, 0, 0, 0, 0, -2, 0]",43,5
FG1295,"[2, 1, 2, 1, 3, 5, 3, 4, 0, 0, 0, 0, 0, 0, 0, 0, 0, 0, 0, 0, 0, 0, -2, -2]",17,2
FG2204,"[4, 3, 3, 3, 5, 4, 3, 5, 4, 0, 0, 0, 0, 0, 2, 3, 3, 0, 0, 0, 0, 0, -2, -1]",39,5
FG2205,"[4, 3, 3, 3, 4, 4, 2, 0, 4, 0, 0, 0, 0, 0, 2, 1, 1, 0, 0, 0, 0, 0, -2, -1]",28,4
FG2214,"[2, 4, 5, 5, 3, 3, 1, 0, 4, 0, 3, 0, 0, 0, 0, 2, 2, 0, 0, 0, 0, 0, -1, -1]",32,4
FG2215,"[3, 3, 5, 5, 3, 3, 2, 4, 5, 0, 4, 0, 0, 0, 0, 2, 2, 0, 0, 0, 0, 0, -3, -1]",37,5
FG2224,"[5, 3, 2, 3, 3, 3, 3, 4, 4, 0, 5, 0, 0, 0, 0, 3, 3, 0, 0, 0, 0, 0, -4, -2]",35,5
FG2225,"[3, 4, 5, 5, 3, 3, 2, 4, 5, 0, 0, 0, 0, 0, 0, 3, 0, 0, 0, 0, 0, 0, 0, -1]",36,5
FG2234,"[3, 4, 5, 4, 4, 4, 3, 4, 4, 0, 0, 0, 0, 0, 3, 3, 1, 0, 0, 0, 0, 0, -2, 0]",40,5
FG2235,"[3, 4, 4, 3, 3, 3, 4, 0, 4, 0, 0, 0, 0, 0, 0, 3, 3, 0, 0, 0, 0, 0, -2, -2]",30,4
FG2244,"[2, 4, 5, 4, 3, 3, 3, 0, 4, 0, 0, 0, 0, 0, 0, 0, 0, 0, 0, 0, 0, 0, -1, 0]",27,4
FG2245,"[4, 3, 3, 2, 4, 4, 3, 5, 4, 0, 0, 0, 0, 0, 5, 3, 3, 0, 0, 0, 0, 0, -3, -2]",38,5
FG2254,"[1, 5, 5, 5, 3, 3, 2, 0, 4, 0, 0, 0, 0, 0, 0, 0, 0, 0, 0, 0, 0, 0, 0, 0]",28,4
FG2255,"[3, 3, 4, 3, 4, 4, 3, 4, 4, 0, 0, 0, 0, 0, 3, 3, 3, 0, 0, 0, 0, 0, -4, -2]",35,5
FG2264,"[1, 5, 5, 4, 3, 3, 1, 0, 4, 0, 0, 0, 0, 0, 0, 3, 0, 0, 0, 0, 0, 0, 0, 0]",29,4
FG2265,"[1, 4, 5, 4, 3, 3, 3, 4, 4, 0, 0, 0, 0, 0, 0, 1, 1, 0, 0, 0, 0, 0, -1, 0]",32,4
FG2274,"[2, 5, 5, 4, 3, 3, 3, 0, 4, 0, 0, 0, 0, 0, 0, 1, 0, 0, 0, 0, 0, 0, 0, 0]",30,4
FG2275,"[1, 4, 5, 4, 3, 3, 1, 0, 4, 0, 0, 0, 0, 0, 0, 3, 0, 0, 0, 0, 0, 0, 0, 0]",28,4
FG2284,"[2, 3, 3, 2, 4, 5, 3, 4, 4, 0, 0, 0, 0, 0, 0, 3, 3, 0, 0, 0, 0, 0, 0, -2]",34,5
FG2285,"[3, 3, 4, 4, 3, 3, 2, 0, 4, 0, 0, 0, 0, 0, 0, 4, 3, 0, 0, 0, 0, 0, -3, -3]",27,4
FG2294,"[2, 5, 3, 2, 5, 5, 3, 0, 4, 0, 0, 0, 0, 0, 0, 4, 3, 0, 0, 0, 0, 0, -2, 0]",34,5
FG2295,"[3, 3, 2, 1, 5, 4, 2, 0, 4, 0, 0, 0, 0, 0, 5, 4, 3, 0, 0, 0, 0, 0, -3, -2]",31,4
FG1226,"[3, 4, 4, 3, 3, 4, 1, 4, 4, 0, 3, 5, 0, 0, 3, 0, 0, 0, 0, 0, 0, 0, 0, -3]",38,5
FG1236,"[4, 3, 3, 2, 4, 4, 3, 4, 4, 0, 0, 0, 0, 0, 0, 0, 0, 0, 0, 0, 0, 0, -3, -1]",27,4
FG1246,"[4, 2, 2, 2, 5, 4, 3, 4, 4, 0, 0, 0, 0, 0, 5, 0, 0, 0, 0, 0, 0, 0, -4, 0]",31,4
FG1256,"[2, 2, 3, 2, 5, 5, 2, 0, 0, 0, 0, 0, 0, 0, 0, 0, 0, 0, 0, 0, 0, 0, -1, 0]",20,2
FG1266,"[2, 4, 5, 3, 4, 4, 2, 0, 0, 0, 0, 0, 0, 0, 0, 0, 0, 0, 0, 0, 0, 0, 0, 0]",24,3
FG1276,"[2, 4, 5, 3, 3, 3, 3, 0, 0, 0, 0, 0, 0, 0, 0, 0, 0, 0, 0, 0, 0, 0, 0, 0]",23,3
FG1286,"[2, 4, 3, 2, 5, 5, 2, 0, 0, 0, 0, 0, 0, 0, 0, 0, 0, 0, 0, 0, 0, 0, 0, 0]",23,3
FG1296,"[2, 1, 2, 1, 4, 5, 3, 4, 0, 0, 0, 0, 0, 0, 3, 0, 0, 0, 0, 0, 0, 0, 0, -1]",24,3
FG2206,"[2, 4, 3, 2, 5, 5, 3, 0, 4, 0, 0, 0, 0, 0, 0, 0, 0, 0, 0, 0, 0, 0, 0, 0]",28,4
FG2216,"[1, 4, 5, 5, 3, 3, 1, 0, 5, 0, 0, 0, 0, 0, 0, 1, 0, 5, 0, 0, 0, 0, 0, 0]",33,5
FG2226,"[1, 5, 5, 5, 3, 3, 2, 0, 4, 0, 0, 0, 0, 0, 0, 3, 0, 0, 0, 0, 0, 0, 0, 0]",31,4
FG2236,"[2, 4, 5, 3, 3, 4, 3, 0, 4, 0, 0, 0, 0, 0, 0, 0, 0, 0, 0, 0, 0, 0, 0, 0]",28,4
FG2246,"[3, 4, 4, 2, 4, 4, 3, 5, 4, 0, 4, 0, 0, 0, 0, 0, 0, 0, 0, 0, 0, 0, 0, -1]",36,5
FG2256,"[4, 5, 3, 2, 4, 3, 2, 5, 4, 0, 0, 0, 0, 0, 0, 0, 0, 0, 0, 0, 0, 0, 0, -3]",29,4
FG2266,"[4, 5, 5, 2, 3, 3, 4, 5, 4, 0, 0, 0, 0, 0, 0, 2, 2, 0, 0, 0, 0, 0, -3, 0]",36,5
FG2276,"[3, 5, 5, 2, 3, 3, 4, 4, 4, 0, 0, 0, 0, 0, 0, 3, 3, 0, 0, 0, 0, 0, -4, -3]",32,4
FG2286,"[4, 4, 3, 2, 4, 4, 2, 0, 4, 0, 0, 0, 0, 0, 0, 4, 3, 0, 0, 0, 0, 0, -3, -2]",29,4
FG2296,"[2, 4, 5, 5, 3, 3, 1, 0, 4, 0, 0, 0, 0, 0, 0, 0, 0, 0, 0, 0, 0, 0, 0, -4]",23,3
FG1273,"[3, 4, 4, 3, 4, 4, 1, 0, 0, 0, 0, 0, 0, 0, 0, 0, 0, 0, 0, -5, 0, 0, 0, 0]",18,2
FG1283,"[3, 1, 2, 2, 5, 4, 1, 4, 0, 0, 0, 0, 0, 0, 0, 0, 0, 0, 0, 0, 0, 0, -2, -1]",19,2
FG1293,"[4, 1, 2, 2, 5, 4, 3, 0, 0, 0, 0, 0, 0, 0, 0, 4, 4, 0, 0, 0, 0, 0, -1, 0]",28,4
FG2203,"[2, 4, 5, 3, 4, 4, 2, 0, 4, 0, 0, 0, 0, 0, 0, 4, 3, 0, 0, 0, 0, 0, 0, 0]",35,5
FG2213,"[2, 5, 5, 4, 3, 3, 3, 0, 4, 0, 0, 0, 0, 0, 0, 4, 2, 0, 0, 0, 0, 0, 0, 0]",35,5
FG2223,"[2, 5, 5, 3, 3, 3, 3, 0, 4, 0, 0, 0, 0, 0, 0, 0, 0, 0, 0, 0, 0, 0, 0, 0]",28,4
FG2233,"[1, 4, 5, 5, 3, 3, 3, 0, 4, 0, 3, 0, 0, 0, 5, 2, 0, 0, 0, 0, 0, 0, 0, 0]",38,5
FG2243,"[1, 5, 5, 4, 3, 3, 1, 0, 4, 0, 0, 0, 0, 0, 0, 4, 0, 0, 0, 0, 0, 0, 0, 0]",30,4
FG2253,"[2, 5, 5, 4, 4, 3, 2, 0, 4, 0, 0, 0, 0, 0, 0, 3, 0, 0, 0, 0, 0, 0, 0, 0]",32,4
FG2263,"[3, 4, 4, 5, 4, 4, 2, 0, 4, 0, 0, 0, 0, 0, 0, 1, 1, 0, 0, 0, 0, 0, 0, 0]",32,4
FG2273,"[2, 2, 3, 3, 5, 5, 3, 0, 4, 0, 3, 0, 0, 0, 0, 3, 3, 0, 0, 0, 0, 0, 0, -1]",35,5
FG2283,"[3, 5, 4, 3, 4, 4, 2, 0, 4, 0, 0, 0, 0, 0, 0, 1, 1, 0, 0, 0, 0, 0, 0, 0]",31,4
FG2293,"[2, 5, 5, 3, 3, 3, 3, 0, 4, 0, 0, 0, 0, 0, 0, 4, 3, 0, 0, 0, 0, 0, 0, 0]",35,5
FG1272,"[3, 4, 4, 3, 4, 4, 2, 4, 0, 0, 0, 0, 0, 0, 0, 4, 4, 0, 0, 0, 0, 0, 0, -2]",34,5
FG1282,"[3, 2, 3, 3, 5, 5, 3, 4, 0, 0, 0, 0, 0, 0, 0, 3, 3, 0, 0, 0, 0, 0, -2, -1]",31,4
FG1292,"[3, 1, 2, 2, 5, 4, 3, 4, 0, 0, 0, 0, 0, 0, 0, 4, 4, 0, 0, 0, 0, 0, -1, -1]",30,4
FG2202,"[2, 4, 4, 3, 4, 4, 3, 0, 4, 0, 0, 0, 0, 0, 3, 0, 0, 0, 0, 0, 0, 0, 0, -1]",30,4
FG2212,"[1, 5, 5, 5, 3, 3, 4, 0, 4, 0, 0, 0, 0, 0, 0, 3, 2, 0, 0, 0, 0, 0, 0, 0]",35,5
FG2222,"[1, 5, 5, 5, 3, 3, 3, 0, 4, 0, 0, 0, 0, 0, 0, 3, 2, 0, 0, 0, 0, 0, 0, 0]",34,5
FG2232,"[1, 0, 5, 5, 3, 3, 3, 0, 4, 0, 0, 0, 0, 0, 0, 1, 0, 0, 0, 0, 0, 0, 0, 0]",25,3
FG2242,"[3, 5, 5, 4, 4, 4, 1, 0, 4, 0, 0, 0, 0, 0, 0, 3, 0, 0, 0, 0, 0, 0, 0, 0]",33,5
FG2252,"[3, 4, 4, 4, 5, 5, 2, 0, 4, 0, 0, 0, 0, 0, 0, 0, 0, 0, 0, 0, 0, 0, 0, 0]",31,4
FG2262,"[3, 3, 3, 2, 5, 4, 2, 0, 4, 0, 0, 0, 0, 0, 2, 3, 3, 0, 0, 0, 0, 0, 0, -3]",31,4
FG2272,"[2, 4, 3, 4, 5, 5, 3, 0, 4, 0, 0, 0, 0, 0, 0, 0, 0, 0, 0, 0, 0, 0, 0, 0]",30,4
FG2282,"[3, 5, 5, 3, 4, 4, 2, 0, 4, 0, 0, 0, 0, 0, 0, 3, 2, 0, 0, 0, 0, 0, 0, 0]",35,5
FG1177,"[3, 4, 3, 2, 5, 5, 2, 0, 0, 0, 0, 0, 0, 0, 0, 0, 0, 0, 0, 0, 0, 0, 0, -1]",23,3
FG1187,"[2, 3, 3, 2, 5, 5, 3, 0, 4, 0, 0, 0, 0, 0, 3, 0, 0, 0, 0, 0, 0, 0, -2, 0]",28,4
FG1197,"[1, 4, 5, 3, 3, 3, 3, 0, 4, 0, 0, 0, 0, 0, 0, 0, 0, 0, 0, 0, 0, 0, 0, 0]",26,3
FG2107,"[1, 5, 5, 3, 3, 3, 3, 0, 4, 0, 0, 0, 0, 0, 0, 3, 0, 0, 0, 0, 0, 0, 0, 0]",30,4
FG2117,"[1, 5, 5, 5, 3, 3, 4, 0, 4, 0, 0, 0, 0, 0, 0, 0, 0, 0, 0, 0, 0, 0, 0, 0]",30,4
FG2127,"[1, 5, 5, 5, 3, 3, 2, 0, 4, 0, 0, 0, 0, 0, 0, 0, 0, 0, 0, 0, 0, 0, 0, 0]",28,4
FG2137,"[2, 4, 5, 3, 3, 3, 3, 4, 4, 0, 0, 0, 0, 0, 0, 0, 0, 0, 0, 0, 0, 0, 0, 0]",31,4
FG2147,"[2, 5, 5, 3, 4, 3, 3, 0, 4, 0, 0, 0, 0, 0, 0, 0, 0, 0, 0, 0, 0, 0, 0, 0]",29,4
FG2157,"[1, 5, 5, 3, 3, 3, 4, 0, 4, 0, 0, 0, 0, 0, 0, 0, 0, 0, 0, 0, 0, 0, 0, 0]",28,4
FG2167,"[1, 5, 5, 4, 3, 3, 3, 0, 4, 0, 0, 0, 0, 0, 0, 0, 0, 0, 0, 0, 0, 0, 0, 0]",28,4
FG2177,"[1, 5, 5, 5, 3, 2, 2, 0, 4, 0, 0, 0, 0, 0, 0, 0, 0, 0, 0, 0, 0, 0, 0, 0]",27,4
FG2197,"[2, 4, 5, 4, 3, 3, 3, 4, 4, 0, 0, 0, 0, 0, 5, 0, 0, 0, 0, 0, 0, 0, 0, -2]",35,5
FG3107,"[1, 0, 5, 3, 3, 3, 2, 0, 4, 0, 0, 0, 0, 0, 0, 0, 0, 0, 0, 0, 0, 0, 0, 0]",21,2
FG3117,"[1, 5, 5, 5, 3, 3, 2, 0, 4, 0, 0, 0, 0, 0, 0, 0, 0, 0, 0, 0, 0, 0, 0, 0]",28,4
FG3127,"[1, 5, 5, 3, 3, 3, 3, 0, 4, 0, 0, 0, 0, 0, 0, 3, 0, 0, 0, 0, 0, 0, 0, 0]",30,4
FG1166,"[3, 4, 4, 4, 4, 4, 3, 4, 0, 0, 0, 0, 0, 0, 3, 0, 0, 0, 0, 0, 0, 0, 0, -3]",30,4
FG1176,"[2, 2, 2, 3, 5, 5, 3, 0, 0, 0, 0, 0, 0, 0, 3, 0, 0, 0, 0, 0, 0, 0, -1, -1]",23,3
FG1186,"[3, 3, 4, 3, 4, 4, 2, 0, 5, 0, 0, 0, 0, 0, 0, 0, 0, 0, 0, 0, 0, 0, -1, -1]",26,3
FG1196,"[1, 5, 5, 4, 3, 3, 4, 0, 4, 0, 0, 0, 0, 0, 0, 3, 0, 0, 0, 0, 0, 0, 0, 0]",32,4
FG2106,"[1, 5, 5, 5, 3, 3, 3, 0, 4, 0, 0, 0, 0, 0, 0, 2, 0, 0, 0, 0, 0, 0, 0, 0]",31,4
FG2116,"[2, 5, 5, 4, 3, 3, 3, 0, 4, 0, 0, 0, 0, 0, 0, 0, 0, 0, 0, 0, 0, 0, 0, 0]",29,4
FG2126,"[3, 4, 4, 4, 4, 4, 4, 0, 4, 0, 0, 0, 0, 0, 0, 0, 0, 0, 0, 0, 0, 0, 0, -2]",29,4
FG2136,"[3, 4, 4, 3, 4, 4, 3, 0, 4, 0, 0, 0, 0, 0, 0, 0, 0, 0, 0, 0, 0, 0, 0, -4]",25,3
FG2146,"[3, 5, 4, 2, 4, 4, 3, 0, 4, 0, 0, 0, 0, 0, 0, 0, 0, 0, 0, 0, 0, 0, 0, 0]",29,4
FG2156,"[3, 4, 4, 3, 4, 4, 3, 4, 4, 0, 3, 0, 0, 0, 0, 0, 0, 0, 0, 0, 0, 0, 0, -5]",31,4
FG2166,"[3, 3, 4, 3, 4, 3, 3, 0, 4, 0, 0, 0, 0, 0, 3, 0, 0, 0, 0, 0, 0, 0, 0, -1]",29,4
FG2176,"[3, 4, 4, 3, 4, 4, 3, 4, 4, 0, 0, 0, 0, 0, 0, 0, 0, 0, 0, 0, 0, 0, 0, -3]",30,4
FG2186,"[2, 5, 5, 4, 3, 3, 2, 0, 4, 0, 0, 0, 0, 0, 0, 0, 0, 0, 0, 0, 0, 0, 0, 0]",28,4
FG2196,"[1, 5, 5, 4, 3, 2, 1, 0, 4, 0, 0, 0, 0, 0, 0, 0, 0, 0, 0, 0, 0, 0, 0, 0]",25,3
FG3106,"[1, 5, 5, 4, 3, 3, 2, 0, 4, 0, 0, 0, 0, 0, 0, 0, 0, 0, 0, 0, 0, 0, 0, 0]",27,4
FG3116,"[1, 5, 5, 5, 3, 3, 3, 0, 4, 0, 0, 0, 0, 0, 0, 0, 0, 0, 0, 0, 0, 0, 0, 0]",29,4
FG1155,"[3, 3, 3, 2, 5, 5, 2, 0, 0, 0, 0, 0, 0, 0, 0, 0, 0, 0, 0, 0, 0, 0, 0, -1]",22,3
FG1165,"[2, 2, 3, 2, 5, 5, 2, 0, 0, 0, 0, 0, 0, 0, 2, 0, 0, 0, 0, 0, 0, 0, -1, -1]",21,2
FG1175,"[4, 2, 3, 4, 4, 4, 2, 4, 5, 0, 0, 0, 0, 0, 5, 0, 0, 0, 0, 0, 0, 0, -2, -1]",34,5
FG1185,"[2, 4, 5, 4, 3, 3, 4, 0, 5, 0, 0, 0, 0, 0, 0, 2, 0, 0, 0, 0, 0, 0, 0, 0]",32,4
FG1195,"[1, 5, 5, 4, 3, 3, 5, 0, 4, 0, 0, 0, 0, 0, 0, 2, 0, 0, 0, 0, 0, 0, 0, 0]",32,4
FG2105,"[2, 4, 5, 4, 3, 3, 3, 0, 4, 0, 0, 0, 0, 0, 0, 0, 0, 0, 0, 0, 0, 0, 0, 0]",28,4
FG2115,"[2, 3, 4, 4, 4, 4, 2, 4, 4, 0, 0, 0, 0, 0, 0, 0, 0, 0, 0, 0, 0, 0, 0, 0]",31,4
FG2125,"[2, 2, 3, 3, 5, 5, 3, 4, 4, 0, 0, 0, 0, 0, 5, 0, 0, 0, 0, 0, 0, 0, 0, -2]",34,5
FG2135,"[3, 4, 4, 3, 4, 4, 3, 0, 4, 0, 0, 0, 0, 0, 0, 0, 0, 0, 0, 0, 0, 0, 0, 0]",29,4
FG2145,"[1, 5, 5, 4, 3, 3, 3, 0, 4, 0, 0, 0, 0, 0, 0, 0, 0, 0, 0, 0, 0, 0, 0, 0]",28,4
FG2155,"[2, 4, 5, 5, 3, 3, 3, 0, 4, 0, 0, 0, 0, 0, 0, 0, 0, 0, 0, 0, 0, 0, 0, -4]",25,3
FG2165,"[3, 4, 3, 3, 4, 4, 3, 4, 4, 0, 0, 0, 0, 0, 3, 0, 0, 0, 0, 0, 0, 0, 0, -2]",33,5
FG2175,"[3, 4, 5, 3, 3, 4, 2, 4, 4, 0, 0, 0, 0, 0, 0, 0, 0, 0, 0, 0, 0, 0, 0, -1]",31,4
FG2185,"[3, 4, 4, 3, 3, 4, 2, 4, 4, 0, 3, 0, 0, 0, 0, 0, 0, 0, 0, 0, 0, 0, 0, -2]",32,4
FG2195,"[2, 4, 5, 3, 3, 3, 2, 4, 4, 0, 0, 0, 0, 0, 0, 0, 0, 0, 0, 0, 0, 0, 0, 0]",30,4
FG3105,"[1, 0, 5, 4, 3, 3, 1, 0, 4, 0, 0, 0, 0, 0, 0, 0, 0, 0, 0, 0, 0, 0, 0, 0]",21,2
FG3115,"[1, 0, 5, 4, 3, 3, 1, 0, 4, 0, 0, 0, 0, 0, 0, 0, 0, 0, 0, 0, 0, 0, 0, 0]",21,2
FG1144,"[1, 2, 3, 1, 5, 5, 2, 0, 0, 0, 0, 0, 0, 0, 3, 0, 0, 0, 0, 0, 0, -5, 0, -1]",16,2
FG1154,"[3, 2, 2, 2, 5, 4, 2, 0, 0, 0, 0, 0, 0, 0, 5, 0, 0, 0, 0, 0, 0, 0, -1, -1]",23,3
FG1164,"[2, 3, 3, 2, 5, 5, 2, 0, 4, 0, 0, 0, 0, 0, 0, 0, 0, 0, 0, 0, 0, 0, -2, -1]",23,3
FG1174,"[1, 4, 5, 4, 3, 3, 3, 0, 5, 0, 0, 0, 0, 0, 0, 0, 0, 0, 0, 0, 0, 0, 0, 0]",28,4
FG1184,"[1, 5, 5, 5, 3, 3, 3, 0, 5, 0, 0, 0, 0, 0, 0, 3, 0, 0, 0, 0, 0, 0, 0, 0]",33,5
FG1194,"[2, 4, 5, 5, 3, 3, 2, 0, 4, 0, 0, 0, 0, 0, 0, 0, 0, 0, 0, 0, 0, 0, 0, 0]",28,4
FG2104,"[3, 4, 3, 3, 4, 4, 3, 0, 4, 0, 0, 0, 0, 0, 0, 0, 0, 0, 0, 0, 0, 0, 0, -4]",24,3
FG2114,"[3, 4, 3, 2, 4, 4, 3, 4, 4, 0, 0, 0, 0, 0, 0, 0, 0, 0, 0, 0, 0, 0, 0, -3]",28,4
FG2124,"[4, 5, 4, 2, 3, 4, 4, 4, 4, 0, 0, 0, 0, 0, 0, 0, 0, 0, 0, 0, 0, 0, 0, -4]",30,4
FG2134,"[2, 5, 5, 3, 3, 3, 2, 0, 4, 0, 0, 0, 0, 0, 0, 0, 0, 0, 0, 0, 0, 0, 0, -3]",24,3
FG2144,"[1, 5, 5, 5, 3, 2, 2, 0, 4, 0, 0, 0, 0, 0, 0, 0, 0, 0, 0, 0, 0, 0, 0, 0]",27,4
FG2154,"[3, 4, 5, 5, 3, 3, 3, 4, 4, 0, 0, 0, 0, 0, 3, 0, 0, 0, 0, 0, 0, 0, 0, -2]",35,5
FG2164,"[2, 4, 5, 4, 3, 3, 3, 4, 4, 0, 0, 0, 0, 0, 0, 0, 0, 0, 0, 0, 0, 0, 0, -4]",28,4
FG2174,"[1, 5, 5, 4, 3, 3, 3, 0, 4, 0, 0, 0, 0, 0, 0, 0, 0, 0, 0, 0, 0, 0, 0, 0]",28,4
FG2184,"[1, 5, 5, 4, 3, 3, 3, 0, 4, 0, 0, 0, 0, 0, 0, 0, 0, 0, 0, 0, 0, 0, 0, 0]",28,4
FG2194,"[2, 5, 5, 4, 3, 3, 2, 0, 4, 0, 4, 0, 0, 0, 0, 0, 0, 0, 0, 0, 0, 0, 0, -2]",30,4
FG3104,"[2, 4, 5, 4, 3, 2, 2, 0, 4, 0, 0, 0, 0, 0, 3, 0, 0, 0, 0, 0, 0, 0, 0, -5]",24,3
FG3114,"[2, 4, 5, 4, 3, 3, 2, 0, 4, 0, 0, 0, 0, 0, 0, 0, 0, 0, 0, 0, 0, 0, 0, -5]",22,3
FG1123,"[4, 3, 3, 1, 5, 4, 2, 0, 4, 0, 0, 0, 0, 0, 2, 0, 0, 0, 0, 0, 0, 0, -2, -1]",25,3
FG1133,"[2, 2, 3, 2, 5, 5, 2, 0, 4, 0, 0, 0, 0, 0, 5, 0, 0, 0, 0, 0, 0, 0, -1, 0]",29,4
FG1143,"[1, 2, 3, 1, 4, 5, 3, 4, 0, 0, 0, 0, 0, 0, 3, 0, 0, 0, 0, 0, 0, 0, -1, -1]",24,3
FG1153,"[2, 2, 2, 1, 5, 5, 2, 4, 0, 0, 0, 0, 0, 0, 0, 0, 0, 0, 0, 0, 0, 0, -2, -1]",20,2
FG1163,"[3, 4, 4, 4, 4, 4, 3, 0, 4, 0, 0, 0, 0, 0, 0, 2, 0, 0, 0, 0, 0, 0, 0, -3]",29,4
FG1173,"[3, 4, 5, 4, 4, 4, 3, 0, 5, 0, 0, 0, 0, 0, 0, 4, 0, 5, 0, 0, 0, 0, 0, 0]",41,5
FG1183,"[3, 4, 4, 5, 4, 4, 3, 0, 4, 0, 0, 0, 0, 0, 0, 1, 0, 0, 0, 0, 0, 0, 0, 0]",32,4
FG1193,"[4, 4, 3, 3, 4, 4, 2, 0, 4, 0, 0, 0, 0, 0, 3, 1, 0, 0, 0, 0, 0, 0, 0, -2]",30,4
FG2103,"[3, 4, 4, 4, 4, 4, 2, 4, 4, 0, 0, 0, 0, 0, 0, 4, 0, 0, 0, 0, 0, 0, 0, -2]",35,5
FG2113,"[2, 4, 5, 4, 3, 3, 4, 0, 4, 0, 0, 0, 0, 0, 0, 2, 0, 0, 0, 0, 0, 0, 0, 0]",31,4
FG2123,"[1, 5, 5, 5, 3, 3, 2, 0, 4, 0, 0, 0, 0, 0, 0, 0, 0, 0, 0, 0, 0, 0, 0, 0]",28,4
FG2133,"[1, 5, 5, 5, 3, 3, 1, 0, 4, 0, 0, 0, 0, 0, 0, 0, 0, 0, 0, 0, 0, 0, 0, 0]",27,4
FG2143,"[1, 0, 5, 4, 3, 3, 2, 0, 4, 0, 0, 0, 0, 0, 0, 0, 0, 0, 0, 0, 0, 0, 0, 0]",22,3
FG2153,"[3, 5, 4, 3, 3, 3, 2, 4, 4, 0, 3, 0, 0, 0, 0, 0, 0, 0, 0, 0, 0, 0, 0, -2]",32,4
FG2163,"[1, 5, 5, 5, 3, 3, 2, 0, 4, 0, 0, 0, 0, 0, 0, 0, 0, 0, 0, 0, 0, 0, 0, 0]",28,4
FG2173,"[1, 0, 5, 5, 3, 3, 2, 0, 4, 0, 0, 0, 0, 0, 0, 0, 0, 0, 0, 0, 0, 0, 0, 0]",23,3
FG2183,"[1, 0, 5, 4, 3, 3, 2, 0, 4, 0, 0, 0, 0, 0, 0, 0, 0, 0, 0, 0, 0, 0, 0, 0]",22,3
FG2193,"[1, 0, 5, 4, 3, 3, 2, 0, 4, 0, 0, 0, 0, 0, 0, 0, 0, 0, 0, 0, 0, 0, 0, 0]",22,3
FG3103,"[1, 5, 5, 4, 3, 2, 2, 0, 4, 0, 0, 0, 0, 0, 0, 0, 0, 0, 0, 0, 0, 0, 0, 0]",26,3
FG3113,"[1, 5, 5, 5, 3, 3, 1, 0, 4, 0, 0, 0, 0, 0, 0, 0, 0, 0, 0, 0, 0, 0, 0, 0]",27,4
FG1122,"[2, 2, 2, 1, 2, 5, 2, 0, 4, 0, 0, 0, 0, 0, 3, 0, 0, 0, 0, 0, 0, 0, 0, -1]",22,3
FG1132,"[5, 2, 2, 1, 4, 3, 2, 0, 4, 0, 0, 0, 0, 0, 5, 0, 0, 0, 0, 0, 0, 0, -3, -1]",24,3
FG1142,"[4, 2, 2, 1, 5, 3, 1, 0, 4, 0, 0, 0, 0, 0, 5, 3, 0, 0, 0, 0, 0, 0, -3, 0]",27,4
FG1152,"[3, 3, 3, 2, 5, 5, 2, 4, 4, 0, 0, 0, 0, 0, 3, 3, 0, 0, 0, 0, 0, 0, -2, -1]",34,5
FG1162,"[3, 4, 4, 4, 4, 4, 2, 4, 4, 0, 0, 0, 0, 0, 0, 3, 0, 0, 0, 0, 0, 0, 0, -1]",35,5
FG1172,"[4, 3, 4, 5, 4, 4, 3, 4, 4, 0, 0, 0, 0, 0, 3, 0, 0, 0, 0, 0, 0, 0, -1, -1]",36,5
FG1182,"[4, 3, 3, 4, 4, 4, 3, 0, 4, 0, 0, 0, 0, 0, 0, 4, 0, 0, 0, 0, 0, 0, -2, -1]",30,4
FG1192,"[3, 3, 3, 3, 5, 4, 2, 4, 4, 0, 0, 0, 0, 0, 3, 4, 0, 0, 0, 0, 0, 0, -3, -1]",34,5
FG2102,"[2, 4, 5, 4, 3, 3, 5, 0, 4, 0, 0, 0, 0, 0, 0, 0, 0, 0, 0, 0, 0, 0, -1, -4]",25,3
FG2112,"[1, 5, 5, 5, 3, 3, 1, 0, 4, 0, 0, 0, 0, 0, 0, 4, 0, 0, 0, 0, 0, 0, 0, 0]",31,4
FG2122,"[1, 0, 5, 4, 3, 3, 1, 0, 4, 0, 0, 0, 0, 0, 0, 4, 0, 0, 0, 0, 0, 0, 0, 0]",25,3
FG2132,"[1, 5, 5, 4, 3, 3, 2, 0, 4, 0, 0, 0, 0, 0, 0, 3, 0, 0, 0, 0, 0, 0, 0, 0]",30,4
FG2142,"[3, 4, 5, 4, 3, 4, 4, 4, 4, 0, 0, 0, 0, 0, 0, 0, 0, 0, 0, 0, 0, 0, 0, -4]",31,4
FG2152,"[3, 4, 5, 3, 3, 3, 3, 0, 4, 0, 0, 0, 0, 0, 0, 0, 0, 0, 0, 0, 0, 0, 0, -2]",26,3
FG2162,"[1, 5, 5, 5, 3, 3, 1, 0, 4, 0, 0, 0, 0, 0, 0, 0, 0, 0, 0, 0, 0, 0, 0, 0]",27,4
FG2172,"[1, 5, 5, 4, 3, 3, 2, 0, 4, 0, 0, 0, 0, 0, 0, 0, 0, 0, 0, 0, 0, 0, 0, 0]",27,4
FG2182,"[1, 5, 5, 4, 3, 3, 2, 0, 4, 0, 0, 0, 0, 0, 0, 0, 0, 0, 0, 0, 0, 0, 0, 0]",27,4
FG1121,"[1, 2, 3, 1, 4, 5, 1, 0, 0, 0, 0, 0, 0, 0, 0, 0, 0, 0, 0, 0, -5, 0, 0, -2]",10,1
FG1131,"[1, 2, 3, 1, 5, 5, 1, 0, 0, 0, 0, 0, 0, 0, 0, 0, 0, 0, 0, 0, -5, 0, -2, 0]",11,1
FG1141,"[2, 2, 3, 2, 4, 5, 1, 4, 0, 0, 0, 0, 0, 0, 3, 1, 0, 0, 0, 0, 0, 0, 0, -1]",26,3
FG1151,"[4, 4, 4, 2, 3, 4, 3, 0, 4, 0, 0, 0, 0, 0, 0, 3, 0, 0, 0, 0, 0, 0, -2, -1]",28,4
FG1161,"[3, 4, 4, 4, 4, 4, 2, 0, 4, 0, 0, 0, 0, 0, 0, 0, 0, 0, 0, 0, 0, 0, -1, 0]",28,4
FG1171,"[4, 3, 3, 3, 4, 4, 2, 0, 4, 0, 0, 0, 0, 0, 5, 0, 0, 0, 0, 0, 0, 0, -2, -1]",29,4
FG1181,"[2, 3, 3, 4, 5, 5, 1, 0, 4, 0, 0, 0, 0, 0, 0, 0, 0, 0, 0, 0, 0, 0, 0, -4]",23,3
FG1191,"[3, 4, 4, 3, 4, 4, 4, 4, 4, 0, 0, 0, 0, 0, 0, 0, 0, 0, 0, 0, 0, 0, 0, -3]",31,4
FG2101,"[1, 5, 5, 5, 3, 3, 3, 0, 4, 0, 0, 0, 0, 0, 0, 0, 0, 0, 0, 0, 0, 0, -2, 0]",27,4
FG2111,"[1, 5, 5, 5, 3, 3, 1, 0, 4, 0, 0, 0, 0, 0, 0, 1, 0, 0, 0, 0, 0, 0, -2, 0]",26,3
FG2121,"[1, 4, 5, 5, 3, 3, 2, 0, 4, 0, 0, 0, 0, 0, 0, 2, 0, 0, 0, 0, 0, 0, -2, 0]",27,4
FG2131,"[3, 4, 4, 4, 4, 4, 3, 4, 4, 0, 0, 0, 0, 0, 0, 1, 0, 0, 0, 0, 0, 0, -2, -1]",32,4
FG2141,"[4, 3, 3, 3, 4, 4, 2, 4, 4, 0, 0, 0, 0, 5, 2, 4, 0, 0, 0, 0, 0, 0, -2, -1]",39,5
FG2151,"[2, 4, 5, 4, 3, 3, 2, 0, 4, 0, 0, 0, 0, 0, 0, 0, 0, 0, 0, 0, 0, 0, 0, -3]",24,3
FG2161,"[2, 4, 5, 4, 3, 3, 2, 0, 4, 0, 0, 0, 0, 0, 3, 0, 0, 0, 0, 0, 0, 0, 0, -3]",27,4
FG2171,"[2, 4, 5, 4, 3, 3, 3, 0, 4, 0, 0, 0, 0, 0, 0, 0, 0, 0, 0, 0, 0, 0, 0, -5]",23,3
FG2181,"[1, 0, 5, 5, 3, 3, 2, 0, 4, 0, 0, 0, 0, 0, 0, 0, 0, 0, 0, 0, 0, 0, 0, 0]",23,3
FG3131,"[1, 5, 5, 3, 3, 3, 1, 0, 4, 0, 0, 0, 0, 0, 0, 3, 0, 0, 0, 0, 0, 0, 0, 0]",28,4
FG1120,"[1, 2, 3, 1, 4, 5, 2, 0, 0, 0, 0, 0, 0, 0, 5, 0, 0, 0, 0, 0, 0, 0, 0, 0]",23,3
FG1130,"[1, 2, 3, 2, 4, 5, 2, 0, 0, 0, 0, 0, 0, 0, 0, 0, 0, 0, 0, 0, 0, 0, -2, 0]",17,2
FG1140,"[3, 4, 4, 3, 5, 4, 2, 0, 4, 0, 0, 0, 0, 0, 0, 0, 0, 0, 0, 0, 0, 0, 0, 0]",29,4
FG1150,"[2, 4, 5, 4, 3, 3, 2, 0, 4, 0, 0, 0, 0, 0, 0, 3, 0, 0, 0, 0, 0, 0, 0, -1]",29,4
FG1160,"[4, 4, 4, 4, 4, 4, 3, 0, 4, 0, 0, 0, 0, 0, 0, 0, 0, 0, 0, 0, 0, 0, -3, -1]",27,4
FG1170,"[3, 2, 3, 4, 5, 4, 2, 0, 4, 0, 0, 0, 0, 0, 3, 0, 0, 0, 0, 0, 0, 0, -1, -1]",28,4
FG1180,"[3, 3, 4, 4, 4, 4, 4, 0, 4, 0, 0, 0, 0, 0, 0, 0, 0, 0, 0, 0, 0, 0, 0, 0]",30,4
FG1190,"[2, 3, 3, 3, 5, 5, 1, 0, 4, 0, 0, 0, 0, 0, 5, 0, 0, 0, 0, 0, 0, 0, 0, -1]",30,4
FG2100,"[3, 4, 4, 3, 4, 4, 2, 0, 4, 0, 0, 0, 0, 0, 0, 0, 0, 0, 0, 0, 0, 0, -1, -4]",23,3
FG2110,"[1, 5, 5, 3, 3, 3, 5, 0, 4, 0, 0, 0, 0, 0, 0, 2, 0, 0, 0, 0, 0, 0, -1, 0]",30,4
FG2120,"[1, 5, 5, 3, 3, 3, 3, 0, 4, 0, 0, 0, 0, 0, 3, 4, 0, 0, 0, 0, 0, 0, -1, 0]",33,5
FG2130,"[3, 3, 5, 4, 3, 3, 3, 0, 4, 0, 0, 0, 0, 0, 0, 3, 0, 0, 0, 0, 0, 0, -1, -2]",28,4
FG2140,"[4, 3, 3, 3, 4, 4, 3, 4, 4, 0, 0, 0, 0, 0, 3, 2, 0, 0, 0, 0, 0, 0, -2, -1]",34,5
FG2150,"[4, 4, 4, 4, 3, 3, 2, 0, 4, 0, 0, 0, 0, 0, 0, 3, 0, 0, 0, 0, 0, 0, 0, -1]",30,4
FG2160,"[3, 4, 5, 3, 3, 3, 3, 4, 4, 0, 0, 0, 0, 0, 0, 2, 0, 0, 0, 0, 0, 0, 0, -4]",30,4
FG2170,"[1, 0, 5, 5, 3, 3, 2, 0, 4, 0, 0, 0, 0, 0, 0, 0, 0, 0, 0, 0, 0, 0, 0, 0]",23,3
FG2180,"[1, 5, 5, 4, 3, 3, 2, 0, 4, 0, 0, 0, 0, 0, 0, 0, 0, 0, 0, 0, 0, 0, 0, 0]",27,4
FG3120,"[2, 5, 5, 3, 3, 3, 2, 0, 4, 0, 0, 0, 0, 0, 0, 0, 0, 0, 0, 0, 0, 0, 0, 0]",27,4
FG3130,"[1, 5, 5, 2, 3, 3, 3, 0, 4, 0, 0, 0, 0, 0, 0, 4, 0, 0, 0, 0, 0, 0, 0, 0]",30,4
FG3140,"[2, 5, 3, 3, 3, 5, 2, 0, 4, 0, 0, 0, 0, 0, 0, 3, 0, 0, 0, 0, 0, 0, 0, 0]",30,4
FG3150,"[1, 5, 5, 3, 0, 3, 0, 0, 4, 0, 0, 0, 0, 0, 0, 2, 0, 0, 0, 0, 0, 0, 0, 0]",23,3
FG1013,"[3, 2, 3, 2, 5, 5, 1, 0, 0, 0, 0, 0, 0, 0, 0, 0, 0, 0, 0, 0, 0, 0, 0, -1]",20,2
FG1014,"[4, 2, 3, 2, 4, 4, 2, 0, 4, 0, 0, 0, 0, 0, 2, 0, 0, 0, 0, 0, 0, 0, 0, 0]",27,4
FG1023,"[3, 4, 3, 1, 4, 4, 2, 4, 4, 0, 0, 0, 0, 0, 0, 0, 0, 0, 0, 0, 0, 0, -2, -2]",25,3
FG1024,"[3, 3, 3, 1, 5, 4, 2, 0, 4, 0, 0, 0, 0, 0, 0, 0, 0, 0, 0, 0, 0, 0, -2, -2]",21,2
FG1033,"[3, 4, 4, 2, 3, 4, 1, 0, 4, 0, 0, 0, 0, 0, 0, 0, 0, 0, 0, 0, 0, 0, 0, 0]",25,3
FG1034,"[3, 4, 4, 2, 4, 4, 2, 0, 4, 0, 0, 0, 0, 0, 0, 0, 0, 0, 0, 0, 0, 0, 0, -1]",26,3
FG1043,"[1, 5, 5, 3, 3, 3, 2, 0, 4, 0, 0, 0, 0, 0, 0, 3, 0, 0, 0, 0, 0, 0, 0, 0]",29,4
FG1044,"[1, 5, 5, 4, 3, 3, 4, 0, 4, 0, 0, 0, 0, 0, 0, 0, 0, 0, 0, 0, 0, 0, 0, 0]",29,4
FG1053,"[1, 5, 5, 3, 3, 3, 3, 0, 4, 0, 0, 0, 0, 0, 0, 2, 0, 0, 0, 0, 0, 0, 0, 0]",29,4
FG1054,"[1, 0, 5, 4, 3, 3, 1, 0, 4, 0, 0, 0, 0, 0, 0, 2, 0, 0, 0, 0, 0, 0, 0, 0]",23,3
FG1063,"[1, 0, 5, 5, 3, 3, 1, 0, 4, 0, 0, 0, 0, 0, 0, 0, 0, 0, 0, 0, 0, 0, 0, 0]",22,3
FG1064,"[1, 0, 5, 3, 3, 3, 3, 0, 4, 0, 0, 0, 0, 0, 0, 2, 0, 0, 0, 0, 0, 0, 0, 0]",24,3
FG1073,"[1, 5, 5, 4, 3, 3, 3, 0, 4, 0, 0, 0, 0, 0, 0, 3, 0, 0, 0, 0, 0, 0, 0, 0]",31,4
FG1074,"[1, 0, 5, 5, 3, 3, 1, 0, 4, 0, 0, 0, 0, 0, 0, 2, 0, 0, 0, 0, 0, 0, 0, 0]",24,3
FG1083,"[1, 5, 5, 5, 3, 3, 5, 4, 4, 0, 0, 0, 0, 0, 0, 0, 0, 0, 0, 0, 0, 0, 0, 0]",35,5
FG1084,"[1, 0, 5, 5, 3, 3, 1, 0, 4, 0, 0, 0, 0, 0, 0, 2, 0, 0, 0, 0, 0, 0, 0, 0]",24,3
FG1094,"[1, 0, 5, 5, 3, 3, 3, 0, 4, 0, 0, 0, 0, 0, 0, 0, 0, 0, 0, 0, 0, 0, 0, 0]",24,3
FG2003,"[1, 5, 5, 4, 3, 2, 3, 0, 4, 0, 0, 0, 0, 0, 0, 3, 0, 0, 0, 0, 0, 0, 0, 0]",30,4
FG2004,"[1, 5, 5, 5, 3, 3, 2, 0, 4, 0, 0, 0, 0, 0, 0, 2, 0, 0, 0, 0, 0, 0, 0, 0]",30,4
FG2013,"[1, 0, 5, 3, 3, 3, 2, 0, 4, 0, 0, 0, 0, 0, 0, 0, 0, 0, 0, 0, 0, 0, 0, 0]",21,2
FG2014,"[2, 5, 5, 3, 3, 3, 3, 4, 4, 0, 0, 0, 0, 0, 0, 2, 0, 0, 0, 0, 0, 0, 0, 0]",34,5
FG2023,"[1, 5, 5, 3, 3, 3, 4, 0, 4, 0, 0, 0, 0, 0, 0, 0, 0, 0, 0, 0, 0, 0, 0, 0]",28,4
FG2024,"[2, 5, 5, 2, 3, 3, 4, 0, 4, 0, 0, 0, 0, 0, 0, 0, 0, 0, 0, 0, 0, 0, 0, 0]",28,4
FG2033,"[1, 5, 5, 3, 3, 3, 5, 0, 4, 0, 0, 0, 0, 0, 0, 0, 0, 0, 0, 0, 0, 0, 0, 0]",29,4
FG2034,"[1, 5, 5, 3, 3, 3, 3, 0, 4, 0, 3, 0, 0, 0, 0, 0, 0, 0, 0, 0, 0, 0, 0, 0]",30,4
FG2044,"[1, 0, 5, 3, 3, 3, 3, 0, 4, 0, 0, 0, 0, 0, 0, 0, 0, 0, 0, 0, 0, 0, 0, 0]",22,3
FG2054,"[1, 5, 5, 4, 3, 3, 1, 0, 4, 0, 0, 0, 0, 0, 0, 0, 0, 0, 0, 0, 0, 0, 0, 0]",26,3
FG2093,"[3, 5, 4, 3, 4, 4, 2, 0, 4, 0, 0, 0, 0, 0, 0, 0, 0, 0, 0, 0, 0, 0, 0, 0]",29,4
FG2094,"[1, 5, 5, 4, 3, 3, 2, 0, 4, 0, 0, 0, 0, 0, 0, 0, 0, 0, 0, 0, 0, 0, 0, 0]",27,4
FG3003,"[3, 4, 4, 3, 4, 4, 3, 0, 4, 0, 0, 0, 0, 0, 0, 0, 0, 0, 0, 0, 0, 0, 0, 0]",29,4
FG3004,"[3, 4, 4, 3, 4, 4, 1, 0, 4, 0, 0, 0, 0, 0, 0, 0, 0, 0, 0, 0, 0, 0, 0, 0]",27,4
FG3013,"[1, 5, 5, 2, 3, 3, 2, 0, 4, 0, 0, 0, 0, 0, 0, 0, 0, 0, 0, 0, 0, 0, 0, 0]",25,3
FG3014,"[3, 4, 4, 2, 4, 4, 3, 0, 4, 0, 0, 0, 0, 0, 0, 0, 0, 0, 0, 0, 0, 0, 0, 0]",28,4
FG3023,"[1, 5, 5, 2, 3, 3, 2, 0, 4, 0, 0, 0, 0, 0, 0, 0, 0, 0, 0, 0, 0, 0, 0, 0]",25,3
FG3024,"[1, 5, 5, 3, 3, 3, 3, 0, 4, 0, 0, 0, 0, 0, 0, 0, 0, 0, 0, 0, 0, 0, 0, 0]",27,4
FG3033,"[1, 5, 5, 3, 3, 3, 2, 0, 4, 0, 0, 0, 0, 0, 0, 4, 0, 0, 0, 0, 0, 0, 0, 0]",30,4
FG3034,"[1, 5, 5, 2, 3, 3, 2, 0, 4, 0, 0, 0, 0, 0, 0, 3, 0, 0, 0, 0, 0, 0, 0, 0]",28,4
FG3044,"[1, 5, 5, 4, 2, 0, 3, 0, 4, 0, 0, 0, 0, 0, 0, 3, 0, 0, 0, 0, 0, 0, 0, 0]",27,4
FG1029,"[2, 1, 2, 1, 2, 5, 1, 0, 0, 0, 0, 0, 0, 0, 0, 0, 0, 0, 0, 0, 0, 0, 0, -1]",13,1
FG1039,"[2, 1, 2, 1, 3, 5, 2, 0, 0, 0, 0, 0, 0, 0, 3, 0, 0, 0, 0, 0, 0, 0, -2, -2]",15,1
FG1049,"[2, 4, 3, 3, 4, 5, 3, 0, 4, 0, 0, 0, 0, 0, 0, 0, 0, 0, 0, 0, 0, 0, 0, 0]",28,4
FG1059,"[1, 5, 5, 4, 3, 3, 4, 0, 4, 0, 0, 0, 0, 0, 0, 2, 0, 0, 0, 0, 0, 0, 0, 0]",31,4
FG1069,"[3, 3, 4, 5, 4, 4, 2, 4, 4, 0, 0, 0, 0, 0, 3, 2, 0, 0, 0, 0, 0, 0, 0, -1]",37,5
FG1079,"[2, 3, 3, 4, 5, 5, 2, 0, 4, 0, 0, 0, 0, 0, 0, 0, 0, 0, 0, 0, 0, 0, 0, -1]",27,4
FG1089,"[3, 3, 4, 3, 5, 4, 2, 0, 4, 0, 0, 0, 0, 0, 0, 0, 0, 0, 0, 0, 0, 0, 0, 0]",28,4
FG1099,"[2, 2, 3, 3, 5, 5, 2, 4, 4, 0, 0, 0, 0, 0, 3, 0, 0, 5, 0, 0, 0, 0, 0, -1]",37,5
FG2009,"[3, 4, 4, 3, 3, 3, 4, 0, 4, 0, 0, 0, 0, 0, 3, 0, 0, 0, 0, 0, 0, 0, 0, -2]",29,4
FG2019,"[1, 5, 5, 3, 3, 3, 2, 0, 4, 0, 0, 0, 0, 0, 0, 3, 0, 0, 0, 0, 0, 0, 0, 0]",29,4
FG2029,"[2, 4, 5, 4, 3, 4, 4, 0, 4, 0, 0, 0, 0, 5, 5, 3, 0, 0, 0, 0, 0, 0, 0, 0]",43,5
FG2039,"[4, 4, 3, 3, 4, 4, 4, 4, 4, 0, 0, 0, 0, 0, 0, 1, 0, 0, 0, 0, 0, 0, -2, -1]",32,4
FG2049,"[2, 5, 5, 3, 3, 3, 3, 0, 4, 0, 0, 0, 0, 0, 0, 0, 0, 0, 0, 0, 0, 0, 0, 0]",28,4
FG2059,"[1, 5, 5, 3, 3, 3, 2, 0, 4, 0, 0, 0, 0, 0, 0, 0, 0, 0, 0, 0, 0, 0, 0, 0]",26,3
FG2069,"[2, 4, 5, 5, 3, 3, 4, 0, 4, 0, 0, 0, 0, 0, 0, 2, 0, 0, 0, 0, 0, 0, 0, -5]",27,4
FG2079,"[1, 5, 5, 4, 3, 3, 3, 0, 4, 0, 0, 0, 0, 0, 0, 3, 0, 0, 0, 0, 0, 0, 0, 0]",31,4
FG3019,"[1, 0, 5, 3, 3, 3, 2, 0, 4, 0, 0, 0, 0, 0, 0, 3, 0, 0, 0, 0, 0, 0, 0, 0]",24,3
FG3029,"[1, 4, 5, 3, 3, 3, 2, 0, 4, 0, 0, 0, 0, 0, 0, 3, 0, 0, 0, 0, 0, 0, 0, 0]",28,4
FG3039,"[2, 4, 3, 3, 4, 5, 2, 0, 4, 0, 0, 0, 0, 0, 0, 2, 0, 0, 0, 0, 0, 0, 0, 0]",29,4
FG3049,"[1, 5, 3, 2, 5, 5, 3, 0, 4, 0, 0, 0, 0, 0, 0, 2, 0, 0, 0, 0, 0, 0, 0, 0]",30,4
FG3059,"[1, 5, 5, 3, 3, 4, 2, 0, 4, 0, 0, 0, 0, 0, 0, 3, 0, 0, 0, 0, 0, 0, 0, 0]",30,4
FG1028,"[1, 2, 3, 1, 2, 5, 2, 0, 0, 0, 0, 0, 0, 0, 0, 0, 0, 0, 0, 0, 0, 0, 0, 0]",16,2
FG1038,"[4, 1, 2, 1, 5, 4, 1, 0, 0, 0, 0, 0, 0, 0, 5, 0, 0, 0, 0, 0, 0, 0, -2, -1]",20,2
FG1048,"[3, 2, 3, 3, 5, 4, 1, 0, 4, 0, 0, 0, 0, 0, 0, 0, 0, 0, 0, 0, 0, 0, 0, 0]",25,3
FG1058,"[2, 4, 5, 4, 4, 4, 3, 0, 4, 0, 0, 0, 0, 0, 0, 3, 0, 0, 0, 0, 0, 0, 0, 0]",33,5
FG1068,"[3, 2, 3, 4, 5, 5, 3, 0, 4, 0, 0, 0, 0, 0, 0, 1, 0, 0, 0, 0, 0, 0, 0, -1]",29,4
FG1078,"[2, 2, 3, 3, 5, 5, 3, 0, 4, 0, 0, 0, 0, 0, 3, 0, 0, 0, 0, 0, 0, 0, 0, -2]",28,4
FG1088,"[3, 3, 3, 3, 5, 5, 2, 0, 4, 0, 0, 0, 0, 0, 0, 0, 0, 0, 0, 0, 0, 0, 0, -2]",26,3
FG1098,"[3, 3, 3, 3, 4, 5, 2, 4, 4, 0, 0, 0, 0, 0, 0, 0, 0, 0, 0, 0, 0, 0, 0, -1]",30,4
FG2008,"[1, 5, 5, 5, 3, 3, 2, 0, 4, 0, 0, 0, 0, 0, 0, 0, 0, 0, 0, 0, 0, 0, 0, 0]",28,4
FG2018,"[2, 4, 5, 3, 3, 3, 4, 0, 4, 0, 0, 0, 0, 0, 0, 3, 0, 0, 0, 0, 0, 0, 0, -1]",30,4
FG2028,"[3, 3, 3, 3, 4, 4, 4, 0, 4, 0, 0, 0, 0, 0, 0, 3, 0, 0, 0, 0, 0, 0, 0, -2]",29,4
FG2038,"[3, 4, 4, 3, 4, 4, 2, 4, 4, 0, 0, 0, 0, 0, 0, 1, 0, 0, 0, 0, 0, 0, -2, -3]",28,4
FG2048,"[2, 4, 5, 3, 3, 4, 2, 0, 4, 0, 0, 0, 0, 0, 0, 0, 0, 0, 0, 0, 0, 0, 0, -4]",23,3
FG2058,"[1, 5, 5, 4, 3, 3, 3, 0, 4, 0, 0, 0, 0, 0, 0, 0, 0, 0, 0, 0, 0, 0, 0, 0]",28,4
FG2068,"[1, 0, 5, 5, 3, 3, 2, 0, 4, 0, 0, 0, 0, 0, 0, 0, 0, 0, 0, 0, 0, 0, 0, 0]",23,3
FG2078,"[1, 0, 5, 5, 3, 3, 3, 0, 4, 0, 0, 0, 0, 0, 0, 0, 0, 0, 0, 0, 0, 0, 0, 0]",24,3
FG3008,"[1, 0, 5, 2, 3, 3, 2, 0, 4, 0, 0, 0, 0, 0, 0, 0, 0, 0, 0, 0, 0, 0, 0, 0]",20,2
FG3018,"[1, 0, 5, 3, 3, 3, 3, 0, 4, 0, 0, 0, 0, 0, 0, 0, 0, 0, 0, 0, 0, 0, 0, 0]",22,3
FG3028,"[3, 4, 4, 2, 4, 4, 2, 0, 4, 0, 0, 0, 0, 0, 0, 1, 0, 0, 0, 0, 0, 0, 0, 0]",28,4
FG3038,"[2, 3, 3, 2, 5, 5, 2, 0, 4, 0, 0, 0, 0, 0, 3, 4, 0, 0, 0, 0, 0, 0, -1, -4]",28,4
FG3048,"[2, 3, 3, 3, 5, 5, 2, 0, 4, 0, 0, 0, 0, 0, 2, 2, 0, 0, 0, 0, 0, 0, 0, -1]",30,4
FG3058,"[1, 5, 5, 2, 3, 4, 1, 0, 4, 0, 0, 0, 0, 0, 0, 3, 0, 0, 0, 0, 0, 0, 0, 0]",28,4
FG1027,"[1, 2, 3, 1, 2, 5, 2, 0, 0, 0, 0, 0, 0, 0, 0, 0, 0, 0, 0, 0, 0, 0, 0, 0]",16,2
FG1037,"[1, 2, 2, 1, 3, 5, 2, 0, 0, 0, 0, 0, 0, 0, 3, 0, 0, 0, 0, 0, 0, -5, -2, 0]",12,1
FG1047,"[2, 2, 2, 2, 5, 5, 2, 0, 0, 0, 0, 0, 0, 0, 3, 0, 0, 0, 0, 0, 0, 0, 0, -1]",22,3
FG1057,"[2, 2, 2, 3, 5, 4, 2, 0, 0, 0, 0, 0, 0, 0, 2, 2, 0, 0, 0, 0, 0, 0, 0, 0]",24,3
FG1067,"[3, 2, 3, 2, 5, 5, 2, 0, 4, 0, 0, 0, 0, 0, 0, 4, 0, 0, 0, 0, 0, 0, 0, -1]",29,4
FG1077,"[1, 5, 5, 5, 3, 3, 3, 0, 4, 0, 0, 0, 0, 0, 0, 0, 0, 0, 0, 0, 0, 0, 0, 0]",29,4
FG1087,"[1, 4, 5, 5, 3, 3, 1, 0, 4, 0, 0, 0, 0, 0, 0, 0, 0, 0, 0, 0, 0, 0, 0, 0]",26,3
FG1097,"[2, 4, 5, 4, 3, 3, 3, 4, 4, 0, 0, 0, 0, 0, 0, 0, 0, 0, 0, 0, 0, 0, 0, -4]",28,4
FG2007,"[1, 0, 5, 4, 3, 3, 2, 0, 4, 0, 0, 0, 0, 0, 0, 2, 0, 0, 0, 0, 0, 0, 0, 0]",24,3
FG2017,"[1, 0, 5, 5, 3, 3, 2, 0, 4, 0, 0, 0, 0, 0, 0, 2, 0, 0, 0, 0, 0, 0, 0, 0]",25,3
FG2027,"[1, 4, 5, 3, 3, 2, 3, 0, 4, 0, 0, 0, 0, 0, 0, 3, 0, 0, 0, 0, 0, 0, 0, 0]",28,4
FG2037,"[3, 5, 4, 3, 3, 3, 3, 0, 4, 0, 0, 0, 0, 0, 0, 0, 0, 0, 0, 0, -5, 0, -1, -2]",20,2
FG2047,"[3, 4, 4, 2, 4, 4, 2, 4, 4, 0, 0, 0, 0, 0, 3, 0, 0, 0, 0, 0, 0, 0, -1, -4]",29,4
FG2057,"[1, 0, 5, 5, 3, 3, 1, 0, 4, 0, 0, 0, 0, 0, 0, 0, 0, 0, 0, 0, 0, 0, 0, 0]",22,3
FG3007,"[1, 0, 5, 3, 3, 3, 1, 0, 4, 0, 0, 0, 0, 0, 0, 0, 0, 0, 0, 0, 0, 0, 0, 0]",20,2
FG3017,"[2, 5, 5, 2, 3, 3, 3, 0, 4, 0, 0, 0, 0, 0, 0, 0, 0, 0, 0, 0, 0, 0, 0, 0]",27,4
FG3027,"[3, 3, 3, 3, 5, 5, 2, 0, 4, 0, 0, 0, 0, 0, 5, 0, 0, 0, 0, 0, 0, 0, -1, -1]",31,4
FG3037,"[2, 3, 3, 2, 5, 5, 2, 0, 4, 0, 0, 0, 0, 0, 3, 2, 0, 0, 0, 0, 0, 0, -3, -2]",26,3
FG3047,"[3, 4, 4, 3, 3, 3, 4, 0, 4, 0, 0, 0, 0, 0, 2, 3, 0, 0, 0, 0, 0, 0, -2, 0]",31,4
FG3057,"[1, 5, 5, 2, 3, 3, 3, 0, 4, 0, 0, 0, 0, 0, 0, 3, 0, 0, 0, 0, 0, 0, 0, 0]",29,4
FG1026,"[3, 3, 3, 1, 2, 4, 2, 5, 4, 0, 0, 0, 0, 0, 0, 0, 0, 0, 0, 0, -5, 0, 0, -1]",21,2
FG1036,"[2, 1, 2, 1, 4, 5, 2, 0, 0, 0, 0, 0, 0, 0, 5, 0, 0, 0, 0, 0, -5, 0, -2, -1]",14,1
FG1046,"[1, 2, 3, 1, 5, 5, 3, 0, 0, 0, 0, 0, 0, 0, 0, 0, 0, 0, 0, 0, 0, 0, 0, -1]",19,2
FG1056,"[2, 3, 3, 3, 5, 5, 2, 0, 4, 0, 0, 0, 0, 0, 0, 0, 0, 0, 0, 0, 0, 0, 0, 0]",27,4
FG1066,"[2, 4, 5, 5, 3, 3, 2, 0, 4, 0, 3, 0, 0, 0, 0, 4, 0, 0, 0, 0, 0, 0, 0, 0]",35,5
FG1076,"[1, 0, 5, 5, 3, 3, 2, 0, 4, 0, 0, 0, 0, 0, 0, 3, 0, 0, 0, 0, 0, 0, 0, 0]",26,3
FG1086,"[1, 0, 5, 4, 3, 3, 3, 0, 4, 0, 0, 0, 0, 0, 0, 3, 0, 0, 0, 0, 0, 0, 0, 0]",26,3
FG1096,"[1, 0, 5, 5, 3, 3, 3, 0, 4, 0, 0, 0, 0, 0, 0, 3, 0, 0, 0, 0, 0, 0, 0, 0]",27,4
FG2006,"[1, 0, 5, 3, 3, 3, 3, 0, 4, 0, 0, 0, 0, 0, 0, 3, 0, 0, 0, 0, 0, 0, 0, 0]",25,3
FG2016,"[1, 5, 5, 5, 3, 3, 2, 0, 4, 0, 0, 0, 0, 0, 0, 0, 0, 0, 0, 0, 0, 0, 0, 0]",28,4
FG2026,"[3, 4, 4, 2, 4, 4, 3, 0, 4, 0, 0, 0, 0, 0, 0, 3, 0, 0, 0, 0, 0, 0, 0, 0]",31,4
FG2036,"[3, 3, 3, 2, 5, 5, 1, 4, 4, 0, 0, 0, 0, 5, 5, 0, 0, 0, 0, 0, -5, 0, 0, -1]",34,5
FG2046,"[4, 4, 4, 2, 4, 4, 3, 0, 4, 0, 0, 0, 0, 5, 5, 0, 0, 0, 0, 0, 0, 0, -2, -3]",34,5
FG2056,"[1, 5, 5, 5, 3, 2, 2, 4, 4, 0, 0, 0, 0, 0, 0, 0, 0, 0, 0, 0, 0, 0, 0, 0]",31,4
FG2096,"[1, 5, 5, 4, 3, 3, 2, 0, 4, 0, 0, 0, 0, 0, 0, 0, 0, 0, 0, 0, 0, 0, -1, 0]",26,3
FG3006,"[2, 5, 5, 3, 3, 3, 1, 0, 4, 0, 0, 0, 0, 0, 0, 0, 0, 0, 0, 0, 0, 0, -2, 0]",24,3
FG3016,"[3, 5, 3, 2, 4, 4, 4, 4, 4, 0, 0, 0, 0, 0, 3, 0, 0, 0, 0, 0, 0, 0, -2, 0]",34,5
FG3026,"[2, 4, 3, 2, 4, 5, 2, 0, 4, 0, 0, 0, 0, 0, 3, 0, 0, 0, 0, 0, 0, 0, -2, -2]",25,3
FG3036,"[2, 4, 5, 3, 3, 3, 2, 0, 4, 0, 0, 0, 0, 0, 0, 0, 0, 0, 0, 0, 0, 0, 0, 0]",26,3
FG3046,"[1, 5, 5, 3, 3, 3, 2, 0, 4, 0, 0, 0, 0, 0, 0, 1, 0, 0, 0, 0, 0, 0, -1, 0]",26,3
FG3056,"[1, 5, 5, 2, 3, 4, 4, 0, 4, 0, 0, 0, 0, 0, 0, 4, 0, 0, 0, 0, 0, 0, -2, 0]",30,4
FG1015,"[1, 3, 3, 1, 2, 5, 3, 5, 4, 0, 0, 0, 0, 0, 0, 0, 0, 0, 0, 0, 0, 0, 0, 0]",27,4
FG1025,"[3, 4, 3, 1, 4, 4, 3, 5, 4, 0, 0, 0, 0, 0, 0, 0, 0, 0, 0, 0, -5, 0, -2, -2]",22,3
FG1035,"[2, 2, 3, 1, 2, 5, 2, 0, 4, 0, 0, 0, 0, 0, 0, 0, 0, 0, 0, 0, 0, 0, -1, -1]",19,2
FG1045,"[3, 3, 3, 3, 4, 4, 3, 0, 4, 0, 0, 0, 0, 0, 3, 0, 0, 0, 0, 0, 0, 0, 0, -1]",29,4
FG1055,"[1, 4, 5, 5, 3, 3, 3, 0, 4, 0, 0, 0, 0, 0, 0, 0, 0, 0, 0, 0, 0, 0, 0, 0]",28,4
FG1065,"[1, 5, 5, 5, 3, 3, 1, 0, 4, 0, 0, 0, 0, 0, 0, 3, 0, 0, 0, 0, 0, 0, 0, 0]",30,4
FG1075,"[1, 0, 5, 5, 3, 3, 3, 0, 4, 0, 0, 0, 0, 0, 0, 0, 0, 0, 0, 0, 0, 0, 0, 0]",24,3
FG1085,"[1, 0, 5, 4, 3, 3, 1, 0, 4, 0, 0, 0, 0, 0, 0, 3, 0, 0, 0, 0, 0, 0, 0, 0]",24,3
FG1095,"[1, 5, 5, 4, 3, 2, 5, 0, 4, 0, 0, 0, 0, 0, 0, 0, 0, 0, 0, 0, 0, 0, 0, 0]",29,4
FG2005,"[1, 5, 5, 4, 3, 2, 2, 0, 4, 0, 0, 0, 0, 0, 0, 0, 0, 0, 0, 0, 0, 0, 0, 0]",26,3
FG2015,"[3, 4, 4, 2, 4, 4, 3, 4, 4, 0, 0, 0, 0, 0, 0, 2, 0, 0, 0, 0, 0, 0, 0, -4]",30,4
FG2025,"[3, 4, 3, 2, 5, 5, 3, 0, 4, 0, 3, 0, 0, 0, 0, 2, 0, 0, 0, 0, 0, 0, 0, -2]",32,4
FG2035,"[3, 4, 4, 3, 3, 4, 3, 0, 4, 0, 0, 0, 0, 0, 2, 0, 0, 0, 0, 0, 0, 0, 0, -2]",28,4
FG2045,"[1, 4, 5, 3, 3, 3, 3, 0, 4, 0, 0, 0, 0, 0, 0, 0, 0, 0, 0, 0, 0, 0, -1, 0]",25,3
FG2055,"[2, 5, 5, 3, 3, 3, 3, 4, 4, 0, 0, 0, 0, 0, 0, 0, 0, 0, 0, 0, 0, 0, -2, 0]",30,4
FG2095,"[1, 5, 5, 4, 3, 3, 2, 0, 4, 0, 0, 0, 0, 0, 0, 0, 0, 0, 0, 0, 0, 0, -2, 0]",25,3
FG3005,"[3, 5, 5, 4, 4, 3, 2, 0, 4, 0, 0, 0, 0, 0, 0, 0, 0, 0, 0, 0, 0, 0, -1, 0]",29,4
FG3015,"[2, 2, 3, 2, 5, 5, 3, 4, 4, 0, 0, 0, 0, 0, 3, 0, 0, 0, 0, 0, 0, 0, 0, -3]",30,4
FG3025,"[1, 5, 5, 3, 3, 3, 3, 0, 4, 0, 0, 0, 0, 0, 0, 0, 0, 0, 0, 0, 0, 0, 0, 0]",27,4
FG3035,"[1, 5, 5, 3, 3, 3, 3, 0, 4, 0, 0, 0, 0, 0, 0, 0, 0, 0, 0, 0, 0, 0, 0, 0]",27,4
FG3045,"[1, 5, 5, 3, 3, 3, 2, 0, 4, 0, 0, 0, 0, 0, 0, 3, 0, 0, 0, 0, 0, 0, 0, 0]",29,4
FG3055,"[1, 5, 5, 4, 2, 0, 4, 0, 4, 0, 0, 0, 0, 0, 0, 2, 0, 0, 0, 0, 0, 0, 0, 0]",27,4
FG1002,"[3, 1, 2, 1, 5, 4, 2, 4, 0, 0, 0, 0, 0, 0, 2, 0, 0, 0, 0, 0, 0, 0, 0, -1]",23,3
FG1012,"[2, 2, 3, 2, 5, 5, 1, 0, 4, 0, 0, 0, 0, 0, 0, 0, 0, 0, 0, 0, 0, 0, -1, -2]",21,2
FG1022,"[4, 3, 3, 2, 5, 4, 2, 0, 4, 0, 0, 0, 0, 0, 3, 0, 0, 0, 0, 0, 0, 0, -1, -1]",28,4
FG1032,"[4, 3, 4, 2, 4, 3, 2, 0, 4, 0, 0, 0, 0, 0, 0, 2, 0, 0, 0, 0, 0, 0, 0, -1]",27,4
FG1042,"[1, 4, 5, 4, 3, 3, 2, 0, 4, 0, 0, 0, 0, 0, 0, 2, 0, 0, 0, 0, 0, 0, 0, 0]",28,4
FG1052,"[1, 0, 5, 5, 3, 3, 2, 0, 4, 0, 3, 0, 0, 0, 0, 0, 0, 0, 0, 0, 0, 0, 0, 0]",26,3
FG3002,"[2, 4, 5, 3, 3, 3, 3, 4, 4, 0, 0, 0, 0, 0, 0, 1, 0, 0, 0, 0, 0, 0, 0, 0]",32,4
FG3012,"[3, 4, 5, 3, 2, 3, 2, 0, 4, 0, 0, 0, 0, 0, 0, 3, 0, 0, 0, 0, 0, 0, 0, 0]",29,4
FG3022,"[2, 4, 3, 2, 4, 5, 3, 0, 4, 0, 0, 0, 0, 0, 0, 3, 0, 0, 0, 0, 0, 0, 0, 0]",30,4
FG3032,"[3, 4, 4, 2, 4, 5, 2, 4, 4, 0, 0, 0, 0, 0, 0, 4, 0, 0, 0, 0, 0, 0, 0, 0]",36,5
FG1001,"[3, 4, 3, 2, 4, 5, 1, 0, 0, 0, 0, 0, 0, 0, 0, 0, 0, 0, 0, 0, 0, 0, 0, 0]",22,3
FG1011,"[3, 3, 3, 2, 4, 4, 3, 0, 4, 0, 0, 0, 0, 0, 3, 0, 0, 0, 0, 0, 0, 0, -2, -2]",25,3
FG1021,"[2, 4, 5, 4, 3, 3, 1, 0, 4, 0, 0, 0, 0, 0, 2, 0, 0, 0, 0, 0, 0, 0, 0, -1]",27,4
FG1031,"[2, 4, 5, 3, 3, 3, 2, 4, 4, 0, 0, 0, 0, 0, 0, 3, 0, 0, 0, 0, 0, 0, 0, -2]",31,4
FG1041,"[1, 4, 5, 5, 3, 2, 4, 4, 4, 0, 0, 0, 0, 0, 0, 3, 0, 0, 0, 0, 0, 0, 0, 0]",35,5
FG1051,"[1, 0, 5, 5, 3, 2, 2, 0, 4, 0, 0, 0, 0, 0, 0, 3, 0, 0, 0, 0, 0, 0, 0, 0]",25,3
FG1000,"[4, 4, 4, 4, 4, 4, 2, 0, 4, 0, 3, 0, 0, 0, 0, 0, 0, 0, 0, 0, 0, 0, -2, 0]",31,4
FG1010,"[1, 4, 5, 4, 3, 3, 3, 0, 4, 0, 0, 0, 0, 0, 0, 0, 0, 0, 0, 0, 0, 0, -1, 0]",26,3
FG1020,"[1, 0, 5, 4, 3, 3, 2, 0, 4, 0, 0, 0, 0, 0, 0, 0, 0, 0, 0, 0, 0, 0, 0, 0]",22,3
FG1030,"[1, 0, 5, 4, 3, 3, 4, 0, 4, 0, 0, 0, 0, 0, 0, 0, 0, 0, 0, 0, 0, 0, 0, 0]",24,3
FG1040,"[1, 0, 5, 5, 3, 3, 2, 0, 4, 0, 0, 0, 0, 0, 0, 2, 0, 0, 0, 0, 0, 0, 0, 0]",25,3
FG1050,"[1, 0, 5, 5, 3, 3, 2, 0, 4, 0, 0, 0, 0, 0, 0, 3, 0, 0, 0, 0, 0, 0, 0, 0]",26,3
GF5060,"[3, 4, 4, 1, 3, 4, 1, 4, 0, 0, 0, 0, 0, 0, 0, 0, 0, 0, 0, 0, -5, 0, 0, -1]",18,2
GF5050,"[2, 4, 3, 1, 2, 4, 1, 0, 0, 0, 0, 0, 0, 0, 0, 0, 0, 0, 0, 0, 0, 0, 0, 0]",17,2
GF5061,"[2, 3, 3, 1, 5, 5, 0, 0, 0, 0, 0, 0, 0, 0, 0, 0, 0, 0, 0, 0, -5, 0, 0, 0]",14,1
GF5051,"[2, 4, 3, 1, 3, 5, 0, 0, 0, 0, 0, 0, 0, 0, 3, 0, 0, 0, 0, 0, -5, 0, 0, 0]",16,2
GF5040,"[3, 3, 4, 1, 2, 4, 2, 0, 0, 0, 0, 0, 0, 0, 3, 5, 4, 0, 0, 0, 0, 0, 0, -1]",30,4
GF5041,"[2, 1, 2, 1, 4, 5, 0, 4, 0, 0, 0, 0, 0, 0, 0, 4, 4, 0, 0, 0, 0, 0, 0, -1]",26,3
GF5042,"[2, 2, 3, 1, 4, 5, 1, 4, 0, 0, 0, 0, 0, 0, 3, 3, 3, 0, 0, 0, -5, 0, 0, -2]",24,3
GF5043,"[2, 3, 3, 1, 3, 5, 2, 4, 0, 0, 0, 0, 0, 0, 0, 0, 0, 0, 0, 0, -5, 0, 0, 0]",18,2
GF5044,"[1, 2, 3, 1, 2, 5, 2, 0, 0, 0, 0, 0, 0, 0, 0, 0, 0, 0, 0, 0, -5, 0, 0, 0]",11,1
GF5045,"[1, 2, 3, 1, 1, 5, 3, 4, 0, 0, 0, 0, 0, 0, 0, 5, 5, 0, 0, 0, -5, 0, 0, -2]",23,3
GF5046,"[1, 2, 3, 1, 1, 5, 3, 4, 0, 0, 0, 0, 0, 0, 0, 3, 3, 0, 0, 0, 0, 0, 0, -1]",25,3
GF5047,"[1, 3, 3, 1, 2, 5, 2, 4, 0, 0, 0, 0, 0, 0, 0, 1, 1, 0, 0, 0, 0, 0, -1, 0]",22,3
GF5048,"[1, 3, 3, 1, 3, 5, 2, 4, 0, 0, 0, 0, 0, 0, 0, 3, 3, 0, 0, 0, 0, 0, -2, -2]",24,3
GF5049,"[2, 4, 3, 1, 2, 4, 1, 0, 0, 0, 0, 0, 0, 0, 0, 0, 0, 0, 0, 0, 0, 0, 0, -2]",15,1
GF5140,"[2, 4, 5, 1, 1, 3, 0, 0, 3, 0, 0, 0, 0, 0, 0, 0, 0, 0, 0, 0, 0, 0, 0, 0]",19,2
GF5070,"[2, 2, 2, 1, 3, 5, 2, 4, 0, 0, 0, 0, 0, 0, 3, 0, 0, 0, 0, 0, 0, 0, 0, -1]",23,3
GF5071,"[2, 4, 3, 1, 2, 5, 2, 0, 0, 0, 0, 0, 0, 0, 0, 0, 0, 0, 0, 0, 0, 0, 0, 0]",19,2
GF5030,"[2, 3, 5, 1, 2, 3, 2, 0, 0, 0, 0, 0, 0, 0, 0, 5, 5, 0, 0, 0, 0, 0, 0, 0]",28,4
GF5031,"[2, 3, 3, 1, 1, 5, 1, 0, 0, 0, 0, 0, 0, 0, 0, 0, 0, 0, 0, 0, 0, 0, 0, 0]",16,2
GF5032,"[2, 4, 3, 1, 2, 5, 2, 4, 0, 0, 0, 0, 0, 0, 0, 0, 0, 0, 0, 0, 0, 0, 0, 0]",23,3
GF5033,"[2, 4, 3, 1, 2, 5, 2, 0, 0, 0, 0, 0, 0, 0, 0, 0, 0, 0, 0, 0, -5, 0, 0, 0]",14,1
GF5034,"[1, 3, 3, 1, 1, 5, 2, 0, 0, 0, 0, 0, 0, 0, 0, 0, 0, 0, 0, 0, 0, 0, 0, -1]",15,1
GF5035,"[2, 3, 3, 1, 2, 5, 2, 4, 0, 0, 0, 0, 0, 0, 2, 4, 4, 0, 0, 0, 0, 0, 0, -2]",30,4
GF5036,"[3, 3, 3, 1, 2, 5, 3, 5, 4, 0, 0, 0, 0, 0, 0, 0, 0, 0, 0, 0, -5, 0, 0, -3]",21,2
GF5037,"[4, 5, 2, 1, 2, 3, 2, 5, 4, 0, 0, 0, 0, 0, 0, 0, 0, 0, 0, 0, -5, 0, 0, 0]",23,3
GF5038,"[3, 3, 3, 1, 1, 4, 1, 4, 4, 0, 0, 0, 0, 0, 0, 2, 2, 0, 0, 0, -5, 0, -1, -2]",20,2
GF5039,"[3, 3, 4, 1, 1, 4, 0, 4, 4, 0, 0, 0, 0, 0, 0, 3, 3, 0, 0, 0, -5, 0, -2, -2]",21,2
GF5130,"[1, 4, 5, 1, 1, 3, 0, 0, 0, 0, 0, 0, 0, 0, 0, 0, 0, 0, 0, 0, 0, 0, 0, 0]",15,1
GF5131,"[1, 0, 5, 1, 2, 4, 0, 0, 3, 0, 0, 0, 0, 0, 0, 0, 0, 0, 0, 0, 0, 0, 0, 0]",16,2
GF5020,"[3, 4, 4, 1, 3, 4, 4, 0, 0, 0, 0, 0, 0, 0, 0, 3, 3, 0, 0, 0, 0, 0, 0, -1]",28,4
GF5021,"[3, 4, 4, 1, 3, 4, 2, 0, 0, 0, 0, 0, 0, 0, 0, 0, 0, 0, 0, 0, 0, 0, 0, 0]",21,2
GF5022,"[3, 5, 4, 1, 2, 4, 2, 5, 4, 0, 0, 0, 0, 0, 0, 0, 0, 0, 0, 0, 0, 0, 0, 0]",30,4
GF5023,"[3, 5, 4, 1, 1, 3, 3, 0, 4, 0, 0, 0, 0, 0, 0, 0, 0, 0, 0, 0, 0, 0, 0, 0]",24,3
GF5024,"[3, 3, 4, 1, 1, 4, 3, 4, 4, 0, 0, 0, 0, 0, 0, 0, 0, 0, 0, 0, 0, 0, 0, -4]",23,3
GF5025,"[2, 4, 5, 1, 1, 4, 2, 4, 4, 0, 0, 0, 0, 0, 0, 4, 4, 0, 0, 0, 0, 0, 0, -1]",34,5
GF5026,"[1, 0, 5, 1, 1, 4, 0, 0, 4, 0, 0, 0, 0, 0, 0, 2, 2, 0, 0, 0, 0, 0, 0, 0]",20,2
GF5027,"[1, 5, 5, 1, 1, 4, 1, 0, 4, 0, 0, 0, 0, 0, 0, 0, 0, 0, 0, 0, 0, 0, 0, 0]",22,3
GF5028,"[1, 5, 5, 1, 1, 4, 1, 0, 4, 0, 0, 0, 0, 0, 0, 0, 0, 0, 0, 0, 0, 0, 0, 0]",22,3
GF5029,"[1, 5, 5, 1, 1, 3, 1, 0, 4, 0, 0, 0, 0, 0, 0, 2, 2, 0, 0, 0, 0, 0, -1, 0]",24,3
GF5120,"[1, 5, 5, 1, 1, 3, 1, 0, 4, 0, 0, 0, 0, 0, 0, 1, 1, 0, 0, 0, 0, 0, -2, 0]",21,2
GF5121,"[1, 5, 5, 1, 2, 3, 1, 0, 4, 0, 0, 0, 0, 0, 0, 0, 0, 0, 0, 0, 0, 0, -1, 0]",21,2
GF5122,"[1, 0, 5, 1, 1, 4, 0, 0, 0, 0, 0, 0, 0, 0, 0, 0, 0, 0, 0, 0, 0, 0, 0, 0]",12,1
GF9090,"[2, 1, 2, 1, 4, 5, 1, 0, 0, 0, 0, 0, 0, 0, 5, 3, 3, 0, 0, 0, 0, 0, 0, -1]",26,3
GF9091,"[1, 4, 3, 1, 5, 5, 2, 0, 0, 0, 0, 0, 0, 0, 0, 0, 0, 0, 0, 0, 0, 0, 0, 0]",21,2
GF9080,"[2, 2, 2, 1, 5, 5, 2, 4, 0, 0, 0, 0, 0, 0, 2, 1, 1, 0, 0, 0, 0, 0, 0, -2]",25,3
GF9081,"[2, 2, 3, 1, 5, 5, 3, 4, 0, 0, 0, 0, 0, 0, 0, 3, 3, 0, 0, 0, 0, 0, 0, -2]",29,4
GF9082,"[2, 1, 2, 1, 4, 5, 3, 0, 0, 0, 0, 0, 0, 0, 5, 0, 0, 0, 0, 0, 0, 0, 0, -1]",22,3
GF9070,"[2, 1, 2, 1, 5, 5, 2, 0, 0, 0, 0, 0, 0, 0, 2, 0, 0, 0, 0, 0, -5, 0, 0, -2]",13,1
GF9071,"[2, 2, 3, 1, 5, 5, 2, 4, 0, 0, 0, 0, 0, 0, 0, 3, 3, 0, 0, 0, 0, 0, 0, -2]",28,4
GF9072,"[2, 3, 3, 1, 5, 5, 1, 4, 1, 0, 0, 0, 0, 0, 3, 0, 0, 0, 0, 0, 0, 0, 0, -1]",27,4
GF9060,"[2, 1, 2, 1, 5, 5, 2, 4, 0, 0, 0, 0, 0, 0, 3, 0, 0, 0, 0, 0, -5, 0, 0, -1]",19,2
GF9061,"[2, 2, 2, 1, 5, 5, 2, 0, 0, 0, 0, 0, 0, 0, 3, 3, 3, 0, 0, 0, 0, 0, 0, -1]",27,4
GF9062,"[2, 3, 3, 2, 4, 5, 2, 4, 0, 0, 0, 0, 0, 0, 0, 0, 0, 0, 0, 0, 0, 0, 0, -4]",21,2
GF9063,"[3, 3, 3, 2, 5, 5, 1, 0, 0, 0, 0, 5, 0, 0, 2, 0, 0, 0, 0, 0, 0, 0, 0, -2]",27,4
GF9050,"[3, 2, 2, 1, 5, 4, 1, 4, 0, 0, 0, 5, 0, 0, 2, 4, 3, 0, 0, 0, 0, 0, 0, -1]",35,5
GF9051,"[2, 2, 3, 2, 5, 5, 0, 0, 4, 0, 0, 5, 0, 0, 2, 4, 4, 0, 0, 0, 0, 0, 0, -1]",37,5
GF9052,"[3, 4, 4, 2, 4, 3, 2, 4, 0, 0, 0, 0, 0, 0, 0, 2, 2, 0, 0, 0, 0, 0, 0, -1]",29,4
GF9053,"[3, 4, 4, 2, 4, 4, 1, 4, 0, 0, 0, 5, 0, 0, 2, 3, 0, 0, 0, 0, 0, 0, 0, -2]",34,5
GF9040,"[2, 4, 5, 2, 3, 3, 2, 4, 4, 0, 0, 0, 0, 0, 2, 0, 0, 0, 0, 0, 0, 0, 0, 0]",31,4
GF9041,"[3, 3, 3, 2, 4, 4, 2, 4, 4, 0, 0, 0, 0, 0, 0, 2, 2, 0, 0, 0, 0, 0, 0, -1]",32,4
GF9042,"[4, 2, 3, 2, 4, 4, 2, 4, 0, 0, 0, 0, 0, 0, 2, 4, 3, 0, 0, 0, -5, 0, 0, -1]",28,4
GF9043,"[2, 2, 2, 2, 5, 5, 1, 0, 0, 0, 0, 0, 0, 0, 0, 5, 4, 0, 0, 0, 0, 0, -2, -2]",24,3
GF9030,"[3, 4, 5, 2, 3, 3, 2, 0, 4, 0, 0, 0, 0, 0, 0, 0, 0, 0, 0, 0, 0, 0, 0, -2]",24,3
GF9031,"[4, 3, 3, 2, 5, 4, 1, 0, 0, 0, 0, 0, 0, 0, 0, 0, 0, 0, 0, -5, 0, 0, 0, -2]",15,1
GF9032,"[3, 1, 2, 2, 5, 4, 1, 4, 0, 0, 0, 0, 0, 0, 2, 3, 3, 0, 0, 0, 0, 0, 0, 0]",30,4
GF9033,"[5, 2, 2, 1, 5, 3, 2, 4, 1, 0, 0, 0, 0, 0, 5, 4, 4, 0, 0, 0, 0, 0, -3, 0]",35,5
GF9020,"[4, 2, 3, 2, 5, 4, 1, 4, 1, 0, 0, 5, 0, 0, 5, 2, 0, 0, 0, 0, 0, 0, 0, -1]",37,5
GF9021,"[3, 4, 4, 3, 4, 4, 2, 0, 0, 0, 0, 0, 0, 0, 0, 0, 0, 0, 0, 0, 0, 0, 0, 0]",24,3
GF9010,"[4, 3, 4, 3, 4, 4, 2, 4, 1, 0, 0, 5, 0, 0, 5, 4, 3, 0, 0, 0, 0, 0, -2, 0]",44,5
GF9000,"[5, 2, 2, 2, 4, 3, 1, 4, 4, 0, 0, 5, 0, 0, 5, 4, 4, 0, 0, 0, 0, 0, -3, 0]",42,5
GF8060,"[3, 3, 4, 2, 3, 4, 0, 4, 0, 0, 0, 0, 0, 0, 0, 0, 0, 0, 0, 0, 0, 0, 0, -1]",22,3
GF8050,"[3, 3, 4, 1, 4, 4, 1, 0, 0, 0, 0, 0, 0, 0, 0, 0, 0, 0, 0, 0, 0, 0, 0, -2]",18,2
GF8061,"[2, 2, 3, 2, 5, 5, 0, 0, 0, 0, 0, 0, 0, 0, 0, 0, 0, 0, 0, 0, 0, 0, 0, -1]",18,2
GF8051,"[4, 1, 2, 1, 5, 4, 1, 0, 0, 0, 0, 0, 0, 0, 5, 0, 0, 0, 0, 0, 0, 0, -2, -1]",20,2
GF8062,"[3, 2, 2, 1, 5, 5, 1, 4, 0, 0, 0, 0, 0, 0, 0, 0, 0, 0, 0, 0, 0, 0, -2, -1]",20,2
GF8063,"[1, 2, 3, 1, 5, 5, 1, 0, 0, 0, 0, 0, 0, 0, 0, 0, 0, 0, 0, 0, 0, 0, 0, -1]",17,2
GF8040,"[3, 2, 3, 1, 5, 4, 1, 0, 0, 0, 0, 5, 0, 0, 2, 3, 2, 0, 0, 0, 0, 0, -2, -1]",28,4
GF8041,"[1, 2, 3, 1, 5, 5, 0, 0, 0, 0, 0, 0, 0, 0, 0, 0, 0, 0, 0, 0, 0, 0, -1, -1]",15,1
GF8080,"[5, 1, 2, 2, 5, 3, 0, 0, 1, 0, 0, 0, 0, 0, 3, 3, 0, 0, 0, 0, 0, 0, -1, 0]",24,3
GF8081,"[5, 1, 2, 2, 5, 4, 0, 0, 5, 0, 0, 10, 0, 0, 5, 0, 0, 0, 0, 0, 0, 0, -2, 0]",37,5
GF8082,"[5, 2, 2, 2, 5, 4, 1, 4, 4, 0, 0, 10, 0, 0, 5, 4, 4, 0, 0, 0, 0, 0, -2, -1]",49,5
GF8070,"[3, 2, 5, 2, 3, 3, 0, 4, 1, 0, 0, 10, 0, 0, 5, 1, 0, 0, 0, 0, 0, 0, 0, -1]",38,5
GF8071,"[4, 2, 3, 2, 4, 3, 1, 0, 0, 0, 0, 0, 0, 0, 5, 0, 0, 0, 0, 0, 0, 0, -3, -1]",20,2
GF8072,"[4, 2, 3, 2, 5, 4, 1, 4, 0, 0, 0, 0, 0, 0, 3, 0, 0, 0, 0, 0, 0, 0, -1, -2]",25,3
GF8073,"[2, 2, 2, 1, 5, 5, 1, 0, 0, 0, 0, 0, 0, 0, 2, 2, 2, 0, 0, 0, 0, 0, 0, 0]",24,3
GF8030,"[3, 1, 3, 1, 4, 4, 1, 4, 0, 0, 0, 5, 0, 0, 2, 3, 2, 0, 0, 0, 0, 0, -2, -1]",30,4
GF8031,"[3, 2, 3, 2, 5, 5, 1, 0, 0, 0, 0, 5, 0, 0, 2, 4, 3, 0, 0, 0, 0, -5, 0, -1]",29,4
GF8020,"[1, 2, 3, 1, 5, 5, 0, 0, 0, 0, 0, 0, 0, 0, 0, 0, 0, 0, 0, 0, 0, 0, 0, -4]",13,1
GF5010,"[4, 3, 3, 1, 4, 3, 3, 4, 4, 0, 0, 0, 0, 0, 0, 4, 4, 0, 0, 0, 0, 0, 0, -1]",36,5
GF5011,"[3, 4, 4, 1, 1, 4, 2, 4, 4, 0, 0, 0, 0, 0, 0, 0, 0, 0, 0, 0, 0, 0, 0, -5]",22,3
GF5012,"[1, 5, 5, 1, 1, 3, 2, 0, 4, 0, 0, 0, 0, 0, 0, 1, 1, 0, 0, 0, 0, 0, 0, 0]",24,3
GF5013,"[1, 5, 5, 1, 1, 4, 1, 0, 4, 0, 0, 0, 0, 0, 0, 1, 1, 0, 0, 0, 0, 0, 0, 0]",24,3
GF5014,"[1, 0, 5, 1, 1, 4, 1, 0, 4, 0, 0, 0, 0, 0, 0, 4, 4, 0, 0, 0, 0, 0, 0, 0]",25,3
GF5015,"[1, 0, 5, 1, 1, 4, 2, 0, 4, 0, 0, 0, 0, 0, 0, 2, 2, 0, 0, 0, 0, 0, 0, 0]",22,3
GF5016,"[1, 5, 5, 1, 1, 4, 0, 0, 4, 0, 0, 0, 0, 0, 0, 3, 3, 0, 0, 0, 0, 0, 0, 0]",27,4
GF5017,"[1, 0, 5, 1, 1, 4, 0, 0, 4, 0, 0, 0, 0, 0, 0, 0, 0, 0, 0, 0, 0, 0, 0, 0]",16,2
GF5018,"[1, 5, 5, 1, 1, 4, 0, 4, 4, 0, 0, 0, 0, 0, 0, 0, 0, 0, 0, 0, 0, 0, 0, 0]",25,3
GF5019,"[1, 0, 5, 1, 1, 4, 0, 0, 4, 0, 0, 0, 0, 0, 0, 3, 3, 0, 0, 0, 0, 0, 0, 0]",22,3
GF5110,"[1, 0, 5, 1, 1, 4, 0, 0, 4, 0, 0, 0, 0, 0, 0, 0, 0, 0, 0, 0, 0, 0, 0, 0]",16,2
GF5111,"[2, 5, 5, 1, 2, 3, 2, 0, 4, 0, 0, 0, 0, 0, 0, 0, 0, 0, 0, 0, 0, 0, -2, 0]",22,3
GF5112,"[1, 0, 5, 1, 1, 3, 1, 0, 4, 0, 0, 0, 0, 0, 0, 0, 0, 0, 0, 0, 0, 0, -1, 0]",15,1
GF5113,"[1, 5, 5, 1, 2, 4, 0, 0, 1, 0, 0, 0, 0, 0, 0, 0, 0, 0, 0, 0, 0, 0, 0, 0]",19,2
GF5318,"[1, 5, 5, 1, 2, 3, 2, 0, 0, 5, 0, 0, 0, 0, 0, 0, 0, 0, 0, 0, 0, 0, 0, 0]",24,3
GF5000,"[2, 3, 5, 1, 2, 2, 1, 0, 4, 0, 0, 0, 0, 0, 0, 3, 3, 0, 0, 0, 0, 0, 0, 0]",26,3
GF5001,"[1, 5, 5, 1, 1, 4, 0, 0, 4, 0, 0, 0, 0, 0, 0, 4, 4, 0, 0, 0, 0, 0, 0, 0]",29,4
GF5002,"[1, 5, 5, 1, 2, 3, 0, 5, 4, 0, 0, 0, 0, 0, 0, 5, 5, 0, 0, 0, 0, 0, 0, 0]",36,5
GF5003,"[3, 5, 5, 1, 1, 2, 1, 5, 4, 0, 0, 0, 0, 0, 0, 4, 4, 0, 0, 0, 0, 0, 0, 0]",35,5
GF5004,"[1, 5, 5, 1, 1, 4, 0, 5, 4, 0, 0, 0, 0, 0, 0, 3, 3, 0, 0, 0, 0, 0, 0, 0]",32,4
GF5005,"[1, 5, 5, 1, 1, 4, 2, 0, 4, 0, 0, 0, 0, 0, 0, 3, 3, 0, 0, 0, 0, 0, 0, 0]",29,4
GF5006,"[1, 5, 5, 1, 1, 4, 1, 0, 4, 0, 0, 0, 0, 0, 0, 2, 2, 0, 0, 0, 0, 0, 0, 0]",26,3
GF5007,"[1, 0, 5, 1, 1, 4, 0, 0, 4, 0, 0, 0, 0, 0, 0, 3, 3, 0, 0, 0, 0, 0, 0, 0]",22,3
GF5008,"[1, 0, 5, 1, 1, 4, 0, 0, 4, 0, 0, 0, 0, 0, 0, 2, 2, 0, 0, 0, 0, 0, 0, 0]",20,2
GF5009,"[1, 0, 5, 1, 1, 4, 0, 0, 4, 0, 0, 0, 0, 0, 0, 3, 3, 0, 0, 0, 0, 0, 0, 0]",22,3
GF5100,"[1, 0, 5, 1, 1, 4, 0, 0, 4, 0, 0, 0, 0, 0, 0, 0, 0, 0, 0, 0, 0, 0, 0, 0]",16,2
GF5101,"[1, 5, 5, 1, 2, 3, 2, 0, 4, 0, 0, 0, 0, 0, 0, 0, 0, 0, 0, 0, 0, 0, 0, 0]",23,3
GF5102,"[3, 3, 4, 1, 2, 4, 1, 0, 4, 0, 0, 0, 0, 0, 0, 0, 0, 0, 0, 0, 0, 0, -2, -1]",19,2
GF5103,"[3, 3, 3, 1, 2, 4, 1, 4, 0, 0, 0, 0, 0, 0, 3, 0, 0, 0, 0, 0, 0, 0, -1, 0]",23,3
GF5308,"[1, 5, 5, 1, 2, 3, 1, 0, 0, 0, 0, 0, 0, 0, 0, 0, 0, 0, 0, 0, 0, 0, 0, 0]",18,2
GF5309,"[1, 5, 5, 1, 3, 3, 1, 0, 0, 5, 0, 0, 0, 0, 0, 0, 0, 0, 0, 0, 0, 0, 0, 0]",24,3
GF4090,"[2, 3, 5, 1, 2, 4, 2, 4, 4, 0, 0, 0, 0, 0, 0, 2, 2, 0, 0, 0, 0, 0, 0, -2]",29,4
GF4091,"[3, 2, 4, 1, 1, 4, 2, 4, 4, 0, 0, 0, 0, 0, 0, 3, 3, 0, 0, 0, 0, 0, 0, -2]",29,4
GF4092,"[3, 3, 5, 1, 1, 4, 2, 4, 4, 0, 0, 0, 0, 0, 0, 0, 0, 0, 0, 0, 0, 0, 0, -2]",25,3
GF4093,"[1, 5, 5, 1, 2, 4, 1, 5, 4, 0, 0, 0, 0, 0, 0, 0, 0, 0, 0, 0, 0, 0, 0, 0]",28,4
GF4094,"[1, 5, 5, 1, 1, 3, 1, 5, 4, 0, 0, 0, 0, 0, 0, 0, 0, 0, 0, 0, 0, 0, 0, 0]",26,3
GF4095,"[1, 5, 5, 1, 1, 3, 1, 0, 4, 0, 0, 0, 0, 0, 0, 4, 4, 0, 0, 0, 0, 0, 0, 0]",29,4
GF4096,"[1, 5, 5, 1, 2, 4, 1, 0, 4, 0, 0, 0, 0, 0, 0, 0, 0, 0, 0, 0, 0, 0, 0, 0]",23,3
GF4097,"[1, 5, 5, 1, 2, 4, 1, 0, 4, 0, 0, 0, 0, 0, 0, 0, 0, 0, 0, 0, 0, 0, 0, 0]",23,3
GF4098,"[1, 5, 5, 1, 2, 4, 1, 0, 4, 0, 0, 0, 0, 0, 0, 2, 2, 0, 0, 0, 0, 0, 0, 0]",27,4
GF4099,"[1, 5, 5, 1, 1, 4, 0, 0, 4, 0, 0, 0, 0, 0, 0, 3, 3, 0, 0, 0, 0, 0, 0, 0]",27,4
GF4190,"[1, 0, 5, 1, 2, 4, 0, 0, 4, 0, 0, 0, 0, 0, 0, 0, 0, 0, 0, 0, 0, 0, 0, 0]",17,2
GF4191,"[3, 5, 4, 1, 2, 4, 1, 0, 4, 0, 0, 0, 0, 0, 0, 0, 0, 0, 0, 0, 0, 0, 0, 0]",24,3
GF4192,"[3, 2, 3, 1, 1, 4, 1, 4, 0, 0, 0, 0, 0, 0, 0, 0, 0, 0, 0, 0, 0, 0, 0, -1]",18,2
GF4193,"[1, 1, 3, 1, 2, 5, 0, 4, 0, 0, 0, 0, 0, 0, 3, 0, 0, 0, 0, 0, 0, 0, -2, -3]",15,1
GF4398,"[1, 0, 5, 1, 2, 3, 1, 0, 0, 0, 0, 0, 0, 0, 0, 0, 0, 0, 0, 0, 0, 0, 0, 0]",13,1
GF4399,"[2, 5, 5, 1, 3, 4, 0, 0, 0, 0, 0, 0, 0, 0, 3, 0, 0, 0, 0, 0, 0, 0, 0, 0]",23,3
GF4490,"[1, 5, 5, 1, 3, 3, 0, 0, 0, 5, 0, 0, 0, 0, 3, 0, 0, 0, 0, 0, 0, 0, 0, 0]",26,3
GF4407,"[3, 5, 4, 1, 4, 4, 0, 0, 4, 5, 0, 0, 0, 0, 0, 0, 0, 0, 0, 0, 0, 0, 0, 0]",30,4
GF4417,"[3, 5, 4, 2, 4, 4, 1, 0, 4, 5, 0, 0, 0, 0, 0, 0, 0, 0, 0, 0, 0, 0, 0, 0]",32,4
GF4389,"[2, 4, 3, 1, 4, 5, 1, 4, 3, 0, 0, 0, 0, 0, 3, 4, 4, 0, 0, 0, 0, 0, 0, -1]",37,5
GF4480,"[2, 5, 5, 1, 3, 3, 3, 0, 3, 5, 0, 0, 0, 0, 3, 0, 0, 0, 0, 0, 0, 0, 0, 0]",33,5
GF4481,"[1, 5, 5, 1, 4, 3, 0, 0, 0, 5, 0, 0, 0, 0, 0, 0, 0, 0, 0, 0, 0, 0, 0, 0]",24,3
GF4080,"[2, 3, 5, 1, 2, 3, 1, 0, 4, 0, 0, 0, 0, 0, 0, 0, 0, 0, 0, 0, 0, 0, 0, -1]",20,2
GF4081,"[2, 2, 3, 1, 3, 5, 3, 4, 0, 0, 0, 0, 0, 0, 0, 1, 1, 0, 0, 0, 0, 0, 0, -1]",24,3
GF4082,"[2, 2, 2, 1, 2, 5, 3, 0, 0, 0, 0, 0, 0, 0, 0, 3, 3, 0, 0, 0, -5, 0, 0, -1]",17,2
GF4083,"[3, 2, 3, 1, 2, 4, 3, 4, 4, 0, 0, 0, 0, 0, 2, 3, 3, 0, 0, 0, 0, 0, 0, -1]",33,5
GF4084,"[3, 3, 4, 1, 2, 4, 2, 4, 4, 0, 0, 0, 0, 0, 0, 0, 0, 0, 0, 0, 0, 0, 0, 0]",27,4
GF4085,"[2, 5, 5, 1, 1, 3, 2, 0, 4, 0, 0, 0, 0, 0, 0, 3, 3, 0, 0, 0, 0, 0, 0, 0]",29,4
GF4086,"[1, 5, 5, 1, 2, 3, 2, 0, 4, 0, 0, 0, 0, 0, 0, 3, 3, 0, 0, 0, 0, 0, 0, 0]",29,4
GF4087,"[1, 5, 5, 1, 2, 2, 1, 0, 4, 0, 0, 0, 0, 0, 0, 0, 0, 0, 0, 0, 0, 0, 0, 0]",21,2
GF4088,"[1, 0, 5, 1, 1, 4, 2, 0, 4, 0, 0, 0, 0, 0, 0, 0, 0, 0, 0, 0, 0, 0, 0, 0]",18,2
GF4089,"[1, 5, 5, 1, 1, 4, 1, 0, 4, 0, 0, 0, 0, 0, 0, 3, 3, 0, 0, 0, 0, 0, 0, 0]",28,4
GF4180,"[1, 4, 5, 1, 2, 4, 1, 0, 4, 0, 0, 0, 0, 0, 0, 0, 0, 0, 0, 0, 0, 0, 0, 0]",22,3
GF4181,"[2, 5, 3, 1, 2, 5, 1, 0, 0, 0, 0, 0, 0, 0, 0, 0, 0, 0, 0, 0, 0, 0, 0, 0]",19,2
GF2313,"[2, 2, 2, 1, 5, 5, 0, 4, 4, 5, 0, 0, 0, 0, 0, 0, 0, 0, 0, 0, 0, 0, 0, 0]",30,4
GF2314,"[1, 1, 2, 1, 4, 5, 0, 0, 4, 5, 3, 0, 0, 0, 0, 0, 0, 0, 0, 0, 0, 0, 0, 0]",26,3
GF2323,"[2, 4, 5, 1, 2, 3, 1, 0, 4, 5, 0, 0, 0, 0, 0, 1, 0, 0, 0, 0, 0, 0, 0, 0]",28,4
GF2324,"[3, 3, 3, 1, 4, 4, 0, 0, 4, 5, 3, 0, 0, 0, 0, 0, 0, 0, 0, 0, 0, 0, 0, -1]",29,4
GF2333,"[1, 5, 5, 1, 3, 4, 1, 0, 5, 5, 0, 0, 0, 0, 0, 4, 3, 0, 0, 0, 0, 0, 0, 0]",37,5
GF2334,"[3, 5, 4, 1, 3, 4, 2, 0, 4, 5, 0, 0, 0, 0, 0, 2, 1, 0, 0, 0, 0, 0, 0, 0]",34,5
GF2343,"[1, 0, 5, 1, 2, 3, 0, 0, 5, 5, 0, 0, 0, 0, 0, 5, 5, 0, 0, 0, 0, 0, 0, 0]",32,4
GF2344,"[1, 4, 5, 1, 3, 4, 1, 0, 4, 5, 0, 0, 0, 0, 0, 5, 5, 0, 0, 0, 0, 0, 0, 0]",38,5
GF2353,"[1, 5, 5, 1, 3, 3, 0, 0, 4, 5, 0, 0, 0, 0, 0, 0, 0, 0, 0, 0, 0, 0, 0, 0]",27,4
GF2354,"[3, 3, 5, 2, 4, 4, 0, 0, 4, 5, 0, 0, 0, 0, 0, 0, 0, 0, 0, 0, 0, 0, 0, -2]",28,4
GF2363,"[1, 5, 5, 1, 3, 3, 1, 0, 4, 5, 0, 0, 0, 0, 0, 0, 0, 0, 0, 0, 0, 0, 0, 0]",28,4
GF2364,"[1, 5, 5, 1, 3, 3, 0, 0, 4, 5, 0, 0, 0, 0, 0, 0, 0, 0, 0, 0, 0, 0, 0, 0]",27,4
GF2373,"[1, 4, 5, 1, 3, 4, 0, 0, 4, 5, 0, 0, 0, 0, 0, 0, 0, 0, 0, 0, 0, 0, 0, 0]",27,4
GF2374,"[3, 4, 4, 1, 4, 4, 0, 0, 4, 5, 3, 0, 0, 0, 0, 0, 0, 0, 0, 0, 0, 0, -2, 0]",30,4
GF2383,"[1, 4, 5, 1, 3, 4, 0, 0, 4, 5, 0, 0, 0, 0, 0, 0, 0, 0, 0, 0, 0, 0, -2, 0]",25,3
GF2384,"[3, 5, 4, 1, 3, 5, 0, 0, 4, 5, 0, 0, 0, 0, 0, 0, 0, 0, 0, 0, 0, 0, -1, 0]",29,4
GF2393,"[1, 5, 5, 1, 3, 3, 1, 0, 0, 5, 0, 0, 0, 0, 0, 0, 0, 0, 0, 0, 0, 0, 0, 0]",24,3
GF2394,"[1, 5, 5, 1, 3, 3, 2, 0, 0, 5, 0, 0, 0, 0, 0, 0, 0, 0, 0, 0, 0, 0, 0, 0]",25,3
GF3303,"[2, 5, 5, 1, 3, 3, 1, 0, 1, 5, 3, 0, 0, 0, 0, 3, 3, 0, 0, 0, 0, 0, 0, 0]",35,5
GF3304,"[2, 4, 5, 1, 3, 3, 0, 0, 0, 5, 0, 0, 0, 0, 0, 0, 0, 0, 0, 0, 0, 0, 0, 0]",23,3
GF3313,"[1, 4, 5, 1, 3, 4, 1, 0, 0, 5, 0, 0, 0, 0, 0, 3, 3, 0, 0, 0, 0, 0, 0, -3]",27,4
GF3314,"[3, 3, 3, 1, 4, 4, 1, 4, 0, 5, 0, 0, 0, 0, 0, 3, 3, 0, 0, 0, 0, 0, 0, -1]",33,5
GF3323,"[1, 5, 5, 1, 3, 4, 2, 5, 0, 5, 0, 0, 0, 0, 0, 0, 0, 0, 0, 0, 0, 0, 0, 0]",31,4
GF3324,"[2, 4, 5, 1, 3, 4, 1, 4, 0, 5, 0, 0, 0, 0, 0, 0, 0, 0, 0, 0, 0, 0, 0, 0]",29,4
GF3333,"[1, 5, 5, 1, 3, 4, 0, 0, 0, 5, 0, 0, 0, 0, 0, 0, 0, 0, 0, 0, 0, 0, 0, 0]",24,3
GF3334,"[2, 4, 5, 1, 3, 4, 1, 4, 0, 5, 0, 0, 0, 0, 0, 0, 0, 0, 0, 0, 0, 0, 0, 0]",29,4
GF3343,"[1, 5, 5, 1, 3, 3, 1, 0, 0, 5, 0, 0, 0, 0, 0, 0, 0, 0, 0, 0, 0, 0, 0, 0]",24,3
GF3344,"[1, 5, 5, 1, 3, 3, 1, 0, 3, 5, 0, 0, 0, 0, 0, 0, 0, 0, 0, 0, 0, 0, 0, 0]",27,4
GF3353,"[2, 4, 4, 1, 4, 4, 1, 0, 0, 0, 0, 0, 0, 0, 0, 0, 0, 0, 0, 0, 0, 0, 0, 0]",20,2
GF3354,"[1, 4, 5, 1, 3, 3, 1, 0, 3, 0, 0, 0, 0, 0, 0, 0, 0, 0, 0, 0, 0, 0, 0, 0]",21,2
GF3363,"[1, 2, 3, 1, 4, 5, 1, 5, 0, 0, 0, 0, 0, 0, 3, 0, 0, 0, 0, 0, 0, 0, 0, -1]",24,3
GF3364,"[3, 4, 4, 1, 4, 4, 1, 5, 4, 0, 0, 0, 0, 0, 0, 0, 0, 0, 0, 0, 0, 0, 0, 0]",30,4
GF3373,"[3, 5, 5, 1, 2, 3, 1, 5, 0, 0, 0, 0, 0, 0, 2, 0, 0, 0, 0, 0, 0, 0, 0, -2]",25,3
GF3374,"[2, 5, 5, 1, 2, 4, 1, 5, 4, 0, 0, 0, 0, 0, 0, 0, 0, 0, 0, 0, 0, 0, 0, 0]",29,4
GF3383,"[1, 5, 5, 1, 2, 3, 1, 0, 0, 5, 0, 0, 0, 0, 0, 0, 0, 0, 0, 0, 0, 0, 0, 0]",23,3
GF3384,"[1, 5, 5, 1, 2, 3, 1, 4, 0, 5, 0, 0, 0, 0, 0, 0, 0, 0, 0, 0, 0, 0, 0, 0]",27,4
GF3393,"[1, 0, 5, 1, 2, 4, 1, 0, 0, 5, 0, 0, 0, 0, 0, 2, 2, 0, 0, 0, 0, 0, 0, 0]",23,3
GF3394,"[1, 0, 5, 1, 1, 4, 0, 0, 0, 5, 0, 0, 0, 0, 0, 2, 2, 0, 0, 0, 0, 0, 0, 0]",21,2
GF4303,"[1, 5, 5, 1, 2, 3, 0, 0, 0, 5, 0, 0, 0, 0, 0, 2, 2, 0, 0, 0, 0, 0, 0, 0]",26,3
GF4304,"[1, 5, 5, 1, 3, 3, 0, 0, 0, 5, 0, 0, 0, 0, 0, 2, 2, 0, 0, 0, 0, 0, 0, 0]",27,4
GF4313,"[3, 3, 4, 1, 2, 4, 1, 4, 0, 5, 0, 0, 0, 0, 0, 0, 0, 0, 0, 0, 0, 0, 0, -1]",26,3
GF4314,"[2, 5, 5, 1, 3, 4, 1, 0, 0, 5, 0, 0, 0, 0, 0, 0, 0, 0, 0, 0, 0, 0, 0, 0]",26,3
GF4323,"[3, 4, 4, 1, 3, 4, 0, 0, 0, 0, 0, 0, 0, 0, 0, 0, 0, 0, 0, 0, 0, 0, 0, -1]",18,2
GF4324,"[1, 0, 5, 1, 3, 3, 0, 0, 0, 0, 0, 0, 0, 0, 0, 0, 0, 0, 0, 0, 0, 0, 0, 0]",13,1
GF2352,"[1, 5, 5, 1, 3, 3, 0, 0, 4, 5, 3, 0, 0, 0, 0, 5, 5, 0, 0, 0, 0, 0, 0, 0]",40,5
GF2362,"[1, 5, 5, 1, 3, 3, 1, 0, 4, 5, 0, 0, 0, 0, 0, 0, 0, 0, 0, 0, 0, 0, 0, 0]",28,4
GF2372,"[1, 0, 5, 1, 3, 4, 1, 0, 4, 5, 0, 0, 0, 0, 0, 0, 0, 0, 0, 0, 0, 0, 0, 0]",24,3
GF2382,"[2, 4, 5, 1, 2, 4, 0, 0, 4, 5, 0, 0, 0, 0, 2, 0, 0, 0, 0, 0, 0, 0, -1, -2]",26,3
GF2392,"[4, 2, 3, 1, 4, 3, 2, 4, 4, 5, 0, 0, 0, 0, 5, 3, 3, 0, 0, 0, 0, 0, -2, -1]",40,5
GF3302,"[2, 4, 5, 1, 3, 4, 1, 0, 0, 5, 0, 0, 0, 0, 0, 1, 1, 0, 0, 0, 0, 0, 0, 0]",27,4
GF3312,"[1, 0, 5, 1, 2, 4, 2, 0, 0, 5, 0, 0, 0, 0, 0, 0, 0, 0, 0, 0, 0, 0, 0, 0]",20,2
GF3322,"[1, 0, 5, 1, 3, 4, 2, 0, 0, 5, 0, 0, 0, 0, 0, 0, 0, 0, 0, 0, 0, 0, 0, 0]",21,2
GF3332,"[1, 0, 5, 1, 3, 4, 0, 0, 3, 0, 0, 0, 0, 0, 0, 0, 0, 0, 0, 0, 0, 0, 0, 0]",17,2
GF3342,"[2, 5, 5, 1, 3, 4, 1, 0, 3, 0, 0, 0, 0, 0, 0, 0, 0, 0, 0, 0, 0, 0, 0, 0]",24,3
GF3352,"[3, 4, 4, 1, 3, 4, 2, 0, 0, 0, 0, 0, 0, 0, 0, 0, 0, 0, 0, 0, 0, 0, 0, -4]",17,2
GF3362,"[1, 4, 3, 1, 3, 5, 1, 0, 0, 0, 0, 0, 0, 0, 0, 0, 0, 0, 0, 0, 0, 0, 0, 0]",18,2
GF3372,"[3, 3, 4, 1, 2, 3, 3, 4, 0, 0, 0, 0, 0, 0, 2, 0, 0, 0, 0, 0, 0, 0, 0, 0]",25,3
GF3382,"[2, 5, 5, 1, 2, 4, 1, 0, 0, 0, 0, 0, 0, 0, 0, 0, 0, 0, 0, 0, 0, 0, 0, 0]",20,2
GF3392,"[1, 0, 5, 1, 2, 4, 1, 0, 0, 0, 0, 0, 0, 0, 0, 3, 3, 0, 0, 0, 0, 0, 0, 0]",20,2
GF4302,"[1, 5, 5, 1, 2, 3, 2, 4, 0, 0, 0, 0, 0, 0, 0, 0, 0, 0, 0, 0, 0, 0, 0, 0]",23,3
GF4312,"[3, 2, 4, 1, 3, 3, 1, 0, 0, 0, 0, 0, 0, 0, 0, 2, 2, 0, 0, 0, -5, 0, 0, -1]",15,1
GF4322,"[1, 0, 3, 1, 5, 5, 0, 0, 0, 0, 0, 0, 0, 0, 0, 3, 3, 0, 0, 0, -5, 0, 0, 0]",16,2
GF2436,"[2, 4, 3, 1, 0, 5, 0, 0, 4, 5, 0, 0, 0, 0, 0, 0, 0, 0, 0, 0, 0, 0, 0, 0]",24,3
GF2446,"[1, 5, 5, 1, 0, 4, 1, 0, 4, 5, 0, 0, 0, 0, 0, 0, 0, 0, 0, 0, 0, 0, 0, 0]",26,3
GF2456,"[3, 5, 4, 1, 0, 4, 1, 0, 4, 5, 0, 0, 0, 0, 0, 0, 0, 0, 0, 0, 0, 0, 0, 0]",27,4
GF4406,"[2, 5, 4, 1, 4, 4, 1, 0, 4, 5, 3, 0, 0, 0, 0, 0, 0, 0, 0, 0, 0, 0, 0, 0]",33,5
GF4416,"[3, 4, 4, 2, 4, 4, 1, 0, 4, 5, 0, 0, 0, 0, 0, 0, 0, 0, 0, 0, 0, 0, 0, 0]",31,4
GF4426,"[1, 4, 3, 1, 4, 5, 0, 0, 4, 5, 0, 0, 0, 0, 3, 0, 0, 0, 0, 0, 0, 0, 0, 0]",30,4
GF4436,"[1, 5, 5, 1, 3, 2, 2, 0, 0, 5, 0, 0, 0, 0, 0, 0, 0, 0, 0, 0, 0, 0, 0, 0]",24,3
GF2435,"[1, 4, 3, 1, 3, 5, 0, 0, 4, 5, 0, 0, 0, 0, 0, 0, 0, 0, 0, 0, 0, 0, 0, 0]",26,3
GF2445,"[3, 4, 4, 1, 4, 4, 0, 0, 4, 5, 0, 0, 0, 0, 0, 3, 0, 0, 0, 0, 0, 0, 0, 0]",32,4
GF2455,"[2, 4, 5, 1, 3, 4, 1, 4, 4, 5, 0, 0, 0, 0, 0, 3, 0, 0, 0, 0, 0, 0, 0, 0]",36,5
GF2465,"[2, 4, 3, 1, 4, 5, 1, 0, 4, 5, 0, 0, 0, 0, 0, 3, 0, 0, 0, 0, 0, 0, 0, 0]",32,4
GF4405,"[3, 5, 4, 2, 5, 4, 1, 0, 4, 5, 0, 0, 0, 0, 0, 0, 0, 0, 0, 0, 0, 0, -1, 0]",32,4
GF4415,"[3, 5, 4, 1, 4, 4, 2, 0, 4, 5, 0, 0, 0, 0, 0, 0, 0, 0, 0, 0, 0, 0, 0, 0]",32,4
GF4425,"[1, 2, 3, 1, 5, 5, 0, 0, 0, 5, 3, 0, 0, 0, 0, 0, 0, 0, 0, 0, 0, 0, 0, 0]",25,3
GF4435,"[3, 3, 3, 1, 4, 4, 2, 4, 0, 5, 5, 0, 0, 0, 0, 0, 0, 0, 0, 0, 0, 0, 0, -4]",30,4
GF4445,"[1, 2, 3, 1, 5, 5, 0, 0, 0, 5, 0, 0, 0, 0, 0, 0, 0, 0, 0, 0, 0, 0, 0, 0]",22,3
GF2424,"[3, 4, 4, 1, 4, 4, 0, 0, 4, 5, 0, 0, 0, 0, 0, 1, 0, 0, 0, 0, 0, 0, 0, 0]",30,4
GF2434,"[3, 2, 3, 1, 3, 5, 0, 0, 4, 5, 0, 0, 0, 0, 0, 4, 0, 0, 0, 0, -5, 0, 0, 0]",25,3
GF2444,"[2, 4, 3, 1, 5, 5, 0, 0, 4, 5, 0, 0, 0, 0, 0, 1, 0, 0, 0, 0, 0, 0, 0, 0]",30,4
GF2454,"[3, 3, 4, 1, 4, 4, 1, 0, 4, 5, 0, 0, 0, 0, 0, 0, 0, 0, 0, 0, 0, 0, 0, 0]",29,4
GF2464,"[3, 2, 3, 1, 4, 4, 1, 4, 4, 5, 0, 0, 0, 0, 0, 0, 0, 0, 0, 0, 0, 0, 0, -1]",30,4
GF4404,"[3, 4, 4, 2, 4, 4, 0, 0, 4, 5, 0, 0, 0, 0, 0, 0, 0, 0, 0, 0, 0, 0, -2, 0]",28,4
GF4414,"[2, 3, 3, 1, 5, 5, 2, 0, 4, 5, 0, 0, 0, 0, 0, 0, 0, 0, 0, 0, 0, 0, -1, -2]",27,4
GF4424,"[1, 5, 3, 1, 5, 5, 0, 0, 4, 5, 0, 0, 0, 0, 0, 0, 0, 0, 0, 0, 0, 0, 0, 0]",29,4
GF4434,"[2, 3, 3, 1, 4, 5, 1, 4, 0, 5, 4, 0, 0, 0, 5, 2, 2, 0, 0, 0, 0, 0, 0, -2]",39,5
GF4444,"[3, 3, 3, 1, 4, 4, 1, 4, 0, 5, 0, 0, 0, 0, 2, 2, 2, 0, 0, 0, 0, 0, 0, -2]",32,4
GF2413,"[3, 2, 3, 2, 4, 4, 1, 4, 4, 5, 0, 0, 0, 0, 0, 0, 0, 0, 0, 0, -5, 0, -1, 0]",26,3
GF2423,"[3, 4, 4, 1, 4, 5, 0, 0, 4, 5, 0, 0, 0, 0, 0, 0, 0, 0, 0, 0, -5, 0, 0, 0]",25,3
GF2433,"[3, 2, 3, 1, 3, 5, 0, 0, 4, 5, 0, 0, 0, 0, 0, 3, 0, 0, 0, 0, -5, 0, 0, 0]",24,3
GF2443,"[1, 4, 3, 1, 4, 5, 0, 0, 4, 5, 0, 0, 0, 0, 0, 0, 0, 0, 0, 0, -5, 0, 0, 0]",22,3
GF2453,"[3, 3, 4, 1, 4, 4, 0, 4, 4, 5, 0, 0, 0, 0, 0, 0, 0, 0, 0, 0, 0, 0, 0, -1]",31,4
GF2463,"[3, 4, 4, 1, 4, 4, 1, 4, 4, 5, 0, 0, 0, 0, 0, 0, 0, 0, 0, 0, 0, 0, 0, -1]",33,5
GF2473,"[3, 4, 4, 1, 3, 5, 0, 0, 4, 5, 0, 0, 0, 0, 0, 0, 0, 0, 0, 0, 0, 0, 0, 0]",29,4
GF4403,"[1, 4, 5, 1, 3, 3, 1, 0, 4, 5, 0, 0, 0, 0, 0, 4, 3, 0, 0, 0, 0, 0, 0, 0]",34,5
GF4413,"[3, 3, 3, 1, 4, 4, 2, 4, 4, 5, 0, 0, 0, 0, 2, 3, 2, 0, 0, 0, 0, 0, -2, -1]",37,5
GF4423,"[1, 3, 3, 1, 4, 5, 0, 0, 4, 5, 0, 0, 0, 0, 0, 2, 2, 0, 0, 0, 0, 0, 0, -2]",28,4
GF4433,"[1, 5, 3, 1, 5, 5, 1, 0, 0, 5, 0, 0, 0, 0, 0, 4, 4, 0, 0, 0, 0, 0, 0, 0]",34,5
GF4443,"[3, 3, 3, 1, 4, 4, 2, 5, 0, 5, 0, 0, 0, 0, 0, 3, 4, 0, 0, 0, 0, 0, 0, -1]",36,5
GF4453,"[2, 4, 3, 1, 5, 5, 1, 4, 0, 5, 0, 0, 0, 0, 0, 3, 3, 0, 0, 0, 0, 0, 0, 0]",36,5
GF1472,"[3, 3, 4, 2, 4, 4, 0, 0, 4, 5, 0, 0, 0, 0, 0, 0, 0, 0, 0, 0, -5, 0, 0, 0]",24,3
GF1482,"[1, 3, 3, 1, 5, 5, 0, 0, 4, 5, 0, 0, 0, 0, 0, 0, 0, 0, 0, 0, -5, 0, 0, 0]",22,3
GF1492,"[3, 3, 3, 1, 4, 4, 0, 0, 4, 5, 0, 0, 0, 0, 0, 4, 3, 0, 0, 0, 0, 0, 0, 0]",34,5
GF2402,"[1, 5, 5, 1, 3, 4, 1, 5, 4, 5, 0, 0, 0, 0, 0, 0, 0, 0, 0, 0, 0, 0, 0, 0]",34,5
GF2412,"[4, 3, 4, 1, 3, 3, 2, 5, 4, 5, 0, 0, 0, 0, 0, 0, 0, 0, 0, 0, -5, 0, -2, 0]",27,4
GF2422,"[2, 4, 5, 1, 3, 4, 0, 0, 4, 5, 0, 0, 0, 0, 0, 0, 0, 0, 0, 0, 0, 0, 0, 0]",28,4
GF2432,"[3, 3, 3, 1, 4, 5, 0, 0, 4, 5, 0, 0, 0, 0, 0, 3, 0, 0, 0, 0, -5, 0, 0, -4]",22,3
GF2442,"[3, 3, 3, 1, 3, 5, 0, 0, 4, 5, 0, 0, 0, 0, 0, 0, 0, 0, 0, 0, -5, 0, 0, -1]",21,2
GF2452,"[3, 2, 3, 1, 4, 5, 0, 0, 4, 5, 0, 0, 0, 0, 0, 0, 0, 0, 0, 0, 0, 0, 0, -1]",26,3
GF2462,"[4, 3, 4, 1, 3, 3, 1, 5, 4, 5, 3, 0, 0, 0, 2, 3, 3, 0, 0, 0, 0, 0, 0, -1]",43,5
GF2472,"[2, 4, 3, 1, 3, 5, 0, 4, 4, 5, 0, 0, 0, 0, 0, 3, 3, 0, 0, 0, 0, 0, 0, -3]",34,5
GF2492,"[3, 3, 4, 1, 3, 4, 0, 4, 4, 5, 4, 0, 0, 0, 5, 5, 4, 0, 0, 0, 0, 0, 0, -1]",48,5
GF3402,"[3, 4, 4, 1, 4, 4, 0, 0, 4, 5, 4, 0, 0, 0, 0, 4, 3, 0, 0, 0, 0, 0, 0, 0]",40,5
GF3412,"[1, 5, 5, 2, 3, 3, 0, 0, 4, 5, 3, 0, 0, 0, 0, 5, 4, 0, 0, 0, 0, 0, 0, 0]",40,5
GF4402,"[1, 5, 5, 1, 3, 2, 3, 0, 4, 5, 0, 0, 0, 0, 0, 3, 3, 0, 0, 0, 0, 0, 0, 0]",35,5
GF4412,"[4, 2, 3, 1, 4, 3, 3, 4, 4, 5, 3, 0, 0, 0, 5, 3, 2, 0, 0, 0, 0, 0, -2, -1]",43,5
GF4422,"[3, 3, 3, 1, 4, 4, 1, 4, 4, 5, 3, 0, 0, 0, 2, 4, 4, 0, 0, 0, 0, 0, -1, -1]",43,5
GF4432,"[3, 3, 4, 1, 3, 4, 2, 4, 0, 5, 0, 0, 0, 0, 0, 0, 0, 0, 0, 0, 0, 0, 0, 0]",29,4
GF4442,"[3, 4, 4, 1, 4, 4, 1, 0, 1, 5, 0, 0, 0, 0, 0, 0, 0, 0, 0, 0, 0, 0, 0, 0]",27,4
GF4452,"[3, 4, 4, 1, 4, 4, 2, 4, 0, 5, 0, 0, 0, 0, 0, 3, 3, 0, 0, 0, 0, 0, 0, -1]",36,5
GF4462,"[2, 5, 5, 1, 3, 3, 3, 0, 0, 5, 0, 0, 0, 0, 0, 3, 3, 0, 0, 0, 0, 0, 0, 0]",33,5
GF4472,"[1, 5, 5, 1, 5, 3, 0, 0, 0, 5, 0, 0, 0, 0, 0, 0, 0, 0, 0, 0, 0, 0, 0, 0]",25,3
GF1471,"[3, 4, 4, 1, 4, 4, 0, 0, 4, 5, 0, 0, 0, 0, 0, 1, 0, 0, 0, 0, -5, 0, 0, 0]",25,3
GF1481,"[3, 3, 4, 1, 4, 4, 0, 0, 4, 5, 0, 0, 0, 0, 0, 1, 0, 0, 0, 0, -5, 0, 0, 0]",24,3
GF1491,"[3, 2, 3, 1, 5, 5, 0, 0, 4, 5, 0, 0, 0, 0, 0, 4, 3, 0, 0, 0, 0, 0, 0, 0]",35,5
GF2401,"[3, 4, 4, 1, 3, 4, 1, 0, 4, 5, 0, 0, 0, 0, 0, 0, 0, 0, 0, 0, 0, 0, 0, 0]",29,4
GF2411,"[2, 5, 5, 1, 3, 4, 1, 4, 5, 5, 0, 0, 0, 0, 0, 2, 2, 0, 0, 0, 0, 0, -2, 0]",37,5
GF2421,"[1, 5, 5, 1, 3, 4, 0, 5, 4, 5, 0, 0, 0, 0, 0, 0, 0, 0, 0, 0, 0, 0, -1, 0]",32,4
GF2431,"[2, 5, 5, 1, 4, 4, 0, 0, 4, 5, 0, 0, 0, 0, 0, 3, 0, 0, 0, 0, 0, 0, 0, 0]",33,5
GF2441,"[2, 4, 3, 1, 4, 5, 0, 0, 4, 5, 0, 0, 0, 0, 0, 0, 0, 0, 0, 0, 0, 0, 0, 0]",28,4
GF2451,"[2, 4, 3, 1, 4, 5, 0, 0, 4, 5, 0, 0, 0, 0, 3, 2, 2, 0, 0, 0, 0, 0, 0, 0]",35,5
GF2461,"[3, 4, 5, 1, 2, 4, 1, 5, 4, 5, 0, 0, 0, 0, 0, 2, 2, 0, 0, 0, 0, 0, 0, 0]",38,5
GF2471,"[3, 3, 5, 1, 2, 3, 1, 4, 4, 5, 0, 0, 0, 0, 0, 0, 0, 0, 0, 0, 0, 0, 0, -1]",30,4
GF2481,"[3, 3, 4, 1, 3, 3, 1, 4, 4, 5, 0, 0, 0, 0, 0, 4, 3, 0, 0, 0, 0, 0, 0, -1]",37,5
GF2491,"[1, 5, 5, 1, 2, 3, 1, 4, 4, 5, 3, 0, 0, 0, 0, 3, 0, 0, 0, 0, 0, 0, 0, 0]",37,5
GF3401,"[2, 5, 5, 1, 2, 4, 1, 5, 4, 5, 0, 0, 0, 0, 0, 3, 1, 0, 0, 0, 0, 0, 0, 0]",38,5
GF3411,"[2, 4, 5, 2, 3, 3, 0, 0, 5, 5, 3, 0, 0, 0, 0, 4, 3, 0, 0, 0, 0, 0, 0, -5]",34,5
GF3421,"[2, 4, 5, 2, 3, 4, 0, 0, 5, 5, 0, 0, 0, 0, 3, 3, 3, 0, 0, 0, 0, 0, 0, -2]",37,5
GF3491,"[1, 5, 5, 1, 3, 3, 1, 0, 4, 5, 0, 0, 0, 0, 0, 1, 1, 0, 0, 0, 0, 0, 0, 0]",30,4
GF4401,"[3, 4, 4, 1, 3, 4, 0, 0, 4, 5, 0, 0, 0, 0, 0, 1, 1, 0, 0, 0, 0, 0, 0, 0]",30,4
GF4411,"[3, 2, 2, 1, 5, 4, 1, 4, 4, 5, 0, 0, 0, 0, 0, 3, 3, 0, 0, 0, 0, 0, 0, -1]",36,5
GF4421,"[4, 2, 2, 1, 4, 3, 3, 4, 4, 5, 0, 0, 0, 0, 5, 5, 4, 0, 0, 0, 0, 0, -2, -1]",43,5
GF4431,"[4, 3, 4, 1, 3, 3, 1, 5, 0, 5, 0, 0, 0, 0, 0, 3, 3, 0, 0, 0, 0, 0, 0, -1]",34,5
GF4441,"[1, 5, 5, 1, 3, 3, 0, 0, 0, 5, 0, 0, 0, 0, 0, 0, 0, 0, 0, 0, 0, 0, 0, 0]",23,3
GF4451,"[2, 5, 5, 1, 4, 3, 1, 4, 0, 5, 0, 0, 0, 0, 0, 0, 0, 0, 0, 0, 0, 0, 0, 0]",30,4
GF4461,"[2, 5, 5, 1, 3, 3, 1, 0, 0, 5, 0, 0, 0, 0, 0, 4, 4, 0, 0, 0, 0, 0, 0, 0]",33,5
GF4471,"[1, 5, 5, 1, 3, 3, 0, 0, 0, 5, 0, 0, 0, 0, 0, 0, 0, 0, 0, 0, 0, 0, 0, 0]",23,3
GF1470,"[3, 3, 3, 1, 5, 5, 1, 4, 4, 5, 0, 0, 0, 0, 0, 3, 0, 0, 0, 0, -5, 0, 0, 0]",32,4
GF1480,"[2, 4, 5, 1, 3, 3, 0, 0, 4, 5, 0, 0, 0, 0, 0, 3, 0, 0, 0, 0, 0, 0, 0, 0]",30,4
GF1490,"[2, 4, 5, 1, 3, 4, 0, 0, 4, 5, 0, 0, 0, 0, 0, 3, 4, 0, 0, 0, 0, 0, 0, 0]",35,5
GF2400,"[1, 5, 5, 1, 3, 3, 0, 0, 5, 5, 0, 0, 0, 0, 0, 0, 0, 0, 0, 0, 0, 0, 0, 0]",28,4
GF2410,"[1, 5, 5, 1, 3, 3, 2, 5, 5, 5, 0, 0, 0, 0, 0, 2, 3, 0, 0, 0, 0, 0, 0, 0]",40,5
GF2420,"[2, 5, 5, 1, 3, 4, 1, 5, 4, 5, 0, 0, 0, 0, 0, 2, 2, 0, 0, 0, 0, 0, -2, 0]",37,5
GF2430,"[2, 5, 5, 1, 3, 4, 1, 0, 4, 5, 0, 0, 0, 0, 0, 3, 0, 0, 0, 0, 0, 0, 0, 0]",33,5
GF2440,"[2, 5, 3, 1, 4, 5, 0, 0, 4, 5, 0, 0, 0, 0, 0, 0, 0, 0, 0, 0, 0, 0, 0, 0]",29,4
GF2450,"[2, 4, 4, 1, 3, 5, 0, 4, 4, 5, 0, 0, 0, 0, 0, 3, 3, 0, 0, 0, 0, 0, 0, 0]",38,5
GF2460,"[3, 4, 4, 1, 2, 3, 1, 0, 4, 5, 0, 0, 0, 0, 0, 2, 0, 0, 0, 0, 0, 0, 0, -2]",27,4
GF2470,"[2, 4, 5, 1, 3, 4, 3, 4, 4, 5, 0, 0, 0, 0, 0, 3, 0, 0, 0, 0, 0, 0, 0, -3]",35,5
GF2480,"[2, 4, 5, 1, 2, 3, 1, 4, 4, 5, 0, 0, 0, 0, 3, 3, 3, 0, 0, 0, 0, 0, 0, -1]",39,5
GF2490,"[2, 4, 5, 1, 2, 3, 3, 4, 4, 5, 3, 0, 0, 0, 0, 2, 2, 0, 0, 0, 0, 0, 0, 0]",40,5
GF3400,"[3, 3, 3, 1, 4, 4, 1, 0, 4, 5, 0, 0, 0, 0, 0, 4, 4, 0, 0, 0, 0, 0, 0, -1]",35,5
GF3410,"[3, 3, 4, 1, 3, 4, 1, 4, 5, 5, 3, 0, 0, 0, 0, 5, 4, 0, 0, 0, 0, 0, 0, -1]",44,5
GF3420,"[1, 5, 5, 1, 3, 4, 1, 0, 5, 5, 0, 0, 0, 0, 0, 5, 4, 0, 0, 0, 0, 0, 0, 0]",39,5
GF3430,"[1, 0, 5, 1, 3, 4, 0, 0, 4, 5, 0, 0, 0, 0, 0, 4, 4, 0, 0, 0, 0, 0, 0, 0]",31,4
GF3460,"[2, 5, 5, 2, 3, 3, 1, 0, 4, 5, 3, 0, 0, 0, 2, 1, 1, 0, 0, 0, 0, 0, 0, 0]",37,5
GF3470,"[1, 5, 5, 1, 3, 3, 0, 0, 4, 5, 0, 0, 0, 0, 0, 0, 0, 0, 0, 0, 0, 0, 0, 0]",27,4
GF3480,"[1, 5, 5, 1, 3, 2, 2, 0, 4, 5, 0, 0, 0, 0, 0, 0, 0, 0, 0, 0, 0, 0, 0, 0]",28,4
GF3490,"[2, 4, 5, 1, 3, 3, 1, 0, 4, 5, 0, 0, 0, 0, 0, 3, 3, 0, 0, 0, 0, 0, 0, -2]",32,4
GF4400,"[2, 3, 5, 1, 3, 3, 0, 0, 4, 5, 0, 0, 0, 0, 0, 4, 3, 0, 0, 0, 0, 0, 0, -1]",32,4
GF4410,"[3, 3, 4, 1, 3, 4, 1, 4, 4, 5, 0, 0, 0, 0, 0, 3, 2, 5, 0, 0, 0, 0, -2, -1]",39,5
GF4420,"[4, 3, 3, 1, 3, 4, 2, 4, 4, 5, 0, 0, 0, 0, 0, 0, 0, 0, 0, 0, 0, 0, -2, -1]",30,4
GF4430,"[3, 3, 3, 1, 4, 4, 1, 4, 0, 5, 0, 0, 0, 0, 0, 4, 4, 0, 0, 0, 0, 0, 0, -1]",35,5
GF4440,"[2, 4, 5, 1, 3, 3, 0, 0, 0, 5, 0, 0, 0, 0, 0, 0, 0, 0, 0, 0, 0, 0, 0, 0]",23,3
GF4450,"[1, 5, 5, 1, 3, 3, 0, 0, 0, 5, 0, 0, 0, 0, 0, 0, 0, 0, 0, 0, 0, 0, 0, 0]",23,3
GF4460,"[2, 5, 5, 1, 3, 3, 1, 0, 0, 5, 0, 0, 0, 0, 0, 3, 3, 0, 0, 0, 0, 0, 0, 0]",31,4
GF4470,"[1, 5, 5, 1, 2, 3, 1, 0, 3, 5, 0, 0, 0, 0, 0, 4, 4, 0, 0, 0, 0, 0, 0, 0]",34,5
GF1379,"[3, 3, 3, 1, 4, 5, 0, 4, 4, 5, 0, 0, 0, 0, 0, 2, 0, 0, 0, 0, -5, 0, 0, 0]",29,4
GF1389,"[3, 4, 5, 1, 3, 4, 0, 5, 4, 5, 0, 0, 0, 0, 0, 2, 1, 0, 0, 0, 0, 0, 0, 0]",37,5
GF1399,"[4, 3, 4, 1, 3, 4, 0, 5, 4, 5, 0, 0, 0, 0, 0, 5, 5, 0, 0, 0, 0, 0, 0, 0]",43,5
GF2309,"[2, 4, 5, 1, 3, 4, 0, 0, 4, 5, 0, 0, 0, 0, 0, 4, 4, 0, 0, 0, 0, 0, 0, 0]",36,5
GF2319,"[2, 5, 4, 1, 4, 5, 1, 0, 4, 5, 0, 0, 0, 0, 0, 0, 0, 0, 0, 0, 0, 0, 0, 0]",31,4
GF2329,"[3, 2, 3, 1, 4, 4, 1, 4, 4, 5, 3, 0, 0, 0, 0, 3, 3, 0, 0, 0, 0, 0, -1, 0]",39,5
GF2339,"[3, 3, 4, 1, 3, 3, 2, 4, 4, 5, 0, 0, 0, 0, 0, 4, 4, 0, 0, 0, 0, 0, -2, 0]",38,5
GF2349,"[1, 1, 3, 1, 5, 5, 0, 0, 4, 5, 0, 0, 0, 0, 0, 2, 1, 0, 0, 0, 0, 0, 0, 0]",28,4
GF2359,"[3, 4, 4, 1, 2, 3, 1, 0, 4, 5, 0, 0, 0, 0, 3, 3, 3, 0, 0, 0, 0, 0, 0, -2]",34,5
GF2369,"[3, 4, 5, 1, 3, 3, 2, 4, 4, 5, 0, 0, 0, 0, 0, 4, 4, 0, 0, 0, 0, 0, 0, -1]",41,5
GF2379,"[3, 3, 4, 1, 3, 4, 1, 0, 4, 5, 0, 0, 0, 0, 0, 4, 4, 0, 0, 0, 0, 0, 0, 0]",36,5
GF2389,"[2, 2, 3, 1, 4, 5, 0, 0, 4, 5, 0, 0, 0, 0, 0, 5, 5, 0, 0, 0, 0, 0, 0, -1]",35,5
GF2399,"[3, 3, 4, 1, 3, 4, 1, 4, 4, 5, 0, 0, 0, 0, 0, 3, 3, 0, 0, 0, 0, 0, 0, -1]",37,5
GF3309,"[2, 4, 3, 1, 5, 5, 0, 0, 4, 5, 0, 0, 0, 0, 0, 0, 0, 0, 0, 0, 0, 0, 0, -2]",27,4
GF3319,"[3, 3, 3, 1, 4, 5, 0, 0, 5, 5, 0, 0, 0, 0, 0, 3, 3, 0, 0, 0, 0, 0, 0, 0]",35,5
GF3329,"[1, 5, 5, 1, 3, 3, 1, 0, 5, 5, 0, 0, 0, 0, 0, 0, 0, 0, 0, 0, 0, 0, 0, 0]",29,4
GF3339,"[1, 5, 5, 1, 3, 3, 0, 0, 4, 5, 0, 0, 0, 0, 0, 0, 0, 0, 0, 0, 0, 0, 0, 0]",27,4
GF3369,"[3, 3, 4, 2, 4, 4, 1, 4, 4, 5, 0, 0, 0, 0, 0, 5, 5, 0, 0, 0, 0, 0, 0, -1]",43,5
GF3379,"[3, 4, 4, 1, 4, 4, 1, 0, 4, 5, 0, 0, 0, 0, 0, 0, 0, 0, 0, 0, 0, 0, 0, 0]",30,4
GF3389,"[2, 5, 5, 1, 3, 3, 2, 0, 4, 5, 0, 0, 0, 0, 0, 2, 2, 0, 0, 0, 0, 0, 0, 0]",34,5
GF3399,"[3, 3, 4, 1, 3, 3, 2, 0, 4, 5, 0, 0, 0, 0, 0, 2, 2, 0, 0, 0, 0, 0, 0, -1]",31,4
GF4309,"[3, 4, 4, 1, 4, 4, 0, 0, 4, 5, 0, 0, 0, 0, 0, 4, 3, 0, 0, 0, 0, 0, 0, -1]",35,5
GF4319,"[2, 4, 5, 1, 3, 3, 0, 0, 4, 5, 0, 0, 0, 0, 0, 0, 0, 0, 0, 0, 0, 0, -2, 0]",25,3
GF4329,"[3, 2, 3, 1, 4, 5, 1, 4, 4, 5, 0, 0, 0, 0, 0, 0, 0, 0, 0, 0, 0, 0, 0, -1]",31,4
GF4339,"[3, 4, 5, 1, 3, 3, 1, 4, 4, 5, 0, 0, 0, 0, 0, 2, 2, 0, 0, 0, 0, 0, 0, -3]",34,5
GF4349,"[3, 3, 4, 1, 4, 4, 0, 0, 0, 5, 0, 0, 0, 0, 3, 3, 3, 0, 0, 0, 0, 0, 0, -1]",32,4
GF4359,"[2, 4, 5, 1, 3, 3, 0, 0, 0, 5, 0, 0, 0, 0, 0, 0, 0, 0, 0, 0, 0, 0, 0, 0]",23,3
GF4369,"[1, 5, 5, 1, 2, 2, 1, 0, 0, 5, 0, 0, 0, 0, 0, 0, 0, 0, 0, 0, 0, 0, 0, 0]",22,3
GF4379,"[3, 4, 5, 1, 3, 3, 3, 4, 4, 5, 0, 0, 0, 0, 2, 1, 1, 0, 0, 0, 0, 0, 0, 0]",39,5
GF1378,"[3, 4, 4, 1, 4, 4, 0, 0, 4, 5, 0, 0, 0, 0, 0, 0, 0, 0, 0, 0, -5, 0, 0, 0]",24,3
GF1388,"[3, 3, 3, 1, 4, 5, 0, 0, 4, 5, 0, 0, 0, 0, 0, 2, 2, 0, 0, 0, 0, 0, 0, 0]",32,4
GF1398,"[3, 4, 4, 1, 4, 4, 0, 4, 4, 5, 0, 0, 0, 0, 0, 2, 2, 0, 0, 0, -5, 0, 0, 0]",32,4
GF2308,"[3, 4, 4, 1, 3, 5, 0, 0, 4, 5, 0, 0, 0, 0, 0, 3, 3, 0, 0, -5, 0, 0, 0, 0]",30,4
GF2318,"[3, 5, 3, 1, 3, 5, 0, 0, 4, 5, 0, 0, 0, 0, 3, 5, 5, 0, 0, -5, 0, 0, 0, 0]",37,5
GF2328,"[1, 2, 3, 1, 4, 5, 0, 0, 4, 5, 0, 0, 0, 0, 3, 5, 5, 0, 0, 0, 0, 0, 0, -1]",37,5
GF2338,"[4, 3, 3, 1, 3, 5, 1, 0, 4, 5, 0, 0, 0, 0, 5, 5, 5, 5, 0, 0, -5, 0, -2, -1]",41,5
GF2348,"[4, 2, 2, 1, 3, 4, 2, 5, 4, 5, 0, 0, 0, 0, 5, 5, 5, 0, 0, 0, 0, 0, -1, 0]",46,5
GF2358,"[4, 2, 3, 1, 3, 3, 2, 4, 4, 5, 0, 0, 0, 0, 5, 5, 5, 0, 0, 0, 0, 0, 0, 0]",46,5
GF2368,"[4, 2, 3, 1, 4, 4, 1, 4, 4, 5, 0, 0, 0, 0, 2, 4, 4, 0, 0, 0, 0, 0, 0, -1]",41,5
GF2378,"[1, 4, 3, 1, 5, 5, 0, 0, 4, 5, 0, 0, 0, 0, 0, 0, 0, 0, 0, 0, 0, 0, 0, 0]",28,4
GF2388,"[1, 5, 3, 1, 5, 5, 0, 0, 4, 5, 0, 0, 0, 0, 0, 0, 0, 0, 0, 0, 0, 0, 0, 0]",29,4
GF2398,"[3, 4, 4, 1, 3, 4, 0, 0, 4, 5, 0, 0, 0, 0, 0, 0, 0, 0, 0, 0, 0, 0, 0, -1]",27,4
GF3308,"[2, 4, 3, 1, 4, 5, 0, 0, 4, 5, 0, 0, 0, 0, 0, 1, 1, 0, 0, 0, 0, 0, 0, -3]",27,4
GF3318,"[1, 3, 3, 1, 4, 5, 0, 0, 4, 5, 0, 0, 0, 0, 0, 3, 3, 0, 0, 0, 0, 0, 0, 0]",32,4
GF3328,"[3, 5, 4, 1, 3, 4, 3, 0, 4, 5, 0, 0, 0, 0, 0, 0, 0, 0, 0, 0, 0, 0, 0, 0]",32,4
GF3338,"[3, 5, 4, 1, 4, 4, 1, 0, 4, 5, 0, 0, 0, 0, 0, 0, 0, 0, 0, 0, 0, 0, 0, 0]",31,4
GF3358,"[2, 4, 5, 2, 3, 4, 1, 0, 4, 5, 0, 0, 0, 0, 0, 0, 0, 0, 0, 0, 0, 0, 0, 0]",30,4
GF3368,"[4, 3, 3, 1, 4, 4, 2, 4, 4, 5, 0, 0, 0, 0, 5, 5, 5, 0, 0, 0, 0, 0, 0, -1]",48,5
GF3378,"[1, 2, 3, 1, 4, 5, 0, 0, 4, 5, 0, 0, 0, 0, 2, 3, 3, 0, 0, 0, 0, 0, 0, -3]",30,4
GF3388,"[2, 4, 3, 1, 5, 5, 0, 0, 4, 5, 0, 0, 0, 0, 0, 2, 2, 0, 0, 0, 0, 0, 0, 0]",33,5
GF3398,"[3, 4, 5, 1, 3, 3, 2, 0, 4, 5, 0, 0, 0, 0, 0, 2, 1, 0, 0, 0, 0, 0, 0, -2]",31,4
GF4308,"[2, 3, 3, 1, 5, 5, 1, 0, 4, 5, 0, 0, 0, 0, 0, 4, 3, 0, 0, 0, 0, 0, 0, -1]",35,5
GF4318,"[2, 4, 5, 1, 3, 3, 0, 4, 4, 5, 0, 0, 0, 0, 0, 0, 0, 0, 0, 0, 0, 0, -2, -4]",25,3
GF4328,"[1, 4, 5, 1, 3, 3, 1, 0, 4, 5, 0, 0, 0, 0, 0, 0, 0, 0, 0, 0, 0, 0, 0, 0]",27,4
GF4338,"[3, 4, 4, 1, 3, 4, 2, 4, 4, 5, 0, 0, 0, 0, 0, 0, 0, 0, 0, 0, 0, 0, 0, -1]",33,5
GF4348,"[3, 3, 3, 1, 4, 4, 1, 4, 4, 5, 0, 0, 0, 0, 0, 2, 2, 0, 0, 0, 0, 0, 0, -1]",35,5
GF4358,"[2, 4, 5, 1, 3, 3, 1, 0, 4, 5, 0, 0, 0, 0, 0, 1, 1, 0, 0, 0, 0, 0, 0, -5]",25,3
GF4368,"[1, 5, 5, 1, 2, 3, 1, 4, 4, 5, 0, 0, 0, 0, 0, 0, 0, 0, 0, 0, 0, 0, 0, 0]",31,4
GF4378,"[3, 5, 4, 1, 3, 4, 1, 0, 4, 5, 0, 0, 0, 0, 0, 3, 3, 0, 0, 0, 0, 0, 0, 0]",36,5
GF4388,"[3, 3, 4, 1, 4, 4, 0, 0, 1, 0, 0, 0, 0, 0, 3, 2, 2, 0, 0, 0, 0, 0, 0, -2]",25,3
GF1387,"[3, 3, 3, 1, 4, 5, 1, 4, 4, 5, 0, 0, 0, 0, 0, 5, 5, 0, 0, 0, 0, 0, 0, 0]",43,5
GF1397,"[3, 4, 4, 1, 3, 4, 1, 4, 4, 5, 0, 0, 0, 0, 0, 0, 0, 0, 0, 0, -5, 0, 0, 0]",28,4
GF2307,"[1, 4, 3, 1, 3, 5, 0, 0, 4, 5, 0, 0, 0, 0, 0, 0, 0, 0, 0, 0, 0, 0, 0, 0]",26,3
GF2317,"[1, 3, 3, 1, 3, 5, 0, 0, 0, 5, 0, 0, 0, 0, 0, 0, 0, 0, 0, 0, 0, 0, 0, 0]",21,2
GF2327,"[1, 1, 2, 1, 4, 5, 1, 0, 0, 5, 0, 0, 0, 0, 0, 2, 2, 0, 0, 0, 0, 0, 0, 0]",24,3
GF2337,"[3, 2, 3, 1, 3, 4, 1, 4, 0, 5, 0, 0, 0, 0, 2, 4, 4, 0, 0, 0, 0, 0, 0, 0]",36,5
GF2347,"[3, 2, 3, 1, 3, 4, 1, 4, 4, 5, 0, 0, 0, 0, 5, 5, 4, 0, 0, 0, 0, 0, -3, 0]",41,5
GF2357,"[4, 2, 2, 1, 3, 3, 2, 4, 4, 5, 3, 0, 0, 0, 5, 5, 5, 0, 0, 0, 0, 0, -2, 0]",46,5
GF2367,"[3, 4, 3, 2, 5, 5, 0, 0, 4, 5, 0, 0, 0, 0, 0, 3, 3, 5, 0, 0, 0, 0, 0, -1]",41,5
GF2377,"[2, 4, 4, 1, 5, 5, 0, 0, 4, 5, 0, 0, 0, 0, 0, 0, 0, 0, 0, 0, 0, 0, 0, 0]",30,4
GF2387,"[2, 4, 3, 1, 5, 5, 0, 0, 4, 5, 0, 0, 0, 0, 0, 0, 0, 0, 0, 0, 0, 0, 0, 0]",29,4
GF2397,"[2, 5, 3, 1, 4, 5, 0, 0, 4, 5, 0, 0, 0, 0, 0, 0, 0, 0, 0, 0, 0, 0, 0, 0]",29,4
GF3307,"[2, 2, 3, 1, 4, 5, 1, 0, 4, 5, 0, 0, 0, 0, 0, 3, 3, 0, 0, 0, -5, 0, 0, -1]",27,4
GF3317,"[2, 3, 3, 1, 5, 5, 1, 0, 4, 5, 0, 0, 0, 0, 0, 0, 0, 0, 0, 0, 0, 0, 0, 0]",29,4
GF3327,"[3, 4, 4, 2, 4, 4, 2, 4, 4, 5, 0, 0, 0, 0, 0, 0, 0, 0, 0, 0, 0, 0, 0, 0]",36,5
GF3337,"[2, 5, 5, 2, 3, 3, 0, 0, 4, 5, 0, 0, 0, 0, 0, 0, 0, 0, 0, 0, 0, 0, 0, 0]",29,4
GF3347,"[1, 5, 5, 2, 3, 4, 1, 0, 4, 5, 0, 0, 0, 0, 0, 0, 0, 0, 0, 0, 0, 0, 0, 0]",30,4
GF3357,"[1, 5, 5, 1, 3, 3, 2, 0, 4, 5, 0, 0, 0, 0, 0, 0, 0, 0, 0, 0, 0, 0, 0, 0]",29,4
GF3367,"[3, 2, 3, 1, 3, 4, 2, 4, 4, 5, 0, 0, 0, 0, 3, 4, 4, 0, 0, 0, 0, 0, 0, 0]",42,5
GF3377,"[2, 3, 3, 1, 4, 5, 0, 0, 4, 5, 0, 0, 0, 0, 0, 3, 1, 0, 0, 0, 0, 0, 0, 0]",31,4
GF3387,"[2, 4, 4, 1, 4, 5, 0, 4, 4, 5, 0, 0, 0, 0, 0, 0, 0, 0, 0, 0, 0, 0, 0, 0]",33,5
GF3397,"[3, 4, 4, 1, 3, 4, 2, 4, 4, 5, 0, 0, 0, 0, 0, 4, 3, 0, 0, 0, 0, 0, 0, -2]",39,5
GF4307,"[3, 4, 3, 1, 5, 4, 1, 4, 0, 5, 0, 0, 0, 0, 0, 0, 0, 0, 0, 0, 0, 0, -2, -2]",26,3
GF4317,"[3, 3, 4, 1, 3, 4, 0, 0, 4, 5, 0, 0, 0, 0, 0, 0, 0, 0, 0, 0, 0, 0, -1, -3]",23,3
GF4327,"[1, 4, 5, 1, 2, 3, 1, 4, 4, 5, 0, 0, 0, 0, 0, 0, 0, 0, 0, 0, 0, 0, 0, -2]",28,4
GF4337,"[2, 4, 5, 1, 2, 3, 1, 0, 4, 5, 0, 0, 0, 0, 0, 0, 0, 0, 0, 0, 0, 0, 0, 0]",27,4
GF4347,"[2, 4, 5, 1, 3, 3, 1, 5, 4, 5, 0, 0, 0, 0, 0, 1, 1, 0, 0, 0, 0, 0, 0, 0]",35,5
GF4357,"[1, 5, 5, 1, 2, 3, 1, 0, 4, 5, 0, 0, 0, 0, 0, 2, 2, 0, 0, 0, 0, 0, 0, 0]",31,4
GF4367,"[1, 5, 5, 1, 2, 3, 1, 0, 4, 0, 0, 0, 0, 0, 0, 0, 0, 0, 0, 0, 0, 0, 0, 0]",22,3
GF4377,"[2, 4, 5, 1, 3, 4, 1, 0, 4, 0, 0, 0, 0, 0, 0, 4, 4, 0, 0, 0, 0, 0, 0, 0]",32,4
GF4387,"[3, 4, 4, 1, 3, 4, 0, 0, 0, 0, 0, 0, 0, 0, 0, 0, 0, 0, 0, 0, 0, 0, 0, 0]",19,2
GF1396,"[1, 5, 5, 1, 3, 3, 0, 0, 4, 5, 0, 0, 0, 0, 0, 0, 0, 0, 0, 0, 0, 0, 0, 0]",27,4
GF2306,"[3, 5, 4, 1, 3, 4, 0, 0, 4, 5, 0, 0, 0, 0, 0, 0, 0, 0, 0, 0, 0, 0, 0, 0]",29,4
GF2316,"[1, 4, 3, 1, 4, 5, 0, 0, 4, 5, 0, 0, 0, 0, 0, 0, 0, 0, 0, 0, 0, 0, 0, 0]",27,4
GF2326,"[2, 2, 2, 1, 4, 5, 1, 4, 1, 5, 0, 0, 0, 0, 0, 4, 4, 0, 0, 0, 0, 0, 0, 0]",35,5
GF2336,"[1, 3, 3, 1, 4, 5, 0, 0, 0, 5, 0, 0, 0, 0, 0, 0, 0, 0, 0, 0, 0, 0, 0, 0]",22,3
GF2346,"[3, 4, 4, 1, 3, 4, 1, 5, 4, 5, 0, 0, 0, 0, 0, 5, 4, 0, 0, 0, 0, 0, 0, -1]",42,5
GF2356,"[2, 5, 5, 1, 2, 4, 2, 5, 4, 5, 0, 0, 0, 0, 0, 3, 3, 0, 0, 0, 0, 0, -1, 0]",40,5
GF2366,"[1, 5, 5, 2, 3, 3, 0, 0, 4, 5, 0, 0, 0, 0, 0, 2, 2, 0, 0, 0, 0, 0, -2, 0]",30,4
GF2376,"[2, 5, 5, 1, 3, 3, 0, 0, 4, 5, 0, 0, 0, 0, 0, 4, 4, 0, 0, 0, 0, 0, 0, 0]",36,5
GF2386,"[3, 4, 4, 1, 3, 4, 0, 0, 4, 5, 0, 0, 0, 0, 0, 4, 4, 0, 0, 0, -5, 0, 0, 0]",31,4
GF2396,"[1, 2, 3, 1, 4, 5, 0, 0, 4, 5, 0, 0, 0, 0, 0, 1, 1, 0, 0, 0, -5, 0, 0, 0]",22,3
GF3306,"[2, 3, 3, 1, 5, 5, 1, 4, 4, 5, 0, 0, 0, 0, 0, 2, 2, 0, 0, 0, 0, 0, 0, -2]",35,5
GF3316,"[3, 3, 3, 2, 5, 4, 1, 4, 4, 5, 4, 0, 0, 0, 5, 3, 3, 0, 0, 0, 0, 0, 0, 0]",49,5
GF3326,"[2, 4, 5, 1, 4, 4, 2, 0, 4, 5, 0, 0, 0, 0, 0, 0, 0, 0, 0, 0, 0, 0, 0, 0]",31,4
GF3336,"[2, 4, 5, 1, 3, 3, 1, 0, 4, 5, 0, 0, 0, 0, 0, 0, 0, 0, 0, 0, 0, 0, 0, 0]",28,4
GF3346,"[1, 5, 5, 1, 3, 3, 2, 0, 4, 5, 0, 0, 0, 0, 0, 0, 0, 0, 0, 0, 0, 0, 0, 0]",29,4
GF3356,"[1, 0, 5, 1, 3, 3, 2, 0, 4, 5, 0, 0, 0, 0, 0, 0, 0, 0, 0, 0, 0, 0, 0, 0]",24,3
GF3366,"[3, 3, 4, 1, 3, 4, 2, 4, 0, 5, 0, 0, 0, 0, 2, 4, 4, 0, 0, 0, 0, 0, 0, -1]",38,5
GF3376,"[3, 4, 4, 1, 3, 5, 0, 0, 4, 5, 0, 0, 0, 0, 0, 4, 3, 0, 0, 0, 0, 0, 0, 0]",36,5
GF3386,"[3, 3, 3, 1, 3, 5, 1, 4, 4, 5, 0, 0, 0, 0, 2, 4, 4, 0, 0, 0, -5, 0, 0, -4]",33,5
GF3396,"[3, 3, 3, 1, 4, 4, 1, 5, 4, 5, 0, 0, 0, 0, 0, 5, 4, 0, 0, 0, -5, 0, 0, -1]",36,5
GF4306,"[4, 4, 4, 1, 4, 4, 2, 5, 4, 5, 0, 0, 0, 0, 0, 3, 2, 0, 0, 0, 0, 0, -2, -1]",39,5
GF4316,"[1, 3, 3, 1, 5, 5, 0, 0, 0, 5, 0, 0, 0, 0, 2, 0, 0, 0, 0, 0, -5, 0, -2, 0]",18,2
GF4326,"[3, 3, 4, 1, 3, 4, 0, 4, 4, 5, 0, 0, 0, 0, 0, 0, 0, 0, 0, 0, 0, 0, 0, -2]",29,4
GF4336,"[3, 3, 3, 1, 4, 4, 0, 4, 4, 5, 0, 0, 0, 0, 0, 0, 0, 0, 0, 0, 0, 0, 0, -2]",29,4
GF4346,"[3, 5, 4, 1, 3, 4, 2, 5, 4, 5, 0, 0, 0, 0, 0, 3, 3, 0, 0, 0, 0, 0, 0, 0]",42,5
GF4356,"[1, 5, 5, 1, 1, 4, 2, 0, 4, 0, 0, 0, 0, 0, 0, 0, 0, 0, 0, 0, 0, 0, 0, 0]",23,3
GF4366,"[2, 4, 5, 1, 2, 4, 2, 0, 4, 0, 0, 0, 0, 0, 0, 0, 0, 0, 0, 0, 0, 0, 0, 0]",24,3
GF1395,"[1, 5, 5, 1, 0, 3, 1, 0, 4, 5, 0, 0, 0, 0, 0, 0, 0, 0, 0, 0, 0, 0, 0, 0]",25,3
GF2305,"[3, 3, 4, 1, 3, 4, 0, 0, 4, 5, 0, 0, 0, 0, 0, 0, 0, 0, 0, 0, 0, 0, 0, 0]",27,4
GF2315,"[2, 3, 3, 1, 4, 5, 0, 0, 4, 5, 0, 0, 0, 0, 0, 0, 0, 0, 0, 0, 0, 0, 0, 0]",27,4
GF2325,"[1, 2, 2, 1, 4, 5, 0, 0, 4, 5, 0, 0, 0, 0, 0, 3, 3, 0, 0, 0, 0, 0, 0, 0]",30,4
GF2335,"[1, 3, 3, 1, 4, 5, 1, 0, 4, 5, 0, 0, 0, 0, 0, 0, 0, 0, 0, 0, 0, 0, 0, 0]",27,4
GF2345,"[3, 4, 5, 1, 3, 4, 3, 5, 4, 5, 0, 0, 0, 0, 0, 5, 4, 0, 0, 0, 0, 0, 0, -1]",45,5
GF2355,"[1, 0, 5, 1, 1, 4, 0, 0, 4, 5, 0, 0, 0, 0, 0, 4, 4, 0, 0, 0, 0, 0, 0, 0]",29,4
GF2365,"[1, 5, 5, 2, 3, 4, 0, 0, 4, 5, 0, 0, 0, 0, 0, 0, 0, 0, 0, 0, 0, 0, -2, 0]",27,4
GF2375,"[2, 5, 5, 1, 3, 3, 0, 0, 4, 5, 0, 0, 0, 0, 0, 0, 0, 0, 0, 0, 0, 0, -1, 0]",27,4
GF2385,"[2, 5, 3, 1, 4, 5, 1, 0, 0, 5, 0, 0, 0, 0, 0, 0, 0, 0, 0, 0, -5, 0, 0, 0]",21,2
GF2395,"[3, 4, 4, 1, 4, 4, 1, 0, 4, 5, 0, 0, 0, 0, 0, 4, 4, 0, 0, 0, 0, 0, 0, 0]",38,5
GF3305,"[3, 4, 4, 1, 4, 4, 0, 0, 4, 5, 0, 0, 0, 0, 0, 4, 4, 0, 0, 0, 0, 0, 0, 0]",37,5
GF3315,"[3, 2, 3, 1, 5, 5, 1, 4, 4, 5, 0, 0, 0, 0, 2, 4, 4, 0, 0, 0, 0, 0, 0, -1]",42,5
GF3325,"[3, 4, 4, 1, 3, 4, 1, 0, 4, 5, 0, 0, 0, 0, 0, 0, 0, 0, 0, 0, 0, 0, 0, 0]",29,4
GF3335,"[1, 0, 5, 1, 3, 3, 2, 0, 4, 5, 0, 0, 0, 0, 0, 0, 0, 0, 0, 0, 0, 0, 0, 0]",24,3
GF3345,"[1, 0, 5, 1, 3, 3, 1, 0, 0, 5, 0, 0, 0, 0, 0, 0, 0, 0, 0, 0, 0, 0, 0, 0]",19,2
GF3355,"[1, 5, 5, 1, 3, 3, 1, 0, 0, 0, 0, 0, 0, 0, 0, 0, 0, 0, 0, 0, 0, 0, 0, 0]",19,2
GF3365,"[3, 4, 4, 1, 4, 4, 3, 4, 4, 0, 0, 0, 0, 0, 0, 3, 3, 0, 0, 0, 0, 0, 0, 0]",37,5
GF3375,"[3, 5, 4, 1, 3, 5, 0, 0, 4, 5, 0, 0, 0, 0, 0, 3, 3, 0, 0, 0, 0, 0, 0, 0]",36,5
GF3385,"[2, 4, 5, 1, 2, 3, 1, 0, 4, 5, 0, 0, 0, 0, 3, 0, 0, 0, 0, 0, -5, 0, 0, 0]",25,3
GF3395,"[3, 4, 4, 1, 3, 4, 0, 5, 0, 5, 0, 0, 0, 0, 0, 3, 3, 0, 0, 0, -5, 0, 0, 0]",30,4
GF4305,"[3, 4, 4, 1, 3, 4, 1, 5, 0, 5, 0, 0, 0, 0, 0, 0, 0, 0, 0, 0, 0, 0, 0, 0]",30,4
GF4315,"[2, 3, 3, 1, 4, 5, 1, 0, 0, 5, 0, 0, 0, 0, 0, 0, 0, 0, 0, 0, 0, 0, -1, 0]",23,3
GF4325,"[2, 5, 5, 1, 3, 3, 1, 0, 0, 0, 0, 0, 0, 0, 0, 0, 0, 0, 0, 0, 0, 0, -2, 0]",18,2
GF4335,"[2, 4, 4, 1, 3, 4, 1, 0, 4, 0, 0, 0, 0, 0, 0, 0, 0, 0, 0, 0, 0, 0, -2, 0]",21,2
GF4345,"[3, 4, 3, 1, 3, 5, 1, 4, 4, 0, 0, 0, 0, 0, 0, 1, 1, 0, 0, 0, -5, 0, 0, -4]",21,2
GF4355,"[3, 3, 4, 1, 2, 4, 1, 4, 4, 0, 0, 0, 0, 0, 0, 3, 3, 0, 0, 0, 0, 0, 0, -1]",31,4
GF4070,"[1, 4, 5, 1, 1, 4, 1, 4, 4, 0, 0, 0, 0, 0, 0, 0, 0, 0, 0, 0, 0, 0, 0, -2]",23,3
GF4071,"[2, 3, 3, 1, 2, 5, 3, 4, 4, 0, 0, 0, 0, 0, 0, 0, 0, 0, 0, 0, 0, 0, 0, -4]",23,3
GF4072,"[3, 4, 4, 1, 3, 4, 1, 0, 0, 0, 0, 0, 0, 0, 0, 0, 0, 0, 0, -5, -5, 0, 0, 0]",10,1
GF4073,"[2, 3, 5, 1, 3, 3, 1, 0, 0, 0, 0, 0, 0, 0, 5, 2, 2, 0, 0, 0, 0, 0, -1, -4]",22,3
GF4074,"[3, 3, 5, 1, 2, 4, 1, 0, 4, 0, 0, 0, 0, 0, 0, 4, 4, 0, 0, 0, 0, 0, -2, -2]",27,4
GF4075,"[2, 4, 5, 1, 2, 3, 2, 0, 4, 0, 0, 0, 0, 0, 0, 4, 4, 0, 0, 0, 0, 0, -2, 0]",29,4
GF4076,"[2, 4, 5, 1, 3, 3, 1, 4, 4, 0, 0, 0, 0, 0, 0, 4, 4, 0, 0, 0, 0, 0, -2, 0]",33,5
GF4077,"[1, 4, 5, 1, 2, 3, 2, 0, 4, 0, 0, 0, 0, 0, 0, 4, 4, 0, 0, 0, 0, 0, -2, 0]",28,4
GF4078,"[1, 0, 5, 1, 2, 4, 1, 0, 4, 0, 0, 0, 0, 0, 0, 4, 4, 0, 0, 0, 0, 0, -2, 0]",24,3
GF4079,"[1, 5, 5, 1, 2, 4, 1, 5, 4, 0, 0, 0, 0, 0, 0, 2, 2, 0, 0, 0, 0, 0, 0, 0]",32,4
GF4170,"[1, 3, 5, 1, 2, 4, 1, 0, 4, 0, 0, 0, 0, 0, 0, 0, 0, 0, 0, 0, 0, 0, 0, 0]",21,2
GF4171,"[3, 4, 4, 1, 3, 5, 1, 0, 4, 0, 0, 0, 0, 0, 0, 0, 0, 0, 0, 0, 0, 0, 0, 0]",25,3
GF4172,"[3, 3, 3, 1, 4, 5, 1, 4, 0, 0, 0, 0, 0, 0, 3, 0, 0, 0, 0, 0, 0, 0, 0, -1]",26,3
GF2361,"[1, 5, 5, 1, 2, 4, 1, 0, 4, 5, 0, 0, 0, 0, 0, 0, 0, 0, 0, 0, 0, 0, 0, 0]",28,4
GF2371,"[1, 5, 5, 1, 3, 4, 3, 0, 4, 5, 0, 0, 0, 0, 0, 0, 0, 0, 0, 0, 0, 0, 0, 0]",31,4
GF2381,"[2, 5, 5, 1, 2, 4, 0, 0, 4, 5, 0, 0, 0, 0, 0, 0, 0, 0, 0, 0, 0, 0, 0, 0]",28,4
GF2391,"[3, 3, 3, 1, 3, 4, 1, 5, 4, 5, 0, 0, 0, 0, 2, 3, 3, 0, 0, 0, 0, 0, -1, -1]",38,5
GF3301,"[2, 4, 5, 1, 2, 4, 1, 0, 4, 5, 0, 0, 0, 0, 0, 0, 0, 0, 0, 0, 0, 0, -2, 0]",26,3
GF3311,"[1, 0, 5, 1, 2, 3, 2, 0, 0, 5, 0, 0, 0, 0, 0, 0, 0, 0, 0, 0, 0, 0, 0, 0]",19,2
GF3321,"[1, 5, 5, 1, 3, 3, 2, 0, 3, 0, 0, 0, 0, 0, 0, 0, 0, 0, 0, 0, 0, 0, 0, 0]",23,3
GF3331,"[1, 5, 5, 1, 3, 4, 1, 0, 0, 0, 0, 0, 0, 0, 3, 0, 0, 0, 0, 0, 0, 0, 0, 0]",23,3
GF3341,"[2, 4, 5, 1, 3, 3, 2, 0, 0, 0, 0, 0, 0, 0, 0, 0, 0, 0, 0, 0, 0, 0, 0, 0]",20,2
GF3351,"[2, 3, 3, 1, 3, 5, 1, 0, 0, 0, 0, 0, 0, 0, 0, 3, 3, 0, 0, 0, -5, 0, 0, -2]",17,2
GF3361,"[1, 3, 3, 1, 3, 5, 1, 4, 0, 0, 0, 0, 0, 0, 0, 3, 3, 0, 0, 0, 0, 0, 0, 0]",27,4
GF3371,"[2, 1, 3, 1, 3, 5, 1, 4, 0, 0, 0, 0, 0, 0, 0, 3, 3, 0, 0, 0, 0, 0, 0, -1]",25,3
GF3381,"[3, 4, 5, 1, 2, 4, 2, 5, 0, 0, 0, 0, 0, 0, 0, 3, 3, 0, 0, 0, 0, 0, 0, 0]",32,4
GF3391,"[1, 4, 5, 1, 2, 3, 1, 0, 0, 0, 0, 0, 0, 0, 0, 3, 4, 0, 0, 0, 0, 0, 0, 0]",24,3
GF4301,"[1, 0, 5, 1, 2, 3, 1, 0, 5, 0, 0, 0, 0, 0, 0, 0, 0, 0, 0, 0, 0, 0, 0, 0]",18,2
GF4311,"[3, 3, 5, 1, 3, 3, 1, 4, 5, 0, 0, 0, 0, 0, 0, 1, 1, 0, 0, 0, 0, 0, 0, -2]",28,4
GF4321,"[1, 2, 3, 1, 3, 5, 1, 4, 0, 0, 0, 0, 0, 0, 0, 2, 3, 0, 0, 0, 0, 0, 0, -1]",24,3
GF4331,"[3, 4, 3, 1, 2, 4, 1, 0, 0, 0, 0, 0, 0, 0, 0, 1, 1, 0, 0, 0, 0, 0, 0, -1]",19,2
GF2360,"[1, 5, 5, 1, 2, 4, 3, 0, 4, 5, 0, 0, 0, 0, 0, 0, 0, 0, 0, 0, 0, 0, 0, 0]",30,4
GF2370,"[1, 5, 5, 1, 3, 4, 2, 0, 4, 5, 0, 0, 0, 0, 0, 0, 0, 0, 0, 0, 0, 0, 0, 0]",30,4
GF2380,"[1, 5, 5, 1, 2, 4, 0, 0, 4, 5, 0, 0, 0, 0, 0, 0, 0, 0, 0, 0, 0, 0, 0, 0]",27,4
GF2390,"[1, 5, 5, 1, 2, 4, 0, 0, 4, 5, 0, 0, 0, 0, 0, 3, 3, 0, 0, 0, 0, 0, 0, 0]",33,5
GF3300,"[2, 5, 5, 1, 1, 4, 2, 4, 4, 5, 0, 0, 0, 0, 0, 0, 0, 0, 0, 0, 0, 0, -2, 0]",31,4
GF3310,"[1, 5, 5, 1, 2, 3, 1, 5, 4, 5, 0, 0, 0, 0, 0, 0, 0, 0, 0, 0, 0, 0, -1, 0]",31,4
GF3320,"[1, 5, 5, 1, 2, 3, 2, 5, 3, 5, 0, 0, 0, 0, 0, 0, 0, 0, 0, 0, 0, 0, 0, 0]",32,4
GF3330,"[2, 4, 5, 1, 2, 4, 2, 0, 3, 0, 0, 0, 0, 0, 0, 0, 0, 0, 0, 0, 0, 0, 0, 0]",23,3
GF3340,"[3, 3, 4, 1, 3, 4, 2, 0, 0, 0, 0, 0, 0, 0, 0, 3, 3, 0, 0, 0, -5, 0, 0, -2]",19,2
GF3350,"[2, 3, 3, 1, 3, 5, 0, 0, 0, 0, 0, 0, 0, 0, 0, 2, 2, 0, 0, 0, 0, 0, 0, -2]",19,2
GF3360,"[2, 4, 5, 1, 3, 4, 2, 0, 0, 0, 0, 0, 0, 0, 0, 0, 0, 0, 0, 0, 0, 0, 0, 0]",21,2
GF3370,"[3, 3, 3, 1, 3, 5, 0, 0, 0, 0, 0, 0, 0, 0, 0, 0, 0, 0, 0, 0, -5, 0, 0, 0]",13,1
GF3380,"[4, 4, 4, 1, 3, 3, 1, 5, 1, 0, 0, 0, 0, 0, 0, 1, 1, 0, 0, 0, -5, 0, 0, -1]",22,3
GF3390,"[1, 5, 5, 1, 2, 3, 1, 5, 0, 0, 0, 0, 0, 0, 0, 4, 4, 0, 0, 0, 0, 0, 0, 0]",31,4
GF4300,"[1, 0, 5, 1, 2, 3, 0, 0, 5, 0, 0, 0, 0, 0, 0, 1, 1, 0, 0, 0, 0, 0, 0, 0]",19,2
GF4310,"[1, 4, 5, 1, 2, 3, 0, 0, 0, 0, 0, 0, 0, 0, 0, 3, 3, 0, 0, 0, 0, 0, 0, 0]",22,3
GF4320,"[3, 3, 3, 1, 2, 4, 2, 4, 0, 0, 0, 0, 0, 0, 0, 3, 3, 0, 0, 0, 0, 0, 0, -2]",26,3
GF4330,"[3, 3, 3, 1, 2, 5, 1, 4, 0, 0, 0, 0, 0, 0, 0, 0, 0, 0, 0, 0, 0, 0, 0, 0]",22,3
GF2269,"[2, 5, 5, 1, 1, 3, 2, 5, 4, 5, 0, 0, 0, 0, 0, 4, 4, 0, 0, 0, 0, 0, 0, 0]",41,5
GF2279,"[2, 5, 5, 1, 2, 3, 3, 5, 4, 5, 0, 0, 0, 0, 0, 0, 0, 0, 0, 0, 0, 0, 0, 0]",35,5
GF2289,"[1, 4, 5, 1, 1, 4, 0, 4, 4, 5, 0, 0, 0, 0, 0, 2, 2, 0, 0, 0, 0, 0, 0, -4]",29,4
GF2299,"[1, 5, 5, 1, 2, 4, 0, 0, 4, 5, 0, 0, 0, 0, 0, 2, 2, 0, 0, 0, 0, 0, 0, 0]",31,4
GF3209,"[2, 4, 5, 1, 2, 4, 1, 0, 4, 5, 0, 0, 0, 0, 0, 0, 0, 0, 0, 0, 0, 0, 0, -2]",26,3
GF3219,"[1, 0, 5, 1, 2, 4, 1, 0, 4, 5, 0, 0, 0, 0, 0, 0, 0, 0, 0, 0, 0, 0, -2, 0]",21,2
GF3229,"[4, 5, 5, 1, 2, 2, 2, 5, 0, 0, 0, 0, 0, 0, 0, 0, 0, 0, 0, 0, 0, 0, 0, 0]",26,3
GF3239,"[3, 4, 4, 1, 2, 5, 2, 0, 0, 0, 0, 0, 0, 0, 0, 0, 0, 0, 0, 0, 0, 0, 0, 0]",21,2
GF3249,"[3, 2, 3, 1, 3, 4, 2, 4, 0, 0, 0, 0, 0, 0, 5, 5, 5, 0, 0, 0, -5, 0, 0, -1]",31,4
GF3259,"[1, 3, 3, 1, 3, 5, 0, 0, 0, 0, 0, 0, 0, 0, 0, 3, 3, 0, 0, 0, 0, 0, 0, -1]",21,2
GF3269,"[2, 5, 5, 1, 3, 3, 1, 5, 0, 0, 0, 0, 0, 0, 0, 0, 0, 0, 0, 0, 0, 0, 0, 0]",25,3
GF3279,"[1, 4, 5, 1, 2, 3, 0, 0, 0, 0, 0, 0, 0, 0, 0, 0, 0, 0, 0, 0, -5, 0, 0, 0]",11,1
GF3289,"[3, 5, 5, 1, 3, 2, 1, 5, 0, 0, 0, 0, 0, 0, 0, 0, 0, 0, 0, 0, -5, 0, 0, 0]",20,2
GF3299,"[3, 2, 4, 1, 3, 3, 1, 0, 0, 0, 0, 0, 0, 0, 0, 4, 4, 0, 0, 0, 0, 0, 0, -1]",24,3
GF4209,"[3, 3, 4, 1, 2, 4, 0, 0, 0, 0, 0, 0, 0, 0, 0, 0, 0, 0, 0, 0, 0, 0, 0, 0]",17,2
GF4219,"[3, 4, 5, 1, 3, 3, 0, 4, 0, 0, 0, 0, 0, 0, 0, 0, 0, 0, 0, 0, 0, 0, 0, -4]",19,2
GF4229,"[3, 2, 3, 1, 2, 5, 2, 0, 0, 0, 0, 0, 0, 0, 0, 3, 3, 0, 0, 0, 0, 0, 0, 0]",24,3
GF4239,"[3, 3, 3, 1, 2, 4, 2, 4, 0, 0, 0, 0, 0, 0, 0, 1, 1, 0, 0, 0, -5, 0, 0, -2]",17,2
GF2268,"[3, 5, 5, 1, 1, 3, 1, 5, 4, 5, 0, 0, 0, 0, 0, 5, 5, 0, 0, 0, 0, 0, 0, 0]",43,5
GF2278,"[4, 4, 5, 1, 2, 3, 3, 5, 4, 5, 0, 0, 0, 0, 0, 4, 4, 0, 0, 0, 0, 0, 0, -2]",42,5
GF2288,"[4, 3, 3, 1, 2, 3, 2, 5, 4, 5, 0, 0, 0, 0, 5, 4, 4, 0, 0, 0, 0, 0, 0, 0]",45,5
GF2298,"[1, 5, 5, 1, 2, 4, 0, 0, 4, 5, 0, 0, 0, 0, 0, 0, 0, 0, 0, 0, 0, 0, 0, 0]",27,4
GF3208,"[2, 4, 5, 1, 2, 3, 1, 4, 4, 5, 0, 0, 0, 0, 0, 0, 0, 0, 0, 0, 0, 0, 0, -1]",30,4
GF3218,"[1, 4, 5, 1, 2, 4, 1, 0, 4, 5, 0, 0, 0, 0, 0, 2, 2, 0, 0, 0, 0, 0, -1, 0]",30,4
GF3228,"[1, 4, 3, 1, 3, 5, 1, 0, 4, 5, 0, 0, 0, 0, 0, 3, 3, 0, 0, 0, 0, 0, -2, 0]",31,4
GF3238,"[3, 4, 4, 1, 3, 5, 1, 0, 0, 0, 0, 0, 0, 0, 2, 4, 4, 0, 0, 0, 0, 0, 0, 0]",31,4
GF3248,"[3, 4, 4, 1, 3, 4, 1, 4, 0, 0, 0, 0, 0, 0, 0, 2, 2, 0, 0, 0, 0, 0, 0, -2]",26,3
GF3258,"[3, 3, 3, 1, 3, 4, 1, 4, 3, 0, 0, 0, 0, 0, 0, 4, 4, 0, 0, 0, -5, 0, 0, -4]",24,3
GF3268,"[1, 5, 5, 1, 2, 3, 1, 4, 3, 0, 0, 0, 0, 0, 0, 4, 4, 0, 0, 0, 0, 0, 0, 0]",33,5
GF3278,"[1, 0, 5, 1, 1, 3, 0, 0, 0, 0, 0, 0, 0, 0, 0, 0, 0, 0, 0, 0, 0, 0, 0, 0]",11,1
GF3288,"[3, 5, 5, 1, 3, 3, 1, 5, 0, 0, 0, 0, 0, 0, 0, 0, 0, 0, 0, 0, 0, 0, 0, 0]",26,3
GF3298,"[2, 2, 2, 1, 3, 5, 1, 4, 0, 0, 0, 0, 0, 0, 3, 4, 4, 0, 0, 0, 0, 0, 0, -1]",30,4
GF4208,"[1, 2, 3, 1, 2, 5, 0, 0, 0, 0, 0, 0, 0, 0, 0, 0, 0, 0, 0, 0, 0, 0, 0, 0]",14,1
GF4218,"[1, 2, 3, 1, 2, 5, 0, 0, 0, 0, 0, 0, 0, 0, 0, 0, 0, 0, 0, 0, 0, 0, 0, 0]",14,1
GF4228,"[2, 2, 2, 1, 3, 5, 1, 4, 0, 0, 0, 0, 0, 0, 0, 3, 3, 0, 0, 0, 0, 0, 0, 0]",26,3
GF2267,"[2, 5, 5, 1, 1, 4, 0, 5, 4, 5, 0, 0, 0, 0, 0, 2, 2, 0, 0, 0, 0, 0, 0, 0]",36,5
GF2277,"[3, 5, 5, 1, 2, 4, 1, 5, 4, 5, 0, 0, 0, 0, 3, 3, 3, 0, 0, 0, 0, 0, 0, 0]",44,5
GF2287,"[4, 2, 2, 1, 2, 3, 1, 5, 4, 5, 0, 0, 0, 0, 5, 1, 1, 0, 0, 0, 0, 0, 0, 0]",36,5
GF2297,"[2, 4, 5, 1, 2, 4, 0, 4, 4, 5, 0, 0, 0, 0, 0, 0, 0, 0, 0, 0, 0, 0, 0, -1]",30,4
GF3207,"[2, 5, 5, 1, 2, 3, 1, 0, 4, 5, 0, 0, 0, 0, 0, 0, 0, 0, 0, 0, 0, 0, 0, 0]",28,4
GF3217,"[3, 4, 4, 1, 2, 4, 1, 4, 4, 5, 0, 0, 0, 0, 0, 3, 3, 0, 0, 0, 0, 0, 0, -1]",37,5
GF3227,"[1, 3, 3, 1, 3, 5, 1, 4, 0, 0, 0, 0, 0, 0, 0, 0, 0, 0, 0, 0, 0, 0, -2, -2]",17,2
GF3237,"[2, 2, 3, 1, 3, 5, 1, 0, 0, 0, 0, 0, 0, 0, 0, 3, 3, 0, 0, 0, 0, 0, -1, -1]",21,2
GF3247,"[3, 5, 4, 1, 2, 4, 1, 0, 0, 0, 0, 0, 0, 0, 0, 0, 0, 0, 0, 0, 0, 0, 0, 0]",20,2
GF3257,"[2, 5, 5, 1, 2, 3, 1, 0, 0, 0, 0, 0, 0, 0, 0, 0, 0, 0, 0, 0, 0, 0, 0, 0]",19,2
GF3267,"[2, 4, 5, 1, 2, 4, 1, 0, 3, 0, 0, 0, 0, 0, 0, 4, 4, 0, 0, 0, 0, 0, 0, 0]",30,4
GF3277,"[2, 5, 3, 1, 2, 5, 0, 0, 0, 0, 0, 0, 0, 0, 0, 0, 0, 0, 0, 0, 0, 0, 0, 0]",18,2
GF3287,"[3, 3, 3, 1, 4, 4, 1, 5, 0, 0, 0, 0, 0, 0, 2, 2, 2, 0, 0, 0, 0, 0, 0, -1]",29,4
GF3297,"[2, 1, 2, 1, 2, 5, 1, 0, 0, 0, 0, 0, 0, 0, 0, 3, 3, 0, 0, 0, 0, 0, 0, -1]",19,2
GF4207,"[1, 2, 3, 1, 2, 5, 0, 0, 0, 0, 0, 0, 0, 0, 0, 0, 0, 0, 0, 0, 0, 0, 0, 0]",14,1
GF4217,"[1, 3, 3, 1, 3, 5, 0, 0, 0, 0, 0, 0, 0, 0, 0, 0, 0, 0, 0, 0, 0, 0, 0, 0]",16,2
GF4227,"[2, 2, 2, 1, 2, 5, 1, 4, 0, 0, 0, 0, 0, 0, 5, 3, 3, 0, 0, 0, 0, 0, 0, 0]",30,4
GF2276,"[1, 5, 5, 1, 1, 4, 1, 0, 4, 5, 0, 0, 0, 0, 0, 0, 0, 0, 0, 0, 0, 0, 0, 0]",27,4
GF2286,"[2, 4, 5, 1, 2, 4, 1, 4, 4, 5, 0, 0, 0, 0, 0, 0, 0, 0, 0, 0, 0, 0, 0, -1]",31,4
GF2296,"[2, 3, 5, 1, 2, 3, 1, 0, 4, 5, 0, 0, 0, 0, 0, 0, 0, 0, 0, 0, 0, 0, 0, 0]",26,3
GF3206,"[2, 5, 5, 1, 2, 3, 1, 5, 4, 5, 0, 0, 0, 0, 0, 0, 0, 0, 0, 0, 0, 0, 0, 0]",33,5
GF3216,"[3, 3, 3, 1, 2, 5, 1, 0, 4, 5, 0, 0, 0, 0, 0, 3, 3, 0, 0, 0, 0, 0, 0, -1]",32,4
GF3226,"[1, 3, 3, 1, 2, 5, 1, 0, 0, 0, 0, 0, 0, 0, 0, 0, 0, 0, 0, 0, 0, 0, 0, 0]",16,2
GF3236,"[2, 2, 2, 1, 3, 5, 1, 4, 0, 0, 0, 0, 0, 0, 5, 3, 3, 0, 0, 0, 0, 0, -2, -1]",28,4
GF3246,"[3, 4, 5, 1, 3, 3, 2, 4, 0, 0, 0, 0, 0, 0, 5, 0, 0, 0, 0, 0, 0, 0, 0, -5]",25,3
GF3256,"[2, 3, 3, 1, 2, 5, 2, 0, 0, 0, 0, 0, 0, 0, 0, 0, 0, 0, 0, 0, -5, 0, 0, 0]",13,1
GF3266,"[1, 4, 3, 1, 2, 5, 0, 0, 0, 0, 0, 0, 0, 0, 0, 5, 5, 0, 0, 0, -5, 0, 0, 0]",21,2
GF3276,"[3, 2, 2, 1, 4, 5, 0, 4, 0, 0, 0, 0, 0, 0, 5, 2, 2, 0, 0, 0, 0, 0, 0, -1]",29,4
GF3286,"[4, 3, 3, 1, 4, 3, 1, 5, 0, 0, 0, 0, 0, 0, 5, 5, 5, 0, 0, 0, 0, 0, 0, -1]",38,5
GF3296,"[1, 2, 3, 1, 2, 5, 2, 4, 0, 0, 0, 0, 0, 0, 0, 0, 0, 0, 0, 0, 0, 0, 0, 0]",20,2
GF4206,"[1, 0, 3, 1, 1, 5, 0, 0, 0, 0, 0, 0, 0, 0, 0, 0, 0, 0, 0, 0, 0, 0, 0, 0]",11,1
GF4216,"[1, 5, 3, 1, 3, 5, 0, 0, 0, 0, 0, 0, 0, 0, 0, 0, 0, 0, 0, 0, 0, -5, 0, 0]",13,1
GF4226,"[1, 2, 2, 1, 2, 5, 1, 0, 0, 0, 0, 0, 0, 0, 0, 2, 2, 0, 0, 0, 0, 0, 0, 0]",18,2
GF2275,"[1, 5, 5, 1, 1, 4, 1, 0, 4, 5, 0, 0, 0, 0, 0, 0, 0, 0, 0, 0, 0, 0, 0, 0]",27,4
GF2285,"[1, 5, 5, 1, 2, 4, 0, 0, 4, 5, 0, 0, 0, 0, 0, 0, 0, 0, 0, 0, 0, 0, 0, 0]",27,4
GF2295,"[3, 5, 5, 1, 1, 3, 1, 5, 4, 5, 0, 0, 0, 0, 0, 0, 0, 0, 0, 0, 0, 0, 0, 0]",33,5
GF3205,"[4, 5, 5, 1, 1, 3, 2, 5, 4, 5, 0, 0, 0, 0, 0, 0, 0, 0, 0, 0, 0, 0, 0, 0]",35,5
GF3215,"[2, 4, 3, 1, 1, 4, 1, 0, 4, 5, 0, 0, 0, 0, 0, 3, 3, 0, 0, 0, 0, 0, 0, 0]",31,4
GF3225,"[1, 3, 3, 1, 4, 5, 1, 0, 0, 0, 0, 0, 0, 0, 0, 0, 0, 0, 0, 0, 0, 0, 0, 0]",18,2
GF3235,"[2, 2, 2, 1, 3, 5, 1, 4, 0, 0, 0, 0, 0, 0, 2, 3, 3, 0, 0, 0, 0, 0, -1, -1]",26,3
GF3245,"[3, 4, 4, 1, 2, 4, 2, 4, 0, 0, 0, 0, 0, 0, 0, 0, 0, 0, 0, -5, -5, 0, -2, 0]",12,1
GF3255,"[1, 3, 3, 1, 3, 5, 1, 0, 0, 0, 0, 0, 0, 0, 0, 0, 0, 0, 0, 0, -5, 0, -2, 0]",10,1
GF3265,"[1, 2, 3, 1, 3, 5, 0, 4, 0, 0, 0, 0, 0, 0, 3, 1, 1, 0, 0, 0, -5, 0, -2, -1]",16,2
GF3275,"[4, 2, 2, 1, 3, 4, 1, 5, 2, 0, 0, 0, 0, 0, 2, 5, 5, 5, 0, 0, 0, 0, -1, -1]",39,5
GF3285,"[3, 2, 2, 1, 3, 4, 1, 5, 0, 0, 0, 0, 0, 0, 3, 3, 3, 0, 0, 0, 0, 0, 0, -1]",29,4
GF3295,"[1, 2, 3, 1, 2, 5, 1, 0, 0, 0, 0, 0, 0, 0, 0, 3, 3, 0, 0, 0, -5, 0, 0, 0]",16,2
GF4205,"[1, 0, 3, 1, 1, 5, 0, 0, 0, 0, 0, 0, 0, 0, 0, 0, 0, 0, 0, 0, -5, 0, 0, 0]",6,1
GF4215,"[1, 4, 3, 1, 3, 5, 0, 0, 0, 0, 0, 0, 0, 0, 0, 0, 0, 0, 0, 0, -5, -5, 0, 0]",7,1
GF4225,"[1, 2, 2, 1, 2, 5, 1, 4, 0, 0, 0, 0, 0, 0, 0, 0, 0, 0, 0, 0, -5, 0, 0, -1]",12,1
GF2284,"[1, 0, 5, 1, 1, 4, 1, 0, 4, 5, 0, 0, 0, 0, 0, 0, 0, 0, 0, 0, 0, 0, 0, 0]",22,3
GF2294,"[3, 5, 5, 1, 1, 3, 1, 5, 4, 5, 0, 0, 0, 0, 0, 0, 0, 0, 0, 0, 0, 0, 0, 0]",33,5
GF3204,"[3, 5, 4, 1, 2, 3, 2, 5, 4, 5, 0, 0, 0, 0, 0, 1, 1, 0, 0, 0, 0, 0, 0, 0]",36,5
GF3214,"[1, 3, 3, 1, 2, 5, 0, 0, 4, 5, 0, 0, 0, 0, 0, 2, 2, 0, 0, 0, 0, 0, 0, 0]",28,4
GF3224,"[1, 2, 3, 1, 3, 5, 0, 0, 0, 0, 0, 0, 0, 0, 0, 0, 0, 0, 0, 0, 0, 0, 0, 0]",15,1
GF3234,"[2, 2, 3, 1, 4, 5, 2, 4, 0, 0, 0, 0, 0, 0, 2, 3, 3, 0, 0, 0, 0, 0, 0, 0]",31,4
GF3244,"[2, 4, 3, 1, 2, 4, 3, 4, 0, 0, 0, 0, 0, 0, 0, 2, 2, 0, 0, 0, 0, 0, 0, -2]",25,3
GF3254,"[1, 2, 3, 1, 2, 5, 0, 0, 0, 0, 0, 0, 0, 0, 0, 3, 3, 0, 0, 0, 0, 0, 0, 0]",20,2
GF3264,"[2, 1, 2, 1, 2, 5, 0, 0, 0, 0, 0, 0, 0, 0, 0, 4, 4, 0, 0, 0, 0, 0, -1, 0]",20,2
GF3274,"[4, 1, 1, 1, 3, 3, 1, 4, 2, 0, 0, 0, 0, 5, 5, 4, 4, 0, 0, 0, -5, 0, -3, 0]",30,4
GF3284,"[2, 1, 2, 1, 3, 5, 2, 4, 0, 0, 0, 0, 0, 0, 0, 3, 3, 0, 0, 0, -5, 0, -2, -1]",18,2
GF3294,"[1, 2, 3, 1, 1, 5, 0, 0, 0, 0, 0, 0, 0, 0, 0, 2, 2, 0, 0, 0, -5, 0, -1, -1]",10,1
GF4204,"[1, 4, 3, 1, 2, 5, 0, 0, 0, 0, 0, 0, 0, 0, 0, 3, 3, 0, 0, 0, -5, -5, 0, 0]",12,1
GF4214,"[2, 1, 2, 1, 3, 5, 0, 4, 0, 0, 0, 0, 0, 0, 0, 3, 3, 0, 0, 0, -5, 0, 0, -1]",18,2
GF4224,"[2, 4, 3, 1, 3, 5, 1, 4, 0, 0, 0, 0, 0, 0, 0, 0, 0, 0, 0, 0, -5, 0, 0, 0]",18,2
GF2283,"[1, 5, 5, 1, 1, 4, 1, 0, 4, 5, 0, 0, 0, 0, 0, 0, 0, 0, 0, 0, 0, 0, 0, 0]",27,4
GF2293,"[4, 5, 5, 1, 2, 2, 1, 5, 4, 5, 0, 0, 0, 0, 0, 0, 0, 0, 0, 0, 0, 0, 0, 0]",34,5
GF3203,"[2, 5, 5, 1, 3, 3, 0, 5, 4, 5, 0, 0, 0, 0, 0, 3, 3, 0, 0, 0, 0, 0, 0, 0]",39,5
GF3213,"[1, 0, 3, 1, 1, 5, 1, 0, 0, 0, 0, 0, 0, 0, 0, 0, 0, 0, 0, 0, 0, 0, 0, 0]",12,1
GF3223,"[1, 0, 3, 1, 2, 5, 1, 0, 0, 0, 0, 0, 0, 0, 0, 0, 0, 0, 0, 0, 0, 0, 0, 0]",13,1
GF3233,"[1, 1, 2, 1, 3, 5, 1, 4, 0, 0, 0, 0, 0, 0, 0, 0, 0, 0, 0, 0, 0, 0, 0, -1]",17,2
GF3243,"[1, 3, 3, 1, 1, 5, 2, 4, 0, 0, 0, 0, 0, 0, 0, 2, 2, 0, 0, 0, 0, 0, 0, 0]",24,3
GF3253,"[2, 4, 3, 1, 1, 5, 0, 0, 0, 0, 0, 0, 0, 0, 0, 1, 1, 0, 0, 0, 0, 0, -1, 0]",17,2
GF3263,"[3, 3, 3, 1, 3, 4, 1, 0, 0, 0, 0, 0, 0, 0, 0, 2, 3, 0, 0, 0, 0, 0, -2, -1]",20,2
GF3273,"[3, 2, 4, 1, 2, 5, 1, 0, 0, 0, 0, 0, 0, 0, 0, 4, 4, 0, 0, 0, 0, 0, 0, -1]",25,3
GF3293,"[1, 3, 3, 1, 2, 5, 1, 0, 0, 0, 0, 0, 0, 0, 0, 2, 2, 0, 0, 0, -5, 0, -2, 0]",13,1
GF4203,"[1, 2, 3, 1, 2, 5, 1, 0, 0, 0, 0, 0, 0, 0, 0, 3, 3, 0, 0, 0, 0, -5, -2, 0]",14,1
GF2282,"[1, 5, 5, 1, 2, 4, 2, 0, 4, 5, 0, 0, 0, 0, 0, 0, 0, 0, 0, 0, 0, 0, 0, 0]",29,4
GF2292,"[4, 5, 5, 1, 2, 2, 1, 5, 4, 5, 0, 0, 0, 0, 0, 0, 0, 0, 0, 0, 0, 0, 0, 0]",34,5
GF3202,"[2, 5, 5, 1, 3, 4, 0, 0, 4, 5, 0, 0, 0, 0, 0, 3, 3, 0, 0, 0, 0, 0, 0, 0]",35,5
GF3212,"[1, 2, 3, 1, 4, 5, 1, 0, 0, 0, 0, 0, 0, 0, 0, 0, 0, 0, 0, 0, 0, 0, 0, 0]",17,2
GF3222,"[1, 2, 3, 1, 4, 5, 1, 0, 0, 0, 0, 0, 0, 0, 0, 0, 0, 0, 0, 0, 0, 0, 0, 0]",17,2
GF3232,"[1, 3, 3, 1, 3, 5, 2, 5, 0, 0, 0, 0, 0, 0, 0, 0, 0, 0, 0, 0, 0, 0, 0, 0]",23,3
GF3242,"[1, 2, 3, 1, 1, 5, 1, 0, 0, 0, 0, 0, 0, 0, 0, 0, 0, 0, 0, 0, 0, 0, -1, 0]",13,1
GF3252,"[2, 3, 3, 1, 2, 5, 1, 4, 0, 0, 0, 0, 0, 0, 0, 1, 1, 0, 0, 0, 0, 0, -2, -1]",20,2
GF3262,"[2, 3, 3, 1, 2, 5, 1, 0, 0, 0, 0, 0, 0, 0, 0, 3, 3, 0, 0, 0, 0, 0, 0, -4]",19,2
GF3272,"[3, 4, 4, 1, 2, 4, 0, 0, 0, 0, 0, 0, 0, 0, 0, 1, 1, 0, 0, 0, 0, 0, 0, 0]",20,2
GF2281,"[2, 5, 5, 1, 2, 4, 2, 0, 4, 5, 0, 0, 0, 0, 0, 0, 0, 0, 0, 0, 0, 0, 0, 0]",30,4
GF2291,"[3, 4, 4, 1, 3, 4, 1, 5, 4, 5, 0, 0, 0, 0, 0, 0, 0, 0, 0, 0, 0, 0, 0, 0]",34,5
GF3201,"[3, 4, 4, 1, 4, 4, 0, 0, 4, 5, 0, 0, 0, 0, 0, 3, 3, 0, 0, 0, 0, 0, 0, 0]",35,5
GF3211,"[2, 2, 3, 1, 3, 5, 2, 4, 4, 5, 0, 0, 0, 0, 5, 3, 3, 0, 0, 0, 0, 0, 0, -1]",41,5
GF3221,"[2, 2, 2, 1, 4, 5, 2, 4, 1, 0, 0, 0, 0, 0, 3, 3, 3, 0, 0, 0, 0, 0, -2, -1]",29,4
GF3231,"[2, 3, 3, 1, 3, 5, 2, 5, 0, 0, 0, 0, 0, 0, 0, 0, 0, 0, 0, 0, 0, 0, -2, -1]",21,2
GF3241,"[1, 3, 3, 1, 2, 5, 1, 0, 0, 0, 0, 0, 0, 0, 0, 1, 1, 0, 0, 0, -5, 0, -1, 0]",12,1
GF3251,"[2, 3, 3, 1, 2, 5, 1, 0, 0, 0, 0, 0, 0, 0, 0, 3, 3, 0, 0, 0, -5, 0, 0, 0]",18,2
GF3261,"[2, 1, 3, 1, 1, 5, 0, 4, 0, 0, 0, 0, 0, 0, 0, 1, 1, 0, 0, 0, 0, 0, 0, -1]",18,2
GF2280,"[2, 5, 5, 1, 2, 3, 2, 0, 4, 5, 0, 0, 0, 0, 0, 0, 0, 0, 0, 0, 0, 0, 0, 0]",29,4
GF2290,"[2, 3, 4, 1, 2, 4, 1, 0, 4, 5, 0, 0, 0, 0, 0, 0, 0, 0, 0, 0, 0, 0, 0, 0]",26,3
GF3200,"[2, 4, 3, 1, 3, 5, 2, 0, 4, 5, 0, 0, 0, 0, 0, 0, 0, 0, 0, 0, 0, 0, 0, 0]",29,4
GF3210,"[1, 3, 3, 1, 3, 5, 1, 0, 4, 5, 0, 0, 0, 0, 0, 0, 0, 0, 0, 0, 0, 0, -1, 0]",25,3
GF3220,"[2, 1, 2, 1, 3, 4, 1, 0, 0, 0, 0, 0, 0, 0, 5, 3, 3, 0, 0, 0, 0, 0, -2, -1]",22,3
GF3230,"[1, 4, 3, 1, 3, 5, 1, 0, 0, 0, 0, 0, 0, 0, 0, 0, 0, 0, 0, 0, 0, 0, 0, 0]",18,2
GF3240,"[1, 2, 3, 1, 2, 5, 2, 0, 0, 0, 0, 0, 0, 0, 0, 2, 2, 0, 0, 0, -5, 0, 0, -1]",14,1
GF3250,"[1, 2, 3, 1, 1, 5, 1, 0, 0, 0, 0, 0, 0, 0, 0, 3, 3, 0, 0, 0, 0, 0, 0, 0]",20,2
GF2189,"[3, 5, 4, 1, 1, 3, 1, 4, 4, 5, 0, 0, 0, 0, 0, 0, 0, 0, 0, 0, 0, 0, 0, 0]",31,4
GF2199,"[2, 3, 3, 1, 2, 5, 1, 0, 4, 5, 0, 0, 0, 0, 0, 0, 0, 0, 0, 0, 0, 0, 0, 0]",26,3
GF3109,"[1, 4, 3, 1, 3, 5, 1, 0, 4, 5, 0, 0, 0, 0, 0, 0, 0, 0, 0, 0, 0, 0, -1, 0]",26,3
GF3119,"[1, 2, 3, 1, 3, 5, 0, 0, 0, 0, 0, 0, 0, 0, 0, 0, 0, 0, 0, 0, 0, 0, -3, 0]",12,1
GF3129,"[1, 4, 3, 1, 3, 5, 0, 0, 0, 0, 0, 0, 0, 0, 2, 3, 3, 0, 0, 0, 0, 0, 0, 0]",25,3
GF3139,"[1, 4, 3, 1, 3, 5, 1, 0, 0, 0, 0, 0, 0, 0, 0, 0, 0, 0, 0, 0, 0, 0, 0, 0]",18,2
GF3149,"[1, 2, 3, 1, 2, 5, 1, 0, 0, 0, 0, 0, 0, 0, 0, 0, 0, 0, 0, 0, 0, 0, 0, 0]",15,1
GF3159,"[1, 2, 3, 1, 2, 5, 0, 0, 0, 0, 0, 0, 0, 0, 0, 0, 0, 0, 0, 0, -5, 0, 0, 0]",9,1
GF4060,"[2, 4, 5, 1, 2, 3, 3, 5, 4, 0, 0, 0, 0, 0, 0, 3, 3, 0, 0, 0, 0, 0, -2, 0]",33,5
GF4061,"[3, 4, 4, 1, 3, 3, 3, 5, 4, 0, 0, 0, 0, 0, 0, 3, 3, 0, 0, 0, 0, 0, -2, 0]",34,5
GF4050,"[2, 5, 5, 1, 2, 2, 3, 5, 4, 0, 0, 0, 0, 0, 0, 0, 0, 0, 0, 0, 0, 0, 0, 0]",29,4
GF2188,"[1, 5, 3, 1, 1, 5, 1, 0, 4, 0, 0, 0, 0, 0, 0, 0, 0, 0, 0, 0, 0, 0, 0, 0]",21,2
GF2198,"[1, 5, 3, 1, 2, 5, 1, 4, 4, 0, 0, 0, 0, 0, 0, 0, 0, 0, 0, 0, 0, 0, 0, 0]",26,3
GF3108,"[1, 3, 3, 1, 3, 5, 0, 0, 0, 0, 0, 0, 0, 0, 0, 0, 0, 0, 0, 0, 0, 0, -2, 0]",14,1
GF3118,"[1, 0, 3, 1, 3, 5, 0, 0, 0, 0, 0, 0, 0, 0, 0, 0, 0, 0, 0, 0, 0, 0, 0, 0]",13,1
GF3128,"[2, 1, 2, 1, 2, 5, 0, 0, 0, 0, 0, 0, 0, 0, 0, 2, 2, 0, 0, 0, 0, 0, 0, -2]",15,1
GF3138,"[1, 1, 3, 1, 2, 5, 0, 0, 0, 0, 0, 0, 0, 0, 3, 3, 3, 0, 0, 0, 0, 0, 0, -1]",21,2
GF3148,"[3, 4, 3, 1, 2, 4, 2, 5, 0, 0, 0, 0, 0, 0, 0, 3, 3, 0, 0, 0, 0, 0, 0, 0]",30,4
GF3107,"[1, 1, 2, 1, 2, 5, 0, 0, 0, 0, 0, 0, 0, 0, 0, 0, 0, 0, 0, 0, 0, 0, -2, 0]",10,1
GF3117,"[2, 0, 3, 1, 2, 5, 0, 0, 0, 0, 0, 0, 0, 0, 0, 0, 0, 0, 0, 0, 0, 0, 0, 0]",13,1
GF3127,"[1, 2, 3, 1, 1, 5, 0, 0, 0, 0, 0, 0, 0, 0, 0, 0, 0, 0, 0, 0, 0, 0, 0, 0]",13,1
GF3137,"[1, 3, 3, 1, 1, 5, 0, 0, 0, 0, 0, 0, 0, 0, 0, 0, 0, 0, 0, 0, 0, 0, 0, 0]",14,1
GF3085,"[1, 2, 3, 1, 2, 5, 2, 4, 0, 0, 0, 0, 0, 0, 0, 0, 0, 0, 0, 0, 0, 0, 0, -1]",19,2
GF3086,"[1, 2, 3, 1, 1, 5, 2, 0, 0, 0, 0, 0, 0, 0, 0, 0, 0, 0, 0, 0, 0, 0, 0, 0]",15,1
GF3095,"[3, 4, 4, 1, 1, 4, 2, 0, 4, 0, 0, 0, 0, 0, 0, 0, 0, 0, 0, 0, 0, 0, 0, 0]",23,3
GF3096,"[3, 4, 4, 1, 2, 4, 2, 0, 4, 0, 0, 0, 0, 0, 0, 0, 0, 0, 0, 0, 0, 0, 0, 0]",24,3
GF4005,"[1, 0, 5, 1, 2, 4, 1, 0, 4, 0, 0, 0, 0, 0, 0, 0, 0, 0, 0, 0, 0, 0, 0, 0]",18,2
GF4006,"[1, 5, 5, 1, 1, 4, 0, 0, 4, 0, 0, 0, 0, 0, 0, 0, 0, 0, 0, 0, 0, 0, 0, 0]",21,2
GF4015,"[1, 0, 5, 1, 2, 3, 4, 0, 4, 0, 0, 0, 0, 0, 0, 0, 0, 0, 0, 0, 0, 0, 0, 0]",20,2
GF4016,"[1, 0, 5, 1, 1, 3, 1, 0, 4, 0, 0, 0, 0, 0, 0, 0, 0, 0, 0, 0, 0, 0, 0, 0]",16,2
GF4025,"[1, 0, 5, 1, 3, 3, 3, 0, 4, 0, 0, 0, 0, 0, 0, 0, 0, 0, 0, 0, 0, 0, 0, 0]",20,2
GF4026,"[1, 0, 5, 1, 2, 3, 1, 0, 4, 0, 0, 0, 0, 0, 0, 0, 0, 0, 0, 0, 0, 0, 0, 0]",17,2
GF4035,"[1, 0, 5, 1, 3, 3, 2, 0, 4, 0, 0, 0, 0, 0, 0, 0, 0, 0, 0, 0, 0, 0, 0, 0]",19,2
GF4036,"[1, 0, 5, 1, 3, 3, 2, 0, 4, 0, 0, 0, 0, 0, 0, 0, 0, 0, 0, 0, 0, 0, 0, 0]",19,2
GF4045,"[1, 0, 5, 1, 3, 3, 1, 0, 4, 0, 0, 0, 0, 0, 0, 0, 0, 0, 0, 0, 0, 0, 0, 0]",18,2
GF4046,"[1, 5, 5, 1, 2, 2, 3, 0, 4, 0, 0, 0, 0, 0, 0, 0, 0, 0, 0, 0, 0, 0, 0, 0]",23,3
GF4055,"[1, 0, 5, 1, 3, 3, 2, 0, 4, 0, 0, 0, 0, 0, 0, 0, 0, 0, 0, 0, 0, 0, 0, 0]",19,2
GF4056,"[2, 5, 5, 1, 2, 2, 2, 5, 4, 0, 0, 0, 0, 0, 0, 0, 0, 0, 0, 0, 0, 0, 0, 0]",28,4
GF4065,"[3, 4, 4, 1, 3, 4, 1, 0, 4, 0, 0, 0, 0, 0, 0, 0, 0, 0, 0, 0, 0, 0, 0, 0]",24,3
GF4066,"[3, 5, 4, 1, 3, 4, 2, 5, 4, 0, 0, 0, 0, 0, 0, 0, 0, 0, 0, 0, 0, 0, 0, 0]",31,4
GF3014,"[1, 5, 5, 1, 1, 4, 0, 0, 0, 0, 0, 0, 0, 0, 0, 0, 0, 0, 0, 0, 0, 0, 0, 0]",17,2
GF3024,"[1, 5, 5, 1, 1, 4, 1, 0, 0, 0, 0, 0, 0, 0, 0, 0, 0, 0, 0, 0, 0, 0, 0, 0]",18,2
GF3034,"[2, 5, 5, 1, 1, 4, 1, 0, 0, 0, 0, 0, 0, 0, 0, 0, 0, 0, 0, 0, 0, 0, 0, 0]",19,2
GF3044,"[2, 5, 5, 1, 1, 3, 2, 0, 0, 0, 0, 0, 0, 0, 0, 0, 0, 0, 0, 0, 0, 0, 0, 0]",19,2
GF3054,"[2, 4, 5, 1, 1, 3, 1, 4, 0, 0, 0, 0, 0, 0, 0, 0, 0, 0, 0, 0, 0, 0, 0, 0]",21,2
GF3064,"[1, 3, 3, 1, 2, 5, 1, 4, 0, 0, 0, 0, 0, 0, 0, 0, 0, 0, 0, 0, 0, 0, 0, 0]",20,2
GF3074,"[1, 2, 3, 1, 1, 5, 2, 0, 0, 0, 0, 0, 0, 0, 0, 0, 0, 0, 0, 0, 0, 0, 0, 0]",15,1
GF3084,"[2, 2, 2, 1, 2, 5, 2, 4, 4, 0, 0, 0, 0, 0, 3, 0, 0, 0, 0, 0, 0, 0, 0, 0]",27,4
GF3094,"[2, 4, 5, 1, 1, 4, 1, 0, 4, 0, 0, 0, 0, 0, 0, 0, 0, 0, 0, 0, 0, 0, 0, 0]",22,3
GF4004,"[1, 0, 5, 1, 1, 3, 1, 0, 4, 0, 0, 0, 0, 0, 0, 0, 0, 0, 0, 0, 0, 0, 0, 0]",16,2
GF4014,"[1, 0, 5, 1, 2, 3, 2, 0, 4, 0, 0, 0, 0, 0, 0, 0, 0, 0, 0, 0, 0, 0, 0, 0]",18,2
GF4024,"[1, 5, 5, 1, 3, 3, 3, 4, 4, 0, 0, 0, 0, 0, 0, 0, 0, 0, 0, 0, 0, 0, 0, 0]",29,4
GF4034,"[1, 0, 5, 1, 3, 3, 3, 0, 4, 0, 0, 0, 0, 0, 0, 0, 0, 0, 0, 0, 0, 0, 0, 0]",20,2
GF4044,"[1, 0, 5, 1, 3, 3, 2, 0, 4, 0, 0, 0, 0, 0, 0, 0, 0, 0, 0, 0, 0, 0, 0, 0]",19,2
GF4054,"[2, 3, 5, 1, 2, 3, 2, 0, 4, 0, 0, 0, 0, 0, 0, 0, 0, 0, 0, 0, 0, 0, 0, -1]",21,2
GF4064,"[3, 2, 3, 1, 2, 5, 2, 4, 4, 0, 0, 0, 0, 0, 0, 0, 0, 0, 0, 0, 0, 0, 0, -1]",25,3
GF3013,"[1, 4, 5, 1, 1, 3, 0, 0, 0, 0, 0, 0, 0, 0, 0, 0, 0, 0, 0, 0, 0, 0, 0, 0]",15,1
GF3023,"[1, 5, 5, 1, 1, 4, 1, 0, 0, 0, 0, 0, 0, 0, 0, 0, 0, 0, 0, 0, 0, 0, 0, 0]",18,2
GF3033,"[1, 5, 5, 1, 1, 3, 1, 0, 0, 0, 0, 0, 0, 0, 0, 0, 0, 0, 0, 0, 0, 0, 0, 0]",17,2
GF3043,"[1, 5, 5, 1, 1, 4, 2, 0, 0, 0, 0, 0, 0, 0, 0, 0, 0, 0, 0, 0, 0, 0, 0, 0]",19,2
GF3053,"[2, 4, 5, 1, 1, 4, 1, 0, 0, 0, 0, 0, 0, 0, 0, 0, 0, 0, 0, 0, 0, 0, 0, 0]",18,2
GF3063,"[1, 3, 3, 1, 2, 5, 2, 4, 0, 0, 0, 0, 0, 0, 0, 0, 0, 0, 0, 0, 0, 0, 0, 0]",21,2
GF3073,"[1, 2, 3, 1, 1, 5, 1, 0, 0, 0, 0, 0, 0, 0, 0, 0, 0, 0, 0, 0, 0, 0, 0, 0]",14,1
GF3083,"[4, 2, 3, 1, 2, 4, 2, 4, 4, 0, 0, 0, 0, 0, 3, 0, 0, 0, 0, 0, 0, -5, 0, 0]",24,3
GF3093,"[1, 0, 5, 1, 1, 4, 1, 0, 4, 0, 0, 0, 0, 0, 0, 0, 0, 0, 0, 0, 0, 0, 0, 0]",17,2
GF4003,"[1, 0, 5, 1, 3, 3, 3, 0, 4, 0, 0, 0, 0, 0, 0, 0, 0, 0, 0, 0, 0, 0, 0, 0]",20,2
GF4013,"[1, 0, 5, 1, 3, 3, 3, 0, 4, 0, 0, 0, 0, 0, 0, 0, 0, 0, 0, 0, 0, 0, 0, 0]",20,2
GF4023,"[1, 0, 5, 1, 3, 3, 4, 0, 4, 0, 0, 0, 0, 0, 0, 0, 0, 0, 0, 0, 0, 0, 0, 0]",21,2
GF4033,"[1, 5, 5, 1, 2, 3, 3, 0, 4, 0, 0, 0, 0, 0, 0, 0, 0, 0, 0, 0, 0, 0, 0, 0]",24,3
GF4043,"[1, 5, 5, 1, 3, 3, 1, 0, 4, 0, 0, 0, 0, 0, 0, 0, 0, 0, 0, 0, 0, 0, 0, 0]",23,3
GF4053,"[3, 4, 5, 1, 3, 3, 2, 5, 4, 0, 0, 0, 0, 0, 0, 0, 0, 0, 0, 0, 0, 0, 0, 0]",30,4
GF4063,"[3, 4, 4, 1, 3, 4, 1, 4, 0, 0, 0, 0, 0, 0, 3, 3, 3, 0, 0, 0, 0, 0, -2, 0]",31,4
GF4114,"[1, 5, 5, 1, 2, 3, 1, 0, 0, 0, 0, 0, 0, 0, 0, 0, 0, 0, 0, 0, 0, 0, 0, 0]",18,2
GF4124,"[1, 5, 5, 1, 2, 2, 1, 0, 1, 0, 0, 0, 0, 0, 0, 0, 0, 0, 0, 0, 0, 0, 0, 0]",18,2
GF4134,"[3, 3, 4, 1, 1, 4, 1, 0, 0, 0, 0, 0, 0, 0, 0, 0, 0, 0, 0, 0, 0, 0, 0, 0]",17,2
GF4144,"[2, 2, 2, 1, 3, 5, 1, 4, 0, 0, 0, 0, 0, 0, 0, 0, 0, 0, 0, 0, 0, 0, 0, -1]",19,2
GF4154,"[1, 5, 3, 1, 2, 5, 0, 0, 0, 0, 0, 0, 0, 0, 0, 0, 0, 0, 0, 0, 0, 0, 0, 0]",17,2
GF4103,"[3, 3, 4, 1, 2, 4, 0, 0, 0, 0, 0, 0, 0, 0, 0, 0, 0, 0, 0, 0, 0, 0, 0, 0]",17,2
GF4113,"[2, 4, 5, 1, 2, 2, 1, 0, 4, 0, 0, 0, 0, 0, 0, 0, 0, 0, 0, 0, 0, 0, 0, 0]",21,2
GF4123,"[1, 5, 5, 1, 1, 3, 3, 0, 4, 0, 0, 0, 0, 0, 0, 0, 0, 0, 0, 0, 0, 0, 0, 0]",23,3
GF4133,"[2, 4, 5, 1, 2, 3, 1, 0, 4, 0, 0, 0, 0, 0, 0, 2, 2, 0, 0, 0, 0, 0, 0, 0]",26,3
GF4143,"[3, 3, 4, 1, 3, 4, 2, 4, 4, 0, 0, 0, 0, 0, 0, 0, 0, 0, 0, 0, 0, 0, 0, 0]",28,4
GF4153,"[3, 4, 4, 1, 3, 4, 1, 4, 4, 0, 0, 0, 0, 0, 0, 0, 0, 0, 0, 0, 0, 0, 0, 0]",28,4
GF4163,"[2, 2, 2, 1, 2, 5, 1, 4, 0, 0, 0, 0, 0, 0, 0, 3, 3, 0, 0, 0, 0, 0, -2, -1]",22,3
GF4102,"[1, 0, 3, 1, 1, 5, 0, 0, 0, 0, 0, 0, 0, 0, 0, 0, 0, 0, 0, 0, 0, 0, 0, 0]",11,1
GF4112,"[3, 4, 5, 1, 1, 4, 2, 4, 4, 0, 0, 0, 0, 0, 0, 0, 0, 0, 0, 0, 0, 0, 0, 0]",28,4
GF4122,"[1, 5, 5, 1, 1, 4, 2, 4, 4, 0, 0, 0, 0, 0, 0, 2, 2, 0, 0, 0, 0, 0, 0, 0]",31,4
GF4132,"[1, 0, 5, 1, 2, 3, 1, 0, 4, 0, 0, 0, 0, 0, 0, 3, 3, 0, 0, 0, 0, 0, 0, 0]",23,3
GF4142,"[1, 0, 5, 1, 2, 4, 2, 0, 4, 0, 0, 0, 0, 0, 0, 1, 1, 0, 0, 0, 0, 0, 0, 0]",21,2
GF4152,"[1, 4, 5, 1, 3, 3, 0, 4, 4, 0, 0, 0, 0, 0, 0, 0, 0, 0, 0, 0, 0, 0, 0, 0]",25,3
GF4162,"[2, 2, 2, 1, 4, 5, 0, 4, 4, 0, 0, 0, 0, 0, 0, 3, 3, 0, 0, 0, 0, 0, -2, -1]",27,4
GF4101,"[1, 2, 3, 1, 1, 5, 0, 0, 0, 0, 0, 0, 0, 0, 0, 0, 0, 0, 0, 0, 0, 0, 0, 0]",13,1
GF4111,"[2, 4, 5, 1, 1, 3, 2, 4, 4, 0, 0, 0, 0, 0, 0, 0, 0, 0, 0, 0, 0, 0, 0, 0]",26,3
GF4121,"[1, 5, 5, 1, 1, 4, 2, 0, 4, 0, 0, 0, 0, 0, 0, 3, 3, 0, 0, 0, 0, 0, 0, 0]",29,4
GF4131,"[1, 5, 5, 1, 1, 4, 1, 0, 4, 0, 0, 0, 0, 0, 0, 0, 0, 0, 0, 0, 0, 0, 0, 0]",22,3
GF4141,"[1, 0, 5, 1, 2, 3, 2, 0, 4, 0, 0, 0, 0, 0, 0, 3, 3, 0, 0, 0, 0, 0, 0, 0]",24,3
GF4151,"[1, 0, 5, 1, 2, 3, 1, 0, 4, 0, 0, 0, 0, 0, 0, 0, 0, 0, 0, 0, 0, 0, 0, 0]",17,2
GF4161,"[2, 4, 5, 1, 3, 3, 1, 0, 4, 0, 0, 0, 0, 0, 0, 3, 3, 0, 0, 0, 0, 0, -2, 0]",27,4
GF4100,"[1, 2, 3, 1, 1, 5, 0, 0, 0, 0, 0, 0, 0, 0, 0, 0, 0, 0, 0, 0, 0, 0, 0, 0]",13,1
GF4110,"[3, 4, 5, 1, 1, 4, 2, 5, 4, 0, 0, 0, 0, 0, 0, 2, 2, 0, 0, 0, 0, 0, 0, 0]",33,5
GF4120,"[1, 5, 5, 1, 2, 4, 2, 0, 4, 0, 0, 0, 0, 0, 0, 3, 3, 0, 0, 0, 0, 0, 0, 0]",30,4
GF4130,"[1, 0, 5, 1, 1, 4, 1, 0, 4, 0, 0, 0, 0, 0, 0, 0, 0, 0, 0, 0, 0, 0, 0, 0]",17,2
GF4140,"[1, 0, 5, 1, 2, 3, 1, 0, 4, 0, 0, 0, 0, 0, 0, 3, 3, 0, 0, 0, 0, 0, 0, 0]",23,3
GF4150,"[1, 0, 5, 1, 2, 3, 1, 0, 4, 0, 0, 0, 0, 0, 0, 0, 0, 0, 0, 0, 0, 0, 0, 0]",17,2
GF4160,"[1, 0, 5, 1, 3, 4, 1, 0, 4, 0, 0, 0, 0, 0, 0, 3, 3, 0, 0, 0, 0, 0, -2, 0]",23,3
GF4009,"[3, 2, 3, 1, 1, 5, 1, 4, 4, 0, 0, 0, 0, 0, 0, 0, 0, 0, 0, 0, 0, 0, 0, -1]",23,3
GF4019,"[2, 5, 5, 1, 2, 3, 2, 4, 4, 0, 0, 0, 0, 0, 0, 3, 3, 0, 0, 0, 0, 0, 0, 0]",34,5
GF4029,"[1, 5, 5, 1, 1, 4, 1, 0, 4, 0, 0, 0, 0, 0, 0, 2, 2, 0, 0, 0, 0, 0, 0, 0]",26,3
GF4039,"[1, 5, 5, 1, 2, 3, 1, 0, 4, 0, 0, 0, 0, 0, 0, 3, 3, 0, 0, 0, 0, 0, 0, 0]",28,4
GF4049,"[1, 0, 5, 1, 1, 3, 1, 0, 4, 0, 0, 0, 0, 0, 0, 1, 1, 0, 0, 0, 0, 0, 0, 0]",18,2
GF4059,"[1, 0, 5, 1, 3, 3, 1, 0, 4, 0, 0, 0, 0, 0, 0, 0, 0, 0, 0, 0, 0, 0, 0, 0]",18,2
GF4069,"[1, 0, 5, 1, 2, 4, 2, 0, 4, 0, 0, 0, 0, 0, 0, 3, 3, 0, 0, 0, 0, 0, -2, 0]",23,3
GF3098,"[1, 3, 3, 1, 1, 5, 2, 4, 0, 0, 0, 0, 0, 0, 0, 0, 0, 0, 0, 0, 0, 0, 0, 0]",20,2
GF4008,"[1, 5, 5, 1, 1, 4, 1, 0, 4, 0, 0, 0, 0, 0, 0, 0, 0, 0, 0, 0, 0, 0, 0, 0]",22,3
GF4018,"[1, 5, 5, 1, 1, 4, 1, 0, 4, 0, 0, 0, 0, 0, 0, 0, 0, 0, 0, 0, 0, 0, 0, 0]",22,3
GF4028,"[1, 0, 5, 1, 1, 4, 0, 0, 4, 0, 0, 0, 0, 0, 0, 2, 2, 0, 0, 0, 0, 0, 0, 0]",20,2
GF4038,"[1, 5, 5, 1, 2, 3, 1, 4, 4, 0, 0, 0, 0, 0, 0, 2, 2, 0, 0, 0, 0, 0, 0, 0]",30,4
GF4048,"[1, 5, 5, 1, 3, 3, 2, 0, 4, 0, 0, 0, 0, 0, 3, 0, 0, 0, 0, 0, 0, 0, 0, 0]",27,4
GF4058,"[1, 0, 5, 1, 3, 4, 3, 0, 4, 0, 0, 0, 0, 0, 0, 0, 0, 0, 0, 0, 0, 0, 0, 0]",21,2
GF4068,"[1, 0, 5, 1, 3, 4, 2, 0, 4, 0, 0, 0, 0, 0, 0, 2, 2, 0, 0, 0, 0, 0, -1, 0]",23,3
GF3087,"[1, 2, 3, 1, 2, 5, 1, 0, 0, 0, 0, 0, 0, 0, 0, 0, 0, 0, 0, 0, 0, 0, 0, 0]",15,1
GF3097,"[1, 2, 3, 1, 1, 5, 1, 0, 0, 0, 0, 0, 0, 0, 0, 0, 0, 0, 0, 0, 0, 0, 0, 0]",14,1
GF4007,"[3, 4, 4, 1, 1, 5, 0, 0, 4, 0, 0, 0, 0, 0, 0, 0, 0, 0, 0, 0, 0, 0, 0, 0]",22,3
GF4017,"[1, 5, 5, 1, 1, 4, 0, 0, 4, 0, 0, 0, 0, 0, 0, 0, 0, 0, 0, 0, 0, 0, 0, 0]",21,2
GF4027,"[1, 0, 5, 1, 1, 3, 0, 0, 4, 0, 0, 0, 0, 0, 0, 0, 0, 0, 0, 0, 0, 0, 0, 0]",15,1
GF4037,"[1, 0, 5, 1, 2, 3, 1, 0, 4, 0, 0, 0, 0, 0, 0, 0, 0, 0, 0, 0, 0, 0, 0, 0]",17,2
GF4047,"[1, 0, 5, 1, 3, 2, 2, 0, 4, 0, 0, 0, 0, 0, 3, 0, 0, 0, 0, 0, 0, 0, 0, 0]",21,2
GF4057,"[1, 0, 5, 1, 3, 2, 2, 0, 4, 0, 0, 0, 0, 0, 0, 0, 0, 0, 0, 0, 0, 0, 0, 0]",18,2
GF4067,"[1, 5, 5, 1, 2, 3, 1, 0, 4, 0, 0, 0, 0, 0, 0, 0, 0, 0, 0, 0, 0, 0, 0, 0]",22,3
GF3012,"[3, 5, 3, 1, 1, 5, 0, 0, 0, 0, 0, 0, 0, 0, 0, 0, 0, 0, 0, 0, 0, 0, 0, 0]",18,2
GF3022,"[2, 5, 5, 1, 1, 4, 2, 0, 0, 0, 0, 0, 0, 0, 0, 0, 0, 0, 0, 0, 0, 0, 0, 0]",20,2
GF3032,"[2, 5, 5, 1, 1, 3, 2, 0, 0, 0, 0, 0, 0, 0, 0, 0, 0, 0, 0, 0, 0, 0, 0, 0]",19,2
GF3042,"[1, 5, 5, 1, 1, 4, 2, 4, 0, 0, 0, 0, 0, 0, 0, 0, 0, 0, 0, 0, 0, 0, 0, 0]",23,3
GF3052,"[1, 4, 5, 1, 1, 4, 0, 0, 0, 0, 0, 0, 0, 0, 0, 0, 0, 0, 0, 0, 0, 0, 0, 0]",16,2
GF3062,"[2, 3, 5, 1, 1, 4, 1, 4, 1, 0, 0, 0, 0, 0, 0, 0, 0, 0, 0, 0, 0, 0, 0, 0]",22,3
GF3072,"[3, 3, 4, 1, 1, 4, 2, 4, 0, 0, 0, 0, 0, 0, 0, 0, 0, 0, 0, 0, 0, 0, 0, -2]",20,2
GF3082,"[3, 3, 5, 1, 2, 3, 2, 4, 4, 0, 0, 0, 0, 0, 0, 0, 0, 0, 0, 0, 0, 0, 0, -1]",26,3
GF3092,"[1, 0, 5, 1, 2, 3, 2, 0, 4, 0, 0, 0, 0, 0, 0, 0, 0, 0, 0, 0, 0, 0, 0, 0]",18,2
GF4002,"[1, 0, 5, 1, 3, 2, 4, 0, 4, 0, 0, 0, 0, 0, 0, 0, 0, 0, 0, 0, 0, 0, 0, 0]",20,2
GF4012,"[1, 0, 5, 1, 3, 3, 1, 0, 4, 0, 0, 0, 0, 0, 0, 0, 0, 0, 0, 0, 0, 0, 0, 0]",18,2
GF4022,"[1, 0, 5, 1, 2, 3, 3, 0, 4, 0, 0, 0, 0, 0, 0, 0, 0, 0, 0, 0, 0, 0, 0, 0]",19,2
GF4032,"[1, 5, 5, 1, 2, 3, 3, 0, 4, 0, 0, 0, 0, 0, 0, 0, 0, 0, 0, 0, 0, 0, 0, 0]",24,3
GF4042,"[3, 4, 4, 1, 1, 3, 3, 0, 4, 0, 0, 0, 0, 0, 0, 0, 0, 0, 0, 0, 0, 0, 0, 0]",23,3
GF4052,"[3, 4, 4, 1, 2, 4, 2, 4, 4, 0, 0, 0, 0, 0, 0, 0, 0, 0, 0, 0, 0, 0, 0, 0]",28,4
GF4062,"[3, 4, 4, 1, 2, 4, 1, 0, 0, 0, 0, 0, 0, 0, 0, 3, 3, 0, 0, 0, 0, 0, -2, 0]",23,3
GF3011,"[3, 5, 4, 1, 1, 4, 0, 0, 0, 0, 0, 0, 0, 0, 0, 0, 0, 0, 0, 0, 0, 0, 0, 0]",18,2
GF3021,"[1, 4, 5, 1, 1, 4, 1, 0, 0, 0, 0, 0, 0, 0, 0, 0, 0, 0, 0, 0, 0, 0, 0, 0]",17,2
GF3031,"[1, 5, 5, 1, 1, 3, 2, 0, 0, 0, 0, 0, 0, 0, 0, 0, 0, 0, 0, 0, 0, 0, 0, 0]",18,2
GF3041,"[1, 5, 5, 1, 1, 3, 1, 0, 0, 0, 0, 0, 0, 0, 0, 0, 0, 0, 0, 0, 0, 0, 0, 0]",17,2
GF3051,"[1, 5, 5, 1, 1, 4, 2, 0, 0, 0, 0, 0, 0, 0, 0, 0, 0, 0, 0, 0, 0, 0, 0, 0]",19,2
GF3061,"[1, 0, 5, 1, 1, 3, 1, 0, 0, 0, 0, 0, 0, 0, 0, 0, 0, 0, 0, 0, 0, 0, 0, 0]",12,1
GF3071,"[1, 0, 5, 1, 1, 3, 0, 0, 0, 0, 0, 0, 0, 0, 0, 0, 0, 0, 0, 0, 0, 0, 0, 0]",11,1
GF3081,"[1, 0, 5, 1, 3, 3, 2, 0, 4, 0, 0, 0, 0, 0, 0, 0, 0, 0, 0, 0, 0, 0, 0, 0]",19,2
GF3091,"[1, 0, 5, 1, 3, 3, 3, 0, 4, 0, 0, 0, 0, 0, 0, 0, 0, 0, 0, 0, 0, 0, 0, 0]",20,2
GF4001,"[1, 0, 5, 1, 2, 2, 3, 0, 4, 0, 0, 0, 0, 0, 0, 0, 0, 0, 0, 0, 0, 0, 0, 0]",18,2
GF4011,"[1, 0, 5, 1, 2, 3, 1, 0, 4, 0, 0, 0, 0, 0, 0, 0, 0, 0, 0, 0, 0, 0, 0, 0]",17,2
GF4021,"[1, 0, 5, 1, 3, 3, 1, 0, 4, 0, 0, 0, 0, 0, 0, 0, 0, 0, 0, 0, 0, 0, 0, 0]",18,2
GF4031,"[1, 0, 5, 1, 2, 3, 1, 0, 4, 0, 0, 0, 0, 0, 0, 0, 0, 0, 0, 0, 0, 0, 0, 0]",17,2
GF4041,"[1, 0, 5, 1, 2, 3, 1, 0, 4, 0, 0, 0, 0, 0, 0, 0, 0, 0, 0, 0, 0, 0, 0, 0]",17,2
GF4051,"[2, 5, 5, 1, 1, 3, 2, 0, 4, 0, 0, 0, 0, 0, 0, 0, 0, 0, 0, 0, 0, 0, 0, 0]",23,3
GF3010,"[3, 4, 4, 1, 1, 4, 0, 4, 0, 0, 0, 0, 0, 0, 0, 0, 0, 0, 0, 0, 0, 0, 0, 0]",21,2
GF3020,"[1, 4, 5, 1, 1, 4, 1, 0, 0, 0, 0, 0, 0, 0, 0, 0, 0, 0, 0, 0, 0, 0, 0, 0]",17,2
GF3030,"[1, 0, 5, 1, 1, 3, 1, 0, 3, 0, 0, 0, 0, 0, 0, 0, 0, 0, 0, 0, 0, 0, 0, 0]",15,1
GF3040,"[1, 5, 5, 1, 1, 3, 1, 0, 0, 0, 0, 0, 0, 0, 0, 0, 0, 0, 0, 0, 0, 0, 0, 0]",17,2
GF3050,"[1, 5, 5, 1, 2, 3, 1, 4, 0, 0, 0, 0, 0, 0, 0, 0, 0, 0, 0, 0, 0, 0, 0, 0]",22,3
GF3060,"[2, 4, 5, 1, 1, 3, 0, 0, 0, 0, 0, 0, 0, 0, 0, 0, 0, 0, 0, 0, 0, 0, 0, 0]",16,2
GF3070,"[1, 5, 5, 1, 3, 3, 2, 0, 0, 0, 0, 0, 0, 0, 0, 0, 0, 0, 0, 0, 0, 0, 0, 0]",20,2
GF3080,"[1, 5, 5, 1, 3, 3, 2, 0, 0, 0, 0, 0, 0, 0, 0, 0, 0, 0, 0, 0, 0, 0, 0, 0]",20,2
GF3090,"[1, 0, 5, 1, 3, 2, 2, 0, 4, 0, 0, 0, 0, 0, 0, 0, 0, 0, 0, 0, 0, 0, 0, 0]",18,2
GF4000,"[1, 5, 5, 1, 2, 2, 3, 0, 4, 0, 0, 0, 0, 0, 0, 0, 0, 0, 0, 0, 0, 0, 0, 0]",23,3
GF4010,"[1, 5, 5, 1, 1, 2, 2, 0, 4, 0, 0, 0, 0, 0, 0, 0, 0, 0, 0, 0, 0, 0, 0, 0]",21,2
GF4020,"[1, 5, 5, 1, 1, 3, 3, 0, 4, 0, 0, 0, 0, 0, 0, 0, 0, 0, 0, 0, 0, 0, 0, 0]",23,3
GF4030,"[1, 0, 5, 1, 2, 3, 2, 0, 4, 0, 0, 0, 0, 0, 0, 0, 0, 0, 0, 0, 0, 0, 0, 0]",18,2
GF4040,"[1, 5, 5, 1, 2, 3, 1, 0, 4, 0, 0, 0, 0, 0, 0, 0, 0, 0, 0, 0, 0, 0, 0, 0]",22,3
GG0004,"[1, 3, 3, 1, 5, 5, 1, 4, 0, 0, 0, 0, 0, 0, 5, 0, 0, 0, 0, 0, 0, 0, 0, 0]",28,4
GG0003,"[1, 2, 3, 1, 5, 5, 1, 0, 0, 0, 0, 0, 0, 0, 0, 0, 0, 0, 0, 0, 0, 0, 0, 0]",18,2
GG0002,"[1, 3, 3, 1, 5, 5, 1, 0, 0, 0, 0, 0, 0, 0, 0, 0, 0, 0, 0, 0, 0, 0, 0, 0]",19,2
GG0001,"[1, 2, 3, 1, 5, 5, 1, 0, 0, 0, 0, 0, 0, 0, 0, 0, 0, 0, 0, 0, 0, 0, 0, 0]",18,2
GG0011,"[2, 2, 3, 1, 5, 5, 3, 0, 0, 0, 0, 0, 0, 0, 3, 0, 0, 0, 0, 0, 0, 0, 0, -1]",23,3
GG0012,"[2, 1, 2, 1, 5, 5, 2, 0, 0, 0, 0, 0, 0, 0, 5, 0, 0, 0, 0, 0, 0, 0, 0, -1]",22,3
GG0000,"[2, 1, 2, 1, 5, 5, 2, 4, 0, 0, 0, 0, 0, 0, 5, 3, 3, 0, 0, 0, 0, 0, 0, -1]",32,4
GG0010,"[1, 2, 3, 1, 5, 5, 2, 0, 0, 0, 0, 0, 0, 0, 0, 3, 3, 0, 0, 0, 0, 0, 0, 0]",25,3
GG0013,"[2, 1, 2, 1, 5, 5, 2, 0, 0, 0, 0, 0, 0, 0, 0, 0, 0, 0, 0, 0, 0, 0, 0, -1]",17,2
GG0020,"[4, 1, 2, 2, 5, 5, 1, 4, 0, 0, 0, 0, 0, 0, 3, 4, 4, 0, 0, 0, 0, 0, 0, -1]",34,5
GG0021,"[2, 1, 2, 1, 4, 5, 2, 4, 1, 0, 0, 0, 0, 0, 5, 0, 0, 0, 0, 0, 0, 0, 0, -1]",26,3
GG5020,"[2, 4, 3, 2, 5, 5, 3, 4, 4, 5, 0, 0, 0, 0, 0, 0, 0, 0, 0, 0, 0, 0, 0, 0]",37,5
GG5010,"[2, 5, 5, 2, 4, 4, 2, 0, 1, 5, 0, 0, 0, 0, 0, 0, 0, 0, 0, 0, 0, 0, 0, 0]",30,4
GG5011,"[1, 5, 5, 2, 5, 3, 0, 0, 0, 0, 0, 0, 0, 0, 0, 0, 0, 0, 0, 0, 0, 0, 0, 0]",21,2
GG5000,"[1, 5, 5, 3, 3, 3, 2, 0, 0, 0, 0, 0, 0, 0, 0, 0, 0, 0, 0, 0, 0, 0, 0, 0]",22,3
GG5001,"[2, 5, 5, 3, 4, 4, 2, 0, 0, 0, 0, 0, 0, 0, 0, 0, 0, 0, 0, 0, 0, 0, 0, 0]",25,3
GG5002,"[2, 5, 3, 2, 5, 5, 3, 0, 0, 0, 0, 0, 0, 0, 0, 0, 0, 0, 0, 0, 0, 0, 0, 0]",25,3
GG4090,"[1, 5, 5, 2, 3, 3, 3, 0, 0, 0, 0, 0, 0, 0, 0, 0, 0, 0, 0, 0, 0, 0, 0, 0]",22,3
GG4091,"[2, 5, 3, 2, 5, 5, 3, 4, 0, 0, 0, 0, 0, 0, 0, 0, 0, 0, 0, 0, 0, 0, 0, 0]",29,4
GG4092,"[3, 5, 4, 2, 4, 4, 4, 0, 0, 0, 0, 0, 0, 0, 0, 0, 0, 0, 0, 0, 0, 0, 0, 0]",26,3
GG4080,"[2, 5, 5, 3, 4, 3, 3, 0, 0, 0, 0, 0, 0, 0, 0, 0, 0, 0, 0, 0, 0, 0, 0, 0]",25,3
GG4081,"[2, 5, 5, 2, 4, 3, 2, 0, 0, 0, 0, 0, 0, 0, 0, 0, 0, 0, 0, 0, 0, 0, 0, 0]",23,3
GG4082,"[1, 5, 5, 2, 4, 3, 2, 0, 0, 0, 0, 0, 0, 0, 0, 0, 0, 0, 0, 0, 0, 0, 0, 0]",22,3
GG4070,"[1, 5, 5, 2, 3, 3, 3, 0, 0, 0, 0, 0, 0, 0, 0, 0, 0, 0, 0, 0, 0, 0, 0, 0]",22,3
GG4071,"[2, 5, 5, 2, 4, 3, 3, 0, 0, 0, 0, 0, 0, 0, 0, 0, 0, 0, 0, 0, 0, 0, 0, 0]",24,3
GG4072,"[2, 5, 5, 2, 4, 3, 3, 0, 0, 0, 0, 0, 0, 0, 0, 0, 0, 0, 0, 0, 0, 0, 0, 0]",24,3
GG4060,"[2, 5, 5, 2, 4, 3, 2, 0, 0, 0, 0, 0, 0, 0, 0, 0, 0, 0, 0, 0, 0, 0, 0, 0]",23,3
GG4061,"[3, 5, 4, 2, 5, 4, 3, 4, 0, 0, 0, 0, 0, 0, 0, 0, 0, 0, 0, 0, 0, 0, 0, 0]",30,4
GG4062,"[3, 5, 4, 2, 5, 4, 3, 0, 0, 0, 0, 0, 0, 0, 0, 0, 0, 0, 0, 0, 0, 0, 0, 0]",26,3
GG0023,"[1, 2, 3, 1, 4, 5, 2, 0, 0, 0, 0, 0, 0, 0, 0, 0, 0, 0, 0, 0, 0, 0, 0, 0]",18,2
GG0033,"[1, 2, 3, 1, 4, 5, 2, 0, 0, 0, 0, 0, 0, 0, 0, 0, 0, 0, 0, 0, 0, 0, 0, 0]",18,2
GG0043,"[3, 5, 4, 1, 3, 4, 3, 0, 0, 0, 0, 0, 0, 0, 0, 0, 0, 0, 0, 0, 0, 0, 0, 0]",23,3
GG0022,"[1, 2, 3, 1, 4, 5, 1, 0, 0, 0, 0, 0, 0, 0, 0, 0, 0, 0, 0, 0, 0, 0, 0, 0]",17,2
GG0032,"[2, 2, 3, 1, 4, 5, 2, 4, 0, 0, 0, 0, 0, 0, 5, 0, 0, 0, 0, 0, 0, 0, 0, 0]",28,4
GG0042,"[5, 4, 3, 1, 3, 3, 2, 5, 0, 0, 0, 0, 0, 0, 2, 0, 0, 0, 0, 0, 0, 0, 0, -1]",27,4
GG0052,"[2, 3, 3, 1, 3, 5, 0, 5, 0, 0, 0, 0, 0, 0, 0, 0, 0, 0, 0, 0, 0, 0, 0, 0]",22,3
GG0062,"[1, 2, 3, 1, 2, 5, 0, 0, 0, 0, 0, 0, 0, 0, 0, 0, 0, 0, 0, 0, 0, 0, 0, 0]",14,1
GG3062,"[1, 5, 5, 3, 3, 3, 1, 0, 4, 0, 0, 0, 0, 0, 0, 0, 0, 0, 0, 0, 0, 0, 0, 0]",25,3
GG3072,"[2, 5, 5, 2, 4, 3, 2, 0, 4, 0, 0, 0, 0, 0, 0, 0, 0, 0, 0, 0, 0, 0, 0, 0]",27,4
GG3082,"[3, 5, 4, 2, 3, 4, 3, 4, 4, 0, 0, 0, 0, 0, 0, 0, 0, 0, 0, 0, 0, 0, 0, 0]",32,4
GG3092,"[1, 5, 5, 4, 2, 3, 5, 0, 4, 0, 0, 0, 0, 0, 0, 0, 0, 0, 0, 0, 0, 0, 0, 0]",29,4
GG4002,"[1, 5, 5, 5, 3, 3, 1, 0, 0, 0, 0, 0, 0, 0, 0, 0, 0, 0, 0, 0, 0, 0, 0, 0]",23,3
GG4012,"[1, 5, 5, 5, 3, 3, 2, 0, 0, 0, 0, 0, 0, 0, 0, 0, 0, 0, 0, 0, 0, 0, 0, 0]",24,3
GG4022,"[2, 5, 5, 5, 3, 3, 2, 0, 0, 0, 0, 0, 0, 0, 0, 0, 0, 0, 0, 0, 0, 0, 0, 0]",25,3
GG4032,"[3, 5, 4, 4, 4, 5, 4, 0, 0, 0, 0, 0, 0, 0, 0, 0, 0, 0, 0, 0, 0, 0, 0, 0]",29,4
GG4042,"[3, 4, 4, 3, 5, 5, 2, 4, 0, 0, 0, 0, 0, 0, 0, 0, 0, 0, 0, 0, 0, 0, 0, -4]",26,3
GG4052,"[2, 4, 3, 2, 5, 5, 4, 4, 0, 0, 0, 0, 0, 0, 0, 0, 0, 0, 0, 0, 0, 0, 0, 0]",29,4
GG0031,"[1, 2, 3, 1, 5, 5, 2, 0, 0, 0, 0, 0, 0, 0, 0, 0, 0, 0, 0, 0, 0, 0, 0, 0]",19,2
GG0041,"[3, 2, 2, 1, 4, 5, 1, 5, 0, 0, 0, 0, 0, 0, 5, 0, 0, 0, 0, 0, 0, 0, 0, -1]",27,4
GG0051,"[4, 4, 3, 1, 3, 4, 3, 5, 0, 0, 0, 0, 0, 0, 2, 0, 0, 0, 0, 0, 0, 0, 0, -1]",28,4
GG0061,"[1, 2, 3, 1, 1, 5, 2, 0, 0, 0, 0, 0, 0, 0, 3, 0, 0, 0, 0, 0, 0, 0, 0, 0]",18,2
GG0071,"[3, 5, 4, 2, 5, 4, 1, 0, 0, 0, 0, 0, 0, 0, 0, 0, 0, 0, 0, 0, 0, 0, 0, 0]",24,3
GG3041,"[1, 5, 5, 4, 3, 3, 3, 0, 4, 0, 0, 0, 0, 0, 0, 0, 0, 0, 0, 0, 0, 0, 0, 0]",28,4
GG3051,"[3, 4, 4, 3, 4, 4, 2, 4, 4, 0, 0, 0, 0, 0, 0, 0, 0, 0, 0, 0, 0, 0, 0, 0]",32,4
GG3061,"[1, 4, 5, 2, 3, 3, 4, 4, 4, 0, 0, 0, 0, 0, 0, 0, 0, 0, 0, 0, 0, 0, 0, -4]",26,3
GG3071,"[3, 5, 5, 2, 3, 4, 4, 4, 4, 0, 0, 0, 0, 0, 0, 0, 0, 0, 0, 0, 0, 0, 0, 0]",34,5
GG3081,"[2, 5, 5, 4, 3, 3, 5, 0, 4, 0, 0, 0, 0, 0, 0, 0, 0, 0, 0, 0, 0, 0, 0, 0]",31,4
GG3091,"[1, 0, 5, 5, 3, 3, 2, 0, 4, 0, 0, 0, 0, 0, 0, 0, 0, 0, 0, 0, 0, 0, 0, 0]",23,3
GG4001,"[1, 0, 5, 4, 3, 3, 1, 0, 0, 0, 0, 0, 0, 0, 0, 0, 0, 0, 0, 0, 0, 0, 0, 0]",17,2
GG4011,"[1, 5, 5, 4, 3, 3, 2, 0, 0, 0, 0, 0, 0, 0, 0, 0, 0, 0, 0, 0, 0, 0, 0, 0]",23,3
GG4021,"[3, 4, 4, 3, 4, 4, 2, 4, 0, 0, 0, 0, 0, 0, 0, 2, 2, 0, 0, 0, 0, 0, 0, -2]",30,4
GG4031,"[2, 2, 3, 2, 5, 5, 3, 4, 0, 0, 0, 0, 0, 0, 0, 3, 3, 0, 0, 0, 0, 0, 0, -2]",30,4
GG4041,"[2, 3, 3, 2, 5, 5, 3, 4, 0, 0, 0, 0, 0, 0, 5, 1, 1, 0, 0, 0, 0, 0, 0, -2]",32,4
GG4051,"[2, 4, 3, 2, 5, 5, 3, 4, 0, 0, 0, 0, 0, 0, 0, 0, 0, 0, 0, 0, 0, 0, 0, -3]",25,3
GG0030,"[1, 2, 3, 2, 5, 5, 2, 0, 0, 0, 0, 0, 0, 0, 0, 0, 0, 0, 0, 0, 0, 0, 0, -3]",17,2
GG0040,"[2, 2, 3, 2, 5, 5, 2, 0, 4, 0, 0, 0, 0, 0, 2, 0, 0, 0, 0, 0, 0, 0, 0, -3]",24,3
GG0050,"[4, 3, 3, 2, 4, 4, 1, 5, 4, 0, 0, 0, 0, 0, 3, 0, 0, 0, 0, 0, 0, 0, 0, -1]",32,4
GG0060,"[4, 3, 3, 1, 3, 5, 2, 5, 4, 0, 0, 0, 0, 0, 5, 0, 0, 0, 0, 0, 0, 0, 0, -1]",34,5
GG0070,"[4, 3, 4, 2, 4, 4, 3, 0, 4, 0, 0, 0, 0, 0, 5, 0, 0, 0, 0, 0, 0, 0, 0, -2]",31,4
GG0080,"[1, 5, 5, 3, 4, 3, 2, 0, 4, 0, 0, 0, 0, 0, 0, 0, 0, 0, 0, 0, 0, 0, 0, 0]",27,4
GG3030,"[1, 5, 5, 3, 3, 3, 2, 0, 4, 0, 0, 0, 0, 0, 0, 0, 0, 0, 0, 0, 0, 0, 0, 0]",26,3
GG3040,"[3, 4, 4, 3, 4, 4, 2, 0, 4, 0, 0, 0, 0, 0, 0, 0, 0, 0, 0, 0, 0, 0, 0, 0]",28,4
GG3050,"[3, 3, 3, 2, 4, 4, 3, 4, 4, 0, 0, 0, 0, 0, 0, 0, 0, 0, 0, 0, 0, 0, 0, -1]",29,4
GG3060,"[3, 4, 3, 2, 4, 4, 4, 4, 4, 0, 0, 0, 0, 0, 0, 0, 0, 0, 0, 0, 0, 0, 0, -2]",30,4
GG3070,"[2, 5, 5, 4, 3, 3, 5, 0, 4, 0, 0, 0, 0, 0, 0, 0, 0, 0, 0, 0, 0, 0, 0, 0]",31,4
GG3080,"[1, 0, 5, 5, 3, 3, 2, 0, 4, 0, 0, 0, 0, 0, 0, 0, 0, 0, 0, 0, 0, 0, 0, 0]",23,3
GG3090,"[1, 0, 5, 4, 3, 3, 1, 0, 4, 0, 0, 0, 0, 0, 0, 0, 0, 0, 0, 0, 0, 0, 0, 0]",21,2
GG4000,"[1, 0, 5, 5, 3, 3, 1, 0, 0, 0, 0, 0, 0, 0, 0, 0, 0, 0, 0, 0, 0, 0, 0, 0]",18,2
GG4010,"[1, 5, 5, 5, 3, 3, 2, 0, 0, 0, 0, 0, 0, 0, 0, 2, 2, 0, 0, 0, 0, 0, 0, 0]",28,4
GG4020,"[2, 3, 3, 3, 5, 5, 2, 4, 0, 0, 0, 0, 0, 0, 2, 3, 3, 0, 0, 0, 0, 0, 0, -4]",31,4
GG4030,"[1, 3, 3, 2, 5, 5, 3, 0, 0, 0, 0, 0, 0, 0, 0, 3, 3, 0, 0, 0, 0, 0, 0, 0]",28,4
GG4040,"[1, 4, 3, 2, 5, 5, 3, 4, 0, 0, 0, 0, 0, 0, 0, 0, 0, 0, 0, 0, 0, 0, 0, 0]",27,4
GG4050,"[3, 5, 4, 2, 4, 4, 2, 0, 0, 0, 0, 0, 0, 0, 0, 0, 0, 0, 0, 0, 0, 0, 0, 0]",24,3
