0,1,2,3,4,5
EG1909,137,dobry,EG1909,0,zly
EG1919,149,bardzo dobry,EG1919,0,zly
EG1929,125,dobry,EG1929,0,zly
EG1939,124,dobry,EG1939,0,zly
FF9692,172,bardzo dobry,FF9692,0,zly
FF9693,119,umiarkowany,FF9693,0,zly
FF9694,121,umiarkowany,FF9694,0,zly
FF9695,121,umiarkowany,FF9695,0,zly
FF9696,135,dobry,FF9696,0,zly
FF9697,119,umiarkowany,FF9697,0,zly
FF9698,124,dobry,FF9698,0,zly
FF9699,136,dobry,FF9699,0,zly
FF9791,134,dobry,FF9791,0,zly
FF9792,146,bardzo dobry,FF9792,0,zly
FF9793,140,dobry,FF9793,0,zly
FF9799,127,dobry,FF9799,0,zly
FF9890,171,bardzo dobry,FF9890,0,zly
FF9891,135,dobry,FF9891,0,zly
FF9892,140,dobry,FF9892,0,zly
FF9997,137,dobry,FF9997,0,zly
FF9998,132,dobry,FF9998,0,zly
FF9987,130,dobry,FF9987,0,zly
FF9988,144,bardzo dobry,FF9988,0,zly
FF5179,121,umiarkowany,FF5179,0,zly
FF5273,110,umiarkowany,FF5273,0,zly
FF5274,115,umiarkowany,FF5274,0,zly
FF5287,114,umiarkowany,FF5287,0,zly
FF5277,129,dobry,FF5277,0,zly
FF5288,116,umiarkowany,FF5288,0,zly
FF5278,123,umiarkowany,FF5278,0,zly
FF5289,122,umiarkowany,FF5289,0,zly
FF5279,118,umiarkowany,FF5279,0,zly
FF5380,112,umiarkowany,FF5380,0,zly
FF5370,113,umiarkowany,FF5370,0,zly
FF5381,118,umiarkowany,FF5381,0,zly
FF5371,119,umiarkowany,FF5371,0,zly
FF5163,121,umiarkowany,FF5163,0,zly
FF5166,121,umiarkowany,FF5166,0,zly
FF5169,121,umiarkowany,FF5169,0,zly
FF5262,112,umiarkowany,FF5262,0,zly
FF5269,114,umiarkowany,FF5269,0,zly
FF5360,102,slaby,FF5360,0,zly
FF5361,89,slaby,FF5361,0,zly
FF5154,148,bardzo dobry,FF5154,0,zly
FF5155,106,slaby,FF5155,0,zly
FF5156,114,umiarkowany,FF5156,0,zly
FF5157,136,dobry,FF5157,0,zly
FF5159,131,dobry,FF5159,0,zly
FF5250,115,umiarkowany,FF5250,0,zly
FF5252,124,dobry,FF5252,0,zly
FF5253,124,dobry,FF5253,0,zly
FF5254,130,dobry,FF5254,0,zly
FF5255,60,slaby,FF5255,0,zly
FF5350,90,slaby,FF5350,0,zly
FF5955,124,dobry,FF5955,0,zly
FF5956,120,umiarkowany,FF5956,0,zly
FF5957,115,umiarkowany,FF5957,0,zly
FF5958,115,umiarkowany,FF5958,0,zly
FF5959,118,umiarkowany,FF5959,0,zly
FF5149,136,dobry,FF5149,0,zly
FF5240,130,dobry,FF5240,0,zly
FF5243,121,umiarkowany,FF5243,0,zly
FF5246,134,dobry,FF5246,0,zly
FF5248,122,umiarkowany,FF5248,0,zly
FF5249,114,umiarkowany,FF5249,0,zly
FF5340,102,slaby,FF5340,0,zly
FF5341,113,umiarkowany,FF5341,0,zly
FF5342,126,dobry,FF5342,0,zly
FF5343,100,slaby,FF5343,0,zly
FF5344,102,slaby,FF5344,0,zly
FF5345,112,umiarkowany,FF5345,0,zly
FF5346,114,umiarkowany,FF5346,0,zly
FF5945,129,dobry,FF5945,0,zly
FF5946,147,bardzo dobry,FF5946,0,zly
FF5947,119,umiarkowany,FF5947,0,zly
FF5948,117,umiarkowany,FF5948,0,zly
FF5949,117,umiarkowany,FF5949,0,zly
FF6264,117,umiarkowany,FF6264,0,zly
FF6265,104,slaby,FF6265,0,zly
FF5298,108,umiarkowany,FF5298,0,zly
FF5390,102,slaby,FF5390,0,zly
FF5133,117,umiarkowany,FF5133,0,zly
FF5134,107,slaby,FF5134,0,zly
FF5135,103,slaby,FF5135,0,zly
FF5136,113,umiarkowany,FF5136,0,zly
FF5138,130,dobry,FF5138,0,zly
FF5139,128,dobry,FF5139,0,zly
FF5230,112,umiarkowany,FF5230,0,zly
FF5232,139,dobry,FF5232,0,zly
FF5233,128,dobry,FF5233,0,zly
FF5234,131,dobry,FF5234,0,zly
FF5235,120,umiarkowany,FF5235,0,zly
FF5236,134,dobry,FF5236,0,zly
FF5237,148,bardzo dobry,FF5237,0,zly
FF5238,131,dobry,FF5238,0,zly
FF5239,123,umiarkowany,FF5239,0,zly
FF5330,121,umiarkowany,FF5330,0,zly
FF5331,118,umiarkowany,FF5331,0,zly
FF5332,121,umiarkowany,FF5332,0,zly
FF5333,103,slaby,FF5333,0,zly
FF5334,120,umiarkowany,FF5334,0,zly
FF5335,134,dobry,FF5335,0,zly
FF5730,129,dobry,FF5730,0,zly
FF5731,135,dobry,FF5731,0,zly
FF5732,134,dobry,FF5732,0,zly
FF5733,133,dobry,FF5733,0,zly
FF5832,123,umiarkowany,FF5832,0,zly
FF5833,105,slaby,FF5833,0,zly
FF5836,120,umiarkowany,FF5836,0,zly
FF5934,119,umiarkowany,FF5934,0,zly
FF5935,124,dobry,FF5935,0,zly
FF5936,139,dobry,FF5936,0,zly
FF5937,123,umiarkowany,FF5937,0,zly
FF5938,112,umiarkowany,FF5938,0,zly
FF5939,112,umiarkowany,FF5939,0,zly
FF5123,126,dobry,FF5123,0,zly
FF5124,110,umiarkowany,FF5124,0,zly
FF5125,112,umiarkowany,FF5125,0,zly
FF5126,123,umiarkowany,FF5126,0,zly
FF5128,131,dobry,FF5128,0,zly
FF5129,146,bardzo dobry,FF5129,0,zly
FF5220,139,dobry,FF5220,0,zly
FF5222,125,dobry,FF5222,0,zly
FF5223,122,umiarkowany,FF5223,0,zly
FF5225,140,dobry,FF5225,0,zly
FF5226,149,bardzo dobry,FF5226,0,zly
FF5227,137,dobry,FF5227,0,zly
FF5228,131,dobry,FF5228,0,zly
FF5229,133,dobry,FF5229,0,zly
FF5320,131,dobry,FF5320,0,zly
FF5321,120,umiarkowany,FF5321,0,zly
FF5322,121,umiarkowany,FF5322,0,zly
FF5323,129,dobry,FF5323,0,zly
FF5324,136,dobry,FF5324,0,zly
FF5326,119,umiarkowany,FF5326,0,zly
FF5327,128,dobry,FF5327,0,zly
FF5629,55,zly,FF5629,0,zly
FF5720,126,dobry,FF5720,0,zly
FF5721,134,dobry,FF5721,0,zly
FF5722,108,umiarkowany,FF5722,0,zly
FF5723,123,umiarkowany,FF5723,0,zly
FF5724,129,dobry,FF5724,0,zly
FF5725,146,bardzo dobry,FF5725,0,zly
FF5726,143,bardzo dobry,FF5726,0,zly
FF5727,115,umiarkowany,FF5727,0,zly
FF5823,112,umiarkowany,FF5823,0,zly
FF5824,112,umiarkowany,FF5824,0,zly
FF5924,120,umiarkowany,FF5924,0,zly
FF5925,128,dobry,FF5925,0,zly
FF5926,123,umiarkowany,FF5926,0,zly
FF5927,126,dobry,FF5927,0,zly
FF5928,112,umiarkowany,FF5928,0,zly
FF5929,104,slaby,FF5929,0,zly
FF3919,149,bardzo dobry,FF3919,0,zly
FF3929,126,dobry,FF3929,0,zly
FF3939,117,umiarkowany,FF3939,0,zly
FF3949,125,dobry,FF3949,0,zly
FF3959,115,umiarkowany,FF3959,0,zly
FF3989,106,slaby,FF3989,0,zly
FF3999,151,bardzo dobry,FF3999,0,zly
FF4909,132,dobry,FF4909,0,zly
FF4919,123,umiarkowany,FF4919,0,zly
FF4929,129,dobry,FF4929,0,zly
FF4939,147,bardzo dobry,FF4939,0,zly
FF4949,142,bardzo dobry,FF4949,0,zly
FF4959,157,bardzo dobry,FF4959,0,zly
FF4969,119,umiarkowany,FF4969,0,zly
FF4979,125,dobry,FF4979,0,zly
FF4989,116,umiarkowany,FF4989,0,zly
FF4999,106,slaby,FF4999,0,zly
FF5909,112,umiarkowany,FF5909,0,zly
FF3928,136,dobry,FF3928,0,zly
FF3938,131,dobry,FF3938,0,zly
FF3968,115,umiarkowany,FF3968,0,zly
FF3988,117,umiarkowany,FF3988,0,zly
FF3998,130,dobry,FF3998,0,zly
FF4908,142,bardzo dobry,FF4908,0,zly
FF4918,122,umiarkowany,FF4918,0,zly
FF4928,137,dobry,FF4928,0,zly
FF4938,135,dobry,FF4938,0,zly
FF4948,123,umiarkowany,FF4948,0,zly
FF4958,132,dobry,FF4958,0,zly
FF4968,116,umiarkowany,FF4968,0,zly
FF4978,118,umiarkowany,FF4978,0,zly
FF4988,135,dobry,FF4988,0,zly
FF4998,113,umiarkowany,FF4998,0,zly
FF5112,124,dobry,FF5112,0,zly
FF5113,137,dobry,FF5113,0,zly
FF5114,139,dobry,FF5114,0,zly
FF5115,108,umiarkowany,FF5115,0,zly
FF5116,110,umiarkowany,FF5116,0,zly
FF5117,122,umiarkowany,FF5117,0,zly
FF5118,137,dobry,FF5118,0,zly
FF5119,128,dobry,FF5119,0,zly
FF5212,128,dobry,FF5212,0,zly
FF5215,127,dobry,FF5215,0,zly
FF5216,142,bardzo dobry,FF5216,0,zly
FF5217,118,umiarkowany,FF5217,0,zly
FF5218,121,umiarkowany,FF5218,0,zly
FF5219,123,umiarkowany,FF5219,0,zly
FF5310,110,umiarkowany,FF5310,0,zly
FF5311,111,umiarkowany,FF5311,0,zly
FF5312,116,umiarkowany,FF5312,0,zly
FF5313,126,dobry,FF5313,0,zly
FF5314,132,dobry,FF5314,0,zly
FF5315,124,dobry,FF5315,0,zly
FF5316,103,slaby,FF5316,0,zly
FF5317,107,slaby,FF5317,0,zly
FF5319,104,slaby,FF5319,0,zly
FF5616,108,umiarkowany,FF5616,0,zly
FF5710,63,slaby,FF5710,0,zly
FF5711,48,zly,FF5711,0,zly
FF5712,53,zly,FF5712,0,zly
FF5713,121,umiarkowany,FF5713,0,zly
FF5714,113,umiarkowany,FF5714,0,zly
FF5715,116,umiarkowany,FF5715,0,zly
FF5716,121,umiarkowany,FF5716,0,zly
FF5717,132,dobry,FF5717,0,zly
FF5719,128,dobry,FF5719,0,zly
FF5813,95,slaby,FF5813,0,zly
FF5911,129,dobry,FF5911,0,zly
FF5913,148,bardzo dobry,FF5913,0,zly
FF5914,114,umiarkowany,FF5914,0,zly
FF5915,121,umiarkowany,FF5915,0,zly
FF5916,51,zly,FF5916,0,zly
FF5917,93,slaby,FF5917,0,zly
FF3927,160,bardzo dobry,FF3927,0,zly
FF3947,125,dobry,FF3947,0,zly
FF3967,118,umiarkowany,FF3967,0,zly
FF3997,137,dobry,FF3997,0,zly
FF4907,128,dobry,FF4907,0,zly
FF4927,128,dobry,FF4927,0,zly
FF4937,135,dobry,FF4937,0,zly
FF4947,125,dobry,FF4947,0,zly
FF4957,119,umiarkowany,FF4957,0,zly
FF4967,115,umiarkowany,FF4967,0,zly
FF4977,145,bardzo dobry,FF4977,0,zly
FF4987,146,bardzo dobry,FF4987,0,zly
FF4997,116,umiarkowany,FF4997,0,zly
FF5907,153,bardzo dobry,FF5907,0,zly
FF9294,129,dobry,FF9294,0,zly
FF9399,114,umiarkowany,FF9399,0,zly
FF9490,115,umiarkowany,FF9490,0,zly
FF9592,135,dobry,FF9592,0,zly
FF9593,132,dobry,FF9593,0,zly
FF9597,125,dobry,FF9597,0,zly
FF9598,134,dobry,FF9598,0,zly
FF9599,129,dobry,FF9599,0,zly
FF9690,119,umiarkowany,FF9690,0,zly
FF9381,137,dobry,FF9381,0,zly
FF9382,117,umiarkowany,FF9382,0,zly
FF9383,127,dobry,FF9383,0,zly
FF9385,132,dobry,FF9385,0,zly
FF9386,129,dobry,FF9386,0,zly
FF9387,123,umiarkowany,FF9387,0,zly
FF9388,107,slaby,FF9388,0,zly
FF9389,112,umiarkowany,FF9389,0,zly
FF9480,113,umiarkowany,FF9480,0,zly
FF9582,128,dobry,FF9582,0,zly
FF9583,134,dobry,FF9583,0,zly
FF9588,124,dobry,FF9588,0,zly
FF9589,136,dobry,FF9589,0,zly
FF9680,121,umiarkowany,FF9680,0,zly
FF9683,122,umiarkowany,FF9683,0,zly
FF9684,129,dobry,FF9684,0,zly
FF9685,140,dobry,FF9685,0,zly
FF9687,130,dobry,FF9687,0,zly
FF9279,119,umiarkowany,FF9279,0,zly
FF9370,123,umiarkowany,FF9370,0,zly
FF9373,127,dobry,FF9373,0,zly
FF9374,140,dobry,FF9374,0,zly
FF9375,128,dobry,FF9375,0,zly
FF9376,145,bardzo dobry,FF9376,0,zly
FF9379,125,dobry,FF9379,0,zly
FF9479,132,dobry,FF9479,0,zly
FF9572,111,umiarkowany,FF9572,0,zly
FF9577,126,dobry,FF9577,0,zly
FF9578,129,dobry,FF9578,0,zly
FF9579,135,dobry,FF9579,0,zly
FF9670,121,umiarkowany,FF9670,0,zly
FF9672,190,bardzo dobry,FF9672,0,zly
FF9673,129,dobry,FF9673,0,zly
FF9674,150,bardzo dobry,FF9674,0,zly
FF9675,144,bardzo dobry,FF9675,0,zly
FF9677,131,dobry,FF9677,0,zly
FF9679,137,dobry,FF9679,0,zly
FF9977,127,dobry,FF9977,0,zly
FF9978,129,dobry,FF9978,0,zly
FF9267,123,umiarkowany,FF9267,0,zly
FF9268,124,dobry,FF9268,0,zly
FF9269,128,dobry,FF9269,0,zly
FF9561,112,umiarkowany,FF9561,0,zly
FF9566,137,dobry,FF9566,0,zly
FF9567,135,dobry,FF9567,0,zly
FF9568,129,dobry,FF9568,0,zly
FF9569,140,dobry,FF9569,0,zly
FF9660,126,dobry,FF9660,0,zly
FF9664,146,bardzo dobry,FF9664,0,zly
FF9665,135,dobry,FF9665,0,zly
FF9666,134,dobry,FF9666,0,zly
FF9667,128,dobry,FF9667,0,zly
FF9668,136,dobry,FF9668,0,zly
FF9669,131,dobry,FF9669,0,zly
FF9967,138,dobry,FF9967,0,zly
FF9255,129,dobry,FF9255,0,zly
FF9256,129,dobry,FF9256,0,zly
FF9257,119,umiarkowany,FF9257,0,zly
FF9258,123,umiarkowany,FF9258,0,zly
FF9555,127,dobry,FF9555,0,zly
FF9557,136,dobry,FF9557,0,zly
FF9558,118,umiarkowany,FF9558,0,zly
FF9655,128,dobry,FF9655,0,zly
FF9656,130,dobry,FF9656,0,zly
FF9657,132,dobry,FF9657,0,zly
FF9658,128,dobry,FF9658,0,zly
FF9659,129,dobry,FF9659,0,zly
FF9957,123,umiarkowany,FF9957,0,zly
FF9958,127,dobry,FF9958,0,zly
FF9244,136,dobry,FF9244,0,zly
FF9245,131,dobry,FF9245,0,zly
FF9349,122,umiarkowany,FF9349,0,zly
FF9443,128,dobry,FF9443,0,zly
FF9644,120,umiarkowany,FF9644,0,zly
FF9645,132,dobry,FF9645,0,zly
FF9646,138,dobry,FF9646,0,zly
FF9647,127,dobry,FF9647,0,zly
FF9648,121,umiarkowany,FF9648,0,zly
FF9945,111,umiarkowany,FF9945,0,zly
FF9946,123,umiarkowany,FF9946,0,zly
FF9947,125,dobry,FF9947,0,zly
FF9948,119,umiarkowany,FF9948,0,zly
FF9949,126,dobry,FF9949,0,zly
FF9234,129,dobry,FF9234,0,zly
FF9339,123,umiarkowany,FF9339,0,zly
FF9430,123,umiarkowany,FF9430,0,zly
FF9431,126,dobry,FF9431,0,zly
FF9433,131,dobry,FF9433,0,zly
FF9538,140,dobry,FF9538,0,zly
FF9633,103,slaby,FF9633,0,zly
FF9634,121,umiarkowany,FF9634,0,zly
FF9635,135,dobry,FF9635,0,zly
FF9935,113,umiarkowany,FF9935,0,zly
FF9936,128,dobry,FF9936,0,zly
FF9937,143,bardzo dobry,FF9937,0,zly
FF9938,123,umiarkowany,FF9938,0,zly
FF9939,127,dobry,FF9939,0,zly
FF9224,130,dobry,FF9224,0,zly
FF9329,116,umiarkowany,FF9329,0,zly
FF9420,116,umiarkowany,FF9420,0,zly
FF9526,143,bardzo dobry,FF9526,0,zly
FF9623,149,bardzo dobry,FF9623,0,zly
FF9624,133,dobry,FF9624,0,zly
FF9625,130,dobry,FF9625,0,zly
FF9923,128,dobry,FF9923,0,zly
FF9924,130,dobry,FF9924,0,zly
FF9925,111,umiarkowany,FF9925,0,zly
FF9926,110,umiarkowany,FF9926,0,zly
FF9927,132,dobry,FF9927,0,zly
FF9213,129,dobry,FF9213,0,zly
FF9515,137,dobry,FF9515,0,zly
FF9516,142,bardzo dobry,FF9516,0,zly
FF9517,134,dobry,FF9517,0,zly
FF9611,123,umiarkowany,FF9611,0,zly
FF9612,165,bardzo dobry,FF9612,0,zly
FF9614,123,umiarkowany,FF9614,0,zly
FF9914,135,dobry,FF9914,0,zly
FF9916,189,bardzo dobry,FF9916,0,zly
FF9203,124,dobry,FF9203,0,zly
FF9402,104,slaby,FF9402,0,zly
FF9404,127,dobry,FF9404,0,zly
FF9405,121,umiarkowany,FF9405,0,zly
FF9406,129,dobry,FF9406,0,zly
FF9407,128,dobry,FF9407,0,zly
FF9408,129,dobry,FF9408,0,zly
FF9504,144,bardzo dobry,FF9504,0,zly
FF9505,121,umiarkowany,FF9505,0,zly
FF9506,119,umiarkowany,FF9506,0,zly
FF9601,127,dobry,FF9601,0,zly
FF9604,114,umiarkowany,FF9604,0,zly
FF9705,124,dobry,FF9705,0,zly
FF9706,142,bardzo dobry,FF9706,0,zly
FF9803,183,bardzo dobry,FF9803,0,zly
FF9809,129,dobry,FF9809,0,zly
FF9903,161,bardzo dobry,FF9903,0,zly
FF9904,121,umiarkowany,FF9904,0,zly
FF8291,143,bardzo dobry,FF8291,0,zly
FF8399,116,umiarkowany,FF8399,0,zly
FF8490,118,umiarkowany,FF8490,0,zly
FF8491,122,umiarkowany,FF8491,0,zly
FF8492,128,dobry,FF8492,0,zly
FF8493,136,dobry,FF8493,0,zly
FF8494,120,umiarkowany,FF8494,0,zly
FF8593,133,dobry,FF8593,0,zly
FF8594,124,dobry,FF8594,0,zly
FF8595,119,umiarkowany,FF8595,0,zly
FF8596,120,umiarkowany,FF8596,0,zly
FF8598,129,dobry,FF8598,0,zly
FF8690,129,dobry,FF8690,0,zly
FF8794,123,umiarkowany,FF8794,0,zly
FF8795,127,dobry,FF8795,0,zly
FF8798,137,dobry,FF8798,0,zly
FF8892,143,bardzo dobry,FF8892,0,zly
FF8897,140,dobry,FF8897,0,zly
FF8898,129,dobry,FF8898,0,zly
FF8899,128,dobry,FF8899,0,zly
FF8993,105,slaby,FF8993,0,zly
FF8280,127,dobry,FF8280,0,zly
FF8281,135,dobry,FF8281,0,zly
FF8389,124,dobry,FF8389,0,zly
FF8481,134,dobry,FF8481,0,zly
FF8482,124,dobry,FF8482,0,zly
FF8483,126,dobry,FF8483,0,zly
FF8484,119,umiarkowany,FF8484,0,zly
FF8581,123,umiarkowany,FF8581,0,zly
FF8582,114,umiarkowany,FF8582,0,zly
FF8583,136,dobry,FF8583,0,zly
FF8584,129,dobry,FF8584,0,zly
FF8585,135,dobry,FF8585,0,zly
FF8586,129,dobry,FF8586,0,zly
FF8781,123,umiarkowany,FF8781,0,zly
FF8787,128,dobry,FF8787,0,zly
FF8788,135,dobry,FF8788,0,zly
FF8789,174,bardzo dobry,FF8789,0,zly
FF8888,142,bardzo dobry,FF8888,0,zly
FF8889,127,dobry,FF8889,0,zly
FF8981,120,umiarkowany,FF8981,0,zly
FF8982,175,bardzo dobry,FF8982,0,zly
FF7221,135,dobry,FF7221,0,zly
FF7211,133,dobry,FF7211,0,zly
FF7222,128,dobry,FF7222,0,zly
FF7212,130,dobry,FF7212,0,zly
FF7213,141,dobry,FF7213,0,zly
FF7225,135,dobry,FF7225,0,zly
FF7226,135,dobry,FF7226,0,zly
FF7217,136,dobry,FF7217,0,zly
FF7228,124,dobry,FF7228,0,zly
FF7218,128,dobry,FF7218,0,zly
FF7229,127,dobry,FF7229,0,zly
FF7219,136,dobry,FF7219,0,zly
FF7320,130,dobry,FF7320,0,zly
FF7310,135,dobry,FF7310,0,zly
FF7321,128,dobry,FF7321,0,zly
FF7311,131,dobry,FF7311,0,zly
FF7322,127,dobry,FF7322,0,zly
FF7323,125,dobry,FF7323,0,zly
FF7324,131,dobry,FF7324,0,zly
FF7325,128,dobry,FF7325,0,zly
FF7419,105,slaby,FF7419,0,zly
FF7523,123,umiarkowany,FF7523,0,zly
FF7524,130,dobry,FF7524,0,zly
FF7621,141,dobry,FF7621,0,zly
FF7611,104,slaby,FF7611,0,zly
FF7622,133,dobry,FF7622,0,zly
FF7612,110,umiarkowany,FF7612,0,zly
FF7623,136,dobry,FF7623,0,zly
FF7613,125,dobry,FF7613,0,zly
FF7627,130,dobry,FF7627,0,zly
FF7617,126,dobry,FF7617,0,zly
FF7628,123,umiarkowany,FF7628,0,zly
FF7618,130,dobry,FF7618,0,zly
FF7629,107,slaby,FF7629,0,zly
FF7202,124,dobry,FF7202,0,zly
FF7209,136,dobry,FF7209,0,zly
FF7500,120,umiarkowany,FF7500,0,zly
FF7501,121,umiarkowany,FF7501,0,zly
FF7602,97,slaby,FF7602,0,zly
FF7607,130,dobry,FF7607,0,zly
FF7608,114,umiarkowany,FF7608,0,zly
FF8209,131,dobry,FF8209,0,zly
FF7299,122,umiarkowany,FF7299,0,zly
FF8300,128,dobry,FF8300,0,zly
FF8301,132,dobry,FF8301,0,zly
FF8309,125,dobry,FF8309,0,zly
FF7399,120,umiarkowany,FF7399,0,zly
FF7490,122,umiarkowany,FF7490,0,zly
FF8406,129,dobry,FF8406,0,zly
FF8407,125,dobry,FF8407,0,zly
FF7497,122,umiarkowany,FF7497,0,zly
FF8504,122,umiarkowany,FF8504,0,zly
FF8505,122,umiarkowany,FF8505,0,zly
FF7595,134,dobry,FF7595,0,zly
FF8506,131,dobry,FF8506,0,zly
FF7596,135,dobry,FF7596,0,zly
FF8507,119,umiarkowany,FF8507,0,zly
FF7597,121,umiarkowany,FF7597,0,zly
FF8508,121,umiarkowany,FF8508,0,zly
FF8509,126,dobry,FF8509,0,zly
FF8600,138,dobry,FF8600,0,zly
FF8608,124,dobry,FF8608,0,zly
FF7698,141,dobry,FF7698,0,zly
FF8609,136,dobry,FF8609,0,zly
FF7699,126,dobry,FF7699,0,zly
FF8700,138,dobry,FF8700,0,zly
FF7790,122,umiarkowany,FF7790,0,zly
FF8701,140,dobry,FF8701,0,zly
FF7791,130,dobry,FF7791,0,zly
FF8702,145,bardzo dobry,FF8702,0,zly
FF7792,131,dobry,FF7792,0,zly
FF8703,135,dobry,FF8703,0,zly
FF7793,129,dobry,FF7793,0,zly
FF8704,128,dobry,FF8704,0,zly
FF7794,124,dobry,FF7794,0,zly
FF7795,133,dobry,FF7795,0,zly
FF8706,106,slaby,FF8706,0,zly
FF7796,117,umiarkowany,FF7796,0,zly
FF8707,107,slaby,FF8707,0,zly
FF8802,124,dobry,FF8802,0,zly
FF8803,119,umiarkowany,FF8803,0,zly
FF7893,126,dobry,FF7893,0,zly
FF8804,121,umiarkowany,FF8804,0,zly
FF7894,127,dobry,FF7894,0,zly
FF8807,132,dobry,FF8807,0,zly
FF8809,122,umiarkowany,FF8809,0,zly
FF8900,119,umiarkowany,FF8900,0,zly
FF7287,110,umiarkowany,FF7287,0,zly
FF7384,125,dobry,FF7384,0,zly
FF7586,127,dobry,FF7586,0,zly
FF7682,127,dobry,FF7682,0,zly
FF7683,114,umiarkowany,FF7683,0,zly
FF7685,122,umiarkowany,FF7685,0,zly
FF7782,128,dobry,FF7782,0,zly
FF7783,129,dobry,FF7783,0,zly
FF7784,126,dobry,FF7784,0,zly
FF7271,117,umiarkowany,FF7271,0,zly
FF7272,125,dobry,FF7272,0,zly
FF7373,115,umiarkowany,FF7373,0,zly
FF7374,122,umiarkowany,FF7374,0,zly
FF7378,130,dobry,FF7378,0,zly
FF7672,119,umiarkowany,FF7672,0,zly
FF7673,124,dobry,FF7673,0,zly
FF7674,117,umiarkowany,FF7674,0,zly
FF7678,121,umiarkowany,FF7678,0,zly
FF7776,117,umiarkowany,FF7776,0,zly
FF7360,141,dobry,FF7360,0,zly
FF7363,174,bardzo dobry,FF7363,0,zly
FF7661,136,dobry,FF7661,0,zly
FF7662,134,dobry,FF7662,0,zly
FF7663,119,umiarkowany,FF7663,0,zly
FF7664,125,dobry,FF7664,0,zly
FF7665,115,umiarkowany,FF7665,0,zly
FF7253,130,dobry,FF7253,0,zly
FF7356,119,umiarkowany,FF7356,0,zly
FF7652,127,dobry,FF7652,0,zly
FF7653,114,umiarkowany,FF7653,0,zly
FF7654,124,dobry,FF7654,0,zly
FF7655,111,umiarkowany,FF7655,0,zly
FF7656,129,dobry,FF7656,0,zly
FF7657,118,umiarkowany,FF7657,0,zly
FF7242,135,dobry,FF7242,0,zly
FF7243,110,umiarkowany,FF7243,0,zly
FF7340,133,dobry,FF7340,0,zly
FF7345,124,dobry,FF7345,0,zly
FF7346,119,umiarkowany,FF7346,0,zly
FF7347,123,umiarkowany,FF7347,0,zly
FF7545,114,umiarkowany,FF7545,0,zly
FF7546,127,dobry,FF7546,0,zly
FF7548,116,umiarkowany,FF7548,0,zly
FF7549,133,dobry,FF7549,0,zly
FF7640,130,dobry,FF7640,0,zly
FF7641,133,dobry,FF7641,0,zly
FF7642,149,bardzo dobry,FF7642,0,zly
FF7643,136,dobry,FF7643,0,zly
FF7646,122,umiarkowany,FF7646,0,zly
FF7647,133,dobry,FF7647,0,zly
FF7138,141,dobry,FF7138,0,zly
FF7139,125,dobry,FF7139,0,zly
FF7230,118,umiarkowany,FF7230,0,zly
FF7231,137,dobry,FF7231,0,zly
FF7232,131,dobry,FF7232,0,zly
FF7233,110,umiarkowany,FF7233,0,zly
FF7235,106,slaby,FF7235,0,zly
FF7236,123,umiarkowany,FF7236,0,zly
FF7239,135,dobry,FF7239,0,zly
FF7330,135,dobry,FF7330,0,zly
FF7334,145,bardzo dobry,FF7334,0,zly
FF7335,139,dobry,FF7335,0,zly
FF7336,133,dobry,FF7336,0,zly
FF7536,122,umiarkowany,FF7536,0,zly
FF7537,123,umiarkowany,FF7537,0,zly
FF7631,139,dobry,FF7631,0,zly
FF7632,144,bardzo dobry,FF7632,0,zly
FF7633,140,dobry,FF7633,0,zly
FF7636,128,dobry,FF7636,0,zly
FF7637,130,dobry,FF7637,0,zly
FF7638,134,dobry,FF7638,0,zly
FF8473,117,umiarkowany,FF8473,0,zly
FF8474,115,umiarkowany,FF8474,0,zly
FF8478,134,dobry,FF8478,0,zly
FF8479,135,dobry,FF8479,0,zly
FF8570,129,dobry,FF8570,0,zly
FF8571,119,umiarkowany,FF8571,0,zly
FF8575,121,umiarkowany,FF8575,0,zly
FF8778,138,dobry,FF8778,0,zly
FF8871,178,bardzo dobry,FF8871,0,zly
FF8872,109,umiarkowany,FF8872,0,zly
FF8874,136,dobry,FF8874,0,zly
FF8875,139,dobry,FF8875,0,zly
FF8876,130,dobry,FF8876,0,zly
FF8877,133,dobry,FF8877,0,zly
FF8878,129,dobry,FF8878,0,zly
FF8879,121,umiarkowany,FF8879,0,zly
FF8971,132,dobry,FF8971,0,zly
FF8972,122,umiarkowany,FF8972,0,zly
FF8975,114,umiarkowany,FF8975,0,zly
FF8465,122,umiarkowany,FF8465,0,zly
FF8466,135,dobry,FF8466,0,zly
FF8467,123,umiarkowany,FF8467,0,zly
FF8468,137,dobry,FF8468,0,zly
FF8469,131,dobry,FF8469,0,zly
FF8563,127,dobry,FF8563,0,zly
FF8564,131,dobry,FF8564,0,zly
FF8565,120,umiarkowany,FF8565,0,zly
FF8765,103,slaby,FF8765,0,zly
FF8769,124,dobry,FF8769,0,zly
FF8860,120,umiarkowany,FF8860,0,zly
FF8863,129,dobry,FF8863,0,zly
FF8864,129,dobry,FF8864,0,zly
FF8865,117,umiarkowany,FF8865,0,zly
FF8866,122,umiarkowany,FF8866,0,zly
FF8868,120,umiarkowany,FF8868,0,zly
FF8869,124,dobry,FF8869,0,zly
FF8960,131,dobry,FF8960,0,zly
FF8961,123,umiarkowany,FF8961,0,zly
FF8962,116,umiarkowany,FF8962,0,zly
FF8963,111,umiarkowany,FF8963,0,zly
FF8964,63,slaby,FF8964,0,zly
FF8965,119,umiarkowany,FF8965,0,zly
FF8966,128,dobry,FF8966,0,zly
FF8967,129,dobry,FF8967,0,zly
FF8968,105,slaby,FF8968,0,zly
FF8969,110,umiarkowany,FF8969,0,zly
FF8451,125,dobry,FF8451,0,zly
FF8452,122,umiarkowany,FF8452,0,zly
FF8453,130,dobry,FF8453,0,zly
FF8454,122,umiarkowany,FF8454,0,zly
FF8455,122,umiarkowany,FF8455,0,zly
FF8456,134,dobry,FF8456,0,zly
FF8457,136,dobry,FF8457,0,zly
FF8552,127,dobry,FF8552,0,zly
FF8553,147,bardzo dobry,FF8553,0,zly
FF8554,127,dobry,FF8554,0,zly
FF8558,121,umiarkowany,FF8558,0,zly
FF8559,141,dobry,FF8559,0,zly
FF8656,118,umiarkowany,FF8656,0,zly
FF8659,136,dobry,FF8659,0,zly
FF8750,142,bardzo dobry,FF8750,0,zly
FF8751,133,dobry,FF8751,0,zly
FF8755,136,dobry,FF8755,0,zly
FF8758,132,dobry,FF8758,0,zly
FF8759,116,umiarkowany,FF8759,0,zly
FF8850,139,dobry,FF8850,0,zly
FF8853,135,dobry,FF8853,0,zly
FF8854,126,dobry,FF8854,0,zly
FF8855,130,dobry,FF8855,0,zly
FF8857,123,umiarkowany,FF8857,0,zly
FF8858,122,umiarkowany,FF8858,0,zly
FF8859,124,dobry,FF8859,0,zly
FF8950,143,bardzo dobry,FF8950,0,zly
FF8951,131,dobry,FF8951,0,zly
FF8952,144,bardzo dobry,FF8952,0,zly
FF8953,149,bardzo dobry,FF8953,0,zly
FF8955,131,dobry,FF8955,0,zly
FF8956,135,dobry,FF8956,0,zly
FF8957,123,umiarkowany,FF8957,0,zly
FF8958,106,slaby,FF8958,0,zly
FF8959,121,umiarkowany,FF8959,0,zly
FF8443,118,umiarkowany,FF8443,0,zly
FF8444,114,umiarkowany,FF8444,0,zly
FF8445,122,umiarkowany,FF8445,0,zly
FF8446,135,dobry,FF8446,0,zly
FF8447,130,dobry,FF8447,0,zly
FF8542,129,dobry,FF8542,0,zly
FF8543,141,dobry,FF8543,0,zly
FF8547,124,dobry,FF8547,0,zly
FF8548,132,dobry,FF8548,0,zly
FF8644,133,dobry,FF8644,0,zly
FF8645,129,dobry,FF8645,0,zly
FF8649,133,dobry,FF8649,0,zly
FF8740,127,dobry,FF8740,0,zly
FF8742,122,umiarkowany,FF8742,0,zly
FF8743,136,dobry,FF8743,0,zly
FF8744,129,dobry,FF8744,0,zly
FF8747,117,umiarkowany,FF8747,0,zly
FF8748,123,umiarkowany,FF8748,0,zly
FF8749,141,dobry,FF8749,0,zly
FF8840,136,dobry,FF8840,0,zly
FF8841,133,dobry,FF8841,0,zly
FF8843,141,dobry,FF8843,0,zly
FF8844,134,dobry,FF8844,0,zly
FF8845,132,dobry,FF8845,0,zly
FF8846,124,dobry,FF8846,0,zly
FF8847,126,dobry,FF8847,0,zly
FF8848,124,dobry,FF8848,0,zly
FF8849,132,dobry,FF8849,0,zly
FF8940,152,bardzo dobry,FF8940,0,zly
FF8941,141,dobry,FF8941,0,zly
FF8943,130,dobry,FF8943,0,zly
FF8944,107,slaby,FF8944,0,zly
FF8945,132,dobry,FF8945,0,zly
FF8949,121,umiarkowany,FF8949,0,zly
FF8430,117,umiarkowany,FF8430,0,zly
FF8433,115,umiarkowany,FF8433,0,zly
FF8434,108,umiarkowany,FF8434,0,zly
FF8531,119,umiarkowany,FF8531,0,zly
FF8634,132,dobry,FF8634,0,zly
FF8639,136,dobry,FF8639,0,zly
FF8730,128,dobry,FF8730,0,zly
FF8732,133,dobry,FF8732,0,zly
FF8733,136,dobry,FF8733,0,zly
FF8734,130,dobry,FF8734,0,zly
FF8737,127,dobry,FF8737,0,zly
FF8738,135,dobry,FF8738,0,zly
FF8739,142,bardzo dobry,FF8739,0,zly
FF8830,126,dobry,FF8830,0,zly
FF8832,135,dobry,FF8832,0,zly
FF8833,136,dobry,FF8833,0,zly
FF8834,152,bardzo dobry,FF8834,0,zly
FF8836,131,dobry,FF8836,0,zly
FF8837,134,dobry,FF8837,0,zly
FF8838,130,dobry,FF8838,0,zly
FF8839,126,dobry,FF8839,0,zly
FF8930,132,dobry,FF8930,0,zly
FF8931,132,dobry,FF8931,0,zly
FF8934,118,umiarkowany,FF8934,0,zly
FF8229,108,umiarkowany,FF8229,0,zly
FF8320,103,slaby,FF8320,0,zly
FF8420,121,umiarkowany,FF8420,0,zly
FF8421,121,umiarkowany,FF8421,0,zly
FF8422,132,dobry,FF8422,0,zly
FF8423,138,dobry,FF8423,0,zly
FF8621,128,dobry,FF8621,0,zly
FF8622,133,dobry,FF8622,0,zly
FF8624,123,umiarkowany,FF8624,0,zly
FF8625,129,dobry,FF8625,0,zly
FF8626,119,umiarkowany,FF8626,0,zly
FF8627,126,dobry,FF8627,0,zly
FF8628,131,dobry,FF8628,0,zly
FF8629,126,dobry,FF8629,0,zly
FF8720,139,dobry,FF8720,0,zly
FF8723,133,dobry,FF8723,0,zly
FF8724,143,bardzo dobry,FF8724,0,zly
FF8726,150,bardzo dobry,FF8726,0,zly
FF8727,137,dobry,FF8727,0,zly
FF8728,122,umiarkowany,FF8728,0,zly
FF8729,129,dobry,FF8729,0,zly
FF8823,131,dobry,FF8823,0,zly
FF8824,136,dobry,FF8824,0,zly
FF8827,142,bardzo dobry,FF8827,0,zly
FF8828,144,bardzo dobry,FF8828,0,zly
FF8829,133,dobry,FF8829,0,zly
FF8920,120,umiarkowany,FF8920,0,zly
FF8921,125,dobry,FF8921,0,zly
FF8219,101,slaby,FF8219,0,zly
FF8310,119,umiarkowany,FF8310,0,zly
FF8311,125,dobry,FF8311,0,zly
FF8314,102,slaby,FF8314,0,zly
FF8411,119,umiarkowany,FF8411,0,zly
FF8412,135,dobry,FF8412,0,zly
FF8413,141,dobry,FF8413,0,zly
FF8417,129,dobry,FF8417,0,zly
FF8518,138,dobry,FF8518,0,zly
FF8519,145,bardzo dobry,FF8519,0,zly
FF8610,138,dobry,FF8610,0,zly
FF8611,133,dobry,FF8611,0,zly
FF8614,117,umiarkowany,FF8614,0,zly
FF8615,121,umiarkowany,FF8615,0,zly
FF8617,136,dobry,FF8617,0,zly
FF8618,136,dobry,FF8618,0,zly
FF8711,127,dobry,FF8711,0,zly
FF8712,130,dobry,FF8712,0,zly
FF8713,130,dobry,FF8713,0,zly
FF8714,134,dobry,FF8714,0,zly
FF8716,126,dobry,FF8716,0,zly
FF8717,123,umiarkowany,FF8717,0,zly
FF8718,128,dobry,FF8718,0,zly
FF8719,136,dobry,FF8719,0,zly
FF8810,143,bardzo dobry,FF8810,0,zly
FF8813,123,umiarkowany,FF8813,0,zly
FF8814,133,dobry,FF8814,0,zly
FF8815,134,dobry,FF8815,0,zly
FF8817,139,dobry,FF8817,0,zly
FF8818,134,dobry,FF8818,0,zly
FF8819,122,umiarkowany,FF8819,0,zly
FF8910,119,umiarkowany,FF8910,0,zly
FF8912,112,umiarkowany,FF8912,0,zly
FF8913,118,umiarkowany,FF8913,0,zly
FF6292,130,dobry,FF6292,0,zly
FF6697,122,umiarkowany,FF6697,0,zly
FF6283,129,dobry,FF6283,0,zly
FF6284,133,dobry,FF6284,0,zly
FF6683,126,dobry,FF6683,0,zly
FF6273,121,umiarkowany,FF6273,0,zly
FF6274,131,dobry,FF6274,0,zly
FF6578,112,umiarkowany,FF6578,0,zly
FF6579,123,umiarkowany,FF6579,0,zly
FF2766,55,zly,FF2766,0,zly
FF2767,113,umiarkowany,FF2767,0,zly
FF2777,51,zly,FF2777,0,zly
FF2787,53,zly,FF2787,0,zly
FF5101,119,umiarkowany,FF5101,0,zly
FF5102,120,umiarkowany,FF5102,0,zly
FF5103,133,dobry,FF5103,0,zly
FF5104,143,bardzo dobry,FF5104,0,zly
FF5105,119,umiarkowany,FF5105,0,zly
FF5106,125,dobry,FF5106,0,zly
FF5107,139,dobry,FF5107,0,zly
FF5108,140,dobry,FF5108,0,zly
FF5109,130,dobry,FF5109,0,zly
FF5201,127,dobry,FF5201,0,zly
FF5202,125,dobry,FF5202,0,zly
FF5203,128,dobry,FF5203,0,zly
FF5205,131,dobry,FF5205,0,zly
FF5207,122,umiarkowany,FF5207,0,zly
FF5208,136,dobry,FF5208,0,zly
FF5209,132,dobry,FF5209,0,zly
FF5300,129,dobry,FF5300,0,zly
FF5301,119,umiarkowany,FF5301,0,zly
FF5302,109,umiarkowany,FF5302,0,zly
FF5303,120,umiarkowany,FF5303,0,zly
FF5304,152,bardzo dobry,FF5304,0,zly
FF5305,139,dobry,FF5305,0,zly
FF5608,115,umiarkowany,FF5608,0,zly
FF5609,106,slaby,FF5609,0,zly
FF5700,112,umiarkowany,FF5700,0,zly
FF5701,48,zly,FF5701,0,zly
FF5702,54,zly,FF5702,0,zly
FF2745,120,umiarkowany,FF2745,0,zly
FF2755,61,slaby,FF2755,0,zly
FF2765,100,slaby,FF2765,0,zly
FF2795,120,umiarkowany,FF2795,0,zly
FF2734,50,zly,FF2734,0,zly
FF2744,57,zly,FF2744,0,zly
FF2754,62,slaby,FF2754,0,zly
FF2764,118,umiarkowany,FF2764,0,zly
FF2733,108,umiarkowany,FF2733,0,zly
FF2743,52,zly,FF2743,0,zly
FF4793,128,dobry,FF4793,0,zly
FF2732,58,slaby,FF2732,0,zly
FF2742,117,umiarkowany,FF2742,0,zly
FF3762,101,slaby,FF3762,0,zly
FF4712,113,umiarkowany,FF4712,0,zly
FF4782,129,dobry,FF4782,0,zly
FF3761,102,slaby,FF3761,0,zly
FF3771,123,umiarkowany,FF3771,0,zly
FF3781,160,bardzo dobry,FF3781,0,zly
FF3791,53,zly,FF3791,0,zly
FF4701,128,dobry,FF4701,0,zly
FF4711,128,dobry,FF4711,0,zly
FF4781,143,bardzo dobry,FF4781,0,zly
FF3760,91,slaby,FF3760,0,zly
FF3770,114,umiarkowany,FF3770,0,zly
FF3780,168,bardzo dobry,FF3780,0,zly
FF3790,112,umiarkowany,FF3790,0,zly
FF4700,112,umiarkowany,FF4700,0,zly
FF4710,103,slaby,FF4710,0,zly
FF4720,119,umiarkowany,FF4720,0,zly
FF4730,119,umiarkowany,FF4730,0,zly
FF4770,130,dobry,FF4770,0,zly
FF4780,120,umiarkowany,FF4780,0,zly
FF3689,102,slaby,FF3689,0,zly
FF3699,125,dobry,FF3699,0,zly
FF4609,112,umiarkowany,FF4609,0,zly
FF4619,107,slaby,FF4619,0,zly
FF4629,117,umiarkowany,FF4629,0,zly
FF4639,121,umiarkowany,FF4639,0,zly
FF4649,133,dobry,FF4649,0,zly
FF4679,133,dobry,FF4679,0,zly
FF3688,99,slaby,FF3688,0,zly
FF3698,114,umiarkowany,FF3698,0,zly
FF4628,129,dobry,FF4628,0,zly
FF4638,118,umiarkowany,FF4638,0,zly
FF4648,131,dobry,FF4648,0,zly
FF3916,121,umiarkowany,FF3916,0,zly
FF3926,155,bardzo dobry,FF3926,0,zly
FF3966,111,umiarkowany,FF3966,0,zly
FF3976,132,dobry,FF3976,0,zly
FF4926,105,slaby,FF4926,0,zly
FF4936,118,umiarkowany,FF4936,0,zly
FF4946,53,zly,FF4946,0,zly
FF4956,124,dobry,FF4956,0,zly
FF4966,124,dobry,FF4966,0,zly
FF4976,125,dobry,FF4976,0,zly
FF4986,52,zly,FF4986,0,zly
FF4996,124,dobry,FF4996,0,zly
FF5906,167,bardzo dobry,FF5906,0,zly
FF3915,102,slaby,FF3915,0,zly
FF3925,142,bardzo dobry,FF3925,0,zly
FF3965,81,slaby,FF3965,0,zly
FF4925,62,slaby,FF4925,0,zly
FF4935,124,dobry,FF4935,0,zly
FF4945,65,slaby,FF4945,0,zly
FF4955,117,umiarkowany,FF4955,0,zly
FF4965,128,dobry,FF4965,0,zly
FF4975,119,umiarkowany,FF4975,0,zly
FF4985,126,dobry,FF4985,0,zly
FF5905,147,bardzo dobry,FF5905,0,zly
FF3924,106,slaby,FF3924,0,zly
FF3934,149,bardzo dobry,FF3934,0,zly
FF3964,121,umiarkowany,FF3964,0,zly
FF4934,121,umiarkowany,FF4934,0,zly
FF4944,113,umiarkowany,FF4944,0,zly
FF4954,132,dobry,FF4954,0,zly
FF4964,142,bardzo dobry,FF4964,0,zly
FF4974,127,dobry,FF4974,0,zly
FF5904,144,bardzo dobry,FF5904,0,zly
FF2874,141,dobry,FF2874,0,zly
FF3803,116,umiarkowany,FF3803,0,zly
FF3813,121,umiarkowany,FF3813,0,zly
FF3823,131,dobry,FF3823,0,zly
FF3824,144,bardzo dobry,FF3824,0,zly
FF3833,169,bardzo dobry,FF3833,0,zly
FF3834,151,bardzo dobry,FF3834,0,zly
FF3843,99,slaby,FF3843,0,zly
FF3844,116,umiarkowany,FF3844,0,zly
FF3873,111,umiarkowany,FF3873,0,zly
FF3883,120,umiarkowany,FF3883,0,zly
FF3884,123,umiarkowany,FF3884,0,zly
FF5804,58,slaby,FF5804,0,zly
FF3802,120,umiarkowany,FF3802,0,zly
FF3812,51,zly,FF3812,0,zly
FF3822,110,umiarkowany,FF3822,0,zly
FF3832,163,bardzo dobry,FF3832,0,zly
FF3842,154,bardzo dobry,FF3842,0,zly
FF2891,107,slaby,FF2891,0,zly
FF3801,118,umiarkowany,FF3801,0,zly
FF3811,46,zly,FF3811,0,zly
FF3821,48,zly,FF3821,0,zly
FF3831,122,umiarkowany,FF3831,0,zly
FF3841,132,dobry,FF3841,0,zly
FF3861,51,zly,FF3861,0,zly
FF3871,115,umiarkowany,FF3871,0,zly
FF3923,119,umiarkowany,FF3923,0,zly
FF3943,128,dobry,FF3943,0,zly
FF3953,121,umiarkowany,FF3953,0,zly
FF4953,122,umiarkowany,FF4953,0,zly
FF4963,136,dobry,FF4963,0,zly
FF3922,110,umiarkowany,FF3922,0,zly
FF3932,158,bardzo dobry,FF3932,0,zly
FF3942,123,umiarkowany,FF3942,0,zly
FF3952,129,dobry,FF3952,0,zly
FF4932,127,dobry,FF4932,0,zly
FF4942,127,dobry,FF4942,0,zly
FF4962,118,umiarkowany,FF4962,0,zly
FF4992,129,dobry,FF4992,0,zly
FF5902,112,umiarkowany,FF5902,0,zly
FF3911,101,slaby,FF3911,0,zly
FF3921,137,dobry,FF3921,0,zly
FF3941,118,umiarkowany,FF3941,0,zly
FF3951,130,dobry,FF3951,0,zly
FF3961,129,dobry,FF3961,0,zly
FF3971,122,umiarkowany,FF3971,0,zly
FF4921,139,dobry,FF4921,0,zly
FF4931,133,dobry,FF4931,0,zly
FF4941,133,dobry,FF4941,0,zly
FF4951,126,dobry,FF4951,0,zly
FF4961,124,dobry,FF4961,0,zly
FF4991,134,dobry,FF4991,0,zly
FF5901,125,dobry,FF5901,0,zly
FF2990,112,umiarkowany,FF2990,0,zly
FF3930,117,umiarkowany,FF3930,0,zly
FF3940,133,dobry,FF3940,0,zly
FF3950,142,bardzo dobry,FF3950,0,zly
FF3960,127,dobry,FF3960,0,zly
FF3970,123,umiarkowany,FF3970,0,zly
FF4920,132,dobry,FF4920,0,zly
FF4930,123,umiarkowany,FF4930,0,zly
FF4940,119,umiarkowany,FF4940,0,zly
FF4980,116,umiarkowany,FF4980,0,zly
FF4990,127,dobry,FF4990,0,zly
FF5900,128,dobry,FF5900,0,zly
FF2889,142,bardzo dobry,FF2889,0,zly
FF2899,123,umiarkowany,FF2899,0,zly
FF3839,123,umiarkowany,FF3839,0,zly
FF3849,124,dobry,FF3849,0,zly
FF3859,126,dobry,FF3859,0,zly
FF3869,117,umiarkowany,FF3869,0,zly
FF3879,128,dobry,FF3879,0,zly
FF4829,119,umiarkowany,FF4829,0,zly
FF4839,115,umiarkowany,FF4839,0,zly
FF4889,107,slaby,FF4889,0,zly
FF2878,123,umiarkowany,FF2878,0,zly
FF2888,149,bardzo dobry,FF2888,0,zly
FF2898,117,umiarkowany,FF2898,0,zly
FF3838,116,umiarkowany,FF3838,0,zly
FF3848,129,dobry,FF3848,0,zly
FF3868,116,umiarkowany,FF3868,0,zly
FF4828,124,dobry,FF4828,0,zly
FF4838,124,dobry,FF4838,0,zly
FF2877,130,dobry,FF2877,0,zly
FF2887,130,dobry,FF2887,0,zly
FF2897,135,dobry,FF2897,0,zly
FF3807,107,slaby,FF3807,0,zly
FF3847,126,dobry,FF3847,0,zly
FF4827,151,bardzo dobry,FF4827,0,zly
FF4837,127,dobry,FF4837,0,zly
FF2886,123,umiarkowany,FF2886,0,zly
FF2896,135,dobry,FF2896,0,zly
FF3806,116,umiarkowany,FF3806,0,zly
FF3896,129,dobry,FF3896,0,zly
FF4816,122,umiarkowany,FF4816,0,zly
FF4826,153,bardzo dobry,FF4826,0,zly
FF2885,129,dobry,FF2885,0,zly
FF3835,121,umiarkowany,FF3835,0,zly
FF3895,124,dobry,FF3895,0,zly
FF4805,109,umiarkowany,FF4805,0,zly
FF4815,124,dobry,FF4815,0,zly
FF2870,155,bardzo dobry,FF2870,0,zly
FF2890,111,umiarkowany,FF2890,0,zly
FF3800,96,slaby,FF3800,0,zly
FF3810,100,slaby,FF3810,0,zly
FF3820,114,umiarkowany,FF3820,0,zly
FF3830,118,umiarkowany,FF3830,0,zly
FF3840,58,slaby,FF3840,0,zly
FF3850,111,umiarkowany,FF3850,0,zly
FF3860,95,slaby,FF3860,0,zly
FF2769,48,zly,FF2769,0,zly
FF2779,53,zly,FF2779,0,zly
FF2789,158,bardzo dobry,FF2789,0,zly
FF2799,148,bardzo dobry,FF2799,0,zly
FF3709,111,umiarkowany,FF3709,0,zly
FF3719,104,slaby,FF3719,0,zly
FF3739,111,umiarkowany,FF3739,0,zly
FF3749,52,zly,FF3749,0,zly
FF3759,130,dobry,FF3759,0,zly
FF3769,55,zly,FF3769,0,zly
FF2768,111,umiarkowany,FF2768,0,zly
FF2778,51,zly,FF2778,0,zly
FF2788,72,slaby,FF2788,0,zly
FF2798,145,bardzo dobry,FF2798,0,zly
FF3728,99,slaby,FF3728,0,zly
FF3738,101,slaby,FF3738,0,zly
FF3575,112,umiarkowany,FF3575,0,zly
FF3576,110,umiarkowany,FF3576,0,zly
FF3677,106,slaby,FF3677,0,zly
FF4637,123,umiarkowany,FF4637,0,zly
FF4647,134,dobry,FF4647,0,zly
FF4616,137,dobry,FF4616,0,zly
FF4636,136,dobry,FF4636,0,zly
FF4646,96,slaby,FF4646,0,zly
FF4615,110,umiarkowany,FF4615,0,zly
FF4625,164,bardzo dobry,FF4625,0,zly
FF4635,152,bardzo dobry,FF4635,0,zly
FF3654,151,bardzo dobry,FF3654,0,zly
FF3684,151,bardzo dobry,FF3684,0,zly
FF3694,128,dobry,FF3694,0,zly
FF4604,160,bardzo dobry,FF4604,0,zly
FF4614,127,dobry,FF4614,0,zly
FF4624,140,dobry,FF4624,0,zly
FF4634,123,umiarkowany,FF4634,0,zly
FF4644,106,slaby,FF4644,0,zly
FF3683,117,umiarkowany,FF3683,0,zly
FF3693,109,umiarkowany,FF3693,0,zly
FF4603,130,dobry,FF4603,0,zly
FF4613,129,dobry,FF4613,0,zly
FF4623,131,dobry,FF4623,0,zly
FF4633,56,zly,FF4633,0,zly
FF4643,57,zly,FF4643,0,zly
FF4653,122,umiarkowany,FF4653,0,zly
FF3682,118,umiarkowany,FF3682,0,zly
FF3692,109,umiarkowany,FF3692,0,zly
FF4602,126,dobry,FF4602,0,zly
FF4612,128,dobry,FF4612,0,zly
FF4622,137,dobry,FF4622,0,zly
FF4652,135,dobry,FF4652,0,zly
FF4692,112,umiarkowany,FF4692,0,zly
FF3691,156,bardzo dobry,FF3691,0,zly
FF4601,120,umiarkowany,FF4601,0,zly
FF4611,133,dobry,FF4611,0,zly
FF4621,133,dobry,FF4621,0,zly
FF4631,139,dobry,FF4631,0,zly
FF4661,122,umiarkowany,FF4661,0,zly
FF3680,139,dobry,FF3680,0,zly
FF4610,119,umiarkowany,FF4610,0,zly
FF4620,141,dobry,FF4620,0,zly
FF4630,117,umiarkowany,FF4630,0,zly
FF4640,136,dobry,FF4640,0,zly
FF3589,158,bardzo dobry,FF3589,0,zly
FF4529,111,umiarkowany,FF4529,0,zly
FF4539,123,umiarkowany,FF4539,0,zly
FF4549,119,umiarkowany,FF4549,0,zly
FF4559,132,dobry,FF4559,0,zly
FF4569,128,dobry,FF4569,0,zly
FF4579,53,zly,FF4579,0,zly
FF4589,52,zly,FF4589,0,zly
FF3568,48,zly,FF3568,0,zly
FF3578,107,slaby,FF3578,0,zly
FF3588,126,dobry,FF3588,0,zly
FF4528,111,umiarkowany,FF4528,0,zly
FF4538,119,umiarkowany,FF4538,0,zly
FF4548,139,dobry,FF4548,0,zly
FF4558,130,dobry,FF4558,0,zly
FF4578,139,dobry,FF4578,0,zly
FF3567,99,slaby,FF3567,0,zly
FF3587,101,slaby,FF3587,0,zly
FF3597,103,slaby,FF3597,0,zly
FF4192,130,dobry,FF4192,0,zly
FF4193,133,dobry,FF4193,0,zly
FF4194,132,dobry,FF4194,0,zly
FF4195,116,umiarkowany,FF4195,0,zly
FF4197,134,dobry,FF4197,0,zly
FF4198,151,bardzo dobry,FF4198,0,zly
FF4199,143,bardzo dobry,FF4199,0,zly
FF4291,131,dobry,FF4291,0,zly
FF4293,115,umiarkowany,FF4293,0,zly
FF4294,125,dobry,FF4294,0,zly
FF4297,112,umiarkowany,FF4297,0,zly
FF4298,120,umiarkowany,FF4298,0,zly
FF4299,137,dobry,FF4299,0,zly
FF4391,139,dobry,FF4391,0,zly
FF4392,134,dobry,FF4392,0,zly
FF4393,127,dobry,FF4393,0,zly
FF4394,144,bardzo dobry,FF4394,0,zly
FF4395,140,dobry,FF4395,0,zly
FF3554,117,umiarkowany,FF3554,0,zly
FF3584,133,dobry,FF3584,0,zly
FF3573,46,zly,FF3573,0,zly
FF3583,111,umiarkowany,FF3583,0,zly
FF3562,101,slaby,FF3562,0,zly
FF3572,95,slaby,FF3572,0,zly
FF3581,112,umiarkowany,FF3581,0,zly
FF3591,115,umiarkowany,FF3591,0,zly
FF4501,114,umiarkowany,FF4501,0,zly
FF3590,101,slaby,FF3590,0,zly
FF4500,107,slaby,FF4500,0,zly
FF4510,117,umiarkowany,FF4510,0,zly
FF3439,119,umiarkowany,FF3439,0,zly
FF3459,112,umiarkowany,FF3459,0,zly
FF3469,114,umiarkowany,FF3469,0,zly
FF3499,132,dobry,FF3499,0,zly
FF4409,123,umiarkowany,FF4409,0,zly
FF4419,120,umiarkowany,FF4419,0,zly
FF4429,128,dobry,FF4429,0,zly
FF4439,125,dobry,FF4439,0,zly
FF3428,133,dobry,FF3428,0,zly
FF3438,122,umiarkowany,FF3438,0,zly
FF3468,127,dobry,FF3468,0,zly
FF4408,129,dobry,FF4408,0,zly
FF4418,130,dobry,FF4418,0,zly
FF4428,129,dobry,FF4428,0,zly
FF4438,113,umiarkowany,FF4438,0,zly
FF3407,117,umiarkowany,FF3407,0,zly
FF3427,118,umiarkowany,FF3427,0,zly
FF3437,130,dobry,FF3437,0,zly
FF4417,132,dobry,FF4417,0,zly
FF4427,121,umiarkowany,FF4427,0,zly
FF4437,122,umiarkowany,FF4437,0,zly
FF4447,128,dobry,FF4447,0,zly
FF4182,123,umiarkowany,FF4182,0,zly
FF4183,86,slaby,FF4183,0,zly
FF4184,129,dobry,FF4184,0,zly
FF4185,128,dobry,FF4185,0,zly
FF4186,102,slaby,FF4186,0,zly
FF4187,105,slaby,FF4187,0,zly
FF4188,122,umiarkowany,FF4188,0,zly
FF4189,113,umiarkowany,FF4189,0,zly
FF4281,130,dobry,FF4281,0,zly
FF4282,115,umiarkowany,FF4282,0,zly
FF4384,130,dobry,FF4384,0,zly
FF4385,135,dobry,FF4385,0,zly
FF4386,113,umiarkowany,FF4386,0,zly
FF4476,129,dobry,FF4476,0,zly
FF2287,116,umiarkowany,FF2287,0,zly
FF2288,111,umiarkowany,FF2288,0,zly
FF2297,126,dobry,FF2297,0,zly
FF2298,131,dobry,FF2298,0,zly
FF3207,125,dobry,FF3207,0,zly
FF3208,118,umiarkowany,FF3208,0,zly
FF3217,135,dobry,FF3217,0,zly
FF3218,128,dobry,FF3218,0,zly
FF3227,119,umiarkowany,FF3227,0,zly
FF3228,122,umiarkowany,FF3228,0,zly
FF3237,119,umiarkowany,FF3237,0,zly
FF3238,115,umiarkowany,FF3238,0,zly
FF3248,103,slaby,FF3248,0,zly
FF3258,112,umiarkowany,FF3258,0,zly
FF3268,106,slaby,FF3268,0,zly
FF3216,140,dobry,FF3216,0,zly
FF3226,110,umiarkowany,FF3226,0,zly
FF3236,126,dobry,FF3236,0,zly
FF4256,124,dobry,FF4256,0,zly
FF4276,129,dobry,FF4276,0,zly
FF3215,62,slaby,FF3215,0,zly
FF3225,131,dobry,FF3225,0,zly
FF3235,114,umiarkowany,FF3235,0,zly
FF3245,99,slaby,FF3245,0,zly
FF3214,117,umiarkowany,FF3214,0,zly
FF3254,99,slaby,FF3254,0,zly
FF4244,154,bardzo dobry,FF4244,0,zly
FF2158,114,umiarkowany,FF2158,0,zly
FF2168,121,umiarkowany,FF2168,0,zly
FF2178,143,bardzo dobry,FF2178,0,zly
FF2179,105,slaby,FF2179,0,zly
FF2188,132,dobry,FF2188,0,zly
FF2189,138,dobry,FF2189,0,zly
FF2198,111,umiarkowany,FF2198,0,zly
FF2199,103,slaby,FF2199,0,zly
FF3108,116,umiarkowany,FF3108,0,zly
FF3109,110,umiarkowany,FF3109,0,zly
FF3118,102,slaby,FF3118,0,zly
FF3128,138,dobry,FF3128,0,zly
FF3138,113,umiarkowany,FF3138,0,zly
FF3158,119,umiarkowany,FF3158,0,zly
FF3159,132,dobry,FF3159,0,zly
FF3168,130,dobry,FF3168,0,zly
FF3169,130,dobry,FF3169,0,zly
FF4139,108,umiarkowany,FF4139,0,zly
FF4168,131,dobry,FF4168,0,zly
FF4169,114,umiarkowany,FF4169,0,zly
FF4178,153,bardzo dobry,FF4178,0,zly
FF4179,143,bardzo dobry,FF4179,0,zly
FF3283,125,dobry,FF3283,0,zly
FF3293,119,umiarkowany,FF3293,0,zly
FF4203,120,umiarkowany,FF4203,0,zly
FF4233,127,dobry,FF4233,0,zly
FF4243,116,umiarkowany,FF4243,0,zly
FF4263,146,bardzo dobry,FF4263,0,zly
FF3212,132,dobry,FF3212,0,zly
FF3262,127,dobry,FF3262,0,zly
FF3282,121,umiarkowany,FF3282,0,zly
FF3292,117,umiarkowany,FF3292,0,zly
FF4202,104,slaby,FF4202,0,zly
FF4212,116,umiarkowany,FF4212,0,zly
FF4222,127,dobry,FF4222,0,zly
FF4232,129,dobry,FF4232,0,zly
FF4242,138,dobry,FF4242,0,zly
FF4262,132,dobry,FF4262,0,zly
FF4272,127,dobry,FF4272,0,zly
FF2281,115,umiarkowany,FF2281,0,zly
FF2291,119,umiarkowany,FF2291,0,zly
FF3201,123,umiarkowany,FF3201,0,zly
FF3221,125,dobry,FF3221,0,zly
FF3251,138,dobry,FF3251,0,zly
FF4221,115,umiarkowany,FF4221,0,zly
FF4231,123,umiarkowany,FF4231,0,zly
FF2270,98,slaby,FF2270,0,zly
FF2280,129,dobry,FF2280,0,zly
FF2290,136,dobry,FF2290,0,zly
FF3200,125,dobry,FF3200,0,zly
FF3210,131,dobry,FF3210,0,zly
FF3220,136,dobry,FF3220,0,zly
FF3250,131,dobry,FF3250,0,zly
FF3416,129,dobry,FF3416,0,zly
FF3426,134,dobry,FF3426,0,zly
FF3436,132,dobry,FF3436,0,zly
FF3446,136,dobry,FF3446,0,zly
FF3456,57,zly,FF3456,0,zly
FF4406,132,dobry,FF4406,0,zly
FF4416,113,umiarkowany,FF4416,0,zly
FF4426,137,dobry,FF4426,0,zly
FF4436,121,umiarkowany,FF4436,0,zly
FF4446,121,umiarkowany,FF4446,0,zly
FF4456,134,dobry,FF4456,0,zly
FF4466,123,umiarkowany,FF4466,0,zly
FF3415,118,umiarkowany,FF3415,0,zly
FF3425,123,umiarkowany,FF3425,0,zly
FF3435,139,dobry,FF3435,0,zly
FF3445,125,dobry,FF3445,0,zly
FF3455,118,umiarkowany,FF3455,0,zly
FF4425,138,dobry,FF4425,0,zly
FF4455,125,dobry,FF4455,0,zly
FF4465,126,dobry,FF4465,0,zly
FF3414,118,umiarkowany,FF3414,0,zly
FF3424,124,dobry,FF3424,0,zly
FF3434,129,dobry,FF3434,0,zly
FF3444,128,dobry,FF3444,0,zly
FF4424,130,dobry,FF4424,0,zly
FF4454,108,umiarkowany,FF4454,0,zly
FF4464,114,umiarkowany,FF4464,0,zly
FF3413,124,dobry,FF3413,0,zly
FF3423,140,dobry,FF3423,0,zly
FF3433,151,bardzo dobry,FF3433,0,zly
FF3443,125,dobry,FF3443,0,zly
FF3473,108,umiarkowany,FF3473,0,zly
FF4463,107,slaby,FF4463,0,zly
FF3312,115,umiarkowany,FF3312,0,zly
FF3321,100,slaby,FF3321,0,zly
FF3322,137,dobry,FF3322,0,zly
FF3331,132,dobry,FF3331,0,zly
FF3332,124,dobry,FF3332,0,zly
FF3351,138,dobry,FF3351,0,zly
FF3352,109,umiarkowany,FF3352,0,zly
FF3361,114,umiarkowany,FF3361,0,zly
FF2325,115,umiarkowany,FF2325,0,zly
FF2334,129,dobry,FF2334,0,zly
FF2335,119,umiarkowany,FF2335,0,zly
FF2344,126,dobry,FF2344,0,zly
FF2365,123,umiarkowany,FF2365,0,zly
FF2375,118,umiarkowany,FF2375,0,zly
FF2384,118,umiarkowany,FF2384,0,zly
FF2385,151,bardzo dobry,FF2385,0,zly
FF2394,135,dobry,FF2394,0,zly
FF3314,130,dobry,FF3314,0,zly
FF3315,149,bardzo dobry,FF3315,0,zly
FF3324,112,umiarkowany,FF3324,0,zly
FF3325,161,bardzo dobry,FF3325,0,zly
FF3334,96,slaby,FF3334,0,zly
FF3335,163,bardzo dobry,FF3335,0,zly
FF3344,106,slaby,FF3344,0,zly
FF3345,121,umiarkowany,FF3345,0,zly
FF4315,139,dobry,FF4315,0,zly
FF4324,119,umiarkowany,FF4324,0,zly
FF4325,147,bardzo dobry,FF4325,0,zly
FF4344,120,umiarkowany,FF4344,0,zly
FF4345,67,slaby,FF4345,0,zly
FF3333,122,umiarkowany,FF3333,0,zly
FF3343,106,slaby,FF3343,0,zly
FF3363,104,slaby,FF3363,0,zly
FF3373,95,slaby,FF3373,0,zly
FF4323,65,slaby,FF4323,0,zly
FF2472,122,umiarkowany,FF2472,0,zly
FF2482,101,slaby,FF2482,0,zly
FF3402,139,dobry,FF3402,0,zly
FF3412,120,umiarkowany,FF3412,0,zly
FF3422,124,dobry,FF3422,0,zly
FF3432,121,umiarkowany,FF3432,0,zly
FF4462,127,dobry,FF4462,0,zly
FF2451,115,umiarkowany,FF2451,0,zly
FF2461,112,umiarkowany,FF2461,0,zly
FF2471,120,umiarkowany,FF2471,0,zly
FF2481,114,umiarkowany,FF2481,0,zly
FF2491,125,dobry,FF2491,0,zly
FF3401,136,dobry,FF3401,0,zly
FF3411,119,umiarkowany,FF3411,0,zly
FF3421,118,umiarkowany,FF3421,0,zly
FF3431,125,dobry,FF3431,0,zly
FF2440,102,slaby,FF2440,0,zly
FF2450,96,slaby,FF2450,0,zly
FF2460,121,umiarkowany,FF2460,0,zly
FF2480,139,dobry,FF2480,0,zly
FF2490,120,umiarkowany,FF2490,0,zly
FF3400,108,umiarkowany,FF3400,0,zly
FF3410,115,umiarkowany,FF3410,0,zly
FF3420,121,umiarkowany,FF3420,0,zly
FF2349,111,umiarkowany,FF2349,0,zly
FF2359,104,slaby,FF2359,0,zly
FF2369,119,umiarkowany,FF2369,0,zly
FF2379,116,umiarkowany,FF2379,0,zly
FF2389,111,umiarkowany,FF2389,0,zly
FF2399,102,slaby,FF2399,0,zly
FF3309,105,slaby,FF3309,0,zly
FF4319,150,bardzo dobry,FF4319,0,zly
FF4349,128,dobry,FF4349,0,zly
FF2318,150,bardzo dobry,FF2318,0,zly
FF2348,121,umiarkowany,FF2348,0,zly
FF2358,113,umiarkowany,FF2358,0,zly
FF2368,114,umiarkowany,FF2368,0,zly
FF2378,117,umiarkowany,FF2378,0,zly
FF2388,110,umiarkowany,FF2388,0,zly
FF2398,54,zly,FF2398,0,zly
FF3318,114,umiarkowany,FF3318,0,zly
FF3328,118,umiarkowany,FF3328,0,zly
FF3338,116,umiarkowany,FF3338,0,zly
FF4318,113,umiarkowany,FF4318,0,zly
FF4328,150,bardzo dobry,FF4328,0,zly
FF4338,125,dobry,FF4338,0,zly
FF2317,131,dobry,FF2317,0,zly
FF2327,154,bardzo dobry,FF2327,0,zly
FF2367,111,umiarkowany,FF2367,0,zly
FF2377,109,umiarkowany,FF2377,0,zly
FF2387,103,slaby,FF2387,0,zly
FF3307,128,dobry,FF3307,0,zly
FF3317,107,slaby,FF3317,0,zly
FF3327,109,umiarkowany,FF3327,0,zly
FF3337,111,umiarkowany,FF3337,0,zly
FF3397,118,umiarkowany,FF3397,0,zly
FF4307,127,dobry,FF4307,0,zly
FF4327,142,bardzo dobry,FF4327,0,zly
FF2316,130,dobry,FF2316,0,zly
FF2326,121,umiarkowany,FF2326,0,zly
FF2336,136,dobry,FF2336,0,zly
FF3306,110,umiarkowany,FF3306,0,zly
FF3316,111,umiarkowany,FF3316,0,zly
FF3326,123,umiarkowany,FF3326,0,zly
FF3336,127,dobry,FF3336,0,zly
FF3396,116,umiarkowany,FF3396,0,zly
FF4316,122,umiarkowany,FF4316,0,zly
FF4326,146,bardzo dobry,FF4326,0,zly
FF4346,70,slaby,FF4346,0,zly
FF3330,125,dobry,FF3330,0,zly
FF3340,102,slaby,FF3340,0,zly
FF3350,136,dobry,FF3350,0,zly
FF2289,116,umiarkowany,FF2289,0,zly
FF2299,130,dobry,FF2299,0,zly
FF3209,137,dobry,FF3209,0,zly
FF3219,132,dobry,FF3219,0,zly
FF3229,114,umiarkowany,FF3229,0,zly
FF3259,104,slaby,FF3259,0,zly
FF3037,108,umiarkowany,FF3037,0,zly
FF3047,122,umiarkowany,FF3047,0,zly
FF3057,115,umiarkowany,FF3057,0,zly
FF3067,125,dobry,FF3067,0,zly
FF3076,115,umiarkowany,FF3076,0,zly
FF3077,125,dobry,FF3077,0,zly
FF3087,119,umiarkowany,FF3087,0,zly
FF3097,106,slaby,FF3097,0,zly
FF4007,125,dobry,FF4007,0,zly
FF2157,113,umiarkowany,FF2157,0,zly
FF2167,121,umiarkowany,FF2167,0,zly
FF2177,133,dobry,FF2177,0,zly
FF2187,123,umiarkowany,FF2187,0,zly
FF2197,113,umiarkowany,FF2197,0,zly
FF3107,114,umiarkowany,FF3107,0,zly
FF3117,108,umiarkowany,FF3117,0,zly
FF3127,125,dobry,FF3127,0,zly
FF3137,112,umiarkowany,FF3137,0,zly
FF3147,128,dobry,FF3147,0,zly
FF3157,134,dobry,FF3157,0,zly
FF3167,109,umiarkowany,FF3167,0,zly
FF3187,115,umiarkowany,FF3187,0,zly
FF3197,109,umiarkowany,FF3197,0,zly
FF4107,102,slaby,FF4107,0,zly
FF4167,118,umiarkowany,FF4167,0,zly
FF4177,144,bardzo dobry,FF4177,0,zly
FF2170,120,umiarkowany,FF2170,0,zly
FF2171,118,umiarkowany,FF2171,0,zly
FF2180,106,slaby,FF2180,0,zly
FF2181,112,umiarkowany,FF2181,0,zly
FF2190,95,slaby,FF2190,0,zly
FF2191,116,umiarkowany,FF2191,0,zly
FF3100,106,slaby,FF3100,0,zly
FF3101,108,umiarkowany,FF3101,0,zly
FF3110,113,umiarkowany,FF3110,0,zly
FF3111,101,slaby,FF3111,0,zly
FF3120,117,umiarkowany,FF3120,0,zly
FF3121,126,dobry,FF3121,0,zly
FF3140,118,umiarkowany,FF3140,0,zly
FF3141,112,umiarkowany,FF3141,0,zly
FF3150,114,umiarkowany,FF3150,0,zly
FF3151,119,umiarkowany,FF3151,0,zly
FF3160,131,dobry,FF3160,0,zly
FF3161,128,dobry,FF3161,0,zly
FF3170,129,dobry,FF3170,0,zly
FF3171,119,umiarkowany,FF3171,0,zly
FF3180,124,dobry,FF3180,0,zly
FF3181,126,dobry,FF3181,0,zly
FF3190,121,umiarkowany,FF3190,0,zly
FF3191,116,umiarkowany,FF3191,0,zly
FF4100,115,umiarkowany,FF4100,0,zly
FF4101,111,umiarkowany,FF4101,0,zly
FF4110,59,slaby,FF4110,0,zly
FF4111,54,zly,FF4111,0,zly
FF4120,130,dobry,FF4120,0,zly
FF4121,48,zly,FF4121,0,zly
FF4130,139,dobry,FF4130,0,zly
FF4131,127,dobry,FF4131,0,zly
FF4141,136,dobry,FF4141,0,zly
FF2156,114,umiarkowany,FF2156,0,zly
FF2166,107,slaby,FF2166,0,zly
FF2176,113,umiarkowany,FF2176,0,zly
FF2186,110,umiarkowany,FF2186,0,zly
FF2196,103,slaby,FF2196,0,zly
FF3106,102,slaby,FF3106,0,zly
FF3116,110,umiarkowany,FF3116,0,zly
FF3126,108,umiarkowany,FF3126,0,zly
FF3136,112,umiarkowany,FF3136,0,zly
FF3146,70,slaby,FF3146,0,zly
FF3156,120,umiarkowany,FF3156,0,zly
FF3166,134,dobry,FF3166,0,zly
FF3176,118,umiarkowany,FF3176,0,zly
FF4106,118,umiarkowany,FF4106,0,zly
FF4116,116,umiarkowany,FF4116,0,zly
FF4156,110,umiarkowany,FF4156,0,zly
FF4166,107,slaby,FF4166,0,zly
FF4176,127,dobry,FF4176,0,zly
FF2155,109,umiarkowany,FF2155,0,zly
FF2165,132,dobry,FF2165,0,zly
FF2175,124,dobry,FF2175,0,zly
FF2185,102,slaby,FF2185,0,zly
FF2195,102,slaby,FF2195,0,zly
FF3105,115,umiarkowany,FF3105,0,zly
FF3115,126,dobry,FF3115,0,zly
FF3125,113,umiarkowany,FF3125,0,zly
FF3135,125,dobry,FF3135,0,zly
FF3145,125,dobry,FF3145,0,zly
FF3155,135,dobry,FF3155,0,zly
FF3165,128,dobry,FF3165,0,zly
FF3175,61,slaby,FF3175,0,zly
FF3185,42,zly,FF3185,0,zly
FF3195,112,umiarkowany,FF3195,0,zly
FF4105,116,umiarkowany,FF4105,0,zly
FF4115,101,slaby,FF4115,0,zly
FF4125,125,dobry,FF4125,0,zly
FF4135,133,dobry,FF4135,0,zly
FF4145,122,umiarkowany,FF4145,0,zly
FF4155,108,umiarkowany,FF4155,0,zly
FF4165,117,umiarkowany,FF4165,0,zly
FF4175,131,dobry,FF4175,0,zly
FF2154,110,umiarkowany,FF2154,0,zly
FF2164,113,umiarkowany,FF2164,0,zly
FF2174,115,umiarkowany,FF2174,0,zly
FF2184,106,slaby,FF2184,0,zly
FF2194,112,umiarkowany,FF2194,0,zly
FF3104,122,umiarkowany,FF3104,0,zly
FF3114,123,umiarkowany,FF3114,0,zly
FF3124,119,umiarkowany,FF3124,0,zly
FF3134,123,umiarkowany,FF3134,0,zly
FF3144,115,umiarkowany,FF3144,0,zly
FF3154,126,dobry,FF3154,0,zly
FF3164,115,umiarkowany,FF3164,0,zly
FF3174,114,umiarkowany,FF3174,0,zly
FF3184,117,umiarkowany,FF3184,0,zly
FF3194,118,umiarkowany,FF3194,0,zly
FF4104,117,umiarkowany,FF4104,0,zly
FF4114,46,zly,FF4114,0,zly
FF4124,52,zly,FF4124,0,zly
FF4134,52,zly,FF4134,0,zly
FF4144,123,umiarkowany,FF4144,0,zly
FF4154,52,zly,FF4154,0,zly
FF4164,121,umiarkowany,FF4164,0,zly
FF4174,146,bardzo dobry,FF4174,0,zly
FF2153,112,umiarkowany,FF2153,0,zly
FF2163,112,umiarkowany,FF2163,0,zly
FF2173,127,dobry,FF2173,0,zly
FF2183,124,dobry,FF2183,0,zly
FF2193,116,umiarkowany,FF2193,0,zly
FF3103,130,dobry,FF3103,0,zly
FF3113,130,dobry,FF3113,0,zly
FF3123,131,dobry,FF3123,0,zly
FF3133,129,dobry,FF3133,0,zly
FF3143,119,umiarkowany,FF3143,0,zly
FF3153,122,umiarkowany,FF3153,0,zly
FF3163,127,dobry,FF3163,0,zly
FF3173,120,umiarkowany,FF3173,0,zly
FF3183,110,umiarkowany,FF3183,0,zly
FF3193,110,umiarkowany,FF3193,0,zly
FF4103,105,slaby,FF4103,0,zly
FF4113,123,umiarkowany,FF4113,0,zly
FF4123,103,slaby,FF4123,0,zly
FF4133,52,zly,FF4133,0,zly
FF4143,144,bardzo dobry,FF4143,0,zly
FF4153,120,umiarkowany,FF4153,0,zly
FF4163,122,umiarkowany,FF4163,0,zly
FF2152,120,umiarkowany,FF2152,0,zly
FF2162,121,umiarkowany,FF2162,0,zly
FF2172,119,umiarkowany,FF2172,0,zly
FF2182,109,umiarkowany,FF2182,0,zly
FF2192,106,slaby,FF2192,0,zly
FF3102,99,slaby,FF3102,0,zly
FF3112,123,umiarkowany,FF3112,0,zly
FF3122,124,dobry,FF3122,0,zly
FF3132,113,umiarkowany,FF3132,0,zly
FF3142,127,dobry,FF3142,0,zly
FF3152,122,umiarkowany,FF3152,0,zly
FF3162,127,dobry,FF3162,0,zly
FF3172,122,umiarkowany,FF3172,0,zly
FF3182,115,umiarkowany,FF3182,0,zly
FF3192,109,umiarkowany,FF3192,0,zly
FF4102,103,slaby,FF4102,0,zly
FF4112,114,umiarkowany,FF4112,0,zly
FF4122,128,dobry,FF4122,0,zly
FF4132,138,dobry,FF4132,0,zly
FF4142,131,dobry,FF4142,0,zly
FF4152,127,dobry,FF4152,0,zly
FF4162,117,umiarkowany,FF4162,0,zly
FF3009,112,umiarkowany,FF3009,0,zly
FF3019,105,slaby,FF3019,0,zly
FF3029,108,umiarkowany,FF3029,0,zly
FF3049,133,dobry,FF3049,0,zly
FF3059,116,umiarkowany,FF3059,0,zly
FF3069,139,dobry,FF3069,0,zly
FF3079,123,umiarkowany,FF3079,0,zly
FF3089,133,dobry,FF3089,0,zly
FF3099,56,zly,FF3099,0,zly
FF4009,123,umiarkowany,FF4009,0,zly
FF4019,127,dobry,FF4019,0,zly
FF4029,132,dobry,FF4029,0,zly
FF3038,99,slaby,FF3038,0,zly
FF3048,116,umiarkowany,FF3048,0,zly
FF3058,136,dobry,FF3058,0,zly
FF3068,123,umiarkowany,FF3068,0,zly
FF3078,130,dobry,FF3078,0,zly
FF3088,128,dobry,FF3088,0,zly
FF3098,126,dobry,FF3098,0,zly
FF4008,135,dobry,FF4008,0,zly
FF4018,114,umiarkowany,FF4018,0,zly
FF4028,115,umiarkowany,FF4028,0,zly
FG5553,136,dobry,FG5553,0,zly
FG5554,128,dobry,FG5554,0,zly
FG5555,134,dobry,FG5555,0,zly
FG5541,141,dobry,FG5541,0,zly
FG5542,160,bardzo dobry,FG5542,0,zly
FG5543,140,dobry,FG5543,0,zly
FG5544,136,dobry,FG5544,0,zly
FG5546,130,dobry,FG5546,0,zly
FG5531,145,bardzo dobry,FG5531,0,zly
FG5532,149,bardzo dobry,FG5532,0,zly
FG5534,143,bardzo dobry,FG5534,0,zly
FG5535,143,bardzo dobry,FG5535,0,zly
FG5536,131,dobry,FG5536,0,zly
FG5537,123,umiarkowany,FG5537,0,zly
FG5521,130,dobry,FG5521,0,zly
FG5927,138,dobry,FG5927,0,zly
FG5928,133,dobry,FG5928,0,zly
FG5929,140,dobry,FG5929,0,zly
FG5511,133,dobry,FG5511,0,zly
FG5512,129,dobry,FG5512,0,zly
FG5513,124,dobry,FG5513,0,zly
FG5514,122,umiarkowany,FG5514,0,zly
FG5916,119,umiarkowany,FG5916,0,zly
FG5917,130,dobry,FG5917,0,zly
FG0939,126,dobry,FG0939,0,zly
FG0949,128,dobry,FG0949,0,zly
FG0959,140,dobry,FG0959,0,zly
FG0979,134,dobry,FG0979,0,zly
FG3939,127,dobry,FG3939,0,zly
FG3969,138,dobry,FG3969,0,zly
FG3979,145,bardzo dobry,FG3979,0,zly
FG3989,136,dobry,FG3989,0,zly
FG3999,134,dobry,FG3999,0,zly
FG4909,136,dobry,FG4909,0,zly
FG4919,127,dobry,FG4919,0,zly
FG4929,148,bardzo dobry,FG4929,0,zly
FG4959,129,dobry,FG4959,0,zly
FG4969,129,dobry,FG4969,0,zly
FG4979,122,umiarkowany,FG4979,0,zly
FG4989,138,dobry,FG4989,0,zly
FG0908,136,dobry,FG0908,0,zly
FG0918,128,dobry,FG0918,0,zly
FG0928,134,dobry,FG0928,0,zly
FG0938,126,dobry,FG0938,0,zly
FG0948,115,umiarkowany,FG0948,0,zly
FG3928,132,dobry,FG3928,0,zly
FG3938,136,dobry,FG3938,0,zly
FG3958,144,bardzo dobry,FG3958,0,zly
FG3968,133,dobry,FG3968,0,zly
FG3978,135,dobry,FG3978,0,zly
FG3988,140,dobry,FG3988,0,zly
FG4908,130,dobry,FG4908,0,zly
FG4918,128,dobry,FG4918,0,zly
FG4968,131,dobry,FG4968,0,zly
FG4978,114,umiarkowany,FG4978,0,zly
FG4988,127,dobry,FG4988,0,zly
FG0907,133,dobry,FG0907,0,zly
FG0917,133,dobry,FG0917,0,zly
FG0927,144,bardzo dobry,FG0927,0,zly
FG0937,129,dobry,FG0937,0,zly
FG3927,135,dobry,FG3927,0,zly
FG3967,138,dobry,FG3967,0,zly
FG3977,140,dobry,FG3977,0,zly
FG3997,121,umiarkowany,FG3997,0,zly
FG4937,125,dobry,FG4937,0,zly
FG4947,123,umiarkowany,FG4947,0,zly
FG4957,126,dobry,FG4957,0,zly
FG4967,125,dobry,FG4967,0,zly
FG4977,123,umiarkowany,FG4977,0,zly
FG4987,126,dobry,FG4987,0,zly
FG4997,129,dobry,FG4997,0,zly
FG2855,131,dobry,FG2855,0,zly
FG2865,124,dobry,FG2865,0,zly
FG2875,133,dobry,FG2875,0,zly
FG2884,139,dobry,FG2884,0,zly
FG2885,130,dobry,FG2885,0,zly
FG2895,145,bardzo dobry,FG2895,0,zly
FG3814,125,dobry,FG3814,0,zly
FG3815,134,dobry,FG3815,0,zly
FG3824,133,dobry,FG3824,0,zly
FG3825,131,dobry,FG3825,0,zly
FG3844,129,dobry,FG3844,0,zly
FG3845,135,dobry,FG3845,0,zly
FG3854,133,dobry,FG3854,0,zly
FG3855,124,dobry,FG3855,0,zly
FG3864,127,dobry,FG3864,0,zly
FG3865,129,dobry,FG3865,0,zly
FG3874,130,dobry,FG3874,0,zly
FG3875,135,dobry,FG3875,0,zly
FG3885,139,dobry,FG3885,0,zly
FG4804,130,dobry,FG4804,0,zly
FG4814,142,bardzo dobry,FG4814,0,zly
FG4824,129,dobry,FG4824,0,zly
FG4844,129,dobry,FG4844,0,zly
FG4845,130,dobry,FG4845,0,zly
FG4854,133,dobry,FG4854,0,zly
FG4855,117,umiarkowany,FG4855,0,zly
FG4864,121,umiarkowany,FG4864,0,zly
FG4865,118,umiarkowany,FG4865,0,zly
FG4874,123,umiarkowany,FG4874,0,zly
FG4875,117,umiarkowany,FG4875,0,zly
FG3916,138,dobry,FG3916,0,zly
FG3926,133,dobry,FG3926,0,zly
FG3966,137,dobry,FG3966,0,zly
FG3986,133,dobry,FG3986,0,zly
FG3996,114,umiarkowany,FG3996,0,zly
FG4936,139,dobry,FG4936,0,zly
FG4946,133,dobry,FG4946,0,zly
FG4956,117,umiarkowany,FG4956,0,zly
FG4966,132,dobry,FG4966,0,zly
FG4976,126,dobry,FG4976,0,zly
FG4986,138,dobry,FG4986,0,zly
FG4996,154,bardzo dobry,FG4996,0,zly
FG5906,136,dobry,FG5906,0,zly
FG3915,133,dobry,FG3915,0,zly
FG3945,131,dobry,FG3945,0,zly
FG3955,134,dobry,FG3955,0,zly
FG3985,126,dobry,FG3985,0,zly
FG3995,132,dobry,FG3995,0,zly
FG4925,125,dobry,FG4925,0,zly
FG4935,124,dobry,FG4935,0,zly
FG4945,122,umiarkowany,FG4945,0,zly
FG4955,120,umiarkowany,FG4955,0,zly
FG4965,133,dobry,FG4965,0,zly
FG4975,148,bardzo dobry,FG4975,0,zly
FG4985,140,dobry,FG4985,0,zly
FG4995,136,dobry,FG4995,0,zly
FG3904,149,bardzo dobry,FG3904,0,zly
FG3914,133,dobry,FG3914,0,zly
FG3974,126,dobry,FG3974,0,zly
FG3984,131,dobry,FG3984,0,zly
FG3994,151,bardzo dobry,FG3994,0,zly
FG4924,136,dobry,FG4924,0,zly
FG4934,123,umiarkowany,FG4934,0,zly
FG4944,123,umiarkowany,FG4944,0,zly
FG4954,128,dobry,FG4954,0,zly
FG4964,135,dobry,FG4964,0,zly
FG4974,150,bardzo dobry,FG4974,0,zly
FG4984,132,dobry,FG4984,0,zly
FG4994,121,umiarkowany,FG4994,0,zly
FG3903,143,bardzo dobry,FG3903,0,zly
FG3933,144,bardzo dobry,FG3933,0,zly
FG3963,139,dobry,FG3963,0,zly
FG3973,130,dobry,FG3973,0,zly
FG3983,146,bardzo dobry,FG3983,0,zly
FG3993,136,dobry,FG3993,0,zly
FG4923,138,dobry,FG4923,0,zly
FG4933,124,dobry,FG4933,0,zly
FG4943,124,dobry,FG4943,0,zly
FG4953,133,dobry,FG4953,0,zly
FG4963,139,dobry,FG4963,0,zly
FG4973,155,bardzo dobry,FG4973,0,zly
FG4983,134,dobry,FG4983,0,zly
FG4993,127,dobry,FG4993,0,zly
FG2962,135,dobry,FG2962,0,zly
FG2972,125,dobry,FG2972,0,zly
FG2992,133,dobry,FG2992,0,zly
FG3902,141,dobry,FG3902,0,zly
FG3922,127,dobry,FG3922,0,zly
FG3962,136,dobry,FG3962,0,zly
FG3972,129,dobry,FG3972,0,zly
FG4912,148,bardzo dobry,FG4912,0,zly
FG4922,153,bardzo dobry,FG4922,0,zly
FG4932,130,dobry,FG4932,0,zly
FG4942,124,dobry,FG4942,0,zly
FG4962,151,bardzo dobry,FG4962,0,zly
FG4972,140,dobry,FG4972,0,zly
FG4982,129,dobry,FG4982,0,zly
FG2951,115,umiarkowany,FG2951,0,zly
FG2961,130,dobry,FG2961,0,zly
FG2971,143,bardzo dobry,FG2971,0,zly
FG3911,124,dobry,FG3911,0,zly
FG3951,126,dobry,FG3951,0,zly
FG3961,131,dobry,FG3961,0,zly
FG3971,136,dobry,FG3971,0,zly
FG3981,118,umiarkowany,FG3981,0,zly
FG3991,125,dobry,FG3991,0,zly
FG4901,114,umiarkowany,FG4901,0,zly
FG4911,124,dobry,FG4911,0,zly
FG4921,158,bardzo dobry,FG4921,0,zly
FG4931,156,bardzo dobry,FG4931,0,zly
FG4941,151,bardzo dobry,FG4941,0,zly
FG4951,151,bardzo dobry,FG4951,0,zly
FG4961,131,dobry,FG4961,0,zly
FG4971,147,bardzo dobry,FG4971,0,zly
FG2980,134,dobry,FG2980,0,zly
FG2990,94,slaby,FG2990,0,zly
FG3910,128,dobry,FG3910,0,zly
FG3940,137,dobry,FG3940,0,zly
FG3950,136,dobry,FG3950,0,zly
FG3960,138,dobry,FG3960,0,zly
FG3970,137,dobry,FG3970,0,zly
FG3980,127,dobry,FG3980,0,zly
FG3990,135,dobry,FG3990,0,zly
FG4900,131,dobry,FG4900,0,zly
FG4910,122,umiarkowany,FG4910,0,zly
FG4920,131,dobry,FG4920,0,zly
FG4930,139,dobry,FG4930,0,zly
FG4950,128,dobry,FG4950,0,zly
FG4960,126,dobry,FG4960,0,zly
FG4970,124,dobry,FG4970,0,zly
FG2859,142,bardzo dobry,FG2859,0,zly
FG2879,127,dobry,FG2879,0,zly
FG2889,133,dobry,FG2889,0,zly
FG3849,128,dobry,FG3849,0,zly
FG3859,129,dobry,FG3859,0,zly
FG3879,133,dobry,FG3879,0,zly
FG3889,148,bardzo dobry,FG3889,0,zly
FG3899,141,dobry,FG3899,0,zly
FG4809,134,dobry,FG4809,0,zly
FG4819,129,dobry,FG4819,0,zly
FG4829,130,dobry,FG4829,0,zly
FG4839,136,dobry,FG4839,0,zly
FG4869,130,dobry,FG4869,0,zly
FG2878,132,dobry,FG2878,0,zly
FG2888,134,dobry,FG2888,0,zly
FG3838,125,dobry,FG3838,0,zly
FG3848,121,umiarkowany,FG3848,0,zly
FG3858,136,dobry,FG3858,0,zly
FG3878,132,dobry,FG3878,0,zly
FG3888,132,dobry,FG3888,0,zly
FG3898,134,dobry,FG3898,0,zly
FG4808,131,dobry,FG4808,0,zly
FG4818,132,dobry,FG4818,0,zly
FG4828,140,dobry,FG4828,0,zly
FG4838,133,dobry,FG4838,0,zly
FG4858,162,bardzo dobry,FG4858,0,zly
FG4868,125,dobry,FG4868,0,zly
FG2847,140,dobry,FG2847,0,zly
FG2877,122,umiarkowany,FG2877,0,zly
FG2887,121,umiarkowany,FG2887,0,zly
FG2897,137,dobry,FG2897,0,zly
FG3827,133,dobry,FG3827,0,zly
FG3837,130,dobry,FG3837,0,zly
FG3847,134,dobry,FG3847,0,zly
FG3857,132,dobry,FG3857,0,zly
FG3877,146,bardzo dobry,FG3877,0,zly
FG3887,133,dobry,FG3887,0,zly
FG3897,135,dobry,FG3897,0,zly
FG4807,133,dobry,FG4807,0,zly
FG4817,126,dobry,FG4817,0,zly
FG4827,141,dobry,FG4827,0,zly
FG4837,168,bardzo dobry,FG4837,0,zly
FG4857,127,dobry,FG4857,0,zly
FG2846,138,dobry,FG2846,0,zly
FG2866,132,dobry,FG2866,0,zly
FG2876,121,umiarkowany,FG2876,0,zly
FG2886,130,dobry,FG2886,0,zly
FG2896,135,dobry,FG2896,0,zly
FG3816,139,dobry,FG3816,0,zly
FG3826,141,dobry,FG3826,0,zly
FG3836,129,dobry,FG3836,0,zly
FG3846,136,dobry,FG3846,0,zly
FG3856,122,umiarkowany,FG3856,0,zly
FG3876,132,dobry,FG3876,0,zly
FG3886,132,dobry,FG3886,0,zly
FG3896,131,dobry,FG3896,0,zly
FG4806,135,dobry,FG4806,0,zly
FG4816,134,dobry,FG4816,0,zly
FG4826,131,dobry,FG4826,0,zly
FG4856,125,dobry,FG4856,0,zly
FG4866,129,dobry,FG4866,0,zly
FG5501,129,dobry,FG5501,0,zly
FG5502,131,dobry,FG5502,0,zly
FG5503,126,dobry,FG5503,0,zly
FG5508,129,dobry,FG5508,0,zly
FG2873,127,dobry,FG2873,0,zly
FG3803,134,dobry,FG3803,0,zly
FG3813,134,dobry,FG3813,0,zly
FG3833,142,bardzo dobry,FG3833,0,zly
FG3843,136,dobry,FG3843,0,zly
FG3853,117,umiarkowany,FG3853,0,zly
FG3863,134,dobry,FG3863,0,zly
FG3873,130,dobry,FG3873,0,zly
FG3893,131,dobry,FG3893,0,zly
FG4803,142,bardzo dobry,FG4803,0,zly
FG4813,135,dobry,FG4813,0,zly
FG4823,130,dobry,FG4823,0,zly
FG4843,153,bardzo dobry,FG4843,0,zly
FG4853,158,bardzo dobry,FG4853,0,zly
FG4863,133,dobry,FG4863,0,zly
FG4873,150,bardzo dobry,FG4873,0,zly
FG0842,123,umiarkowany,FG0842,0,zly
FG0882,146,bardzo dobry,FG0882,0,zly
FG0892,130,dobry,FG0892,0,zly
FG1802,133,dobry,FG1802,0,zly
FG2862,146,bardzo dobry,FG2862,0,zly
FG2892,132,dobry,FG2892,0,zly
FG3802,129,dobry,FG3802,0,zly
FG3812,134,dobry,FG3812,0,zly
FG3822,132,dobry,FG3822,0,zly
FG3842,124,dobry,FG3842,0,zly
FG3852,129,dobry,FG3852,0,zly
FG3862,126,dobry,FG3862,0,zly
FG3882,128,dobry,FG3882,0,zly
FG3892,127,dobry,FG3892,0,zly
FG4802,132,dobry,FG4802,0,zly
FG4812,126,dobry,FG4812,0,zly
FG4822,131,dobry,FG4822,0,zly
FG4832,134,dobry,FG4832,0,zly
FG4842,132,dobry,FG4842,0,zly
FG4852,150,bardzo dobry,FG4852,0,zly
FG4862,157,bardzo dobry,FG4862,0,zly
FG4872,155,bardzo dobry,FG4872,0,zly
FG0831,139,dobry,FG0831,0,zly
FG0841,120,umiarkowany,FG0841,0,zly
FG0861,132,dobry,FG0861,0,zly
FG0871,128,dobry,FG0871,0,zly
FG0881,151,bardzo dobry,FG0881,0,zly
FG0891,154,bardzo dobry,FG0891,0,zly
FG1801,144,bardzo dobry,FG1801,0,zly
FG1831,138,dobry,FG1831,0,zly
FG2851,149,bardzo dobry,FG2851,0,zly
FG2881,134,dobry,FG2881,0,zly
FG2891,131,dobry,FG2891,0,zly
FG3801,130,dobry,FG3801,0,zly
FG3811,125,dobry,FG3811,0,zly
FG3821,147,bardzo dobry,FG3821,0,zly
FG3841,111,umiarkowany,FG3841,0,zly
FG3851,110,umiarkowany,FG3851,0,zly
FG3891,132,dobry,FG3891,0,zly
FG4801,114,umiarkowany,FG4801,0,zly
FG4811,134,dobry,FG4811,0,zly
FG4821,130,dobry,FG4821,0,zly
FG4831,116,umiarkowany,FG4831,0,zly
FG4841,127,dobry,FG4841,0,zly
FG4851,136,dobry,FG4851,0,zly
FG4861,156,bardzo dobry,FG4861,0,zly
FG4871,144,bardzo dobry,FG4871,0,zly
FG0820,169,bardzo dobry,FG0820,0,zly
FG0830,130,dobry,FG0830,0,zly
FG0840,126,dobry,FG0840,0,zly
FG0850,125,dobry,FG0850,0,zly
FG0860,143,bardzo dobry,FG0860,0,zly
FG0870,163,bardzo dobry,FG0870,0,zly
FG0880,155,bardzo dobry,FG0880,0,zly
FG1800,122,umiarkowany,FG1800,0,zly
FG1820,142,bardzo dobry,FG1820,0,zly
FG1830,134,dobry,FG1830,0,zly
FG1840,127,dobry,FG1840,0,zly
FG2840,131,dobry,FG2840,0,zly
FG2870,138,dobry,FG2870,0,zly
FG2880,137,dobry,FG2880,0,zly
FG3810,133,dobry,FG3810,0,zly
FG4800,125,dobry,FG4800,0,zly
FG4820,136,dobry,FG4820,0,zly
FG4830,123,umiarkowany,FG4830,0,zly
FG4840,129,dobry,FG4840,0,zly
FG4850,167,bardzo dobry,FG4850,0,zly
FG0709,132,dobry,FG0709,0,zly
FG0729,139,dobry,FG0729,0,zly
FG0749,142,bardzo dobry,FG0749,0,zly
FG0759,129,dobry,FG0759,0,zly
FG0769,165,bardzo dobry,FG0769,0,zly
FG0779,167,bardzo dobry,FG0779,0,zly
FG0789,132,dobry,FG0789,0,zly
FG0799,118,umiarkowany,FG0799,0,zly
FG1729,136,dobry,FG1729,0,zly
FG1739,133,dobry,FG1739,0,zly
FG1749,134,dobry,FG1749,0,zly
FG2769,131,dobry,FG2769,0,zly
FG2779,134,dobry,FG2779,0,zly
FG3709,129,dobry,FG3709,0,zly
FG3719,130,dobry,FG3719,0,zly
FG3739,130,dobry,FG3739,0,zly
FG3749,131,dobry,FG3749,0,zly
FG3769,126,dobry,FG3769,0,zly
FG4709,127,dobry,FG4709,0,zly
FG4729,122,umiarkowany,FG4729,0,zly
FG4739,136,dobry,FG4739,0,zly
FG4749,163,bardzo dobry,FG4749,0,zly
FG0738,163,bardzo dobry,FG0738,0,zly
FG0748,156,bardzo dobry,FG0748,0,zly
FG0778,146,bardzo dobry,FG0778,0,zly
FG0788,133,dobry,FG0788,0,zly
FG0798,118,umiarkowany,FG0798,0,zly
FG1718,126,dobry,FG1718,0,zly
FG1728,139,dobry,FG1728,0,zly
FG1738,148,bardzo dobry,FG1738,0,zly
FG1748,144,bardzo dobry,FG1748,0,zly
FG2748,135,dobry,FG2748,0,zly
FG2758,121,umiarkowany,FG2758,0,zly
FG2778,140,dobry,FG2778,0,zly
FG2798,121,umiarkowany,FG2798,0,zly
FG3708,124,dobry,FG3708,0,zly
FG3718,114,umiarkowany,FG3718,0,zly
FG3728,103,slaby,FG3728,0,zly
FG3738,135,dobry,FG3738,0,zly
FG3748,147,bardzo dobry,FG3748,0,zly
FG3798,132,dobry,FG3798,0,zly
FG4708,129,dobry,FG4708,0,zly
FG4738,150,bardzo dobry,FG4738,0,zly
FG4768,166,bardzo dobry,FG4768,0,zly
FG0609,128,dobry,FG0609,0,zly
FG0700,123,umiarkowany,FG0700,0,zly
FG0619,125,dobry,FG0619,0,zly
FG0710,122,umiarkowany,FG0710,0,zly
FG0629,117,umiarkowany,FG0629,0,zly
FG0720,132,dobry,FG0720,0,zly
FG0639,125,dobry,FG0639,0,zly
FG0730,132,dobry,FG0730,0,zly
FG0649,139,dobry,FG0649,0,zly
FG0740,123,umiarkowany,FG0740,0,zly
FG0659,141,dobry,FG0659,0,zly
FG0750,130,dobry,FG0750,0,zly
FG0669,137,dobry,FG0669,0,zly
FG0760,121,umiarkowany,FG0760,0,zly
FG0679,124,dobry,FG0679,0,zly
FG0770,125,dobry,FG0770,0,zly
FG0689,136,dobry,FG0689,0,zly
FG0780,137,dobry,FG0780,0,zly
FG0699,131,dobry,FG0699,0,zly
FG0790,133,dobry,FG0790,0,zly
FG1699,118,umiarkowany,FG1699,0,zly
FG1790,122,umiarkowany,FG1790,0,zly
FG2619,142,bardzo dobry,FG2619,0,zly
FG2710,135,dobry,FG2710,0,zly
FG2629,138,dobry,FG2629,0,zly
FG2720,126,dobry,FG2720,0,zly
FG2679,125,dobry,FG2679,0,zly
FG2770,145,bardzo dobry,FG2770,0,zly
FG2689,129,dobry,FG2689,0,zly
FG2780,135,dobry,FG2780,0,zly
FG2699,130,dobry,FG2699,0,zly
FG2790,127,dobry,FG2790,0,zly
FG3700,128,dobry,FG3700,0,zly
FG3629,121,umiarkowany,FG3629,0,zly
FG3730,172,bardzo dobry,FG3730,0,zly
FG3740,136,dobry,FG3740,0,zly
FG3659,129,dobry,FG3659,0,zly
FG3750,138,dobry,FG3750,0,zly
FG3669,146,bardzo dobry,FG3669,0,zly
FG3760,149,bardzo dobry,FG3760,0,zly
FG3770,131,dobry,FG3770,0,zly
FG3689,132,dobry,FG3689,0,zly
FG3699,159,bardzo dobry,FG3699,0,zly
FG3790,121,umiarkowany,FG3790,0,zly
FG4700,136,dobry,FG4700,0,zly
FG4720,144,bardzo dobry,FG4720,0,zly
FG4639,133,dobry,FG4639,0,zly
FG4649,136,dobry,FG4649,0,zly
FG4740,135,dobry,FG4740,0,zly
FG4750,129,dobry,FG4750,0,zly
FG0608,133,dobry,FG0608,0,zly
FG0618,134,dobry,FG0618,0,zly
FG0628,118,umiarkowany,FG0628,0,zly
FG0638,127,dobry,FG0638,0,zly
FG0648,132,dobry,FG0648,0,zly
FG0658,184,bardzo dobry,FG0658,0,zly
FG0688,171,bardzo dobry,FG0688,0,zly
FG0698,132,dobry,FG0698,0,zly
FG1608,131,dobry,FG1608,0,zly
FG1688,139,dobry,FG1688,0,zly
FG2618,170,bardzo dobry,FG2618,0,zly
FG2628,127,dobry,FG2628,0,zly
FG2638,138,dobry,FG2638,0,zly
FG2648,142,bardzo dobry,FG2648,0,zly
FG2658,159,bardzo dobry,FG2658,0,zly
FG2668,160,bardzo dobry,FG2668,0,zly
FG2678,116,umiarkowany,FG2678,0,zly
FG2688,118,umiarkowany,FG2688,0,zly
FG2698,133,dobry,FG2698,0,zly
FG3628,129,dobry,FG3628,0,zly
FG3638,128,dobry,FG3638,0,zly
FG3688,165,bardzo dobry,FG3688,0,zly
FG4638,150,bardzo dobry,FG4638,0,zly
FG4648,147,bardzo dobry,FG4648,0,zly
FG0727,138,dobry,FG0727,0,zly
FG0737,170,bardzo dobry,FG0737,0,zly
FG0747,160,bardzo dobry,FG0747,0,zly
FG1707,132,dobry,FG1707,0,zly
FG1717,130,dobry,FG1717,0,zly
FG1727,131,dobry,FG1727,0,zly
FG1737,137,dobry,FG1737,0,zly
FG2797,142,bardzo dobry,FG2797,0,zly
FG3717,93,slaby,FG3717,0,zly
FG3727,154,bardzo dobry,FG3727,0,zly
FG3737,146,bardzo dobry,FG3737,0,zly
FG3747,139,dobry,FG3747,0,zly
FG3757,129,dobry,FG3757,0,zly
FG3787,130,dobry,FG3787,0,zly
FG3797,129,dobry,FG3797,0,zly
FG4727,128,dobry,FG4727,0,zly
FG4737,132,dobry,FG4737,0,zly
FG4767,131,dobry,FG4767,0,zly
FG4777,151,bardzo dobry,FG4777,0,zly
FG0716,140,dobry,FG0716,0,zly
FG0726,151,bardzo dobry,FG0726,0,zly
FG0746,137,dobry,FG0746,0,zly
FG0786,145,bardzo dobry,FG0786,0,zly
FG0796,129,dobry,FG0796,0,zly
FG1706,151,bardzo dobry,FG1706,0,zly
FG1716,139,dobry,FG1716,0,zly
FG1726,126,dobry,FG1726,0,zly
FG2756,133,dobry,FG2756,0,zly
FG3716,142,bardzo dobry,FG3716,0,zly
FG3726,126,dobry,FG3726,0,zly
FG3736,128,dobry,FG3736,0,zly
FG3746,137,dobry,FG3746,0,zly
FG3766,127,dobry,FG3766,0,zly
FG3776,133,dobry,FG3776,0,zly
FG3786,137,dobry,FG3786,0,zly
FG3796,120,umiarkowany,FG3796,0,zly
FG4706,132,dobry,FG4706,0,zly
FG4716,140,dobry,FG4716,0,zly
FG4736,122,umiarkowany,FG4736,0,zly
FG4746,129,dobry,FG4746,0,zly
FG4756,127,dobry,FG4756,0,zly
FG4766,124,dobry,FG4766,0,zly
FG4776,121,umiarkowany,FG4776,0,zly
FG4786,132,dobry,FG4786,0,zly
FG0705,149,bardzo dobry,FG0705,0,zly
FG0715,149,bardzo dobry,FG0715,0,zly
FG0725,141,dobry,FG0725,0,zly
FG0745,136,dobry,FG0745,0,zly
FG0755,130,dobry,FG0755,0,zly
FG0775,138,dobry,FG0775,0,zly
FG0785,130,dobry,FG0785,0,zly
FG0795,129,dobry,FG0795,0,zly
FG1705,144,bardzo dobry,FG1705,0,zly
FG1715,146,bardzo dobry,FG1715,0,zly
FG2745,124,dobry,FG2745,0,zly
FG2755,136,dobry,FG2755,0,zly
FG2765,126,dobry,FG2765,0,zly
FG2775,136,dobry,FG2775,0,zly
FG2785,160,bardzo dobry,FG2785,0,zly
FG3705,147,bardzo dobry,FG3705,0,zly
FG3715,158,bardzo dobry,FG3715,0,zly
FG3725,134,dobry,FG3725,0,zly
FG3735,138,dobry,FG3735,0,zly
FG3795,135,dobry,FG3795,0,zly
FG4705,133,dobry,FG4705,0,zly
FG4715,136,dobry,FG4715,0,zly
FG4735,142,bardzo dobry,FG4735,0,zly
FG4745,134,dobry,FG4745,0,zly
FG4755,121,umiarkowany,FG4755,0,zly
FG4765,123,umiarkowany,FG4765,0,zly
FG4775,129,dobry,FG4775,0,zly
FG4785,124,dobry,FG4785,0,zly
FG0704,142,bardzo dobry,FG0704,0,zly
FG0724,128,dobry,FG0724,0,zly
FG0734,137,dobry,FG0734,0,zly
FG0744,148,bardzo dobry,FG0744,0,zly
FG0754,128,dobry,FG0754,0,zly
FG0764,135,dobry,FG0764,0,zly
FG0774,139,dobry,FG0774,0,zly
FG0784,133,dobry,FG0784,0,zly
FG0794,132,dobry,FG0794,0,zly
FG1704,146,bardzo dobry,FG1704,0,zly
FG1714,141,dobry,FG1714,0,zly
FG2744,130,dobry,FG2744,0,zly
FG2754,130,dobry,FG2754,0,zly
FG2774,118,umiarkowany,FG2774,0,zly
FG2784,145,bardzo dobry,FG2784,0,zly
FG2794,134,dobry,FG2794,0,zly
FG3704,134,dobry,FG3704,0,zly
FG3714,174,bardzo dobry,FG3714,0,zly
FG3724,137,dobry,FG3724,0,zly
FG3754,139,dobry,FG3754,0,zly
FG3764,135,dobry,FG3764,0,zly
FG3774,123,umiarkowany,FG3774,0,zly
FG3784,131,dobry,FG3784,0,zly
FG4714,135,dobry,FG4714,0,zly
FG4724,134,dobry,FG4724,0,zly
FG4734,137,dobry,FG4734,0,zly
FG4744,135,dobry,FG4744,0,zly
FG4754,130,dobry,FG4754,0,zly
FG4764,117,umiarkowany,FG4764,0,zly
FG4774,117,umiarkowany,FG4774,0,zly
FG4784,117,umiarkowany,FG4784,0,zly
FG0703,140,dobry,FG0703,0,zly
FG0723,122,umiarkowany,FG0723,0,zly
FG0743,139,dobry,FG0743,0,zly
FG0753,130,dobry,FG0753,0,zly
FG0763,127,dobry,FG0763,0,zly
FG0773,130,dobry,FG0773,0,zly
FG0783,120,umiarkowany,FG0783,0,zly
FG0793,136,dobry,FG0793,0,zly
FG1703,156,bardzo dobry,FG1703,0,zly
FG1713,160,bardzo dobry,FG1713,0,zly
FG2733,122,umiarkowany,FG2733,0,zly
FG2743,125,dobry,FG2743,0,zly
FG2763,119,umiarkowany,FG2763,0,zly
FG2773,139,dobry,FG2773,0,zly
FG2783,166,bardzo dobry,FG2783,0,zly
FG2793,168,bardzo dobry,FG2793,0,zly
FG3703,159,bardzo dobry,FG3703,0,zly
FG3713,171,bardzo dobry,FG3713,0,zly
FG3743,129,dobry,FG3743,0,zly
FG3753,130,dobry,FG3753,0,zly
FG3763,130,dobry,FG3763,0,zly
FG3773,124,dobry,FG3773,0,zly
FG3783,136,dobry,FG3783,0,zly
FG4703,147,bardzo dobry,FG4703,0,zly
FG4713,132,dobry,FG4713,0,zly
FG4723,133,dobry,FG4723,0,zly
FG4733,132,dobry,FG4733,0,zly
FG4743,126,dobry,FG4743,0,zly
FG4753,128,dobry,FG4753,0,zly
FG4773,121,umiarkowany,FG4773,0,zly
FG4783,126,dobry,FG4783,0,zly
FG0712,131,dobry,FG0712,0,zly
FG0722,132,dobry,FG0722,0,zly
FG0742,131,dobry,FG0742,0,zly
FG0752,127,dobry,FG0752,0,zly
FG0762,129,dobry,FG0762,0,zly
FG0772,124,dobry,FG0772,0,zly
FG1792,135,dobry,FG1792,0,zly
FG2702,138,dobry,FG2702,0,zly
FG2712,133,dobry,FG2712,0,zly
FG2722,127,dobry,FG2722,0,zly
FG2792,155,bardzo dobry,FG2792,0,zly
FG3702,163,bardzo dobry,FG3702,0,zly
FG3742,123,umiarkowany,FG3742,0,zly
FG3752,136,dobry,FG3752,0,zly
FG3762,136,dobry,FG3762,0,zly
FG3772,124,dobry,FG3772,0,zly
FG3792,139,dobry,FG3792,0,zly
FG4702,133,dobry,FG4702,0,zly
FG4712,127,dobry,FG4712,0,zly
FG4722,131,dobry,FG4722,0,zly
FG4732,147,bardzo dobry,FG4732,0,zly
FG4752,118,umiarkowany,FG4752,0,zly
FG0711,131,dobry,FG0711,0,zly
FG0721,144,bardzo dobry,FG0721,0,zly
FG0741,123,umiarkowany,FG0741,0,zly
FG0751,117,umiarkowany,FG0751,0,zly
FG0761,128,dobry,FG0761,0,zly
FG0771,130,dobry,FG0771,0,zly
FG0781,128,dobry,FG0781,0,zly
FG1791,135,dobry,FG1791,0,zly
FG2701,177,bardzo dobry,FG2701,0,zly
FG2791,123,umiarkowany,FG2791,0,zly
FG3701,127,dobry,FG3701,0,zly
FG3741,136,dobry,FG3741,0,zly
FG3751,143,bardzo dobry,FG3751,0,zly
FG3761,138,dobry,FG3761,0,zly
FG3771,136,dobry,FG3771,0,zly
FG3791,145,bardzo dobry,FG3791,0,zly
FG4701,139,dobry,FG4701,0,zly
FG4711,127,dobry,FG4711,0,zly
FG4721,120,umiarkowany,FG4721,0,zly
FG4751,134,dobry,FG4751,0,zly
FG4761,117,umiarkowany,FG4761,0,zly
FG0607,130,dobry,FG0607,0,zly
FG0617,130,dobry,FG0617,0,zly
FG0627,125,dobry,FG0627,0,zly
FG0637,135,dobry,FG0637,0,zly
FG0647,123,umiarkowany,FG0647,0,zly
FG1677,136,dobry,FG1677,0,zly
FG1687,114,umiarkowany,FG1687,0,zly
FG2657,130,dobry,FG2657,0,zly
FG2667,124,dobry,FG2667,0,zly
FG2677,130,dobry,FG2677,0,zly
FG2687,119,umiarkowany,FG2687,0,zly
FG2697,152,bardzo dobry,FG2697,0,zly
FG3617,122,umiarkowany,FG3617,0,zly
FG3627,134,dobry,FG3627,0,zly
FG3637,135,dobry,FG3637,0,zly
FG3647,137,dobry,FG3647,0,zly
FG3657,133,dobry,FG3657,0,zly
FG3677,132,dobry,FG3677,0,zly
FG3687,143,bardzo dobry,FG3687,0,zly
FG4617,124,dobry,FG4617,0,zly
FG4627,136,dobry,FG4627,0,zly
FG4637,132,dobry,FG4637,0,zly
FG4647,138,dobry,FG4647,0,zly
FG0606,120,umiarkowany,FG0606,0,zly
FG0616,124,dobry,FG0616,0,zly
FG0626,116,umiarkowany,FG0626,0,zly
FG0636,120,umiarkowany,FG0636,0,zly
FG1616,175,bardzo dobry,FG1616,0,zly
FG1626,125,dobry,FG1626,0,zly
FG1676,135,dobry,FG1676,0,zly
FG3636,123,umiarkowany,FG3636,0,zly
FG3646,126,dobry,FG3646,0,zly
FG3656,142,bardzo dobry,FG3656,0,zly
FG3666,131,dobry,FG3666,0,zly
FG3676,132,dobry,FG3676,0,zly
FG3696,136,dobry,FG3696,0,zly
FG4606,140,dobry,FG4606,0,zly
FG4616,125,dobry,FG4616,0,zly
FG4626,131,dobry,FG4626,0,zly
FG0605,120,umiarkowany,FG0605,0,zly
FG0615,127,dobry,FG0615,0,zly
FG0625,121,umiarkowany,FG0625,0,zly
FG0665,146,bardzo dobry,FG0665,0,zly
FG0675,128,dobry,FG0675,0,zly
FG0695,121,umiarkowany,FG0695,0,zly
FG1615,170,bardzo dobry,FG1615,0,zly
FG1625,133,dobry,FG1625,0,zly
FG1675,151,bardzo dobry,FG1675,0,zly
FG2625,117,umiarkowany,FG2625,0,zly
FG2635,124,dobry,FG2635,0,zly
FG2655,133,dobry,FG2655,0,zly
FG3635,139,dobry,FG3635,0,zly
FG3645,133,dobry,FG3645,0,zly
FG3655,141,dobry,FG3655,0,zly
FG3665,127,dobry,FG3665,0,zly
FG3675,128,dobry,FG3675,0,zly
FG3685,136,dobry,FG3685,0,zly
FG3695,137,dobry,FG3695,0,zly
FG0604,117,umiarkowany,FG0604,0,zly
FG0614,127,dobry,FG0614,0,zly
FG0694,131,dobry,FG0694,0,zly
FG1604,119,umiarkowany,FG1604,0,zly
FG1614,184,bardzo dobry,FG1614,0,zly
FG1624,171,bardzo dobry,FG1624,0,zly
FG2624,116,umiarkowany,FG2624,0,zly
FG2634,126,dobry,FG2634,0,zly
FG2654,119,umiarkowany,FG2654,0,zly
FG2664,137,dobry,FG2664,0,zly
FG3664,134,dobry,FG3664,0,zly
FG3674,127,dobry,FG3674,0,zly
FG3684,133,dobry,FG3684,0,zly
FG3694,135,dobry,FG3694,0,zly
FG4604,133,dobry,FG4604,0,zly
FG4614,135,dobry,FG4614,0,zly
FG0603,117,umiarkowany,FG0603,0,zly
FG0613,181,bardzo dobry,FG0613,0,zly
FG0633,178,bardzo dobry,FG0633,0,zly
FG0643,132,dobry,FG0643,0,zly
FG0683,130,dobry,FG0683,0,zly
FG0693,126,dobry,FG0693,0,zly
FG1603,136,dobry,FG1603,0,zly
FG1633,176,bardzo dobry,FG1633,0,zly
FG1643,133,dobry,FG1643,0,zly
FG2623,126,dobry,FG2623,0,zly
FG2633,136,dobry,FG2633,0,zly
FG3623,120,umiarkowany,FG3623,0,zly
FG3633,138,dobry,FG3633,0,zly
FG3643,134,dobry,FG3643,0,zly
FG3673,127,dobry,FG3673,0,zly
FG3683,121,umiarkowany,FG3683,0,zly
FG4603,126,dobry,FG4603,0,zly
FG4598,130,dobry,FG4598,0,zly
FG0612,175,bardzo dobry,FG0612,0,zly
FG0632,119,umiarkowany,FG0632,0,zly
FG0642,144,bardzo dobry,FG0642,0,zly
FG0682,131,dobry,FG0682,0,zly
FG0692,127,dobry,FG0692,0,zly
FG1602,150,bardzo dobry,FG1602,0,zly
FG1612,136,dobry,FG1612,0,zly
FG1632,179,bardzo dobry,FG1632,0,zly
FG1642,129,dobry,FG1642,0,zly
FG2622,135,dobry,FG2622,0,zly
FG2632,130,dobry,FG2632,0,zly
FG3622,125,dobry,FG3622,0,zly
FG3632,134,dobry,FG3632,0,zly
FG3642,124,dobry,FG3642,0,zly
FG3672,128,dobry,FG3672,0,zly
FG0631,124,dobry,FG0631,0,zly
FG0641,137,dobry,FG0641,0,zly
FG0671,117,umiarkowany,FG0671,0,zly
FG0681,124,dobry,FG0681,0,zly
FG0691,130,dobry,FG0691,0,zly
FG1601,141,dobry,FG1601,0,zly
FG1611,189,bardzo dobry,FG1611,0,zly
FG1631,180,bardzo dobry,FG1631,0,zly
FG2621,128,dobry,FG2621,0,zly
FG2631,122,umiarkowany,FG2631,0,zly
FG2641,137,dobry,FG2641,0,zly
FG2651,136,dobry,FG2651,0,zly
FG2691,149,bardzo dobry,FG2691,0,zly
FG3601,145,bardzo dobry,FG3601,0,zly
FG3611,128,dobry,FG3611,0,zly
FG3621,126,dobry,FG3621,0,zly
FG3631,128,dobry,FG3631,0,zly
FG3641,111,umiarkowany,FG3641,0,zly
FG3651,116,umiarkowany,FG3651,0,zly
FG3661,121,umiarkowany,FG3661,0,zly
FG3671,132,dobry,FG3671,0,zly
FG3681,136,dobry,FG3681,0,zly
FG3691,129,dobry,FG3691,0,zly
FG4601,142,bardzo dobry,FG4601,0,zly
FG4611,132,dobry,FG4611,0,zly
FG0600,103,slaby,FG0600,0,zly
FG0660,119,umiarkowany,FG0660,0,zly
FG0670,134,dobry,FG0670,0,zly
FG1600,127,dobry,FG1600,0,zly
FG1610,177,bardzo dobry,FG1610,0,zly
FG1620,180,bardzo dobry,FG1620,0,zly
FG2600,118,umiarkowany,FG2600,0,zly
FG2610,134,dobry,FG2610,0,zly
FG2620,122,umiarkowany,FG2620,0,zly
FG2650,139,dobry,FG2650,0,zly
FG2690,156,bardzo dobry,FG2690,0,zly
FG3600,154,bardzo dobry,FG3600,0,zly
FG3610,127,dobry,FG3610,0,zly
FG3620,133,dobry,FG3620,0,zly
FG3640,128,dobry,FG3640,0,zly
FG3650,124,dobry,FG3650,0,zly
FG3660,120,umiarkowany,FG3660,0,zly
FG3670,130,dobry,FG3670,0,zly
FG3680,127,dobry,FG3680,0,zly
FG3690,127,dobry,FG3690,0,zly
FG4600,121,umiarkowany,FG4600,0,zly
FG0509,116,umiarkowany,FG0509,0,zly
FG0519,121,umiarkowany,FG0519,0,zly
FG0559,127,dobry,FG0559,0,zly
FG0569,127,dobry,FG0569,0,zly
FG0579,122,umiarkowany,FG0579,0,zly
FG1509,136,dobry,FG1509,0,zly
FG1519,135,dobry,FG1519,0,zly
FG1529,136,dobry,FG1529,0,zly
FG2509,138,dobry,FG2509,0,zly
FG2519,124,dobry,FG2519,0,zly
FG2569,143,bardzo dobry,FG2569,0,zly
FG3509,163,bardzo dobry,FG3509,0,zly
FG3519,141,dobry,FG3519,0,zly
FG3529,128,dobry,FG3529,0,zly
FG3559,125,dobry,FG3559,0,zly
FG3569,133,dobry,FG3569,0,zly
FG3579,142,bardzo dobry,FG3579,0,zly
FG3589,133,dobry,FG3589,0,zly
FG4519,127,dobry,FG4519,0,zly
FG0548,115,umiarkowany,FG0548,0,zly
FG0558,121,umiarkowany,FG0558,0,zly
FG0568,120,umiarkowany,FG0568,0,zly
FG1518,127,dobry,FG1518,0,zly
FG1528,108,umiarkowany,FG1528,0,zly
FG1598,136,dobry,FG1598,0,zly
FG2508,133,dobry,FG2508,0,zly
FG2518,118,umiarkowany,FG2518,0,zly
FG2568,145,bardzo dobry,FG2568,0,zly
FG2588,140,dobry,FG2588,0,zly
FG2598,127,dobry,FG2598,0,zly
FG3508,166,bardzo dobry,FG3508,0,zly
FG3568,168,bardzo dobry,FG3568,0,zly
FG3578,137,dobry,FG3578,0,zly
FG4508,135,dobry,FG4508,0,zly
FG4518,135,dobry,FG4518,0,zly
FG4548,126,dobry,FG4548,0,zly
FG4558,121,umiarkowany,FG4558,0,zly
FG4568,123,umiarkowany,FG4568,0,zly
FG0507,118,umiarkowany,FG0507,0,zly
FG0547,109,umiarkowany,FG0547,0,zly
FG0557,114,umiarkowany,FG0557,0,zly
FG0577,136,dobry,FG0577,0,zly
FG0587,130,dobry,FG0587,0,zly
FG0597,145,bardzo dobry,FG0597,0,zly
FG2557,147,bardzo dobry,FG2557,0,zly
FG2567,147,bardzo dobry,FG2567,0,zly
FG2577,145,bardzo dobry,FG2577,0,zly
FG2587,130,dobry,FG2587,0,zly
FG2597,126,dobry,FG2597,0,zly
FG3577,174,bardzo dobry,FG3577,0,zly
FG3597,125,dobry,FG3597,0,zly
FG4507,132,dobry,FG4507,0,zly
FG4517,131,dobry,FG4517,0,zly
FG4537,126,dobry,FG4537,0,zly
FG4547,131,dobry,FG4547,0,zly
FG4557,158,bardzo dobry,FG4557,0,zly
FG4567,155,bardzo dobry,FG4567,0,zly
FG4577,126,dobry,FG4577,0,zly
FG4587,126,dobry,FG4587,0,zly
FG0536,122,umiarkowany,FG0536,0,zly
FG1506,145,bardzo dobry,FG1506,0,zly
FG2556,141,dobry,FG2556,0,zly
FG2566,137,dobry,FG2566,0,zly
FG2576,136,dobry,FG2576,0,zly
FG2586,129,dobry,FG2586,0,zly
FG2596,127,dobry,FG2596,0,zly
FG3506,123,umiarkowany,FG3506,0,zly
FG3536,134,dobry,FG3536,0,zly
FG3546,132,dobry,FG3546,0,zly
FG3566,131,dobry,FG3566,0,zly
FG3596,177,bardzo dobry,FG3596,0,zly
FG4506,176,bardzo dobry,FG4506,0,zly
FG4516,170,bardzo dobry,FG4516,0,zly
FG4526,139,dobry,FG4526,0,zly
FG4536,164,bardzo dobry,FG4536,0,zly
FG4546,165,bardzo dobry,FG4546,0,zly
FG4556,150,bardzo dobry,FG4556,0,zly
FG4566,158,bardzo dobry,FG4566,0,zly
FG4576,162,bardzo dobry,FG4576,0,zly
FG4586,167,bardzo dobry,FG4586,0,zly
FG2545,133,dobry,FG2545,0,zly
FG2555,134,dobry,FG2555,0,zly
FG2565,130,dobry,FG2565,0,zly
FG2575,128,dobry,FG2575,0,zly
FG3535,137,dobry,FG3535,0,zly
FG3545,122,umiarkowany,FG3545,0,zly
FG3555,127,dobry,FG3555,0,zly
FG3575,124,dobry,FG3575,0,zly
FG3585,145,bardzo dobry,FG3585,0,zly
FG3595,138,dobry,FG3595,0,zly
FG4505,112,umiarkowany,FG4505,0,zly
FG4515,176,bardzo dobry,FG4515,0,zly
FG4525,180,bardzo dobry,FG4525,0,zly
FG4535,166,bardzo dobry,FG4535,0,zly
FG4545,167,bardzo dobry,FG4545,0,zly
FG4555,123,umiarkowany,FG4555,0,zly
FG4565,126,dobry,FG4565,0,zly
FG4575,127,dobry,FG4575,0,zly
FG4585,124,dobry,FG4585,0,zly
FG4595,123,umiarkowany,FG4595,0,zly
FG4591,137,dobry,FG4591,0,zly
FG4592,135,dobry,FG4592,0,zly
FG0504,133,dobry,FG0504,0,zly
FG2544,122,umiarkowany,FG2544,0,zly
FG2554,128,dobry,FG2554,0,zly
FG2564,128,dobry,FG2564,0,zly
FG2574,119,umiarkowany,FG2574,0,zly
FG2584,126,dobry,FG2584,0,zly
FG2594,138,dobry,FG2594,0,zly
FG3534,137,dobry,FG3534,0,zly
FG3544,123,umiarkowany,FG3544,0,zly
FG3574,130,dobry,FG3574,0,zly
FG3584,128,dobry,FG3584,0,zly
FG3594,128,dobry,FG3594,0,zly
FG4504,137,dobry,FG4504,0,zly
FG4514,129,dobry,FG4514,0,zly
FG4524,122,umiarkowany,FG4524,0,zly
FG4534,125,dobry,FG4534,0,zly
FG4544,130,dobry,FG4544,0,zly
FG4554,127,dobry,FG4554,0,zly
FG4564,138,dobry,FG4564,0,zly
FG0503,129,dobry,FG0503,0,zly
FG0513,124,dobry,FG0513,0,zly
FG0553,133,dobry,FG0553,0,zly
FG0563,130,dobry,FG0563,0,zly
FG2553,132,dobry,FG2553,0,zly
FG2583,119,umiarkowany,FG2583,0,zly
FG2593,126,dobry,FG2593,0,zly
FG3533,139,dobry,FG3533,0,zly
FG3543,118,umiarkowany,FG3543,0,zly
FG3563,149,bardzo dobry,FG3563,0,zly
FG3573,139,dobry,FG3573,0,zly
FG3583,127,dobry,FG3583,0,zly
FG3593,128,dobry,FG3593,0,zly
FG4503,133,dobry,FG4503,0,zly
FG4513,136,dobry,FG4513,0,zly
FG4533,120,umiarkowany,FG4533,0,zly
FG4543,148,bardzo dobry,FG4543,0,zly
FG4553,142,bardzo dobry,FG4553,0,zly
FG0502,129,dobry,FG0502,0,zly
FG0512,134,dobry,FG0512,0,zly
FG0522,136,dobry,FG0522,0,zly
FG0532,128,dobry,FG0532,0,zly
FG0542,122,umiarkowany,FG0542,0,zly
FG2522,145,bardzo dobry,FG2522,0,zly
FG2532,128,dobry,FG2532,0,zly
FG3522,137,dobry,FG3522,0,zly
FG3532,129,dobry,FG3532,0,zly
FG3542,125,dobry,FG3542,0,zly
FG3552,127,dobry,FG3552,0,zly
FG3562,136,dobry,FG3562,0,zly
FG3572,139,dobry,FG3572,0,zly
FG3582,131,dobry,FG3582,0,zly
FG3592,132,dobry,FG3592,0,zly
FG4502,130,dobry,FG4502,0,zly
FG4532,141,dobry,FG4532,0,zly
FG4542,161,bardzo dobry,FG4542,0,zly
FG4582,134,dobry,FG4582,0,zly
FG0501,129,dobry,FG0501,0,zly
FG0511,122,umiarkowany,FG0511,0,zly
FG0521,137,dobry,FG0521,0,zly
FG0531,119,umiarkowany,FG0531,0,zly
FG0541,94,slaby,FG0541,0,zly
FG2521,134,dobry,FG2521,0,zly
FG3511,131,dobry,FG3511,0,zly
FG3541,132,dobry,FG3541,0,zly
FG3551,127,dobry,FG3551,0,zly
FG3561,127,dobry,FG3561,0,zly
FG3571,133,dobry,FG3571,0,zly
FG4501,127,dobry,FG4501,0,zly
FG4511,123,umiarkowany,FG4511,0,zly
FG4521,137,dobry,FG4521,0,zly
FG4531,128,dobry,FG4531,0,zly
FG4541,120,umiarkowany,FG4541,0,zly
FG4571,136,dobry,FG4571,0,zly
FG4581,137,dobry,FG4581,0,zly
FG0500,113,umiarkowany,FG0500,0,zly
FG0520,143,bardzo dobry,FG0520,0,zly
FG3510,137,dobry,FG3510,0,zly
FG3520,127,dobry,FG3520,0,zly
FG3530,137,dobry,FG3530,0,zly
FG3540,129,dobry,FG3540,0,zly
FG3550,136,dobry,FG3550,0,zly
FG3560,134,dobry,FG3560,0,zly
FG4510,145,bardzo dobry,FG4510,0,zly
FG4520,131,dobry,FG4520,0,zly
FG4550,116,umiarkowany,FG4550,0,zly
FG4560,129,dobry,FG4560,0,zly
FG4570,126,dobry,FG4570,0,zly
FG4580,127,dobry,FG4580,0,zly
FG1489,141,dobry,FG1489,0,zly
FG1499,141,dobry,FG1499,0,zly
FG2469,145,bardzo dobry,FG2469,0,zly
FG3409,122,umiarkowany,FG3409,0,zly
FG3419,116,umiarkowany,FG3419,0,zly
FG3429,132,dobry,FG3429,0,zly
FG3439,138,dobry,FG3439,0,zly
FG3449,139,dobry,FG3449,0,zly
FG3459,148,bardzo dobry,FG3459,0,zly
FG3469,129,dobry,FG3469,0,zly
FG3479,118,umiarkowany,FG3479,0,zly
FG3489,151,bardzo dobry,FG3489,0,zly
FG4449,124,dobry,FG4449,0,zly
FG4459,132,dobry,FG4459,0,zly
FG4469,131,dobry,FG4469,0,zly
FG4479,128,dobry,FG4479,0,zly
FG1488,135,dobry,FG1488,0,zly
FG1498,141,dobry,FG1498,0,zly
FG2468,142,bardzo dobry,FG2468,0,zly
FG2478,148,bardzo dobry,FG2478,0,zly
FG2488,147,bardzo dobry,FG2488,0,zly
FG2498,142,bardzo dobry,FG2498,0,zly
FG3408,135,dobry,FG3408,0,zly
FG3418,125,dobry,FG3418,0,zly
FG3428,134,dobry,FG3428,0,zly
FG3438,127,dobry,FG3438,0,zly
FG3448,135,dobry,FG3448,0,zly
FG3458,159,bardzo dobry,FG3458,0,zly
FG4418,127,dobry,FG4418,0,zly
FG4428,132,dobry,FG4428,0,zly
FG4438,124,dobry,FG4438,0,zly
FG4448,130,dobry,FG4448,0,zly
FG4458,129,dobry,FG4458,0,zly
FG0447,131,dobry,FG0447,0,zly
FG0457,115,umiarkowany,FG0457,0,zly
FG1477,137,dobry,FG1477,0,zly
FG1487,136,dobry,FG1487,0,zly
FG2467,124,dobry,FG2467,0,zly
FG2477,136,dobry,FG2477,0,zly
FG2487,141,dobry,FG2487,0,zly
FG2497,131,dobry,FG2497,0,zly
FG3407,127,dobry,FG3407,0,zly
FG3417,130,dobry,FG3417,0,zly
FG3427,134,dobry,FG3427,0,zly
FG3437,139,dobry,FG3437,0,zly
FG3447,146,bardzo dobry,FG3447,0,zly
FG3497,134,dobry,FG3497,0,zly
FG4407,132,dobry,FG4407,0,zly
FG4417,124,dobry,FG4417,0,zly
FG4427,129,dobry,FG4427,0,zly
FG4437,121,umiarkowany,FG4437,0,zly
FG4447,122,umiarkowany,FG4447,0,zly
FG1375,115,umiarkowany,FG1375,0,zly
FG1385,100,slaby,FG1385,0,zly
FG1395,116,umiarkowany,FG1395,0,zly
FG1396,114,umiarkowany,FG1396,0,zly
FG2306,115,umiarkowany,FG2306,0,zly
FG2316,112,umiarkowany,FG2316,0,zly
FG2325,127,dobry,FG2325,0,zly
FG2326,125,dobry,FG2326,0,zly
FG2335,124,dobry,FG2335,0,zly
FG2336,123,umiarkowany,FG2336,0,zly
FG2345,124,dobry,FG2345,0,zly
FG2346,123,umiarkowany,FG2346,0,zly
FG2355,133,dobry,FG2355,0,zly
FG2356,133,dobry,FG2356,0,zly
FG2365,129,dobry,FG2365,0,zly
FG2366,137,dobry,FG2366,0,zly
FG2375,124,dobry,FG2375,0,zly
FG2376,127,dobry,FG2376,0,zly
FG2385,110,umiarkowany,FG2385,0,zly
FG2386,123,umiarkowany,FG2386,0,zly
FG2395,120,umiarkowany,FG2395,0,zly
FG2396,127,dobry,FG2396,0,zly
FG3306,141,dobry,FG3306,0,zly
FG3316,152,bardzo dobry,FG3316,0,zly
FG1384,121,umiarkowany,FG1384,0,zly
FG1394,119,umiarkowany,FG1394,0,zly
FG2304,108,umiarkowany,FG2304,0,zly
FG2314,124,dobry,FG2314,0,zly
FG2354,125,dobry,FG2354,0,zly
FG2364,117,umiarkowany,FG2364,0,zly
FG2384,104,slaby,FG2384,0,zly
FG2394,124,dobry,FG2394,0,zly
FG1383,112,umiarkowany,FG1383,0,zly
FG1393,116,umiarkowany,FG1393,0,zly
FG2313,123,umiarkowany,FG2313,0,zly
FG2353,138,dobry,FG2353,0,zly
FG2363,121,umiarkowany,FG2363,0,zly
FG0446,121,umiarkowany,FG0446,0,zly
FG1476,142,bardzo dobry,FG1476,0,zly
FG2436,129,dobry,FG2436,0,zly
FG2446,137,dobry,FG2446,0,zly
FG2456,145,bardzo dobry,FG2456,0,zly
FG2466,127,dobry,FG2466,0,zly
FG2476,126,dobry,FG2476,0,zly
FG2486,133,dobry,FG2486,0,zly
FG2496,124,dobry,FG2496,0,zly
FG3406,131,dobry,FG3406,0,zly
FG3416,128,dobry,FG3416,0,zly
FG3426,132,dobry,FG3426,0,zly
FG3436,135,dobry,FG3436,0,zly
FG3476,131,dobry,FG3476,0,zly
FG3486,137,dobry,FG3486,0,zly
FG3496,134,dobry,FG3496,0,zly
FG4406,133,dobry,FG4406,0,zly
FG0435,132,dobry,FG0435,0,zly
FG0445,128,dobry,FG0445,0,zly
FG0455,107,slaby,FG0455,0,zly
FG1475,129,dobry,FG1475,0,zly
FG2435,136,dobry,FG2435,0,zly
FG2445,136,dobry,FG2445,0,zly
FG2455,133,dobry,FG2455,0,zly
FG2465,124,dobry,FG2465,0,zly
FG2475,126,dobry,FG2475,0,zly
FG2485,126,dobry,FG2485,0,zly
FG2495,123,umiarkowany,FG2495,0,zly
FG3405,129,dobry,FG3405,0,zly
FG3415,129,dobry,FG3415,0,zly
FG3425,140,dobry,FG3425,0,zly
FG3465,144,bardzo dobry,FG3465,0,zly
FG3475,136,dobry,FG3475,0,zly
FG3485,130,dobry,FG3485,0,zly
FG3495,133,dobry,FG3495,0,zly
FG0424,146,bardzo dobry,FG0424,0,zly
FG0434,127,dobry,FG0434,0,zly
FG0444,114,umiarkowany,FG0444,0,zly
FG1474,127,dobry,FG1474,0,zly
FG2424,127,dobry,FG2424,0,zly
FG2434,127,dobry,FG2434,0,zly
FG2444,130,dobry,FG2444,0,zly
FG2454,136,dobry,FG2454,0,zly
FG2464,127,dobry,FG2464,0,zly
FG2474,126,dobry,FG2474,0,zly
FG2484,121,umiarkowany,FG2484,0,zly
FG2494,123,umiarkowany,FG2494,0,zly
FG3404,131,dobry,FG3404,0,zly
FG3414,140,dobry,FG3414,0,zly
FG3424,150,bardzo dobry,FG3424,0,zly
FG3454,142,bardzo dobry,FG3454,0,zly
FG0413,122,umiarkowany,FG0413,0,zly
FG0423,129,dobry,FG0423,0,zly
FG0433,132,dobry,FG0433,0,zly
FG0463,114,umiarkowany,FG0463,0,zly
FG0473,129,dobry,FG0473,0,zly
FG2413,124,dobry,FG2413,0,zly
FG2423,132,dobry,FG2423,0,zly
FG2433,133,dobry,FG2433,0,zly
FG2443,131,dobry,FG2443,0,zly
FG2463,128,dobry,FG2463,0,zly
FG2473,120,umiarkowany,FG2473,0,zly
FG2483,129,dobry,FG2483,0,zly
FG2493,133,dobry,FG2493,0,zly
FG3403,134,dobry,FG3403,0,zly
FG3413,127,dobry,FG3413,0,zly
FG3423,150,bardzo dobry,FG3423,0,zly
FG3453,138,dobry,FG3453,0,zly
FG0412,136,dobry,FG0412,0,zly
FG0422,124,dobry,FG0422,0,zly
FG0462,136,dobry,FG0462,0,zly
FG0472,133,dobry,FG0472,0,zly
FG2412,167,bardzo dobry,FG2412,0,zly
FG2422,158,bardzo dobry,FG2422,0,zly
FG2432,161,bardzo dobry,FG2432,0,zly
FG2452,133,dobry,FG2452,0,zly
FG2462,122,umiarkowany,FG2462,0,zly
FG2472,126,dobry,FG2472,0,zly
FG2482,141,dobry,FG2482,0,zly
FG2492,127,dobry,FG2492,0,zly
FG3402,141,dobry,FG3402,0,zly
FG3412,171,bardzo dobry,FG3412,0,zly
FG3422,144,bardzo dobry,FG3422,0,zly
FG3452,142,bardzo dobry,FG3452,0,zly
FG0401,130,dobry,FG0401,0,zly
FG0411,152,bardzo dobry,FG0411,0,zly
FG0451,130,dobry,FG0451,0,zly
FG1441,120,umiarkowany,FG1441,0,zly
FG2411,155,bardzo dobry,FG2411,0,zly
FG2421,158,bardzo dobry,FG2421,0,zly
FG2431,167,bardzo dobry,FG2431,0,zly
FG2441,154,bardzo dobry,FG2441,0,zly
FG2451,122,umiarkowany,FG2451,0,zly
FG2461,128,dobry,FG2461,0,zly
FG2471,126,dobry,FG2471,0,zly
FG2481,122,umiarkowany,FG2481,0,zly
FG2491,127,dobry,FG2491,0,zly
FG3401,157,bardzo dobry,FG3401,0,zly
FG3411,169,bardzo dobry,FG3411,0,zly
FG3451,151,bardzo dobry,FG3451,0,zly
FG0400,135,dobry,FG0400,0,zly
FG0410,136,dobry,FG0410,0,zly
FG0440,132,dobry,FG0440,0,zly
FG2410,121,umiarkowany,FG2410,0,zly
FG2420,136,dobry,FG2420,0,zly
FG2430,137,dobry,FG2430,0,zly
FG2440,154,bardzo dobry,FG2440,0,zly
FG2460,147,bardzo dobry,FG2460,0,zly
FG2470,145,bardzo dobry,FG2470,0,zly
FG2480,159,bardzo dobry,FG2480,0,zly
FG2490,165,bardzo dobry,FG2490,0,zly
FG3400,158,bardzo dobry,FG3400,0,zly
FG3440,127,dobry,FG3440,0,zly
FG0309,127,dobry,FG0309,0,zly
FG2309,125,dobry,FG2309,0,zly
FG2319,126,dobry,FG2319,0,zly
FG2329,136,dobry,FG2329,0,zly
FG2339,150,bardzo dobry,FG2339,0,zly
FG2349,130,dobry,FG2349,0,zly
FG2359,135,dobry,FG2359,0,zly
FG2369,129,dobry,FG2369,0,zly
FG2379,123,umiarkowany,FG2379,0,zly
FG2389,127,dobry,FG2389,0,zly
FG2399,128,dobry,FG2399,0,zly
FG3309,128,dobry,FG3309,0,zly
FG3319,140,dobry,FG3319,0,zly
FG3329,150,bardzo dobry,FG3329,0,zly
FG3349,125,dobry,FG3349,0,zly
FG1398,114,umiarkowany,FG1398,0,zly
FG2308,126,dobry,FG2308,0,zly
FG2318,126,dobry,FG2318,0,zly
FG2328,130,dobry,FG2328,0,zly
FG2338,132,dobry,FG2338,0,zly
FG2358,132,dobry,FG2358,0,zly
FG2368,130,dobry,FG2368,0,zly
FG2378,120,umiarkowany,FG2378,0,zly
FG2388,124,dobry,FG2388,0,zly
FG3308,130,dobry,FG3308,0,zly
FG3318,129,dobry,FG3318,0,zly
FG3328,133,dobry,FG3328,0,zly
FG3338,128,dobry,FG3338,0,zly
FG3348,144,bardzo dobry,FG3348,0,zly
FG1397,107,slaby,FG1397,0,zly
FG2307,128,dobry,FG2307,0,zly
FG2317,123,umiarkowany,FG2317,0,zly
FG2327,125,dobry,FG2327,0,zly
FG2337,132,dobry,FG2337,0,zly
FG2367,133,dobry,FG2367,0,zly
FG2377,123,umiarkowany,FG2377,0,zly
FG2387,129,dobry,FG2387,0,zly
FG2397,132,dobry,FG2397,0,zly
FG3307,133,dobry,FG3307,0,zly
FG3317,131,dobry,FG3317,0,zly
FG3347,157,bardzo dobry,FG3347,0,zly
FG1382,96,slaby,FG1382,0,zly
FG2332,129,dobry,FG2332,0,zly
FG2352,135,dobry,FG2352,0,zly
FG2362,117,umiarkowany,FG2362,0,zly
FG2372,120,umiarkowany,FG2372,0,zly
FG2382,124,dobry,FG2382,0,zly
FG1381,93,slaby,FG1381,0,zly
FG1391,117,umiarkowany,FG1391,0,zly
FG2331,126,dobry,FG2331,0,zly
FG2341,132,dobry,FG2341,0,zly
FG2361,126,dobry,FG2361,0,zly
FG2371,123,umiarkowany,FG2371,0,zly
FG2381,136,dobry,FG2381,0,zly
FG2391,129,dobry,FG2391,0,zly
FG3311,132,dobry,FG3311,0,zly
FG1350,126,dobry,FG1350,0,zly
FG1370,121,umiarkowany,FG1370,0,zly
FG1380,118,umiarkowany,FG1380,0,zly
FG2330,130,dobry,FG2330,0,zly
FG2340,127,dobry,FG2340,0,zly
FG2350,141,dobry,FG2350,0,zly
FG2360,127,dobry,FG2360,0,zly
FG1279,115,umiarkowany,FG1279,0,zly
FG2259,137,dobry,FG2259,0,zly
FG2269,124,dobry,FG2269,0,zly
FG1278,133,dobry,FG1278,0,zly
FG2218,132,dobry,FG2218,0,zly
FG2228,129,dobry,FG2228,0,zly
FG2238,136,dobry,FG2238,0,zly
FG2258,139,dobry,FG2258,0,zly
FG1277,128,dobry,FG1277,0,zly
FG2217,118,umiarkowany,FG2217,0,zly
FG2227,136,dobry,FG2227,0,zly
FG2237,136,dobry,FG2237,0,zly
FG2257,132,dobry,FG2257,0,zly
FG2267,137,dobry,FG2267,0,zly
FG2277,147,bardzo dobry,FG2277,0,zly
FG2287,181,bardzo dobry,FG2287,0,zly
FG2297,138,dobry,FG2297,0,zly
FG1198,131,dobry,FG1198,0,zly
FG2108,129,dobry,FG2108,0,zly
FG2109,121,umiarkowany,FG2109,0,zly
FG2118,133,dobry,FG2118,0,zly
FG2128,127,dobry,FG2128,0,zly
FG2138,129,dobry,FG2138,0,zly
FG2148,132,dobry,FG2148,0,zly
FG2149,131,dobry,FG2149,0,zly
FG2158,130,dobry,FG2158,0,zly
FG2159,125,dobry,FG2159,0,zly
FG2168,129,dobry,FG2168,0,zly
FG2169,133,dobry,FG2169,0,zly
FG3108,149,bardzo dobry,FG3108,0,zly
FG3109,141,dobry,FG3109,0,zly
FG3118,129,dobry,FG3118,0,zly
FG3119,139,dobry,FG3119,0,zly
FG3128,125,dobry,FG3128,0,zly
FG1270,129,dobry,FG1270,0,zly
FG2200,128,dobry,FG2200,0,zly
FG2201,133,dobry,FG2201,0,zly
FG2210,128,dobry,FG2210,0,zly
FG2211,126,dobry,FG2211,0,zly
FG2221,119,umiarkowany,FG2221,0,zly
FG2231,121,umiarkowany,FG2231,0,zly
FG2260,126,dobry,FG2260,0,zly
FG2271,122,umiarkowany,FG2271,0,zly
FG3200,154,bardzo dobry,FG3200,0,zly
FG3210,138,dobry,FG3210,0,zly
FG1254,121,umiarkowany,FG1254,0,zly
FG1264,127,dobry,FG1264,0,zly
FG2214,152,bardzo dobry,FG2214,0,zly
FG2215,159,bardzo dobry,FG2215,0,zly
FG2225,127,dobry,FG2225,0,zly
FG2234,163,bardzo dobry,FG2234,0,zly
FG2235,164,bardzo dobry,FG2235,0,zly
FG2244,137,dobry,FG2244,0,zly
FG2254,131,dobry,FG2254,0,zly
FG2264,131,dobry,FG2264,0,zly
FG2265,146,bardzo dobry,FG2265,0,zly
FG2274,129,dobry,FG2274,0,zly
FG2275,126,dobry,FG2275,0,zly
FG2285,135,dobry,FG2285,0,zly
FG1226,128,dobry,FG1226,0,zly
FG1266,124,dobry,FG1266,0,zly
FG1276,132,dobry,FG1276,0,zly
FG2216,130,dobry,FG2216,0,zly
FG2226,135,dobry,FG2226,0,zly
FG2236,137,dobry,FG2236,0,zly
FG2276,176,bardzo dobry,FG2276,0,zly
FG2296,123,umiarkowany,FG2296,0,zly
FG1273,125,dobry,FG1273,0,zly
FG2203,126,dobry,FG2203,0,zly
FG2213,126,dobry,FG2213,0,zly
FG2223,113,umiarkowany,FG2223,0,zly
FG2233,128,dobry,FG2233,0,zly
FG2243,135,dobry,FG2243,0,zly
FG2253,138,dobry,FG2253,0,zly
FG2263,124,dobry,FG2263,0,zly
FG2293,145,bardzo dobry,FG2293,0,zly
FG2202,132,dobry,FG2202,0,zly
FG2212,129,dobry,FG2212,0,zly
FG2222,121,umiarkowany,FG2222,0,zly
FG2232,126,dobry,FG2232,0,zly
FG2242,116,umiarkowany,FG2242,0,zly
FG2282,124,dobry,FG2282,0,zly
FG1197,134,dobry,FG1197,0,zly
FG2107,126,dobry,FG2107,0,zly
FG2117,127,dobry,FG2117,0,zly
FG2127,133,dobry,FG2127,0,zly
FG2137,141,dobry,FG2137,0,zly
FG2147,132,dobry,FG2147,0,zly
FG2157,141,dobry,FG2157,0,zly
FG2167,132,dobry,FG2167,0,zly
FG2177,133,dobry,FG2177,0,zly
FG2197,128,dobry,FG2197,0,zly
FG3107,129,dobry,FG3107,0,zly
FG3117,125,dobry,FG3117,0,zly
FG3127,136,dobry,FG3127,0,zly
FG1196,129,dobry,FG1196,0,zly
FG2106,134,dobry,FG2106,0,zly
FG2116,142,bardzo dobry,FG2116,0,zly
FG2146,124,dobry,FG2146,0,zly
FG2186,128,dobry,FG2186,0,zly
FG2196,142,bardzo dobry,FG2196,0,zly
FG3106,143,bardzo dobry,FG3106,0,zly
FG3116,125,dobry,FG3116,0,zly
FG1185,139,dobry,FG1185,0,zly
FG1195,127,dobry,FG1195,0,zly
FG2105,141,dobry,FG2105,0,zly
FG2135,131,dobry,FG2135,0,zly
FG2145,129,dobry,FG2145,0,zly
FG2155,163,bardzo dobry,FG2155,0,zly
FG2175,150,bardzo dobry,FG2175,0,zly
FG2195,146,bardzo dobry,FG2195,0,zly
FG3105,133,dobry,FG3105,0,zly
FG3115,127,dobry,FG3115,0,zly
FG1174,145,bardzo dobry,FG1174,0,zly
FG1184,133,dobry,FG1184,0,zly
FG1194,125,dobry,FG1194,0,zly
FG2134,177,bardzo dobry,FG2134,0,zly
FG2144,169,bardzo dobry,FG2144,0,zly
FG2154,173,bardzo dobry,FG2154,0,zly
FG2164,146,bardzo dobry,FG2164,0,zly
FG2174,138,dobry,FG2174,0,zly
FG2184,126,dobry,FG2184,0,zly
FG2194,144,bardzo dobry,FG2194,0,zly
FG3104,135,dobry,FG3104,0,zly
FG3114,134,dobry,FG3114,0,zly
FG1173,128,dobry,FG1173,0,zly
FG2113,127,dobry,FG2113,0,zly
FG2123,129,dobry,FG2123,0,zly
FG2133,128,dobry,FG2133,0,zly
FG2143,114,umiarkowany,FG2143,0,zly
FG2153,170,bardzo dobry,FG2153,0,zly
FG2163,132,dobry,FG2163,0,zly
FG2173,124,dobry,FG2173,0,zly
FG2183,122,umiarkowany,FG2183,0,zly
FG2193,127,dobry,FG2193,0,zly
FG3103,136,dobry,FG3103,0,zly
FG3113,131,dobry,FG3113,0,zly
FG1162,129,dobry,FG1162,0,zly
FG2102,140,dobry,FG2102,0,zly
FG2112,120,umiarkowany,FG2112,0,zly
FG2122,123,umiarkowany,FG2122,0,zly
FG2132,127,dobry,FG2132,0,zly
FG2142,138,dobry,FG2142,0,zly
FG2152,167,bardzo dobry,FG2152,0,zly
FG2162,132,dobry,FG2162,0,zly
FG2172,124,dobry,FG2172,0,zly
FG2182,117,umiarkowany,FG2182,0,zly
FG2101,129,dobry,FG2101,0,zly
FG2111,100,slaby,FG2111,0,zly
FG2121,125,dobry,FG2121,0,zly
FG2131,137,dobry,FG2131,0,zly
FG2151,155,bardzo dobry,FG2151,0,zly
FG2161,137,dobry,FG2161,0,zly
FG2171,123,umiarkowany,FG2171,0,zly
FG2181,122,umiarkowany,FG2181,0,zly
FG3131,119,umiarkowany,FG3131,0,zly
FG1150,163,bardzo dobry,FG1150,0,zly
FG1180,128,dobry,FG1180,0,zly
FG2100,128,dobry,FG2100,0,zly
FG2110,131,dobry,FG2110,0,zly
FG2120,120,umiarkowany,FG2120,0,zly
FG2130,112,umiarkowany,FG2130,0,zly
FG2150,144,bardzo dobry,FG2150,0,zly
FG2160,156,bardzo dobry,FG2160,0,zly
FG2170,129,dobry,FG2170,0,zly
FG2180,122,umiarkowany,FG2180,0,zly
FG3120,126,dobry,FG3120,0,zly
FG3130,134,dobry,FG3130,0,zly
FG3140,116,umiarkowany,FG3140,0,zly
FG3150,73,slaby,FG3150,0,zly
FG1043,127,dobry,FG1043,0,zly
FG1044,136,dobry,FG1044,0,zly
FG1053,120,umiarkowany,FG1053,0,zly
FG1054,118,umiarkowany,FG1054,0,zly
FG1063,125,dobry,FG1063,0,zly
FG1064,122,umiarkowany,FG1064,0,zly
FG1073,126,dobry,FG1073,0,zly
FG1074,121,umiarkowany,FG1074,0,zly
FG1083,141,dobry,FG1083,0,zly
FG1084,133,dobry,FG1084,0,zly
FG1094,135,dobry,FG1094,0,zly
FG2003,134,dobry,FG2003,0,zly
FG2004,139,dobry,FG2004,0,zly
FG2013,130,dobry,FG2013,0,zly
FG2014,146,bardzo dobry,FG2014,0,zly
FG2023,134,dobry,FG2023,0,zly
FG2024,150,bardzo dobry,FG2024,0,zly
FG2033,122,umiarkowany,FG2033,0,zly
FG2034,140,dobry,FG2034,0,zly
FG2044,127,dobry,FG2044,0,zly
FG2054,129,dobry,FG2054,0,zly
FG2093,129,dobry,FG2093,0,zly
FG2094,124,dobry,FG2094,0,zly
FG3013,124,dobry,FG3013,0,zly
FG3023,130,dobry,FG3023,0,zly
FG3024,139,dobry,FG3024,0,zly
FG3033,133,dobry,FG3033,0,zly
FG3034,127,dobry,FG3034,0,zly
FG3044,126,dobry,FG3044,0,zly
FG1059,129,dobry,FG1059,0,zly
FG2009,128,dobry,FG2009,0,zly
FG2019,122,umiarkowany,FG2019,0,zly
FG2029,132,dobry,FG2029,0,zly
FG2049,164,bardzo dobry,FG2049,0,zly
FG2059,128,dobry,FG2059,0,zly
FG2069,147,bardzo dobry,FG2069,0,zly
FG2079,143,bardzo dobry,FG2079,0,zly
FG3019,124,dobry,FG3019,0,zly
FG3029,117,umiarkowany,FG3029,0,zly
FG3059,118,umiarkowany,FG3059,0,zly
FG1058,115,umiarkowany,FG1058,0,zly
FG2008,130,dobry,FG2008,0,zly
FG2018,128,dobry,FG2018,0,zly
FG2048,128,dobry,FG2048,0,zly
FG2058,125,dobry,FG2058,0,zly
FG2068,123,umiarkowany,FG2068,0,zly
FG2078,123,umiarkowany,FG2078,0,zly
FG3008,124,dobry,FG3008,0,zly
FG3018,133,dobry,FG3018,0,zly
FG3028,123,umiarkowany,FG3028,0,zly
FG3058,119,umiarkowany,FG3058,0,zly
FG1077,124,dobry,FG1077,0,zly
FG1087,134,dobry,FG1087,0,zly
FG1097,139,dobry,FG1097,0,zly
FG2007,129,dobry,FG2007,0,zly
FG2017,120,umiarkowany,FG2017,0,zly
FG2027,123,umiarkowany,FG2027,0,zly
FG2057,135,dobry,FG2057,0,zly
FG3007,136,dobry,FG3007,0,zly
FG3017,146,bardzo dobry,FG3017,0,zly
FG3047,131,dobry,FG3047,0,zly
FG3057,120,umiarkowany,FG3057,0,zly
FG1066,116,umiarkowany,FG1066,0,zly
FG1076,126,dobry,FG1076,0,zly
FG1086,124,dobry,FG1086,0,zly
FG1096,132,dobry,FG1096,0,zly
FG2006,134,dobry,FG2006,0,zly
FG2016,154,bardzo dobry,FG2016,0,zly
FG2056,149,bardzo dobry,FG2056,0,zly
FG2096,148,bardzo dobry,FG2096,0,zly
FG3006,158,bardzo dobry,FG3006,0,zly
FG3036,137,dobry,FG3036,0,zly
FG3046,120,umiarkowany,FG3046,0,zly
FG3056,118,umiarkowany,FG3056,0,zly
FG1055,130,dobry,FG1055,0,zly
FG1065,117,umiarkowany,FG1065,0,zly
FG1075,126,dobry,FG1075,0,zly
FG1085,123,umiarkowany,FG1085,0,zly
FG1095,134,dobry,FG1095,0,zly
FG2005,146,bardzo dobry,FG2005,0,zly
FG2035,145,bardzo dobry,FG2035,0,zly
FG2045,165,bardzo dobry,FG2045,0,zly
FG2055,183,bardzo dobry,FG2055,0,zly
FG2095,145,bardzo dobry,FG2095,0,zly
FG3005,149,bardzo dobry,FG3005,0,zly
FG3025,136,dobry,FG3025,0,zly
FG3035,134,dobry,FG3035,0,zly
FG3045,119,umiarkowany,FG3045,0,zly
FG3055,116,umiarkowany,FG3055,0,zly
FG1042,130,dobry,FG1042,0,zly
FG1052,122,umiarkowany,FG1052,0,zly
FG3002,160,bardzo dobry,FG3002,0,zly
FG3012,163,bardzo dobry,FG3012,0,zly
FG3032,147,bardzo dobry,FG3032,0,zly
FG1021,128,dobry,FG1021,0,zly
FG1031,123,umiarkowany,FG1031,0,zly
FG1041,138,dobry,FG1041,0,zly
FG1051,125,dobry,FG1051,0,zly
FG1010,151,bardzo dobry,FG1010,0,zly
FG1020,130,dobry,FG1020,0,zly
FG1030,123,umiarkowany,FG1030,0,zly
FG1040,127,dobry,FG1040,0,zly
FG1050,125,dobry,FG1050,0,zly
GF5140,128,dobry,GF5140,0,zly
GF5030,122,umiarkowany,GF5030,0,zly
GF5130,120,umiarkowany,GF5130,0,zly
GF5131,119,umiarkowany,GF5131,0,zly
GF5020,152,bardzo dobry,GF5020,0,zly
GF5022,150,bardzo dobry,GF5022,0,zly
GF5023,144,bardzo dobry,GF5023,0,zly
GF5025,124,dobry,GF5025,0,zly
GF5026,116,umiarkowany,GF5026,0,zly
GF5027,118,umiarkowany,GF5027,0,zly
GF5028,115,umiarkowany,GF5028,0,zly
GF5029,129,dobry,GF5029,0,zly
GF5120,140,dobry,GF5120,0,zly
GF5121,131,dobry,GF5121,0,zly
GF5122,121,umiarkowany,GF5122,0,zly
GF9052,154,bardzo dobry,GF9052,0,zly
GF9040,143,bardzo dobry,GF9040,0,zly
GF9030,124,dobry,GF9030,0,zly
GF9021,123,umiarkowany,GF9021,0,zly
GF8060,116,umiarkowany,GF8060,0,zly
GF8070,62,slaby,GF8070,0,zly
GF5012,129,dobry,GF5012,0,zly
GF5013,129,dobry,GF5013,0,zly
GF5014,121,umiarkowany,GF5014,0,zly
GF5015,124,dobry,GF5015,0,zly
GF5016,111,umiarkowany,GF5016,0,zly
GF5017,122,umiarkowany,GF5017,0,zly
GF5018,130,dobry,GF5018,0,zly
GF5019,125,dobry,GF5019,0,zly
GF5110,122,umiarkowany,GF5110,0,zly
GF5111,145,bardzo dobry,GF5111,0,zly
GF5112,122,umiarkowany,GF5112,0,zly
GF5113,103,slaby,GF5113,0,zly
GF5318,135,dobry,GF5318,0,zly
GF5000,129,dobry,GF5000,0,zly
GF5001,119,umiarkowany,GF5001,0,zly
GF5002,134,dobry,GF5002,0,zly
GF5003,135,dobry,GF5003,0,zly
GF5004,129,dobry,GF5004,0,zly
GF5005,130,dobry,GF5005,0,zly
GF5006,130,dobry,GF5006,0,zly
GF5007,124,dobry,GF5007,0,zly
GF5008,118,umiarkowany,GF5008,0,zly
GF5009,124,dobry,GF5009,0,zly
GF5100,126,dobry,GF5100,0,zly
GF5101,152,bardzo dobry,GF5101,0,zly
GF5102,117,umiarkowany,GF5102,0,zly
GF5308,137,dobry,GF5308,0,zly
GF5309,125,dobry,GF5309,0,zly
GF4090,151,bardzo dobry,GF4090,0,zly
GF4092,125,dobry,GF4092,0,zly
GF4093,130,dobry,GF4093,0,zly
GF4094,144,bardzo dobry,GF4094,0,zly
GF4095,130,dobry,GF4095,0,zly
GF4096,125,dobry,GF4096,0,zly
GF4097,129,dobry,GF4097,0,zly
GF4098,118,umiarkowany,GF4098,0,zly
GF4099,113,umiarkowany,GF4099,0,zly
GF4190,112,umiarkowany,GF4190,0,zly
GF4191,127,dobry,GF4191,0,zly
GF4398,110,umiarkowany,GF4398,0,zly
GF4399,95,slaby,GF4399,0,zly
GF4490,51,zly,GF4490,0,zly
GF4407,38,zly,GF4407,0,zly
GF4417,133,dobry,GF4417,0,zly
GF4480,116,umiarkowany,GF4480,0,zly
GF4481,65,slaby,GF4481,0,zly
GF4080,134,dobry,GF4080,0,zly
GF4084,143,bardzo dobry,GF4084,0,zly
GF4085,143,bardzo dobry,GF4085,0,zly
GF4086,137,dobry,GF4086,0,zly
GF4087,146,bardzo dobry,GF4087,0,zly
GF4088,131,dobry,GF4088,0,zly
GF4089,140,dobry,GF4089,0,zly
GF4180,121,umiarkowany,GF4180,0,zly
GF2323,163,bardzo dobry,GF2323,0,zly
GF2333,125,dobry,GF2333,0,zly
GF2334,152,bardzo dobry,GF2334,0,zly
GF2343,52,zly,GF2343,0,zly
GF2344,132,dobry,GF2344,0,zly
GF2353,107,slaby,GF2353,0,zly
GF2354,45,zly,GF2354,0,zly
GF2363,111,umiarkowany,GF2363,0,zly
GF2364,111,umiarkowany,GF2364,0,zly
GF2373,121,umiarkowany,GF2373,0,zly
GF2383,52,zly,GF2383,0,zly
GF2393,138,dobry,GF2393,0,zly
GF2394,132,dobry,GF2394,0,zly
GF3303,118,umiarkowany,GF3303,0,zly
GF3304,55,zly,GF3304,0,zly
GF3313,129,dobry,GF3313,0,zly
GF3323,155,bardzo dobry,GF3323,0,zly
GF3324,132,dobry,GF3324,0,zly
GF3333,123,umiarkowany,GF3333,0,zly
GF3334,147,bardzo dobry,GF3334,0,zly
GF3343,119,umiarkowany,GF3343,0,zly
GF3344,128,dobry,GF3344,0,zly
GF3354,133,dobry,GF3354,0,zly
GF3373,139,dobry,GF3373,0,zly
GF3374,134,dobry,GF3374,0,zly
GF3383,141,dobry,GF3383,0,zly
GF3384,139,dobry,GF3384,0,zly
GF3393,110,umiarkowany,GF3393,0,zly
GF3394,53,zly,GF3394,0,zly
GF4303,64,slaby,GF4303,0,zly
GF4304,110,umiarkowany,GF4304,0,zly
GF4313,111,umiarkowany,GF4313,0,zly
GF4314,116,umiarkowany,GF4314,0,zly
GF4323,95,slaby,GF4323,0,zly
GF4324,103,slaby,GF4324,0,zly
GF2352,41,zly,GF2352,0,zly
GF2362,127,dobry,GF2362,0,zly
GF2372,137,dobry,GF2372,0,zly
GF2382,53,zly,GF2382,0,zly
GF3302,119,umiarkowany,GF3302,0,zly
GF3312,146,bardzo dobry,GF3312,0,zly
GF3322,144,bardzo dobry,GF3322,0,zly
GF3332,57,zly,GF3332,0,zly
GF3342,108,umiarkowany,GF3342,0,zly
GF3372,142,bardzo dobry,GF3372,0,zly
GF3382,142,bardzo dobry,GF3382,0,zly
GF3392,124,dobry,GF3392,0,zly
GF4302,130,dobry,GF4302,0,zly
GF2446,132,dobry,GF2446,0,zly
GF2456,131,dobry,GF2456,0,zly
GF4406,116,umiarkowany,GF4406,0,zly
GF4416,135,dobry,GF4416,0,zly
GF4436,133,dobry,GF4436,0,zly
GF2455,144,bardzo dobry,GF2455,0,zly
GF4435,136,dobry,GF4435,0,zly
GF4403,131,dobry,GF4403,0,zly
GF4453,109,umiarkowany,GF4453,0,zly
GF2402,138,dobry,GF2402,0,zly
GF2412,126,dobry,GF2412,0,zly
GF2422,51,zly,GF2422,0,zly
GF2492,122,umiarkowany,GF2492,0,zly
GF3412,109,umiarkowany,GF3412,0,zly
GF4402,142,bardzo dobry,GF4402,0,zly
GF4432,142,bardzo dobry,GF4432,0,zly
GF4442,133,dobry,GF4442,0,zly
GF4452,125,dobry,GF4452,0,zly
GF4462,115,umiarkowany,GF4462,0,zly
GF1471,48,zly,GF1471,0,zly
GF2401,132,dobry,GF2401,0,zly
GF2411,140,dobry,GF2411,0,zly
GF2421,89,slaby,GF2421,0,zly
GF2431,56,zly,GF2431,0,zly
GF2461,157,bardzo dobry,GF2461,0,zly
GF2471,159,bardzo dobry,GF2471,0,zly
GF2491,154,bardzo dobry,GF2491,0,zly
GF3401,158,bardzo dobry,GF3401,0,zly
GF3411,113,umiarkowany,GF3411,0,zly
GF3421,105,slaby,GF3421,0,zly
GF3491,118,umiarkowany,GF3491,0,zly
GF4401,113,umiarkowany,GF4401,0,zly
GF4431,127,dobry,GF4431,0,zly
GF4441,124,dobry,GF4441,0,zly
GF4451,122,umiarkowany,GF4451,0,zly
GF4461,124,dobry,GF4461,0,zly
GF4471,57,zly,GF4471,0,zly
GF1480,51,zly,GF1480,0,zly
GF1490,50,zly,GF1490,0,zly
GF2400,66,slaby,GF2400,0,zly
GF2410,132,dobry,GF2410,0,zly
GF2420,133,dobry,GF2420,0,zly
GF2430,115,umiarkowany,GF2430,0,zly
GF2460,156,bardzo dobry,GF2460,0,zly
GF2470,168,bardzo dobry,GF2470,0,zly
GF2480,170,bardzo dobry,GF2480,0,zly
GF2490,166,bardzo dobry,GF2490,0,zly
GF3410,145,bardzo dobry,GF3410,0,zly
GF3420,137,dobry,GF3420,0,zly
GF3430,108,umiarkowany,GF3430,0,zly
GF3460,148,bardzo dobry,GF3460,0,zly
GF3470,65,slaby,GF3470,0,zly
GF3480,141,dobry,GF3480,0,zly
GF3490,121,umiarkowany,GF3490,0,zly
GF4400,53,zly,GF4400,0,zly
GF4410,104,slaby,GF4410,0,zly
GF4440,65,slaby,GF4440,0,zly
GF4450,118,umiarkowany,GF4450,0,zly
GF4460,111,umiarkowany,GF4460,0,zly
GF4470,117,umiarkowany,GF4470,0,zly
GF1389,116,umiarkowany,GF1389,0,zly
GF1399,131,dobry,GF1399,0,zly
GF2309,49,zly,GF2309,0,zly
GF2339,107,slaby,GF2339,0,zly
GF2359,147,bardzo dobry,GF2359,0,zly
GF2369,158,bardzo dobry,GF2369,0,zly
GF2399,143,bardzo dobry,GF2399,0,zly
GF3329,128,dobry,GF3329,0,zly
GF3339,53,zly,GF3339,0,zly
GF3389,135,dobry,GF3389,0,zly
GF4309,49,zly,GF4309,0,zly
GF4319,118,umiarkowany,GF4319,0,zly
GF4339,122,umiarkowany,GF4339,0,zly
GF4349,69,slaby,GF4349,0,zly
GF4359,52,zly,GF4359,0,zly
GF4369,118,umiarkowany,GF4369,0,zly
GF4379,121,umiarkowany,GF4379,0,zly
GF2398,74,slaby,GF2398,0,zly
GF3328,143,bardzo dobry,GF3328,0,zly
GF3338,111,umiarkowany,GF3338,0,zly
GF3358,109,umiarkowany,GF3358,0,zly
GF3398,146,bardzo dobry,GF3398,0,zly
GF4318,146,bardzo dobry,GF4318,0,zly
GF4328,114,umiarkowany,GF4328,0,zly
GF4358,115,umiarkowany,GF4358,0,zly
GF4368,114,umiarkowany,GF4368,0,zly
GF4378,119,umiarkowany,GF4378,0,zly
GF1397,120,umiarkowany,GF1397,0,zly
GF3337,55,zly,GF3337,0,zly
GF3347,105,slaby,GF3347,0,zly
GF3357,124,dobry,GF3357,0,zly
GF3397,123,umiarkowany,GF3397,0,zly
GF4327,121,umiarkowany,GF4327,0,zly
GF4337,112,umiarkowany,GF4337,0,zly
GF4347,139,dobry,GF4347,0,zly
GF4357,114,umiarkowany,GF4357,0,zly
GF4367,114,umiarkowany,GF4367,0,zly
GF4377,111,umiarkowany,GF4377,0,zly
GF4387,106,slaby,GF4387,0,zly
GF1396,62,slaby,GF1396,0,zly
GF2356,135,dobry,GF2356,0,zly
GF2366,51,zly,GF2366,0,zly
GF2376,45,zly,GF2376,0,zly
GF2386,41,zly,GF2386,0,zly
GF3326,132,dobry,GF3326,0,zly
GF3336,116,umiarkowany,GF3336,0,zly
GF3346,125,dobry,GF3346,0,zly
GF3356,129,dobry,GF3356,0,zly
GF4326,116,umiarkowany,GF4326,0,zly
GF4346,118,umiarkowany,GF4346,0,zly
GF4356,112,umiarkowany,GF4356,0,zly
GF4366,116,umiarkowany,GF4366,0,zly
GF1395,108,umiarkowany,GF1395,0,zly
GF2305,112,umiarkowany,GF2305,0,zly
GF2345,156,bardzo dobry,GF2345,0,zly
GF2355,58,slaby,GF2355,0,zly
GF2365,46,zly,GF2365,0,zly
GF2375,44,zly,GF2375,0,zly
GF3305,48,zly,GF3305,0,zly
GF3325,135,dobry,GF3325,0,zly
GF3335,147,bardzo dobry,GF3335,0,zly
GF3345,123,umiarkowany,GF3345,0,zly
GF3355,124,dobry,GF3355,0,zly
GF3385,126,dobry,GF3385,0,zly
GF3395,123,umiarkowany,GF3395,0,zly
GF4305,128,dobry,GF4305,0,zly
GF4325,106,slaby,GF4325,0,zly
GF4355,108,umiarkowany,GF4355,0,zly
GF4070,131,dobry,GF4070,0,zly
GF4072,109,umiarkowany,GF4072,0,zly
GF4073,113,umiarkowany,GF4073,0,zly
GF4074,128,dobry,GF4074,0,zly
GF4075,139,dobry,GF4075,0,zly
GF4076,132,dobry,GF4076,0,zly
GF4077,149,bardzo dobry,GF4077,0,zly
GF4078,123,umiarkowany,GF4078,0,zly
GF4079,134,dobry,GF4079,0,zly
GF4170,129,dobry,GF4170,0,zly
GF2361,124,dobry,GF2361,0,zly
GF2371,150,bardzo dobry,GF2371,0,zly
GF2381,60,slaby,GF2381,0,zly
GF3301,133,dobry,GF3301,0,zly
GF3311,139,dobry,GF3311,0,zly
GF3321,125,dobry,GF3321,0,zly
GF3331,111,umiarkowany,GF3331,0,zly
GF3341,91,slaby,GF3341,0,zly
GF3381,141,dobry,GF3381,0,zly
GF3391,135,dobry,GF3391,0,zly
GF4301,125,dobry,GF4301,0,zly
GF4311,113,umiarkowany,GF4311,0,zly
GF2360,140,dobry,GF2360,0,zly
GF2370,156,bardzo dobry,GF2370,0,zly
GF2380,138,dobry,GF2380,0,zly
GF2390,115,umiarkowany,GF2390,0,zly
GF3300,144,bardzo dobry,GF3300,0,zly
GF3310,134,dobry,GF3310,0,zly
GF3320,131,dobry,GF3320,0,zly
GF3330,111,umiarkowany,GF3330,0,zly
GF3360,124,dobry,GF3360,0,zly
GF3390,148,bardzo dobry,GF3390,0,zly
GF4300,110,umiarkowany,GF4300,0,zly
GF4310,102,slaby,GF4310,0,zly
GF2269,143,bardzo dobry,GF2269,0,zly
GF2279,142,bardzo dobry,GF2279,0,zly
GF2289,141,dobry,GF2289,0,zly
GF2299,108,umiarkowany,GF2299,0,zly
GF3209,141,dobry,GF3209,0,zly
GF3219,114,umiarkowany,GF3219,0,zly
GF3229,122,umiarkowany,GF3229,0,zly
GF3269,123,umiarkowany,GF3269,0,zly
GF3279,109,umiarkowany,GF3279,0,zly
GF3289,131,dobry,GF3289,0,zly
GF3299,113,umiarkowany,GF3299,0,zly
GF4209,96,slaby,GF4209,0,zly
GF4219,107,slaby,GF4219,0,zly
GF2268,141,dobry,GF2268,0,zly
GF2278,134,dobry,GF2278,0,zly
GF2298,112,umiarkowany,GF2298,0,zly
GF3208,145,bardzo dobry,GF3208,0,zly
GF3218,111,umiarkowany,GF3218,0,zly
GF3248,119,umiarkowany,GF3248,0,zly
GF3268,118,umiarkowany,GF3268,0,zly
GF3278,107,slaby,GF3278,0,zly
GF3288,124,dobry,GF3288,0,zly
GF2267,139,dobry,GF2267,0,zly
GF2277,141,dobry,GF2277,0,zly
GF2297,115,umiarkowany,GF2297,0,zly
GF3207,147,bardzo dobry,GF3207,0,zly
GF3217,123,umiarkowany,GF3217,0,zly
GF3247,118,umiarkowany,GF3247,0,zly
GF3257,109,umiarkowany,GF3257,0,zly
GF3267,111,umiarkowany,GF3267,0,zly
GF2276,146,bardzo dobry,GF2276,0,zly
GF2286,128,dobry,GF2286,0,zly
GF2296,123,umiarkowany,GF2296,0,zly
GF3206,153,bardzo dobry,GF3206,0,zly
GF3246,121,umiarkowany,GF3246,0,zly
GF2275,135,dobry,GF2275,0,zly
GF2285,120,umiarkowany,GF2285,0,zly
GF2295,147,bardzo dobry,GF2295,0,zly
GF2284,137,dobry,GF2284,0,zly
GF2294,132,dobry,GF2294,0,zly
GF3204,143,bardzo dobry,GF3204,0,zly
GF2283,129,dobry,GF2283,0,zly
GF3203,122,umiarkowany,GF3203,0,zly
GF2282,134,dobry,GF2282,0,zly
GF3202,98,slaby,GF3202,0,zly
GF3272,95,slaby,GF3272,0,zly
GF2281,131,dobry,GF2281,0,zly
GF3201,103,slaby,GF3201,0,zly
GF2280,124,dobry,GF2280,0,zly
GF2189,133,dobry,GF2189,0,zly
GF4060,149,bardzo dobry,GF4060,0,zly
GF4061,151,bardzo dobry,GF4061,0,zly
GF4050,146,bardzo dobry,GF4050,0,zly
GF3095,134,dobry,GF3095,0,zly
GF3096,124,dobry,GF3096,0,zly
GF4005,123,umiarkowany,GF4005,0,zly
GF4006,120,umiarkowany,GF4006,0,zly
GF4015,143,bardzo dobry,GF4015,0,zly
GF4016,125,dobry,GF4016,0,zly
GF4025,139,dobry,GF4025,0,zly
GF4026,120,umiarkowany,GF4026,0,zly
GF4035,125,dobry,GF4035,0,zly
GF4036,133,dobry,GF4036,0,zly
GF4045,117,umiarkowany,GF4045,0,zly
GF4046,152,bardzo dobry,GF4046,0,zly
GF4055,131,dobry,GF4055,0,zly
GF4056,156,bardzo dobry,GF4056,0,zly
GF3014,99,slaby,GF3014,0,zly
GF3024,111,umiarkowany,GF3024,0,zly
GF3034,132,dobry,GF3034,0,zly
GF3044,143,bardzo dobry,GF3044,0,zly
GF3054,131,dobry,GF3054,0,zly
GF3094,138,dobry,GF3094,0,zly
GF4004,113,umiarkowany,GF4004,0,zly
GF4014,134,dobry,GF4014,0,zly
GF4024,158,bardzo dobry,GF4024,0,zly
GF4034,138,dobry,GF4034,0,zly
GF4044,131,dobry,GF4044,0,zly
GF4054,115,umiarkowany,GF4054,0,zly
GF3013,102,slaby,GF3013,0,zly
GF3023,114,umiarkowany,GF3023,0,zly
GF3033,139,dobry,GF3033,0,zly
GF3043,151,bardzo dobry,GF3043,0,zly
GF3053,132,dobry,GF3053,0,zly
GF3093,130,dobry,GF3093,0,zly
GF4003,127,dobry,GF4003,0,zly
GF4013,130,dobry,GF4013,0,zly
GF4023,141,dobry,GF4023,0,zly
GF4033,148,bardzo dobry,GF4033,0,zly
GF4043,128,dobry,GF4043,0,zly
GF4053,136,dobry,GF4053,0,zly
GF4063,122,umiarkowany,GF4063,0,zly
GF4114,100,slaby,GF4114,0,zly
GF4124,107,slaby,GF4124,0,zly
GF4113,122,umiarkowany,GF4113,0,zly
GF4123,122,umiarkowany,GF4123,0,zly
GF4133,111,umiarkowany,GF4133,0,zly
GF4153,128,dobry,GF4153,0,zly
GF4112,129,dobry,GF4112,0,zly
GF4122,131,dobry,GF4122,0,zly
GF4132,124,dobry,GF4132,0,zly
GF4142,145,bardzo dobry,GF4142,0,zly
GF4152,127,dobry,GF4152,0,zly
GF4111,121,umiarkowany,GF4111,0,zly
GF4121,116,umiarkowany,GF4121,0,zly
GF4131,116,umiarkowany,GF4131,0,zly
GF4141,122,umiarkowany,GF4141,0,zly
GF4151,131,dobry,GF4151,0,zly
GF4161,144,bardzo dobry,GF4161,0,zly
GF4110,117,umiarkowany,GF4110,0,zly
GF4120,123,umiarkowany,GF4120,0,zly
GF4130,118,umiarkowany,GF4130,0,zly
GF4140,103,slaby,GF4140,0,zly
GF4150,115,umiarkowany,GF4150,0,zly
GF4160,135,dobry,GF4160,0,zly
GF4019,118,umiarkowany,GF4019,0,zly
GF4029,114,umiarkowany,GF4029,0,zly
GF4039,135,dobry,GF4039,0,zly
GF4049,114,umiarkowany,GF4049,0,zly
GF4059,123,umiarkowany,GF4059,0,zly
GF4069,137,dobry,GF4069,0,zly
GF4008,116,umiarkowany,GF4008,0,zly
GF4018,119,umiarkowany,GF4018,0,zly
GF4028,111,umiarkowany,GF4028,0,zly
GF4038,143,bardzo dobry,GF4038,0,zly
GF4048,129,dobry,GF4048,0,zly
GF4058,130,dobry,GF4058,0,zly
GF4068,128,dobry,GF4068,0,zly
GF4007,106,slaby,GF4007,0,zly
GF4017,64,slaby,GF4017,0,zly
GF4027,116,umiarkowany,GF4027,0,zly
GF4037,127,dobry,GF4037,0,zly
GF4047,137,dobry,GF4047,0,zly
GF4057,154,bardzo dobry,GF4057,0,zly
GF4067,126,dobry,GF4067,0,zly
GF3022,114,umiarkowany,GF3022,0,zly
GF3032,147,bardzo dobry,GF3032,0,zly
GF3042,157,bardzo dobry,GF3042,0,zly
GF3052,118,umiarkowany,GF3052,0,zly
GF3062,129,dobry,GF3062,0,zly
GF3072,121,umiarkowany,GF3072,0,zly
GF3082,118,umiarkowany,GF3082,0,zly
GF3092,131,dobry,GF3092,0,zly
GF4002,130,dobry,GF4002,0,zly
GF4012,103,slaby,GF4012,0,zly
GF4022,124,dobry,GF4022,0,zly
GF4032,142,bardzo dobry,GF4032,0,zly
GF4042,137,dobry,GF4042,0,zly
GF4062,122,umiarkowany,GF4062,0,zly
GF3011,41,zly,GF3011,0,zly
GF3021,119,umiarkowany,GF3021,0,zly
GF3031,128,dobry,GF3031,0,zly
GF3041,115,umiarkowany,GF3041,0,zly
GF3051,120,umiarkowany,GF3051,0,zly
GF3061,114,umiarkowany,GF3061,0,zly
GF3071,56,zly,GF3071,0,zly
GF3081,133,dobry,GF3081,0,zly
GF3091,129,dobry,GF3091,0,zly
GF4001,147,bardzo dobry,GF4001,0,zly
GF4011,121,umiarkowany,GF4011,0,zly
GF4021,123,umiarkowany,GF4021,0,zly
GF4031,122,umiarkowany,GF4031,0,zly
GF4041,130,dobry,GF4041,0,zly
GF4051,149,bardzo dobry,GF4051,0,zly
GF3010,115,umiarkowany,GF3010,0,zly
GF3020,111,umiarkowany,GF3020,0,zly
GF3030,118,umiarkowany,GF3030,0,zly
GF3040,130,dobry,GF3040,0,zly
GF3050,141,dobry,GF3050,0,zly
GF3060,65,slaby,GF3060,0,zly
GF3070,128,dobry,GF3070,0,zly
GF3080,144,bardzo dobry,GF3080,0,zly
GF3090,151,bardzo dobry,GF3090,0,zly
GF4000,131,dobry,GF4000,0,zly
GF4010,137,dobry,GF4010,0,zly
GF4020,137,dobry,GF4020,0,zly
GF4030,123,umiarkowany,GF4030,0,zly
GF4040,119,umiarkowany,GF4040,0,zly
GG5010,128,dobry,GG5010,0,zly
GG5000,133,dobry,GG5000,0,zly
GG5001,133,dobry,GG5001,0,zly
GG4090,133,dobry,GG4090,0,zly
GG4092,132,dobry,GG4092,0,zly
GG4080,134,dobry,GG4080,0,zly
GG4081,127,dobry,GG4081,0,zly
GG4082,132,dobry,GG4082,0,zly
GG4070,123,umiarkowany,GG4070,0,zly
GG4071,132,dobry,GG4071,0,zly
GG4072,135,dobry,GG4072,0,zly
GG4060,129,dobry,GG4060,0,zly
GG3062,132,dobry,GG3062,0,zly
GG3072,149,bardzo dobry,GG3072,0,zly
GG3092,131,dobry,GG3092,0,zly
GG4002,124,dobry,GG4002,0,zly
GG4012,130,dobry,GG4012,0,zly
GG4022,141,dobry,GG4022,0,zly
GG4032,122,umiarkowany,GG4032,0,zly
GG4042,122,umiarkowany,GG4042,0,zly
GG3041,124,dobry,GG3041,0,zly
GG3051,135,dobry,GG3051,0,zly
GG3061,141,dobry,GG3061,0,zly
GG3071,150,bardzo dobry,GG3071,0,zly
GG3081,142,bardzo dobry,GG3081,0,zly
GG3091,125,dobry,GG3091,0,zly
GG4001,127,dobry,GG4001,0,zly
GG4011,134,dobry,GG4011,0,zly
GG0080,121,umiarkowany,GG0080,0,zly
GG3030,127,dobry,GG3030,0,zly
GG3070,142,bardzo dobry,GG3070,0,zly
GG3080,128,dobry,GG3080,0,zly
GG3090,127,dobry,GG3090,0,zly
GG4000,127,dobry,GG4000,0,zly
GG4010,139,dobry,GG4010,0,zly
GG4050,125,dobry,GG4050,0,zly
FF9691,0,zly,FF9691,165,bardzo dobry
FF9790,0,zly,FF9790,114,umiarkowany
FF9893,0,zly,FF9893,126,dobry
FF9999,0,zly,FF9999,124,dobry
FF9989,0,zly,FF9989,114,umiarkowany
FF5184,0,zly,FF5184,89,slaby
FF5174,0,zly,FF5174,109,umiarkowany
FF5185,0,zly,FF5185,91,slaby
FF5175,0,zly,FF5175,98,slaby
FF5176,0,zly,FF5176,113,umiarkowany
FF5187,0,zly,FF5187,126,dobry
FF5177,0,zly,FF5177,109,umiarkowany
FF5188,0,zly,FF5188,126,dobry
FF5178,0,zly,FF5178,119,dobry
FF5189,0,zly,FF5189,143,bardzo dobry
FF5270,0,zly,FF5270,114,umiarkowany
FF5271,0,zly,FF5271,103,umiarkowany
FF5282,0,zly,FF5282,121,dobry
FF5272,0,zly,FF5272,107,umiarkowany
FF5283,0,zly,FF5283,113,umiarkowany
FF5284,0,zly,FF5284,103,umiarkowany
FF5285,0,zly,FF5285,119,dobry
FF5275,0,zly,FF5275,129,dobry
FF5286,0,zly,FF5286,107,umiarkowany
FF5276,0,zly,FF5276,127,dobry
FF5382,0,zly,FF5382,112,umiarkowany
FF5372,0,zly,FF5372,96,slaby
FF5383,0,zly,FF5383,116,dobry
FF5373,0,zly,FF5373,114,umiarkowany
FF5374,0,zly,FF5374,99,slaby
FF5375,0,zly,FF5375,99,slaby
FF5376,0,zly,FF5376,108,umiarkowany
FF5377,0,zly,FF5377,89,slaby
FF5879,0,zly,FF5879,121,dobry
FF5980,0,zly,FF5980,135,bardzo dobry
FF5970,0,zly,FF5970,117,dobry
FF5981,0,zly,FF5981,110,umiarkowany
FF5971,0,zly,FF5971,114,umiarkowany
FF5972,0,zly,FF5972,177,bardzo dobry
FF5973,0,zly,FF5973,177,bardzo dobry
FF5974,0,zly,FF5974,117,dobry
FF5975,0,zly,FF5975,88,slaby
FF5976,0,zly,FF5976,102,umiarkowany
FF5977,0,zly,FF5977,103,umiarkowany
FF5978,0,zly,FF5978,91,slaby
FF5979,0,zly,FF5979,103,umiarkowany
FF5164,1,zly,FF5164,110,umiarkowany
FF5165,1,zly,FF5165,108,umiarkowany
FF5167,0,zly,FF5167,120,dobry
FF5168,0,zly,FF5168,121,dobry
FF5260,0,zly,FF5260,111,umiarkowany
FF5261,0,zly,FF5261,108,umiarkowany
FF5263,0,zly,FF5263,107,umiarkowany
FF5264,0,zly,FF5264,124,dobry
FF5265,0,zly,FF5265,127,dobry
FF5266,0,zly,FF5266,125,dobry
FF5267,0,zly,FF5267,125,dobry
FF5268,0,zly,FF5268,124,dobry
FF5362,0,zly,FF5362,96,slaby
FF5363,0,zly,FF5363,102,umiarkowany
FF5364,0,zly,FF5364,86,slaby
FF5365,0,zly,FF5365,98,slaby
FF5366,0,zly,FF5366,96,slaby
FF5367,0,zly,FF5367,104,umiarkowany
FF5368,0,zly,FF5368,122,dobry
FF5869,0,zly,FF5869,99,slaby
FF5960,0,zly,FF5960,104,umiarkowany
FF5961,0,zly,FF5961,118,dobry
FF5962,0,zly,FF5962,154,bardzo dobry
FF5963,0,zly,FF5963,160,bardzo dobry
FF5964,0,zly,FF5964,100,slaby
FF5965,0,zly,FF5965,114,umiarkowany
FF5966,0,zly,FF5966,125,dobry
FF5967,0,zly,FF5967,126,dobry
FF5968,0,zly,FF5968,107,umiarkowany
FF5969,0,zly,FF5969,120,dobry
FF5158,0,zly,FF5158,141,bardzo dobry
FF5251,0,zly,FF5251,108,umiarkowany
FF5256,0,zly,FF5256,105,umiarkowany
FF5257,0,zly,FF5257,112,umiarkowany
FF5258,0,zly,FF5258,112,umiarkowany
FF5259,0,zly,FF5259,104,umiarkowany
FF5351,0,zly,FF5351,106,umiarkowany
FF5352,0,zly,FF5352,104,umiarkowany
FF5353,0,zly,FF5353,106,umiarkowany
FF5354,0,zly,FF5354,107,umiarkowany
FF5355,0,zly,FF5355,103,umiarkowany
FF5356,0,zly,FF5356,95,slaby
FF5357,0,zly,FF5357,108,umiarkowany
FF5358,0,zly,FF5358,112,umiarkowany
FF5657,0,zly,FF5657,129,dobry
FF5658,0,zly,FF5658,134,bardzo dobry
FF5659,0,zly,FF5659,124,dobry
FF5750,0,zly,FF5750,144,bardzo dobry
FF5751,0,zly,FF5751,142,bardzo dobry
FF5752,0,zly,FF5752,148,bardzo dobry
FF5753,0,zly,FF5753,144,bardzo dobry
FF5754,0,zly,FF5754,158,bardzo dobry
FF5858,0,zly,FF5858,95,slaby
FF5859,0,zly,FF5859,97,slaby
FF5950,0,zly,FF5950,109,umiarkowany
FF5951,0,zly,FF5951,118,dobry
FF5952,0,zly,FF5952,157,bardzo dobry
FF5953,0,zly,FF5953,169,bardzo dobry
FF5954,0,zly,FF5954,107,umiarkowany
FF5143,0,zly,FF5143,132,bardzo dobry
FF5144,0,zly,FF5144,122,dobry
FF5145,0,zly,FF5145,126,dobry
FF5146,0,zly,FF5146,128,dobry
FF5147,0,zly,FF5147,135,bardzo dobry
FF5148,0,zly,FF5148,131,dobry
FF5241,0,zly,FF5241,119,dobry
FF5242,0,zly,FF5242,142,bardzo dobry
FF5244,0,zly,FF5244,121,dobry
FF5245,0,zly,FF5245,111,umiarkowany
FF5247,0,zly,FF5247,116,dobry
FF5347,0,zly,FF5347,117,dobry
FF5348,0,zly,FF5348,116,dobry
FF5647,0,zly,FF5647,123,dobry
FF5648,0,zly,FF5648,87,slaby
FF5649,0,zly,FF5649,88,slaby
FF5740,0,zly,FF5740,99,slaby
FF5741,0,zly,FF5741,116,dobry
FF5742,0,zly,FF5742,112,umiarkowany
FF5743,0,zly,FF5743,111,umiarkowany
FF5744,0,zly,FF5744,118,dobry
FF5745,0,zly,FF5745,122,dobry
FF5746,0,zly,FF5746,154,bardzo dobry
FF5747,0,zly,FF5747,135,bardzo dobry
FF5748,0,zly,FF5748,127,dobry
FF5749,0,zly,FF5749,157,bardzo dobry
FF5847,0,zly,FF5847,117,dobry
FF5848,0,zly,FF5848,103,umiarkowany
FF5849,0,zly,FF5849,111,umiarkowany
FF5940,0,zly,FF5940,116,dobry
FF5941,0,zly,FF5941,58,zly
FF5942,0,zly,FF5942,171,bardzo dobry
FF5943,0,zly,FF5943,129,dobry
FF5944,0,zly,FF5944,131,dobry
FF6261,0,zly,FF6261,102,umiarkowany
FF6251,0,zly,FF6251,108,umiarkowany
FF6262,0,zly,FF6262,102,umiarkowany
FF6252,0,zly,FF6252,110,umiarkowany
FF6263,0,zly,FF6263,107,umiarkowany
FF6253,0,zly,FF6253,112,umiarkowany
FF6254,0,zly,FF6254,116,dobry
FF6255,0,zly,FF6255,104,umiarkowany
FF6266,0,zly,FF6266,104,umiarkowany
FF6256,0,zly,FF6256,99,slaby
FF6207,0,zly,FF6207,115,umiarkowany
FF6208,0,zly,FF6208,96,slaby
FF6209,0,zly,FF6209,115,umiarkowany
FF6300,0,zly,FF6300,113,umiarkowany
FF6301,0,zly,FF6301,122,dobry
FF6302,0,zly,FF6302,89,slaby
FF5295,0,zly,FF5295,127,dobry
FF5296,0,zly,FF5296,109,umiarkowany
FF5297,0,zly,FF5297,107,umiarkowany
FF5299,0,zly,FF5299,111,umiarkowany
FF5391,0,zly,FF5391,117,dobry
FF5392,0,zly,FF5392,121,dobry
FF5393,0,zly,FF5393,111,umiarkowany
FF5130,0,zly,FF5130,125,dobry
FF5131,0,zly,FF5131,148,bardzo dobry
FF5132,0,zly,FF5132,145,bardzo dobry
FF5137,0,zly,FF5137,126,dobry
FF5231,0,zly,FF5231,116,dobry
FF5336,0,zly,FF5336,136,bardzo dobry
FF5337,0,zly,FF5337,114,umiarkowany
FF5338,0,zly,FF5338,112,umiarkowany
FF5339,0,zly,FF5339,128,dobry
FF5637,0,zly,FF5637,111,umiarkowany
FF5638,0,zly,FF5638,105,umiarkowany
FF5639,0,zly,FF5639,102,umiarkowany
FF5734,0,zly,FF5734,118,dobry
FF5735,0,zly,FF5735,129,dobry
FF5736,0,zly,FF5736,160,bardzo dobry
FF5737,0,zly,FF5737,164,bardzo dobry
FF5738,0,zly,FF5738,156,bardzo dobry
FF5739,0,zly,FF5739,138,bardzo dobry
FF5830,0,zly,FF5830,158,bardzo dobry
FF5831,0,zly,FF5831,60,zly
FF5834,0,zly,FF5834,101,slaby
FF5835,0,zly,FF5835,111,umiarkowany
FF5837,0,zly,FF5837,124,dobry
FF5838,0,zly,FF5838,113,umiarkowany
FF5839,0,zly,FF5839,114,umiarkowany
FF5930,0,zly,FF5930,149,bardzo dobry
FF5931,0,zly,FF5931,138,bardzo dobry
FF5932,0,zly,FF5932,137,bardzo dobry
FF5933,0,zly,FF5933,115,umiarkowany
FF5029,0,zly,FF5029,121,dobry
FF5120,0,zly,FF5120,152,bardzo dobry
FF5121,0,zly,FF5121,132,bardzo dobry
FF5122,0,zly,FF5122,134,bardzo dobry
FF5127,0,zly,FF5127,114,umiarkowany
FF5221,0,zly,FF5221,121,dobry
FF5224,0,zly,FF5224,127,dobry
FF5325,0,zly,FF5325,133,bardzo dobry
FF5328,0,zly,FF5328,106,umiarkowany
FF5329,0,zly,FF5329,60,zly
FF5627,0,zly,FF5627,96,slaby
FF5628,0,zly,FF5628,105,umiarkowany
FF5728,0,zly,FF5728,119,dobry
FF5729,0,zly,FF5729,116,dobry
FF5820,0,zly,FF5820,158,bardzo dobry
FF5821,0,zly,FF5821,164,bardzo dobry
FF5822,0,zly,FF5822,118,dobry
FF5825,0,zly,FF5825,119,dobry
FF5826,0,zly,FF5826,128,dobry
FF5827,0,zly,FF5827,132,bardzo dobry
FF5828,0,zly,FF5828,125,dobry
FF5829,0,zly,FF5829,109,umiarkowany
FF5920,0,zly,FF5920,157,bardzo dobry
FF5921,0,zly,FF5921,121,dobry
FF5922,0,zly,FF5922,135,bardzo dobry
FF5923,0,zly,FF5923,113,umiarkowany
FF3969,0,zly,FF3969,109,umiarkowany
FF3979,0,zly,FF3979,121,dobry
FF5919,0,zly,FF5919,101,slaby
FF3918,0,zly,FF3918,141,bardzo dobry
FF3948,0,zly,FF3948,128,dobry
FF3958,0,zly,FF3958,107,umiarkowany
FF3978,0,zly,FF3978,130,dobry
FF5908,0,zly,FF5908,111,umiarkowany
FF5918,0,zly,FF5918,82,slaby
FF5019,0,zly,FF5019,137,bardzo dobry
FF5110,0,zly,FF5110,129,dobry
FF5111,0,zly,FF5111,118,dobry
FF5210,0,zly,FF5210,111,umiarkowany
FF5211,0,zly,FF5211,129,dobry
FF5213,0,zly,FF5213,131,dobry
FF5214,0,zly,FF5214,119,dobry
FF5318,0,zly,FF5318,111,umiarkowany
FF5617,0,zly,FF5617,102,umiarkowany
FF5618,0,zly,FF5618,93,slaby
FF5619,0,zly,FF5619,71,slaby
FF5718,1,zly,FF5718,116,dobry
FF5810,0,zly,FF5810,136,bardzo dobry
FF5811,0,zly,FF5811,146,bardzo dobry
FF5812,0,zly,FF5812,153,bardzo dobry
FF5814,0,zly,FF5814,44,zly
FF5815,0,zly,FF5815,55,zly
FF5816,0,zly,FF5816,123,dobry
FF5817,0,zly,FF5817,176,bardzo dobry
FF5818,0,zly,FF5818,175,bardzo dobry
FF5819,0,zly,FF5819,168,bardzo dobry
FF5910,0,zly,FF5910,173,bardzo dobry
FF5912,0,zly,FF5912,139,bardzo dobry
FF3917,0,zly,FF3917,144,bardzo dobry
FF3937,0,zly,FF3937,145,bardzo dobry
FF3957,0,zly,FF3957,115,umiarkowany
FF3977,0,zly,FF3977,137,bardzo dobry
FF3987,0,zly,FF3987,119,dobry
FF4917,0,zly,FF4917,119,dobry
FF9295,0,zly,FF9295,108,umiarkowany
FF9296,0,zly,FF9296,158,bardzo dobry
FF9297,0,zly,FF9297,102,umiarkowany
FF9298,0,zly,FF9298,107,umiarkowany
FF9299,0,zly,FF9299,113,umiarkowany
FF9390,0,zly,FF9390,118,dobry
FF9391,0,zly,FF9391,130,dobry
FF9392,0,zly,FF9392,125,dobry
FF9393,0,zly,FF9393,129,dobry
FF9394,0,zly,FF9394,124,dobry
FF9395,0,zly,FF9395,123,dobry
FF9396,0,zly,FF9396,133,bardzo dobry
FF9397,0,zly,FF9397,126,dobry
FF9398,0,zly,FF9398,139,bardzo dobry
FF9491,0,zly,FF9491,134,bardzo dobry
FF9492,0,zly,FF9492,105,umiarkowany
FF9493,0,zly,FF9493,125,dobry
FF9494,0,zly,FF9494,111,umiarkowany
FF9495,0,zly,FF9495,103,umiarkowany
FF9496,0,zly,FF9496,104,umiarkowany
FF9498,0,zly,FF9498,108,umiarkowany
FF9499,0,zly,FF9499,91,slaby
FF9590,0,zly,FF9590,94,slaby
FF9591,1,zly,FF9591,145,bardzo dobry
FF9594,0,zly,FF9594,99,slaby
FF9595,0,zly,FF9595,120,dobry
FF9596,0,zly,FF9596,115,umiarkowany
FF9283,0,zly,FF9283,105,umiarkowany
FF9284,0,zly,FF9284,103,umiarkowany
FF9285,0,zly,FF9285,104,umiarkowany
FF9286,0,zly,FF9286,153,bardzo dobry
FF9287,0,zly,FF9287,95,slaby
FF9288,0,zly,FF9288,108,umiarkowany
FF9289,0,zly,FF9289,119,dobry
FF9380,0,zly,FF9380,118,dobry
FF9384,0,zly,FF9384,131,dobry
FF9481,0,zly,FF9481,121,dobry
FF9482,0,zly,FF9482,114,umiarkowany
FF9483,0,zly,FF9483,117,dobry
FF9484,0,zly,FF9484,110,umiarkowany
FF9489,0,zly,FF9489,128,dobry
FF9580,0,zly,FF9580,98,slaby
FF9581,0,zly,FF9581,101,slaby
FF9584,0,zly,FF9584,124,dobry
FF9585,0,zly,FF9585,117,dobry
FF9586,0,zly,FF9586,114,umiarkowany
FF9587,0,zly,FF9587,115,umiarkowany
FF9681,1,zly,FF9681,113,umiarkowany
FF9682,0,zly,FF9682,168,bardzo dobry
FF9686,0,zly,FF9686,138,bardzo dobry
FF9688,0,zly,FF9688,130,dobry
FF9689,0,zly,FF9689,104,umiarkowany
FF9780,0,zly,FF9780,118,dobry
FF9273,0,zly,FF9273,99,slaby
FF9274,0,zly,FF9274,104,umiarkowany
FF9275,0,zly,FF9275,164,bardzo dobry
FF9276,0,zly,FF9276,137,bardzo dobry
FF9277,0,zly,FF9277,139,bardzo dobry
FF9278,0,zly,FF9278,119,dobry
FF9470,0,zly,FF9470,107,umiarkowany
FF9471,0,zly,FF9471,108,umiarkowany
FF9472,0,zly,FF9472,107,umiarkowany
FF9473,0,zly,FF9473,114,umiarkowany
FF9570,0,zly,FF9570,128,dobry
FF9571,1,zly,FF9571,107,umiarkowany
FF9573,0,zly,FF9573,104,umiarkowany
FF9574,0,zly,FF9574,112,umiarkowany
FF9575,0,zly,FF9575,128,dobry
FF9576,0,zly,FF9576,114,umiarkowany
FF9671,0,zly,FF9671,189,bardzo dobry
FF9676,0,zly,FF9676,123,dobry
FF9678,0,zly,FF9678,125,dobry
FF9979,0,zly,FF9979,132,bardzo dobry
FF9262,0,zly,FF9262,103,umiarkowany
FF9263,0,zly,FF9263,146,bardzo dobry
FF9264,0,zly,FF9264,167,bardzo dobry
FF9265,0,zly,FF9265,137,bardzo dobry
FF9266,0,zly,FF9266,114,umiarkowany
FF9369,0,zly,FF9369,115,umiarkowany
FF9460,0,zly,FF9460,127,dobry
FF9461,0,zly,FF9461,111,umiarkowany
FF9462,0,zly,FF9462,119,dobry
FF9463,0,zly,FF9463,124,dobry
FF9562,1,zly,FF9562,132,bardzo dobry
FF9563,0,zly,FF9563,111,umiarkowany
FF9564,0,zly,FF9564,112,umiarkowany
FF9565,0,zly,FF9565,116,dobry
FF9661,1,zly,FF9661,187,bardzo dobry
FF9662,0,zly,FF9662,180,bardzo dobry
FF9663,0,zly,FF9663,171,bardzo dobry
FF9968,0,zly,FF9968,117,dobry
FF9969,0,zly,FF9969,119,dobry
FF9251,0,zly,FF9251,112,umiarkowany
FF9252,0,zly,FF9252,106,umiarkowany
FF9253,0,zly,FF9253,159,bardzo dobry
FF9254,0,zly,FF9254,113,umiarkowany
FF9359,1,zly,FF9359,127,dobry
FF9450,0,zly,FF9450,128,dobry
FF9451,0,zly,FF9451,113,umiarkowany
FF9452,0,zly,FF9452,127,dobry
FF9453,0,zly,FF9453,127,dobry
FF9553,0,zly,FF9553,104,umiarkowany
FF9554,0,zly,FF9554,119,dobry
FF9556,0,zly,FF9556,125,dobry
FF9559,0,zly,FF9559,117,dobry
FF9650,0,zly,FF9650,104,umiarkowany
FF9651,0,zly,FF9651,111,umiarkowany
FF9652,0,zly,FF9652,168,bardzo dobry
FF9653,0,zly,FF9653,172,bardzo dobry
FF9654,1,zly,FF9654,128,dobry
FF9959,0,zly,FF9959,112,umiarkowany
FF9240,0,zly,FF9240,130,dobry
FF9241,0,zly,FF9241,109,umiarkowany
FF9242,0,zly,FF9242,94,slaby
FF9243,0,zly,FF9243,153,bardzo dobry
FF9440,0,zly,FF9440,108,umiarkowany
FF9441,1,zly,FF9441,119,dobry
FF9442,0,zly,FF9442,125,dobry
FF9545,0,zly,FF9545,108,umiarkowany
FF9546,0,zly,FF9546,117,dobry
FF9547,0,zly,FF9547,111,umiarkowany
FF9548,0,zly,FF9548,130,dobry
FF9549,0,zly,FF9549,124,dobry
FF9640,0,zly,FF9640,101,slaby
FF9641,0,zly,FF9641,93,slaby
FF9642,0,zly,FF9642,178,bardzo dobry
FF9643,0,zly,FF9643,109,umiarkowany
FF9230,0,zly,FF9230,105,umiarkowany
FF9231,0,zly,FF9231,136,bardzo dobry
FF9232,0,zly,FF9232,146,bardzo dobry
FF9233,0,zly,FF9233,151,bardzo dobry
FF9432,0,zly,FF9432,126,dobry
FF9536,0,zly,FF9536,129,dobry
FF9537,0,zly,FF9537,143,bardzo dobry
FF9539,0,zly,FF9539,124,dobry
FF9630,0,zly,FF9630,104,umiarkowany
FF9631,0,zly,FF9631,156,bardzo dobry
FF9632,0,zly,FF9632,177,bardzo dobry
FF9636,0,zly,FF9636,125,dobry
FF9637,0,zly,FF9637,122,dobry
FF9129,0,zly,FF9129,121,dobry
FF9220,0,zly,FF9220,143,bardzo dobry
FF9221,0,zly,FF9221,152,bardzo dobry
FF9222,0,zly,FF9222,101,slaby
FF9223,0,zly,FF9223,118,dobry
FF9421,0,zly,FF9421,97,slaby
FF9422,0,zly,FF9422,107,umiarkowany
FF9423,0,zly,FF9423,113,umiarkowany
FF9525,1,zly,FF9525,133,bardzo dobry
FF9527,1,zly,FF9527,136,bardzo dobry
FF9528,1,zly,FF9528,131,dobry
FF9529,0,zly,FF9529,124,dobry
FF9620,0,zly,FF9620,110,umiarkowany
FF9621,0,zly,FF9621,170,bardzo dobry
FF9622,0,zly,FF9622,174,bardzo dobry
FF9928,0,zly,FF9928,117,dobry
FF9929,0,zly,FF9929,123,dobry
FF9118,0,zly,FF9118,114,umiarkowany
FF9119,0,zly,FF9119,118,dobry
FF9210,0,zly,FF9210,154,bardzo dobry
FF9211,0,zly,FF9211,104,umiarkowany
FF9212,0,zly,FF9212,121,dobry
FF9214,1,zly,FF9214,139,bardzo dobry
FF9319,0,zly,FF9319,105,umiarkowany
FF9410,0,zly,FF9410,108,umiarkowany
FF9411,0,zly,FF9411,108,umiarkowany
FF9412,0,zly,FF9412,104,umiarkowany
FF9514,0,zly,FF9514,148,bardzo dobry
FF9518,0,zly,FF9518,111,umiarkowany
FF9519,0,zly,FF9519,130,dobry
FF9610,0,zly,FF9610,121,dobry
FF9613,0,zly,FF9613,165,bardzo dobry
FF9816,0,zly,FF9816,194,bardzo dobry
FF9817,0,zly,FF9817,186,bardzo dobry
FF9912,0,zly,FF9912,167,bardzo dobry
FF9913,0,zly,FF9913,161,bardzo dobry
FF9915,1,zly,FF9915,116,dobry
FF9917,0,zly,FF9917,178,bardzo dobry
FF9918,0,zly,FF9918,104,umiarkowany
FF9919,0,zly,FF9919,114,umiarkowany
FF9108,0,zly,FF9108,109,umiarkowany
FF9109,0,zly,FF9109,151,bardzo dobry
FF9200,0,zly,FF9200,159,bardzo dobry
FF9201,0,zly,FF9201,104,umiarkowany
FF9202,0,zly,FF9202,124,dobry
FF9309,0,zly,FF9309,101,slaby
FF9400,0,zly,FF9400,93,slaby
FF9401,0,zly,FF9401,95,slaby
FF9403,0,zly,FF9403,112,umiarkowany
FF9503,0,zly,FF9503,126,dobry
FF9507,0,zly,FF9507,121,dobry
FF9508,0,zly,FF9508,123,dobry
FF9509,0,zly,FF9509,123,dobry
FF9600,0,zly,FF9600,120,dobry
FF9602,1,zly,FF9602,103,umiarkowany
FF9603,0,zly,FF9603,158,bardzo dobry
FF9804,0,zly,FF9804,160,bardzo dobry
FF9805,0,zly,FF9805,165,bardzo dobry
FF9806,1,zly,FF9806,122,dobry
FF9807,0,zly,FF9807,115,umiarkowany
FF9808,0,zly,FF9808,127,dobry
FF9902,0,zly,FF9902,151,bardzo dobry
FF9905,0,zly,FF9905,172,bardzo dobry
FF9906,0,zly,FF9906,163,bardzo dobry
FF9907,0,zly,FF9907,158,bardzo dobry
FF9908,0,zly,FF9908,166,bardzo dobry
FF9909,0,zly,FF9909,166,bardzo dobry
FF8198,0,zly,FF8198,129,dobry
FF8199,0,zly,FF8199,152,bardzo dobry
FF8290,0,zly,FF8290,116,dobry
FF8495,0,zly,FF8495,104,umiarkowany
FF8496,0,zly,FF8496,110,umiarkowany
FF8497,0,zly,FF8497,123,dobry
FF8498,0,zly,FF8498,110,umiarkowany
FF8499,0,zly,FF8499,120,dobry
FF8592,0,zly,FF8592,118,dobry
FF8597,0,zly,FF8597,123,dobry
FF8599,1,zly,FF8599,127,dobry
FF8691,0,zly,FF8691,128,dobry
FF8698,0,zly,FF8698,118,dobry
FF8699,0,zly,FF8699,173,bardzo dobry
FF8790,0,zly,FF8790,185,bardzo dobry
FF8796,0,zly,FF8796,174,bardzo dobry
FF8797,0,zly,FF8797,185,bardzo dobry
FF8891,0,zly,FF8891,178,bardzo dobry
FF8893,0,zly,FF8893,191,bardzo dobry
FF8894,0,zly,FF8894,189,bardzo dobry
FF8895,0,zly,FF8895,120,dobry
FF8896,1,zly,FF8896,131,dobry
FF8991,0,zly,FF8991,102,umiarkowany
FF8992,0,zly,FF8992,158,bardzo dobry
FF8994,0,zly,FF8994,111,umiarkowany
FF8995,0,zly,FF8995,163,bardzo dobry
FF8996,0,zly,FF8996,166,bardzo dobry
FF8997,0,zly,FF8997,157,bardzo dobry
FF8998,0,zly,FF8998,97,slaby
FF8999,0,zly,FF8999,112,umiarkowany
FF8188,0,zly,FF8188,137,bardzo dobry
FF8189,0,zly,FF8189,134,bardzo dobry
FF8480,0,zly,FF8480,120,dobry
FF8485,0,zly,FF8485,129,dobry
FF8486,0,zly,FF8486,126,dobry
FF8487,0,zly,FF8487,122,dobry
FF8488,1,zly,FF8488,131,dobry
FF8489,1,zly,FF8489,126,dobry
FF8580,0,zly,FF8580,122,dobry
FF8587,0,zly,FF8587,120,dobry
FF8588,0,zly,FF8588,120,dobry
FF8589,0,zly,FF8589,133,bardzo dobry
FF8680,0,zly,FF8680,126,dobry
FF8681,0,zly,FF8681,109,umiarkowany
FF8688,0,zly,FF8688,163,bardzo dobry
FF8689,0,zly,FF8689,158,bardzo dobry
FF8780,0,zly,FF8780,112,umiarkowany
FF8782,0,zly,FF8782,128,dobry
FF8783,0,zly,FF8783,165,bardzo dobry
FF8784,0,zly,FF8784,163,bardzo dobry
FF8785,0,zly,FF8785,158,bardzo dobry
FF8786,0,zly,FF8786,90,slaby
FF8880,0,zly,FF8880,156,bardzo dobry
FF8881,0,zly,FF8881,192,bardzo dobry
FF8882,0,zly,FF8882,172,bardzo dobry
FF8883,0,zly,FF8883,165,bardzo dobry
FF8884,0,zly,FF8884,177,bardzo dobry
FF8885,0,zly,FF8885,131,dobry
FF8886,0,zly,FF8886,113,umiarkowany
FF8887,0,zly,FF8887,135,bardzo dobry
FF8983,0,zly,FF8983,179,bardzo dobry
FF8984,0,zly,FF8984,176,bardzo dobry
FF8985,0,zly,FF8985,150,bardzo dobry
FF8986,0,zly,FF8986,173,bardzo dobry
FF8987,0,zly,FF8987,166,bardzo dobry
FF8988,0,zly,FF8988,122,dobry
FF8989,0,zly,FF8989,117,dobry
FF7128,0,zly,FF7128,105,umiarkowany
FF7118,0,zly,FF7118,110,umiarkowany
FF7129,0,zly,FF7129,105,umiarkowany
FF7119,0,zly,FF7119,116,dobry
FF7220,0,zly,FF7220,122,dobry
FF7210,0,zly,FF7210,113,umiarkowany
FF7223,0,zly,FF7223,118,dobry
FF7224,0,zly,FF7224,109,umiarkowany
FF7214,0,zly,FF7214,103,umiarkowany
FF7215,0,zly,FF7215,128,dobry
FF7216,0,zly,FF7216,121,dobry
FF7227,0,zly,FF7227,116,dobry
FF7312,1,zly,FF7312,131,dobry
FF7313,0,zly,FF7313,123,dobry
FF7314,0,zly,FF7314,115,umiarkowany
FF7315,0,zly,FF7315,109,umiarkowany
FF7326,0,zly,FF7326,122,dobry
FF7316,0,zly,FF7316,93,slaby
FF7327,0,zly,FF7327,111,umiarkowany
FF7317,0,zly,FF7317,92,slaby
FF7328,0,zly,FF7328,99,slaby
FF7329,0,zly,FF7329,87,slaby
FF7420,0,zly,FF7420,82,slaby
FF7429,0,zly,FF7429,112,umiarkowany
FF7520,0,zly,FF7520,100,slaby
FF7510,0,zly,FF7510,102,umiarkowany
FF7521,0,zly,FF7521,109,umiarkowany
FF7511,0,zly,FF7511,108,umiarkowany
FF7522,0,zly,FF7522,105,umiarkowany
FF7512,0,zly,FF7512,114,umiarkowany
FF7513,0,zly,FF7513,116,dobry
FF7514,0,zly,FF7514,122,dobry
FF7525,0,zly,FF7525,127,dobry
FF7515,0,zly,FF7515,104,umiarkowany
FF7526,0,zly,FF7526,126,dobry
FF7516,0,zly,FF7516,118,dobry
FF7527,0,zly,FF7527,114,umiarkowany
FF7517,0,zly,FF7517,117,dobry
FF7528,0,zly,FF7528,116,dobry
FF7518,0,zly,FF7518,118,dobry
FF7529,0,zly,FF7529,133,bardzo dobry
FF7519,0,zly,FF7519,128,dobry
FF7620,0,zly,FF7620,128,dobry
FF7610,0,zly,FF7610,115,umiarkowany
FF7624,0,zly,FF7624,135,bardzo dobry
FF7614,0,zly,FF7614,126,dobry
FF7625,0,zly,FF7625,109,umiarkowany
FF7615,0,zly,FF7615,116,dobry
FF7626,0,zly,FF7626,131,dobry
FF7616,0,zly,FF7616,120,dobry
FF7108,0,zly,FF7108,120,dobry
FF7109,0,zly,FF7109,124,dobry
FF7200,0,zly,FF7200,114,umiarkowany
FF7201,0,zly,FF7201,103,umiarkowany
FF7203,0,zly,FF7203,126,dobry
FF7204,1,zly,FF7204,117,dobry
FF7205,0,zly,FF7205,116,dobry
FF7206,0,zly,FF7206,113,umiarkowany
FF7207,0,zly,FF7207,116,dobry
FF7208,0,zly,FF7208,121,dobry
FF7300,0,zly,FF7300,104,umiarkowany
FF7301,0,zly,FF7301,103,umiarkowany
FF7302,0,zly,FF7302,125,dobry
FF7303,0,zly,FF7303,119,dobry
FF7304,0,zly,FF7304,110,umiarkowany
FF7305,0,zly,FF7305,113,umiarkowany
FF7502,0,zly,FF7502,116,dobry
FF7503,0,zly,FF7503,114,umiarkowany
FF7504,0,zly,FF7504,113,umiarkowany
FF7505,0,zly,FF7505,113,umiarkowany
FF7506,0,zly,FF7506,117,dobry
FF7507,0,zly,FF7507,116,dobry
FF7508,0,zly,FF7508,121,dobry
FF7509,0,zly,FF7509,127,dobry
FF7600,0,zly,FF7600,102,umiarkowany
FF7601,0,zly,FF7601,95,slaby
FF7603,0,zly,FF7603,110,umiarkowany
FF7604,0,zly,FF7604,109,umiarkowany
FF7605,0,zly,FF7605,109,umiarkowany
FF7606,0,zly,FF7606,116,dobry
FF7294,0,zly,FF7294,94,slaby
FF8205,0,zly,FF8205,111,umiarkowany
FF7295,0,zly,FF7295,102,umiarkowany
FF8206,0,zly,FF8206,119,dobry
FF7296,0,zly,FF7296,97,slaby
FF8207,0,zly,FF8207,119,dobry
FF7297,0,zly,FF7297,116,dobry
FF8208,0,zly,FF8208,115,umiarkowany
FF7298,0,zly,FF7298,120,dobry
FF7390,0,zly,FF7390,120,dobry
FF7391,0,zly,FF7391,124,dobry
FF8302,0,zly,FF8302,122,dobry
FF7392,0,zly,FF7392,153,bardzo dobry
FF8303,0,zly,FF8303,147,bardzo dobry
FF7393,0,zly,FF7393,142,bardzo dobry
FF8304,0,zly,FF8304,93,slaby
FF7394,0,zly,FF7394,99,slaby
FF8308,0,zly,FF8308,124,dobry
FF8400,0,zly,FF8400,116,dobry
FF8401,0,zly,FF8401,121,dobry
FF7491,0,zly,FF7491,119,dobry
FF8402,0,zly,FF8402,129,dobry
FF7492,0,zly,FF7492,129,dobry
FF8403,0,zly,FF8403,110,umiarkowany
FF7493,0,zly,FF7493,117,dobry
FF8404,0,zly,FF8404,127,dobry
FF7494,0,zly,FF7494,115,umiarkowany
FF8405,0,zly,FF8405,127,dobry
FF7495,0,zly,FF7495,119,dobry
FF7496,0,zly,FF7496,111,umiarkowany
FF8501,0,zly,FF8501,115,umiarkowany
FF8502,0,zly,FF8502,111,umiarkowany
FF8503,0,zly,FF8503,101,slaby
FF7593,0,zly,FF7593,108,umiarkowany
FF7594,0,zly,FF7594,108,umiarkowany
FF7598,1,zly,FF7598,112,umiarkowany
FF7599,0,zly,FF7599,124,dobry
FF7690,0,zly,FF7690,115,umiarkowany
FF8601,0,zly,FF8601,114,umiarkowany
FF7691,0,zly,FF7691,103,umiarkowany
FF8602,0,zly,FF8602,101,slaby
FF7692,0,zly,FF7692,116,dobry
FF8603,0,zly,FF8603,118,dobry
FF7693,0,zly,FF7693,116,dobry
FF8604,0,zly,FF8604,132,bardzo dobry
FF7694,0,zly,FF7694,122,dobry
FF8605,0,zly,FF8605,110,umiarkowany
FF7695,0,zly,FF7695,115,umiarkowany
FF8606,0,zly,FF8606,107,umiarkowany
FF7696,0,zly,FF7696,112,umiarkowany
FF8607,0,zly,FF8607,118,dobry
FF7697,0,zly,FF7697,132,bardzo dobry
FF8705,0,zly,FF8705,125,dobry
FF7797,0,zly,FF7797,112,umiarkowany
FF8708,0,zly,FF8708,121,dobry
FF7798,0,zly,FF7798,119,dobry
FF8709,0,zly,FF8709,138,bardzo dobry
FF7799,0,zly,FF7799,119,dobry
FF8800,0,zly,FF8800,129,dobry
FF7890,0,zly,FF7890,103,umiarkowany
FF8801,0,zly,FF8801,125,dobry
FF7891,0,zly,FF7891,126,dobry
FF7892,0,zly,FF7892,112,umiarkowany
FF8805,0,zly,FF8805,122,dobry
FF7895,0,zly,FF7895,124,dobry
FF8806,0,zly,FF8806,123,dobry
FF7896,0,zly,FF7896,131,dobry
FF7897,0,zly,FF7897,120,dobry
FF8808,0,zly,FF8808,116,dobry
FF7898,0,zly,FF7898,114,umiarkowany
FF7899,0,zly,FF7899,121,dobry
FF7990,0,zly,FF7990,113,umiarkowany
FF8901,0,zly,FF8901,112,umiarkowany
FF7991,0,zly,FF7991,113,umiarkowany
FF8902,0,zly,FF8902,104,umiarkowany
FF7992,0,zly,FF7992,104,umiarkowany
FF8903,0,zly,FF8903,100,slaby
FF8904,0,zly,FF8904,95,slaby
FF8905,0,zly,FF8905,93,slaby
FF7284,0,zly,FF7284,100,slaby
FF7285,0,zly,FF7285,108,umiarkowany
FF7286,0,zly,FF7286,106,umiarkowany
FF7288,0,zly,FF7288,120,dobry
FF7289,0,zly,FF7289,123,dobry
FF7380,0,zly,FF7380,132,bardzo dobry
FF7381,0,zly,FF7381,123,dobry
FF7382,0,zly,FF7382,140,bardzo dobry
FF7383,0,zly,FF7383,134,bardzo dobry
FF7481,0,zly,FF7481,117,dobry
FF7482,0,zly,FF7482,122,dobry
FF7483,0,zly,FF7483,132,bardzo dobry
FF7484,0,zly,FF7484,121,dobry
FF7485,1,zly,FF7485,132,bardzo dobry
FF7486,0,zly,FF7486,134,bardzo dobry
FF7583,0,zly,FF7583,113,umiarkowany
FF7584,0,zly,FF7584,123,dobry
FF7585,0,zly,FF7585,111,umiarkowany
FF7587,1,zly,FF7587,126,dobry
FF7588,0,zly,FF7588,107,umiarkowany
FF7589,0,zly,FF7589,98,slaby
FF7680,0,zly,FF7680,107,umiarkowany
FF7681,0,zly,FF7681,122,dobry
FF7684,0,zly,FF7684,106,umiarkowany
FF7686,0,zly,FF7686,118,dobry
FF7687,0,zly,FF7687,138,bardzo dobry
FF7688,0,zly,FF7688,125,dobry
FF7689,0,zly,FF7689,116,dobry
FF7785,0,zly,FF7785,128,dobry
FF7786,0,zly,FF7786,123,dobry
FF7787,0,zly,FF7787,131,dobry
FF7788,0,zly,FF7788,100,slaby
FF7789,0,zly,FF7789,115,umiarkowany
FF7880,0,zly,FF7880,121,dobry
FF7881,0,zly,FF7881,108,umiarkowany
FF7882,0,zly,FF7882,104,umiarkowany
FF7883,0,zly,FF7883,120,dobry
FF7884,0,zly,FF7884,111,umiarkowany
FF7885,0,zly,FF7885,124,dobry
FF7888,0,zly,FF7888,100,slaby
FF7889,0,zly,FF7889,127,dobry
FF7980,0,zly,FF7980,108,umiarkowany
FF7981,0,zly,FF7981,102,umiarkowany
FF7273,0,zly,FF7273,118,dobry
FF7274,0,zly,FF7274,122,dobry
FF7275,0,zly,FF7275,120,dobry
FF7276,0,zly,FF7276,112,umiarkowany
FF7277,0,zly,FF7277,112,umiarkowany
FF7278,0,zly,FF7278,120,dobry
FF7279,0,zly,FF7279,118,dobry
FF7370,0,zly,FF7370,121,dobry
FF7371,0,zly,FF7371,148,bardzo dobry
FF7372,0,zly,FF7372,149,bardzo dobry
FF7375,0,zly,FF7375,145,bardzo dobry
FF7376,0,zly,FF7376,151,bardzo dobry
FF7377,0,zly,FF7377,114,umiarkowany
FF7573,0,zly,FF7573,113,umiarkowany
FF7574,1,zly,FF7574,105,umiarkowany
FF7575,0,zly,FF7575,109,umiarkowany
FF7576,0,zly,FF7576,117,dobry
FF7577,0,zly,FF7577,116,dobry
FF7578,0,zly,FF7578,101,slaby
FF7579,0,zly,FF7579,113,umiarkowany
FF7670,0,zly,FF7670,115,umiarkowany
FF7671,0,zly,FF7671,125,dobry
FF7675,0,zly,FF7675,108,umiarkowany
FF7676,0,zly,FF7676,114,umiarkowany
FF7677,0,zly,FF7677,127,dobry
FF7777,0,zly,FF7777,105,umiarkowany
FF7778,0,zly,FF7778,107,umiarkowany
FF7779,0,zly,FF7779,110,umiarkowany
FF7870,0,zly,FF7870,108,umiarkowany
FF7871,0,zly,FF7871,95,slaby
FF7872,0,zly,FF7872,109,umiarkowany
FF7873,0,zly,FF7873,112,umiarkowany
FF7874,0,zly,FF7874,120,dobry
FF7875,0,zly,FF7875,126,dobry
FF7260,0,zly,FF7260,124,dobry
FF7261,0,zly,FF7261,111,umiarkowany
FF7262,0,zly,FF7262,132,bardzo dobry
FF7263,0,zly,FF7263,118,dobry
FF7264,0,zly,FF7264,128,dobry
FF7265,0,zly,FF7265,106,umiarkowany
FF7266,0,zly,FF7266,114,umiarkowany
FF7267,0,zly,FF7267,121,dobry
FF7268,0,zly,FF7268,118,dobry
FF7269,0,zly,FF7269,108,umiarkowany
FF7361,0,zly,FF7361,146,bardzo dobry
FF7362,0,zly,FF7362,151,bardzo dobry
FF7364,0,zly,FF7364,134,bardzo dobry
FF7365,0,zly,FF7365,142,bardzo dobry
FF7366,0,zly,FF7366,145,bardzo dobry
FF7367,0,zly,FF7367,145,bardzo dobry
FF7368,0,zly,FF7368,139,bardzo dobry
FF7369,0,zly,FF7369,88,slaby
FF7562,0,zly,FF7562,126,dobry
FF7563,0,zly,FF7563,116,dobry
FF7564,0,zly,FF7564,102,umiarkowany
FF7565,0,zly,FF7565,107,umiarkowany
FF7566,0,zly,FF7566,99,slaby
FF7567,0,zly,FF7567,103,umiarkowany
FF7568,0,zly,FF7568,117,dobry
FF7569,0,zly,FF7569,108,umiarkowany
FF7660,0,zly,FF7660,113,umiarkowany
FF7666,0,zly,FF7666,118,dobry
FF7667,0,zly,FF7667,125,dobry
FF7668,0,zly,FF7668,116,dobry
FF7766,0,zly,FF7766,121,dobry
FF7767,0,zly,FF7767,121,dobry
FF7768,0,zly,FF7768,114,umiarkowany
FF7769,0,zly,FF7769,120,dobry
FF7860,0,zly,FF7860,119,dobry
FF7861,0,zly,FF7861,119,dobry
FF7862,0,zly,FF7862,119,dobry
FF7863,0,zly,FF7863,111,umiarkowany
FF7864,0,zly,FF7864,99,slaby
FF7865,0,zly,FF7865,89,slaby
FF7250,0,zly,FF7250,128,dobry
FF7251,0,zly,FF7251,128,dobry
FF7252,0,zly,FF7252,136,bardzo dobry
FF7254,0,zly,FF7254,115,umiarkowany
FF7255,0,zly,FF7255,127,dobry
FF7256,0,zly,FF7256,118,dobry
FF7257,0,zly,FF7257,115,umiarkowany
FF7258,0,zly,FF7258,110,umiarkowany
FF7259,0,zly,FF7259,117,dobry
FF7350,0,zly,FF7350,118,dobry
FF7351,0,zly,FF7351,95,slaby
FF7352,0,zly,FF7352,102,umiarkowany
FF7353,0,zly,FF7353,128,dobry
FF7354,0,zly,FF7354,97,slaby
FF7355,0,zly,FF7355,112,umiarkowany
FF7357,0,zly,FF7357,114,umiarkowany
FF7358,0,zly,FF7358,122,dobry
FF7359,0,zly,FF7359,115,umiarkowany
FF7450,0,zly,FF7450,112,umiarkowany
FF7551,0,zly,FF7551,121,dobry
FF7552,0,zly,FF7552,129,dobry
FF7553,0,zly,FF7553,125,dobry
FF7554,0,zly,FF7554,117,dobry
FF7555,0,zly,FF7555,103,umiarkowany
FF7556,0,zly,FF7556,125,dobry
FF7557,0,zly,FF7557,99,slaby
FF7558,0,zly,FF7558,103,umiarkowany
FF7559,0,zly,FF7559,95,slaby
FF7650,0,zly,FF7650,120,dobry
FF7651,0,zly,FF7651,115,umiarkowany
FF7658,0,zly,FF7658,107,umiarkowany
FF7758,0,zly,FF7758,98,slaby
FF7759,0,zly,FF7759,107,umiarkowany
FF7850,0,zly,FF7850,108,umiarkowany
FF7851,0,zly,FF7851,108,umiarkowany
FF7852,0,zly,FF7852,95,slaby
FF7853,0,zly,FF7853,106,umiarkowany
FF7854,0,zly,FF7854,106,umiarkowany
FF7240,0,zly,FF7240,125,dobry
FF7241,0,zly,FF7241,142,bardzo dobry
FF7244,0,zly,FF7244,124,dobry
FF7245,0,zly,FF7245,124,dobry
FF7246,0,zly,FF7246,116,dobry
FF7247,0,zly,FF7247,110,umiarkowany
FF7248,0,zly,FF7248,125,dobry
FF7249,0,zly,FF7249,119,dobry
FF7341,0,zly,FF7341,121,dobry
FF7342,0,zly,FF7342,122,dobry
FF7343,0,zly,FF7343,97,slaby
FF7344,0,zly,FF7344,118,dobry
FF7348,0,zly,FF7348,93,slaby
FF7349,0,zly,FF7349,129,dobry
FF7440,0,zly,FF7440,139,bardzo dobry
FF7541,0,zly,FF7541,108,umiarkowany
FF7542,0,zly,FF7542,125,dobry
FF7543,0,zly,FF7543,117,dobry
FF7544,1,zly,FF7544,124,dobry
FF7547,0,zly,FF7547,113,umiarkowany
FF7644,0,zly,FF7644,117,dobry
FF7645,0,zly,FF7645,104,umiarkowany
FF7648,0,zly,FF7648,122,dobry
FF7649,0,zly,FF7649,111,umiarkowany
FF7748,0,zly,FF7748,92,slaby
FF7749,0,zly,FF7749,106,umiarkowany
FF7840,0,zly,FF7840,98,slaby
FF7841,0,zly,FF7841,93,slaby
FF7842,0,zly,FF7842,112,umiarkowany
FF7843,0,zly,FF7843,112,umiarkowany
FF7234,1,zly,FF7234,116,dobry
FF7237,0,zly,FF7237,126,dobry
FF7238,0,zly,FF7238,130,dobry
FF7331,0,zly,FF7331,116,dobry
FF7332,0,zly,FF7332,109,umiarkowany
FF7333,0,zly,FF7333,121,dobry
FF7337,0,zly,FF7337,111,umiarkowany
FF7338,0,zly,FF7338,111,umiarkowany
FF7339,0,zly,FF7339,91,slaby
FF7430,0,zly,FF7430,151,bardzo dobry
FF7530,0,zly,FF7530,124,dobry
FF7531,0,zly,FF7531,118,dobry
FF7532,0,zly,FF7532,110,umiarkowany
FF7533,0,zly,FF7533,108,umiarkowany
FF7534,0,zly,FF7534,125,dobry
FF7535,0,zly,FF7535,120,dobry
FF7538,0,zly,FF7538,119,dobry
FF7539,0,zly,FF7539,118,dobry
FF7630,0,zly,FF7630,123,dobry
FF7634,0,zly,FF7634,119,dobry
FF7635,0,zly,FF7635,104,umiarkowany
FF7639,0,zly,FF7639,110,umiarkowany
FF8379,0,zly,FF8379,107,umiarkowany
FF8470,0,zly,FF8470,106,umiarkowany
FF8471,0,zly,FF8471,117,dobry
FF8472,0,zly,FF8472,117,dobry
FF8475,0,zly,FF8475,106,umiarkowany
FF8476,0,zly,FF8476,123,dobry
FF8477,1,zly,FF8477,123,dobry
FF8572,0,zly,FF8572,99,slaby
FF8573,0,zly,FF8573,126,dobry
FF8574,0,zly,FF8574,122,dobry
FF8576,0,zly,FF8576,109,umiarkowany
FF8577,0,zly,FF8577,109,umiarkowany
FF8578,0,zly,FF8578,120,dobry
FF8579,0,zly,FF8579,120,dobry
FF8670,0,zly,FF8670,119,dobry
FF8671,0,zly,FF8671,119,dobry
FF8672,0,zly,FF8672,101,slaby
FF8673,0,zly,FF8673,175,bardzo dobry
FF8674,0,zly,FF8674,184,bardzo dobry
FF8675,0,zly,FF8675,191,bardzo dobry
FF8676,0,zly,FF8676,176,bardzo dobry
FF8677,0,zly,FF8677,169,bardzo dobry
FF8678,0,zly,FF8678,166,bardzo dobry
FF8679,0,zly,FF8679,93,slaby
FF8770,0,zly,FF8770,98,slaby
FF8771,0,zly,FF8771,139,bardzo dobry
FF8772,0,zly,FF8772,121,dobry
FF8773,0,zly,FF8773,106,umiarkowany
FF8774,0,zly,FF8774,162,bardzo dobry
FF8775,0,zly,FF8775,151,bardzo dobry
FF8776,0,zly,FF8776,88,slaby
FF8777,0,zly,FF8777,122,dobry
FF8779,0,zly,FF8779,115,umiarkowany
FF8870,0,zly,FF8870,171,bardzo dobry
FF8873,0,zly,FF8873,124,dobry
FF8973,0,zly,FF8973,114,umiarkowany
FF8974,0,zly,FF8974,100,slaby
FF8976,0,zly,FF8976,161,bardzo dobry
FF8977,0,zly,FF8977,118,dobry
FF8978,0,zly,FF8978,126,dobry
FF8979,0,zly,FF8979,114,umiarkowany
FF8368,0,zly,FF8368,120,dobry
FF8369,0,zly,FF8369,114,umiarkowany
FF8460,0,zly,FF8460,108,umiarkowany
FF8461,0,zly,FF8461,118,dobry
FF8462,0,zly,FF8462,117,dobry
FF8463,0,zly,FF8463,117,dobry
FF8464,0,zly,FF8464,123,dobry
FF8560,0,zly,FF8560,110,umiarkowany
FF8561,0,zly,FF8561,109,umiarkowany
FF8562,0,zly,FF8562,104,umiarkowany
FF8566,0,zly,FF8566,113,umiarkowany
FF8567,1,zly,FF8567,124,dobry
FF8568,0,zly,FF8568,123,dobry
FF8569,0,zly,FF8569,117,dobry
FF8660,0,zly,FF8660,129,dobry
FF8661,0,zly,FF8661,128,dobry
FF8662,0,zly,FF8662,121,dobry
FF8663,0,zly,FF8663,127,dobry
FF8664,0,zly,FF8664,142,bardzo dobry
FF8665,0,zly,FF8665,164,bardzo dobry
FF8666,0,zly,FF8666,163,bardzo dobry
FF8667,0,zly,FF8667,108,umiarkowany
FF8668,0,zly,FF8668,114,umiarkowany
FF8669,0,zly,FF8669,115,umiarkowany
FF8760,0,zly,FF8760,125,dobry
FF8761,0,zly,FF8761,133,bardzo dobry
FF8762,0,zly,FF8762,130,dobry
FF8763,0,zly,FF8763,119,dobry
FF8764,0,zly,FF8764,116,dobry
FF8766,0,zly,FF8766,106,umiarkowany
FF8767,0,zly,FF8767,110,umiarkowany
FF8768,0,zly,FF8768,139,bardzo dobry
FF8861,0,zly,FF8861,122,dobry
FF8862,0,zly,FF8862,121,dobry
FF8867,0,zly,FF8867,129,dobry
FF8357,0,zly,FF8357,114,umiarkowany
FF8358,0,zly,FF8358,115,umiarkowany
FF8359,0,zly,FF8359,106,umiarkowany
FF8450,0,zly,FF8450,114,umiarkowany
FF8458,0,zly,FF8458,137,bardzo dobry
FF8459,0,zly,FF8459,126,dobry
FF8550,0,zly,FF8550,112,umiarkowany
FF8551,0,zly,FF8551,109,umiarkowany
FF8555,0,zly,FF8555,114,umiarkowany
FF8556,0,zly,FF8556,108,umiarkowany
FF8557,1,zly,FF8557,125,dobry
FF8650,0,zly,FF8650,125,dobry
FF8651,0,zly,FF8651,131,dobry
FF8652,0,zly,FF8652,127,dobry
FF8653,0,zly,FF8653,119,dobry
FF8654,0,zly,FF8654,117,dobry
FF8655,0,zly,FF8655,111,umiarkowany
FF8657,0,zly,FF8657,116,dobry
FF8658,0,zly,FF8658,114,umiarkowany
FF8752,0,zly,FF8752,114,umiarkowany
FF8753,0,zly,FF8753,127,dobry
FF8754,0,zly,FF8754,138,bardzo dobry
FF8756,0,zly,FF8756,133,bardzo dobry
FF8757,0,zly,FF8757,114,umiarkowany
FF8851,0,zly,FF8851,127,dobry
FF8852,0,zly,FF8852,127,dobry
FF8856,1,zly,FF8856,127,dobry
FF8954,1,zly,FF8954,131,dobry
FF8341,0,zly,FF8341,128,dobry
FF8342,0,zly,FF8342,138,bardzo dobry
FF8347,0,zly,FF8347,114,umiarkowany
FF8348,0,zly,FF8348,116,dobry
FF8349,0,zly,FF8349,119,dobry
FF8440,0,zly,FF8440,109,umiarkowany
FF8441,0,zly,FF8441,110,umiarkowany
FF8442,0,zly,FF8442,104,umiarkowany
FF8448,0,zly,FF8448,122,dobry
FF8449,0,zly,FF8449,122,dobry
FF8540,0,zly,FF8540,115,umiarkowany
FF8541,0,zly,FF8541,113,umiarkowany
FF8544,0,zly,FF8544,113,umiarkowany
FF8545,0,zly,FF8545,112,umiarkowany
FF8546,0,zly,FF8546,117,dobry
FF8549,0,zly,FF8549,118,dobry
FF8640,0,zly,FF8640,115,umiarkowany
FF8641,0,zly,FF8641,107,umiarkowany
FF8642,0,zly,FF8642,115,umiarkowany
FF8643,0,zly,FF8643,136,bardzo dobry
FF8646,0,zly,FF8646,123,dobry
FF8647,0,zly,FF8647,127,dobry
FF8648,0,zly,FF8648,130,dobry
FF8741,0,zly,FF8741,131,dobry
FF8745,0,zly,FF8745,137,bardzo dobry
FF8746,0,zly,FF8746,117,dobry
FF8842,0,zly,FF8842,126,dobry
FF8942,0,zly,FF8942,139,bardzo dobry
FF8946,0,zly,FF8946,114,umiarkowany
FF8947,0,zly,FF8947,110,umiarkowany
FF8948,0,zly,FF8948,109,umiarkowany
FF8239,0,zly,FF8239,94,slaby
FF8330,0,zly,FF8330,88,slaby
FF8331,0,zly,FF8331,87,slaby
FF8332,0,zly,FF8332,149,bardzo dobry
FF8333,0,zly,FF8333,152,bardzo dobry
FF8337,0,zly,FF8337,118,dobry
FF8338,0,zly,FF8338,119,dobry
FF8339,0,zly,FF8339,113,umiarkowany
FF8431,0,zly,FF8431,103,umiarkowany
FF8432,0,zly,FF8432,105,umiarkowany
FF8435,0,zly,FF8435,107,umiarkowany
FF8436,0,zly,FF8436,123,dobry
FF8437,0,zly,FF8437,121,dobry
FF8438,0,zly,FF8438,119,dobry
FF8439,0,zly,FF8439,116,dobry
FF8530,0,zly,FF8530,119,dobry
FF8532,1,zly,FF8532,129,dobry
FF8533,0,zly,FF8533,131,dobry
FF8534,0,zly,FF8534,121,dobry
FF8535,0,zly,FF8535,99,slaby
FF8536,0,zly,FF8536,122,dobry
FF8537,0,zly,FF8537,130,dobry
FF8538,0,zly,FF8538,131,dobry
FF8539,0,zly,FF8539,115,umiarkowany
FF8630,0,zly,FF8630,105,umiarkowany
FF8631,0,zly,FF8631,123,dobry
FF8632,0,zly,FF8632,107,umiarkowany
FF8633,0,zly,FF8633,122,dobry
FF8635,0,zly,FF8635,121,dobry
FF8636,0,zly,FF8636,127,dobry
FF8637,0,zly,FF8637,133,bardzo dobry
FF8638,0,zly,FF8638,134,bardzo dobry
FF8731,0,zly,FF8731,128,dobry
FF8735,0,zly,FF8735,131,dobry
FF8736,0,zly,FF8736,131,dobry
FF8831,0,zly,FF8831,130,dobry
FF8835,0,zly,FF8835,136,bardzo dobry
FF8932,0,zly,FF8932,131,dobry
FF8933,0,zly,FF8933,113,umiarkowany
FF8935,0,zly,FF8935,114,umiarkowany
FF8936,0,zly,FF8936,116,dobry
FF8937,0,zly,FF8937,107,umiarkowany
FF8938,0,zly,FF8938,122,dobry
FF8939,0,zly,FF8939,117,dobry
FF8226,0,zly,FF8226,123,dobry
FF8227,0,zly,FF8227,117,dobry
FF8228,0,zly,FF8228,91,slaby
FF8321,0,zly,FF8321,109,umiarkowany
FF8322,0,zly,FF8322,139,bardzo dobry
FF8323,0,zly,FF8323,111,umiarkowany
FF8327,0,zly,FF8327,128,dobry
FF8328,0,zly,FF8328,123,dobry
FF8329,0,zly,FF8329,116,dobry
FF8424,0,zly,FF8424,114,umiarkowany
FF8425,0,zly,FF8425,111,umiarkowany
FF8426,0,zly,FF8426,97,slaby
FF8427,0,zly,FF8427,111,umiarkowany
FF8428,0,zly,FF8428,118,dobry
FF8429,0,zly,FF8429,112,umiarkowany
FF8520,0,zly,FF8520,115,umiarkowany
FF8521,0,zly,FF8521,114,umiarkowany
FF8522,0,zly,FF8522,119,dobry
FF8523,0,zly,FF8523,128,dobry
FF8524,0,zly,FF8524,120,dobry
FF8525,0,zly,FF8525,106,umiarkowany
FF8526,0,zly,FF8526,109,umiarkowany
FF8527,0,zly,FF8527,115,umiarkowany
FF8528,0,zly,FF8528,108,umiarkowany
FF8529,0,zly,FF8529,115,umiarkowany
FF8620,0,zly,FF8620,133,bardzo dobry
FF8623,0,zly,FF8623,117,dobry
FF8721,0,zly,FF8721,135,bardzo dobry
FF8722,0,zly,FF8722,134,bardzo dobry
FF8725,0,zly,FF8725,129,dobry
FF8820,0,zly,FF8820,116,dobry
FF8821,0,zly,FF8821,137,bardzo dobry
FF8822,0,zly,FF8822,121,dobry
FF8825,0,zly,FF8825,123,dobry
FF8826,0,zly,FF8826,132,bardzo dobry
FF8922,0,zly,FF8922,106,umiarkowany
FF8923,0,zly,FF8923,118,dobry
FF8924,0,zly,FF8924,115,umiarkowany
FF8925,0,zly,FF8925,101,slaby
FF8926,0,zly,FF8926,96,slaby
FF8927,0,zly,FF8927,110,umiarkowany
FF8928,0,zly,FF8928,112,umiarkowany
FF8929,0,zly,FF8929,97,slaby
FF8216,0,zly,FF8216,133,bardzo dobry
FF8217,0,zly,FF8217,119,dobry
FF8218,0,zly,FF8218,89,slaby
FF8312,0,zly,FF8312,153,bardzo dobry
FF8313,0,zly,FF8313,142,bardzo dobry
FF8317,0,zly,FF8317,115,umiarkowany
FF8318,0,zly,FF8318,116,dobry
FF8319,0,zly,FF8319,123,dobry
FF8410,0,zly,FF8410,123,dobry
FF8414,0,zly,FF8414,126,dobry
FF8415,0,zly,FF8415,124,dobry
FF8416,0,zly,FF8416,120,dobry
FF8419,0,zly,FF8419,125,dobry
FF8510,0,zly,FF8510,129,dobry
FF8511,0,zly,FF8511,107,umiarkowany
FF8512,0,zly,FF8512,103,umiarkowany
FF8513,0,zly,FF8513,107,umiarkowany
FF8514,1,zly,FF8514,109,umiarkowany
FF8515,0,zly,FF8515,113,umiarkowany
FF8516,0,zly,FF8516,103,umiarkowany
FF8517,0,zly,FF8517,96,slaby
FF8612,0,zly,FF8612,131,dobry
FF8613,0,zly,FF8613,110,umiarkowany
FF8616,0,zly,FF8616,117,dobry
FF8619,0,zly,FF8619,136,bardzo dobry
FF8710,0,zly,FF8710,131,dobry
FF8715,0,zly,FF8715,124,dobry
FF8811,0,zly,FF8811,131,dobry
FF8812,0,zly,FF8812,117,dobry
FF8816,0,zly,FF8816,128,dobry
FF8911,0,zly,FF8911,102,umiarkowany
FF8914,0,zly,FF8914,120,dobry
FF8915,0,zly,FF8915,114,umiarkowany
FF8917,0,zly,FF8917,107,umiarkowany
FF8918,0,zly,FF8918,122,dobry
FF6199,0,zly,FF6199,120,dobry
FF6290,0,zly,FF6290,104,umiarkowany
FF6291,0,zly,FF6291,102,umiarkowany
FF6293,0,zly,FF6293,121,dobry
FF6294,0,zly,FF6294,114,umiarkowany
FF6295,0,zly,FF6295,117,dobry
FF6296,0,zly,FF6296,97,slaby
FF6297,0,zly,FF6297,110,umiarkowany
FF6298,0,zly,FF6298,110,umiarkowany
FF6299,0,zly,FF6299,107,umiarkowany
FF6390,0,zly,FF6390,104,umiarkowany
FF6391,0,zly,FF6391,82,slaby
FF6392,0,zly,FF6392,108,umiarkowany
FF6393,0,zly,FF6393,110,umiarkowany
FF6592,0,zly,FF6592,113,umiarkowany
FF6593,0,zly,FF6593,107,umiarkowany
FF6594,0,zly,FF6594,117,dobry
FF6595,0,zly,FF6595,109,umiarkowany
FF6596,0,zly,FF6596,116,dobry
FF6597,0,zly,FF6597,110,umiarkowany
FF6598,0,zly,FF6598,112,umiarkowany
FF6599,0,zly,FF6599,112,umiarkowany
FF6690,0,zly,FF6690,98,slaby
FF6691,0,zly,FF6691,88,slaby
FF6692,0,zly,FF6692,95,slaby
FF6693,0,zly,FF6693,99,slaby
FF6694,0,zly,FF6694,99,slaby
FF6695,0,zly,FF6695,102,umiarkowany
FF6696,0,zly,FF6696,125,dobry
FF6698,0,zly,FF6698,101,slaby
FF6189,0,zly,FF6189,113,umiarkowany
FF6280,0,zly,FF6280,104,umiarkowany
FF6281,0,zly,FF6281,96,slaby
FF6282,0,zly,FF6282,116,dobry
FF6285,0,zly,FF6285,124,dobry
FF6286,0,zly,FF6286,103,umiarkowany
FF6287,0,zly,FF6287,90,slaby
FF6288,0,zly,FF6288,92,slaby
FF6289,0,zly,FF6289,94,slaby
FF6380,0,zly,FF6380,83,slaby
FF6381,0,zly,FF6381,95,slaby
FF6587,0,zly,FF6587,117,dobry
FF6588,0,zly,FF6588,114,umiarkowany
FF6589,0,zly,FF6589,109,umiarkowany
FF6680,0,zly,FF6680,94,slaby
FF6682,0,zly,FF6682,97,slaby
FF6684,0,zly,FF6684,130,dobry
FF6685,0,zly,FF6685,113,umiarkowany
FF6686,0,zly,FF6686,109,umiarkowany
FF6179,0,zly,FF6179,106,umiarkowany
FF6270,0,zly,FF6270,107,umiarkowany
FF6271,0,zly,FF6271,96,slaby
FF6272,0,zly,FF6272,106,umiarkowany
FF6275,0,zly,FF6275,124,dobry
FF6276,0,zly,FF6276,101,slaby
FF6279,0,zly,FF6279,76,slaby
FF6370,0,zly,FF6370,70,zly
FF6670,0,zly,FF6670,80,slaby
FF5707,0,zly,FF5707,107,umiarkowany
FF5708,0,zly,FF5708,91,slaby
FF2736,0,zly,FF2736,121,dobry
FF2746,0,zly,FF2746,110,umiarkowany
FF2756,0,zly,FF2756,105,umiarkowany
FF2757,0,zly,FF2757,115,umiarkowany
FF2776,0,zly,FF2776,47,zly
FF2786,0,zly,FF2786,116,dobry
FF2796,0,zly,FF2796,133,bardzo dobry
FF2797,0,zly,FF2797,122,dobry
FF3706,0,zly,FF3706,120,dobry
FF3707,0,zly,FF3707,145,bardzo dobry
FF3716,0,zly,FF3716,100,slaby
FF3717,0,zly,FF3717,105,umiarkowany
FF3726,0,zly,FF3726,103,umiarkowany
FF3727,0,zly,FF3727,103,umiarkowany
FF3736,0,zly,FF3736,118,dobry
FF3737,0,zly,FF3737,41,zly
FF3746,0,zly,FF3746,133,bardzo dobry
FF3747,0,zly,FF3747,110,umiarkowany
FF3756,0,zly,FF3756,167,bardzo dobry
FF3757,0,zly,FF3757,141,bardzo dobry
FF3766,0,zly,FF3766,161,bardzo dobry
FF3767,0,zly,FF3767,167,bardzo dobry
FF3777,0,zly,FF3777,180,bardzo dobry
FF4777,0,zly,FF4777,47,zly
FF4787,0,zly,FF4787,108,umiarkowany
FF4796,0,zly,FF4796,62,zly
FF4797,0,zly,FF4797,96,slaby
FF5706,0,zly,FF5706,123,dobry
FF5009,0,zly,FF5009,120,dobry
FF5100,0,zly,FF5100,124,dobry
FF5200,0,zly,FF5200,123,dobry
FF5204,0,zly,FF5204,120,dobry
FF5206,0,zly,FF5206,135,bardzo dobry
FF5306,0,zly,FF5306,96,slaby
FF5307,0,zly,FF5307,98,slaby
FF5308,0,zly,FF5308,115,umiarkowany
FF5606,0,zly,FF5606,104,umiarkowany
FF5607,0,zly,FF5607,107,umiarkowany
FF5703,0,zly,FF5703,116,dobry
FF5704,0,zly,FF5704,54,zly
FF5705,0,zly,FF5705,60,zly
FF2725,0,zly,FF2725,51,zly
FF2735,0,zly,FF2735,57,zly
FF2775,0,zly,FF2775,103,umiarkowany
FF2785,0,zly,FF2785,122,dobry
FF3705,0,zly,FF3705,122,dobry
FF3715,0,zly,FF3715,111,umiarkowany
FF4765,0,zly,FF4765,83,slaby
FF4775,0,zly,FF4775,107,umiarkowany
FF4785,0,zly,FF4785,110,umiarkowany
FF4795,0,zly,FF4795,66,zly
FF2714,0,zly,FF2714,86,slaby
FF2724,0,zly,FF2724,45,zly
FF2774,0,zly,FF2774,102,umiarkowany
FF2784,0,zly,FF2784,96,slaby
FF2794,0,zly,FF2794,101,slaby
FF3704,0,zly,FF3704,174,bardzo dobry
FF3794,0,zly,FF3794,95,slaby
FF4704,0,zly,FF4704,109,umiarkowany
FF4714,0,zly,FF4714,98,slaby
FF4764,0,zly,FF4764,94,slaby
FF4774,0,zly,FF4774,64,zly
FF4784,0,zly,FF4784,64,zly
FF4794,0,zly,FF4794,61,zly
FF2713,0,zly,FF2713,55,zly
FF2723,0,zly,FF2723,48,zly
FF2753,0,zly,FF2753,116,dobry
FF2763,0,zly,FF2763,101,slaby
FF2773,0,zly,FF2773,101,slaby
FF2783,0,zly,FF2783,96,slaby
FF3783,0,zly,FF3783,70,zly
FF3793,0,zly,FF3793,35,zly
FF4703,0,zly,FF4703,118,dobry
FF4713,0,zly,FF4713,106,umiarkowany
FF4723,0,zly,FF4723,46,zly
FF4733,0,zly,FF4733,49,zly
FF4763,0,zly,FF4763,98,slaby
FF4773,0,zly,FF4773,47,zly
FF4783,0,zly,FF4783,58,zly
FF2712,0,zly,FF2712,113,umiarkowany
FF2722,0,zly,FF2722,112,umiarkowany
FF2752,0,zly,FF2752,94,slaby
FF3772,0,zly,FF3772,108,umiarkowany
FF3782,0,zly,FF3782,75,slaby
FF3792,0,zly,FF3792,53,zly
FF4702,1,zly,FF4702,140,bardzo dobry
FF4722,0,zly,FF4722,113,umiarkowany
FF4732,0,zly,FF4732,52,zly
FF4742,0,zly,FF4742,44,zly
FF4762,0,zly,FF4762,100,slaby
FF4772,0,zly,FF4772,116,dobry
FF4792,0,zly,FF4792,67,zly
FF2721,0,zly,FF2721,118,dobry
FF2731,0,zly,FF2731,114,umiarkowany
FF2741,0,zly,FF2741,112,umiarkowany
FF4721,0,zly,FF4721,104,umiarkowany
FF4731,0,zly,FF4731,104,umiarkowany
FF4741,0,zly,FF4741,94,slaby
FF4751,0,zly,FF4751,113,umiarkowany
FF4761,0,zly,FF4761,118,dobry
FF4771,0,zly,FF4771,122,dobry
FF4791,0,zly,FF4791,114,umiarkowany
FF4740,0,zly,FF4740,118,dobry
FF4750,0,zly,FF4750,136,bardzo dobry
FF4760,0,zly,FF4760,99,slaby
FF4790,0,zly,FF4790,118,dobry
FF3679,0,zly,FF3679,114,umiarkowany
FF4659,0,zly,FF4659,135,bardzo dobry
FF4669,0,zly,FF4669,110,umiarkowany
FF4689,0,zly,FF4689,122,dobry
FF4699,0,zly,FF4699,121,dobry
FF3678,0,zly,FF3678,135,bardzo dobry
FF4608,0,zly,FF4608,127,dobry
FF4618,0,zly,FF4618,100,slaby
FF4658,0,zly,FF4658,140,bardzo dobry
FF4668,0,zly,FF4668,135,bardzo dobry
FF4678,0,zly,FF4678,120,dobry
FF4688,0,zly,FF4688,148,bardzo dobry
FF4698,0,zly,FF4698,134,bardzo dobry
FF3936,0,zly,FF3936,128,dobry
FF3946,0,zly,FF3946,72,slaby
FF3956,0,zly,FF3956,115,umiarkowany
FF3986,0,zly,FF3986,138,bardzo dobry
FF3996,0,zly,FF3996,121,dobry
FF4906,0,zly,FF4906,129,dobry
FF4916,0,zly,FF4916,100,slaby
FF3935,0,zly,FF3935,141,bardzo dobry
FF3945,0,zly,FF3945,111,umiarkowany
FF3955,0,zly,FF3955,129,dobry
FF3975,0,zly,FF3975,112,umiarkowany
FF3985,0,zly,FF3985,116,dobry
FF3995,0,zly,FF3995,116,dobry
FF4905,0,zly,FF4905,127,dobry
FF4915,0,zly,FF4915,118,dobry
FF4995,0,zly,FF4995,111,umiarkowany
FF3944,0,zly,FF3944,122,dobry
FF3954,0,zly,FF3954,134,bardzo dobry
FF3974,0,zly,FF3974,118,dobry
FF3984,0,zly,FF3984,105,umiarkowany
FF3994,0,zly,FF3994,112,umiarkowany
FF4904,0,zly,FF4904,120,dobry
FF4914,0,zly,FF4914,126,dobry
FF4924,0,zly,FF4924,126,dobry
FF4984,0,zly,FF4984,129,dobry
FF4994,0,zly,FF4994,126,dobry
FF2853,0,zly,FF2853,46,zly
FF2854,0,zly,FF2854,103,umiarkowany
FF2863,0,zly,FF2863,130,dobry
FF2864,0,zly,FF2864,122,dobry
FF2873,0,zly,FF2873,138,bardzo dobry
FF2883,0,zly,FF2883,114,umiarkowany
FF2884,0,zly,FF2884,124,dobry
FF2893,0,zly,FF2893,116,dobry
FF2894,0,zly,FF2894,111,umiarkowany
FF3804,0,zly,FF3804,83,slaby
FF3814,0,zly,FF3814,97,slaby
FF3853,0,zly,FF3853,109,umiarkowany
FF3854,0,zly,FF3854,108,umiarkowany
FF3863,0,zly,FF3863,116,dobry
FF3864,0,zly,FF3864,124,dobry
FF3874,0,zly,FF3874,107,umiarkowany
FF3893,0,zly,FF3893,103,umiarkowany
FF3894,0,zly,FF3894,132,bardzo dobry
FF4803,0,zly,FF4803,90,slaby
FF4804,0,zly,FF4804,114,umiarkowany
FF4813,0,zly,FF4813,105,umiarkowany
FF4814,0,zly,FF4814,113,umiarkowany
FF4823,0,zly,FF4823,110,umiarkowany
FF4824,0,zly,FF4824,118,dobry
FF4833,0,zly,FF4833,111,umiarkowany
FF4834,0,zly,FF4834,112,umiarkowany
FF4843,0,zly,FF4843,155,bardzo dobry
FF4844,0,zly,FF4844,154,bardzo dobry
FF4853,0,zly,FF4853,141,bardzo dobry
FF4854,0,zly,FF4854,163,bardzo dobry
FF4863,0,zly,FF4863,137,bardzo dobry
FF4864,0,zly,FF4864,165,bardzo dobry
FF4873,0,zly,FF4873,143,bardzo dobry
FF4874,0,zly,FF4874,51,zly
FF4883,0,zly,FF4883,139,bardzo dobry
FF4884,0,zly,FF4884,41,zly
FF4893,0,zly,FF4893,37,zly
FF4894,0,zly,FF4894,55,zly
FF5803,0,zly,FF5803,140,bardzo dobry
FF2862,0,zly,FF2862,108,umiarkowany
FF2872,0,zly,FF2872,149,bardzo dobry
FF2882,0,zly,FF2882,114,umiarkowany
FF2892,0,zly,FF2892,128,dobry
FF3852,0,zly,FF3852,123,dobry
FF3862,0,zly,FF3862,105,umiarkowany
FF3872,0,zly,FF3872,111,umiarkowany
FF3882,0,zly,FF3882,111,umiarkowany
FF3892,0,zly,FF3892,108,umiarkowany
FF4802,0,zly,FF4802,97,slaby
FF4812,0,zly,FF4812,92,slaby
FF4822,0,zly,FF4822,110,umiarkowany
FF4832,0,zly,FF4832,171,bardzo dobry
FF4842,0,zly,FF4842,173,bardzo dobry
FF4852,0,zly,FF4852,164,bardzo dobry
FF4862,0,zly,FF4862,121,dobry
FF4872,0,zly,FF4872,108,umiarkowany
FF4882,0,zly,FF4882,133,bardzo dobry
FF4892,0,zly,FF4892,152,bardzo dobry
FF5802,0,zly,FF5802,146,bardzo dobry
FF2861,0,zly,FF2861,85,slaby
FF2871,0,zly,FF2871,135,bardzo dobry
FF2881,0,zly,FF2881,111,umiarkowany
FF3851,0,zly,FF3851,130,dobry
FF3881,0,zly,FF3881,116,dobry
FF3891,0,zly,FF3891,110,umiarkowany
FF4801,0,zly,FF4801,100,slaby
FF4811,0,zly,FF4811,142,bardzo dobry
FF4821,0,zly,FF4821,163,bardzo dobry
FF4831,0,zly,FF4831,163,bardzo dobry
FF4841,0,zly,FF4841,82,slaby
FF4851,0,zly,FF4851,97,slaby
FF4861,0,zly,FF4861,115,umiarkowany
FF4871,0,zly,FF4871,88,slaby
FF4881,0,zly,FF4881,106,umiarkowany
FF4891,0,zly,FF4891,141,bardzo dobry
FF5801,0,zly,FF5801,105,umiarkowany
FF2953,0,zly,FF2953,100,slaby
FF2963,0,zly,FF2963,107,umiarkowany
FF2973,0,zly,FF2973,59,zly
FF2983,0,zly,FF2983,105,umiarkowany
FF3933,0,zly,FF3933,165,bardzo dobry
FF3963,0,zly,FF3963,122,dobry
FF3973,0,zly,FF3973,94,slaby
FF3983,0,zly,FF3983,99,slaby
FF3993,0,zly,FF3993,112,umiarkowany
FF4903,0,zly,FF4903,117,dobry
FF4913,0,zly,FF4913,119,dobry
FF4923,0,zly,FF4923,115,umiarkowany
FF4933,0,zly,FF4933,115,umiarkowany
FF4943,0,zly,FF4943,122,dobry
FF4973,0,zly,FF4973,122,dobry
FF4983,0,zly,FF4983,123,dobry
FF4993,0,zly,FF4993,126,dobry
FF5903,0,zly,FF5903,117,dobry
FF2952,0,zly,FF2952,116,dobry
FF2962,0,zly,FF2962,122,dobry
FF2972,0,zly,FF2972,104,umiarkowany
FF2982,0,zly,FF2982,49,zly
FF2992,0,zly,FF2992,121,dobry
FF3962,0,zly,FF3962,130,dobry
FF3972,0,zly,FF3972,107,umiarkowany
FF3982,0,zly,FF3982,120,dobry
FF3992,0,zly,FF3992,101,slaby
FF4902,0,zly,FF4902,99,slaby
FF4912,0,zly,FF4912,111,umiarkowany
FF4922,0,zly,FF4922,129,dobry
FF4952,0,zly,FF4952,110,umiarkowany
FF4972,0,zly,FF4972,109,umiarkowany
FF4982,0,zly,FF4982,110,umiarkowany
FF2951,0,zly,FF2951,110,umiarkowany
FF2961,0,zly,FF2961,134,bardzo dobry
FF2971,0,zly,FF2971,139,bardzo dobry
FF2981,0,zly,FF2981,124,dobry
FF2991,0,zly,FF2991,93,slaby
FF3931,0,zly,FF3931,151,bardzo dobry
FF3981,0,zly,FF3981,120,dobry
FF3991,0,zly,FF3991,109,umiarkowany
FF4901,0,zly,FF4901,109,umiarkowany
FF4911,0,zly,FF4911,137,bardzo dobry
FF4971,0,zly,FF4971,117,dobry
FF4981,0,zly,FF4981,114,umiarkowany
FF2950,0,zly,FF2950,105,umiarkowany
FF2960,0,zly,FF2960,143,bardzo dobry
FF2970,0,zly,FF2970,129,dobry
FF2980,1,zly,FF2980,107,umiarkowany
FF3900,0,zly,FF3900,134,bardzo dobry
FF3910,0,zly,FF3910,133,bardzo dobry
FF3920,0,zly,FF3920,114,umiarkowany
FF3980,0,zly,FF3980,118,dobry
FF3990,0,zly,FF3990,114,umiarkowany
FF4900,0,zly,FF4900,112,umiarkowany
FF4910,0,zly,FF4910,131,dobry
FF4950,0,zly,FF4950,115,umiarkowany
FF4960,0,zly,FF4960,116,dobry
FF4970,0,zly,FF4970,113,umiarkowany
FF2859,0,zly,FF2859,104,umiarkowany
FF2869,0,zly,FF2869,139,bardzo dobry
FF2879,0,zly,FF2879,119,dobry
FF3809,0,zly,FF3809,107,umiarkowany
FF3819,0,zly,FF3819,128,dobry
FF3829,0,zly,FF3829,119,dobry
FF3889,0,zly,FF3889,112,umiarkowany
FF3899,0,zly,FF3899,121,dobry
FF4809,0,zly,FF4809,120,dobry
FF4819,0,zly,FF4819,127,dobry
FF4849,0,zly,FF4849,121,dobry
FF4859,0,zly,FF4859,110,umiarkowany
FF4869,0,zly,FF4869,110,umiarkowany
FF4879,0,zly,FF4879,92,slaby
FF4899,0,zly,FF4899,118,dobry
FF5809,0,zly,FF5809,121,dobry
FF2858,0,zly,FF2858,110,umiarkowany
FF2868,0,zly,FF2868,145,bardzo dobry
FF3808,0,zly,FF3808,118,dobry
FF3818,0,zly,FF3818,129,dobry
FF3828,0,zly,FF3828,125,dobry
FF3858,0,zly,FF3858,113,umiarkowany
FF3878,0,zly,FF3878,133,bardzo dobry
FF3888,0,zly,FF3888,127,dobry
FF3898,0,zly,FF3898,111,umiarkowany
FF4808,0,zly,FF4808,114,umiarkowany
FF4818,0,zly,FF4818,132,bardzo dobry
FF4848,0,zly,FF4848,121,dobry
FF4858,0,zly,FF4858,99,slaby
FF4868,0,zly,FF4868,93,slaby
FF4878,0,zly,FF4878,85,slaby
FF4888,0,zly,FF4888,104,umiarkowany
FF4898,0,zly,FF4898,108,umiarkowany
FF5808,0,zly,FF5808,48,zly
FF2857,0,zly,FF2857,128,dobry
FF2867,0,zly,FF2867,135,bardzo dobry
FF3817,0,zly,FF3817,135,bardzo dobry
FF3827,0,zly,FF3827,129,dobry
FF3837,0,zly,FF3837,99,slaby
FF3857,0,zly,FF3857,109,umiarkowany
FF3867,0,zly,FF3867,122,dobry
FF3877,0,zly,FF3877,120,dobry
FF3887,0,zly,FF3887,119,dobry
FF3897,0,zly,FF3897,113,umiarkowany
FF4807,0,zly,FF4807,117,dobry
FF4817,0,zly,FF4817,133,bardzo dobry
FF4847,0,zly,FF4847,117,dobry
FF4857,0,zly,FF4857,106,umiarkowany
FF4867,0,zly,FF4867,100,slaby
FF4877,0,zly,FF4877,99,slaby
FF4887,0,zly,FF4887,119,dobry
FF4897,0,zly,FF4897,161,bardzo dobry
FF5807,0,zly,FF5807,157,bardzo dobry
FF2866,0,zly,FF2866,109,umiarkowany
FF2876,0,zly,FF2876,122,dobry
FF3816,0,zly,FF3816,113,umiarkowany
FF3826,0,zly,FF3826,114,umiarkowany
FF3836,0,zly,FF3836,102,umiarkowany
FF3846,0,zly,FF3846,123,dobry
FF3856,0,zly,FF3856,129,dobry
FF3866,0,zly,FF3866,116,dobry
FF3876,0,zly,FF3876,117,dobry
FF3886,0,zly,FF3886,127,dobry
FF4806,0,zly,FF4806,119,dobry
FF4836,0,zly,FF4836,143,bardzo dobry
FF4846,0,zly,FF4846,114,umiarkowany
FF4856,0,zly,FF4856,127,dobry
FF4866,0,zly,FF4866,173,bardzo dobry
FF4876,0,zly,FF4876,169,bardzo dobry
FF4886,0,zly,FF4886,180,bardzo dobry
FF4896,0,zly,FF4896,152,bardzo dobry
FF5806,0,zly,FF5806,158,bardzo dobry
FF2865,0,zly,FF2865,107,umiarkowany
FF2875,0,zly,FF2875,131,dobry
FF2895,0,zly,FF2895,118,dobry
FF3805,0,zly,FF3805,109,umiarkowany
FF3815,0,zly,FF3815,94,slaby
FF3825,0,zly,FF3825,123,dobry
FF3845,0,zly,FF3845,119,dobry
FF3855,0,zly,FF3855,128,dobry
FF3865,0,zly,FF3865,118,dobry
FF3875,0,zly,FF3875,101,slaby
FF3885,0,zly,FF3885,101,slaby
FF4825,0,zly,FF4825,131,dobry
FF4835,0,zly,FF4835,120,dobry
FF4845,0,zly,FF4845,108,umiarkowany
FF4855,0,zly,FF4855,170,bardzo dobry
FF4865,0,zly,FF4865,179,bardzo dobry
FF4875,0,zly,FF4875,44,zly
FF4885,0,zly,FF4885,107,umiarkowany
FF4895,0,zly,FF4895,53,zly
FF5805,0,zly,FF5805,57,zly
FF2860,0,zly,FF2860,38,zly
FF2880,0,zly,FF2880,141,bardzo dobry
FF3870,0,zly,FF3870,115,umiarkowany
FF3880,0,zly,FF3880,109,umiarkowany
FF3890,0,zly,FF3890,103,umiarkowany
FF4800,0,zly,FF4800,99,slaby
FF4810,0,zly,FF4810,172,bardzo dobry
FF4870,0,zly,FF4870,84,slaby
FF4880,0,zly,FF4880,100,slaby
FF4890,0,zly,FF4890,116,dobry
FF5800,0,zly,FF5800,118,dobry
FF3729,0,zly,FF3729,117,dobry
FF3779,0,zly,FF3779,119,dobry
FF3789,0,zly,FF3789,163,bardzo dobry
FF3799,0,zly,FF3799,179,bardzo dobry
FF4709,0,zly,FF4709,186,bardzo dobry
FF4769,0,zly,FF4769,87,slaby
FF4779,0,zly,FF4779,86,slaby
FF4789,0,zly,FF4789,48,zly
FF4799,0,zly,FF4799,63,zly
FF5709,0,zly,FF5709,118,dobry
FF3708,0,zly,FF3708,121,dobry
FF3718,0,zly,FF3718,105,umiarkowany
FF3748,0,zly,FF3748,140,bardzo dobry
FF3758,0,zly,FF3758,126,dobry
FF3768,0,zly,FF3768,113,umiarkowany
FF3778,0,zly,FF3778,68,zly
FF3788,0,zly,FF3788,181,bardzo dobry
FF3798,0,zly,FF3798,169,bardzo dobry
FF4768,0,zly,FF4768,46,zly
FF4778,0,zly,FF4778,52,zly
FF4788,0,zly,FF4788,63,zly
FF4798,0,zly,FF4798,98,slaby
FF3565,0,zly,FF3565,117,dobry
FF3585,0,zly,FF3585,122,dobry
FF3586,0,zly,FF3586,117,dobry
FF3595,0,zly,FF3595,143,bardzo dobry
FF3596,0,zly,FF3596,98,slaby
FF4505,0,zly,FF4505,118,dobry
FF4506,0,zly,FF4506,111,umiarkowany
FF4516,0,zly,FF4516,126,dobry
FF4526,0,zly,FF4526,94,slaby
FF4536,0,zly,FF4536,108,umiarkowany
FF4546,0,zly,FF4546,125,dobry
FF4556,0,zly,FF4556,117,dobry
FF3687,0,zly,FF3687,103,umiarkowany
FF3697,0,zly,FF3697,139,bardzo dobry
FF4607,0,zly,FF4607,130,dobry
FF4617,0,zly,FF4617,124,dobry
FF4627,0,zly,FF4627,123,dobry
FF4657,0,zly,FF4657,120,dobry
FF4667,0,zly,FF4667,125,dobry
FF4677,0,zly,FF4677,121,dobry
FF4697,0,zly,FF4697,110,umiarkowany
FF3676,1,zly,FF3676,123,dobry
FF3686,0,zly,FF3686,126,dobry
FF3696,0,zly,FF3696,127,dobry
FF4606,0,zly,FF4606,117,dobry
FF4626,0,zly,FF4626,113,umiarkowany
FF4656,0,zly,FF4656,121,dobry
FF4666,0,zly,FF4666,109,umiarkowany
FF4676,0,zly,FF4676,107,umiarkowany
FF4696,0,zly,FF4696,91,slaby
FF3655,0,zly,FF3655,152,bardzo dobry
FF3665,0,zly,FF3665,120,dobry
FF3675,0,zly,FF3675,126,dobry
FF3685,0,zly,FF3685,135,bardzo dobry
FF3695,0,zly,FF3695,128,dobry
FF4605,0,zly,FF4605,109,umiarkowany
FF4645,0,zly,FF4645,116,dobry
FF4655,0,zly,FF4655,107,umiarkowany
FF4665,0,zly,FF4665,117,dobry
FF3664,0,zly,FF3664,135,bardzo dobry
FF3674,0,zly,FF3674,134,bardzo dobry
FF4654,0,zly,FF4654,97,slaby
FF4664,0,zly,FF4664,108,umiarkowany
FF3653,1,zly,FF3653,126,dobry
FF3663,0,zly,FF3663,104,umiarkowany
FF3673,0,zly,FF3673,145,bardzo dobry
FF4663,0,zly,FF4663,111,umiarkowany
FF4673,0,zly,FF4673,53,zly
FF3652,0,zly,FF3652,52,zly
FF3662,0,zly,FF3662,110,umiarkowany
FF3672,0,zly,FF3672,147,bardzo dobry
FF4632,0,zly,FF4632,134,bardzo dobry
FF4642,0,zly,FF4642,123,dobry
FF4662,0,zly,FF4662,115,umiarkowany
FF4672,0,zly,FF4672,61,zly
FF4682,0,zly,FF4682,68,zly
FF3661,0,zly,FF3661,117,dobry
FF3671,0,zly,FF3671,126,dobry
FF3681,1,zly,FF3681,173,bardzo dobry
FF4641,0,zly,FF4641,142,bardzo dobry
FF4651,0,zly,FF4651,136,bardzo dobry
FF4671,0,zly,FF4671,93,slaby
FF4681,0,zly,FF4681,90,slaby
FF4691,0,zly,FF4691,97,slaby
FF3660,0,zly,FF3660,101,slaby
FF3670,0,zly,FF3670,107,umiarkowany
FF3690,1,zly,FF3690,133,bardzo dobry
FF4600,0,zly,FF4600,103,umiarkowany
FF4650,0,zly,FF4650,135,bardzo dobry
FF4660,0,zly,FF4660,114,umiarkowany
FF4670,0,zly,FF4670,98,slaby
FF4680,0,zly,FF4680,98,slaby
FF4690,0,zly,FF4690,94,slaby
FF3569,0,zly,FF3569,116,dobry
FF3579,0,zly,FF3579,102,umiarkowany
FF3599,0,zly,FF3599,103,umiarkowany
FF4509,0,zly,FF4509,105,umiarkowany
FF4519,0,zly,FF4519,123,dobry
FF3598,0,zly,FF3598,106,umiarkowany
FF4508,0,zly,FF4508,105,umiarkowany
FF4518,0,zly,FF4518,106,umiarkowany
FF4568,0,zly,FF4568,135,bardzo dobry
FF3577,0,zly,FF3577,103,umiarkowany
FF4507,0,zly,FF4507,105,umiarkowany
FF4517,0,zly,FF4517,113,umiarkowany
FF4527,0,zly,FF4527,100,slaby
FF4537,0,zly,FF4537,97,slaby
FF4547,0,zly,FF4547,126,dobry
FF4557,0,zly,FF4557,139,bardzo dobry
FF4567,0,zly,FF4567,123,dobry
FF4577,0,zly,FF4577,122,dobry
FF4099,0,zly,FF4099,107,umiarkowany
FF4190,0,zly,FF4190,119,dobry
FF4191,0,zly,FF4191,122,dobry
FF4196,0,zly,FF4196,116,dobry
FF4290,0,zly,FF4290,132,bardzo dobry
FF4292,0,zly,FF4292,121,dobry
FF4295,0,zly,FF4295,132,bardzo dobry
FF4296,0,zly,FF4296,109,umiarkowany
FF4390,0,zly,FF4390,123,dobry
FF4396,0,zly,FF4396,99,slaby
FF4397,0,zly,FF4397,49,zly
FF3564,0,zly,FF3564,119,dobry
FF3574,1,zly,FF3574,129,dobry
FF3594,0,zly,FF3594,120,dobry
FF4504,0,zly,FF4504,114,umiarkowany
FF4514,0,zly,FF4514,120,dobry
FF3543,0,zly,FF3543,106,umiarkowany
FF3553,0,zly,FF3553,121,dobry
FF3563,0,zly,FF3563,124,dobry
FF3593,0,zly,FF3593,112,umiarkowany
FF4503,0,zly,FF4503,96,slaby
FF4513,0,zly,FF4513,105,umiarkowany
FF3542,0,zly,FF3542,83,slaby
FF3552,0,zly,FF3552,111,umiarkowany
FF3582,0,zly,FF3582,112,umiarkowany
FF3592,0,zly,FF3592,111,umiarkowany
FF4502,0,zly,FF4502,107,umiarkowany
FF4512,0,zly,FF4512,84,slaby
FF3511,0,zly,FF3511,93,slaby
FF3521,0,zly,FF3521,94,slaby
FF3531,0,zly,FF3531,94,slaby
FF3541,0,zly,FF3541,95,slaby
FF3551,0,zly,FF3551,101,slaby
FF3561,0,zly,FF3561,109,umiarkowany
FF3571,0,zly,FF3571,98,slaby
FF4511,0,zly,FF4511,100,slaby
FF4521,0,zly,FF4521,93,slaby
FF4531,0,zly,FF4531,107,umiarkowany
FF3500,0,zly,FF3500,102,umiarkowany
FF3510,0,zly,FF3510,91,slaby
FF3520,0,zly,FF3520,92,slaby
FF3530,0,zly,FF3530,102,umiarkowany
FF3540,0,zly,FF3540,50,zly
FF3550,0,zly,FF3550,103,umiarkowany
FF3560,0,zly,FF3560,103,umiarkowany
FF3570,0,zly,FF3570,107,umiarkowany
FF3580,0,zly,FF3580,128,dobry
FF4520,0,zly,FF4520,116,dobry
FF4530,0,zly,FF4530,120,dobry
FF4540,0,zly,FF4540,123,dobry
FF3409,0,zly,FF3409,105,umiarkowany
FF3419,0,zly,FF3419,97,slaby
FF3429,0,zly,FF3429,105,umiarkowany
FF3449,0,zly,FF3449,108,umiarkowany
FF3479,0,zly,FF3479,123,dobry
FF3489,0,zly,FF3489,110,umiarkowany
FF4449,0,zly,FF4449,110,umiarkowany
FF4459,0,zly,FF4459,89,slaby
FF3408,0,zly,FF3408,97,slaby
FF3418,0,zly,FF3418,118,dobry
FF3448,0,zly,FF3448,122,dobry
FF3458,0,zly,FF3458,105,umiarkowany
FF3478,0,zly,FF3478,109,umiarkowany
FF3488,0,zly,FF3488,100,slaby
FF3498,0,zly,FF3498,122,dobry
FF4448,0,zly,FF4448,112,umiarkowany
FF4458,0,zly,FF4458,85,slaby
FF4468,0,zly,FF4468,103,umiarkowany
FF3417,0,zly,FF3417,123,dobry
FF3447,0,zly,FF3447,139,bardzo dobry
FF3457,0,zly,FF3457,111,umiarkowany
FF3467,0,zly,FF3467,123,dobry
FF3477,0,zly,FF3477,110,umiarkowany
FF3487,0,zly,FF3487,61,zly
FF3497,0,zly,FF3497,103,umiarkowany
FF4407,0,zly,FF4407,116,dobry
FF4457,0,zly,FF4457,125,dobry
FF4467,0,zly,FF4467,105,umiarkowany
FF4477,0,zly,FF4477,112,umiarkowany
FF4286,0,zly,FF4286,125,dobry
FF4287,0,zly,FF4287,129,dobry
FF4288,0,zly,FF4288,133,bardzo dobry
FF4289,0,zly,FF4289,132,bardzo dobry
FF4089,0,zly,FF4089,98,slaby
FF4180,0,zly,FF4180,106,umiarkowany
FF4181,0,zly,FF4181,104,umiarkowany
FF4280,0,zly,FF4280,123,dobry
FF4283,0,zly,FF4283,126,dobry
FF4284,0,zly,FF4284,119,dobry
FF4285,0,zly,FF4285,126,dobry
FF4380,0,zly,FF4380,129,dobry
FF4381,0,zly,FF4381,128,dobry
FF4382,0,zly,FF4382,130,dobry
FF4383,0,zly,FF4383,119,dobry
FF3247,0,zly,FF3247,106,umiarkowany
FF3257,0,zly,FF3257,111,umiarkowany
FF3267,0,zly,FF3267,50,zly
FF3277,0,zly,FF3277,140,bardzo dobry
FF3278,0,zly,FF3278,149,bardzo dobry
FF2296,0,zly,FF2296,110,umiarkowany
FF3206,0,zly,FF3206,113,umiarkowany
FF3246,0,zly,FF3246,99,slaby
FF3256,0,zly,FF3256,97,slaby
FF4206,0,zly,FF4206,102,umiarkowany
FF4216,0,zly,FF4216,100,slaby
FF4226,0,zly,FF4226,84,slaby
FF4236,0,zly,FF4236,94,slaby
FF4246,0,zly,FF4246,125,dobry
FF4266,0,zly,FF4266,115,umiarkowany
FF3205,0,zly,FF3205,55,zly
FF3255,0,zly,FF3255,114,umiarkowany
FF3275,0,zly,FF3275,106,umiarkowany
FF3285,0,zly,FF3285,121,dobry
FF3295,0,zly,FF3295,109,umiarkowany
FF4205,0,zly,FF4205,100,slaby
FF4215,0,zly,FF4215,109,umiarkowany
FF4225,0,zly,FF4225,110,umiarkowany
FF4235,0,zly,FF4235,104,umiarkowany
FF4245,0,zly,FF4245,139,bardzo dobry
FF4255,0,zly,FF4255,125,dobry
FF4265,0,zly,FF4265,95,slaby
FF4275,0,zly,FF4275,131,dobry
FF3204,0,zly,FF3204,116,dobry
FF3224,0,zly,FF3224,118,dobry
FF3234,0,zly,FF3234,104,umiarkowany
FF3244,0,zly,FF3244,112,umiarkowany
FF3264,0,zly,FF3264,94,slaby
FF3274,0,zly,FF3274,124,dobry
FF3284,0,zly,FF3284,129,dobry
FF3294,0,zly,FF3294,108,umiarkowany
FF4204,0,zly,FF4204,102,umiarkowany
FF4214,0,zly,FF4214,106,umiarkowany
FF4224,0,zly,FF4224,115,umiarkowany
FF4234,0,zly,FF4234,100,slaby
FF4254,0,zly,FF4254,157,bardzo dobry
FF4264,0,zly,FF4264,121,dobry
FF4274,0,zly,FF4274,116,dobry
FF3119,0,zly,FF3119,107,umiarkowany
FF3129,0,zly,FF3129,123,dobry
FF3139,0,zly,FF3139,102,umiarkowany
FF3148,0,zly,FF3148,113,umiarkowany
FF3149,0,zly,FF3149,117,dobry
FF3178,0,zly,FF3178,119,dobry
FF3179,0,zly,FF3179,115,umiarkowany
FF3188,0,zly,FF3188,107,umiarkowany
FF3189,0,zly,FF3189,126,dobry
FF3198,0,zly,FF3198,101,slaby
FF3199,0,zly,FF3199,115,umiarkowany
FF4108,0,zly,FF4108,92,slaby
FF4109,0,zly,FF4109,104,umiarkowany
FF4118,0,zly,FF4118,110,umiarkowany
FF4119,0,zly,FF4119,65,zly
FF4128,0,zly,FF4128,97,slaby
FF4129,0,zly,FF4129,96,slaby
FF4138,0,zly,FF4138,100,slaby
FF4148,0,zly,FF4148,85,slaby
FF4149,0,zly,FF4149,102,umiarkowany
FF4158,0,zly,FF4158,96,slaby
FF4159,0,zly,FF4159,108,umiarkowany
FF3203,0,zly,FF3203,118,dobry
FF3213,0,zly,FF3213,119,dobry
FF3223,0,zly,FF3223,128,dobry
FF3233,0,zly,FF3233,128,dobry
FF3253,0,zly,FF3253,111,umiarkowany
FF3263,0,zly,FF3263,115,umiarkowany
FF3273,0,zly,FF3273,142,bardzo dobry
FF4213,0,zly,FF4213,125,dobry
FF4223,0,zly,FF4223,115,umiarkowany
FF4253,0,zly,FF4253,124,dobry
FF4273,0,zly,FF4273,131,dobry
FF3202,0,zly,FF3202,123,dobry
FF3222,0,zly,FF3222,123,dobry
FF3232,0,zly,FF3232,116,dobry
FF3242,0,zly,FF3242,58,zly
FF3252,0,zly,FF3252,138,bardzo dobry
FF3272,0,zly,FF3272,125,dobry
FF4252,0,zly,FF4252,103,umiarkowany
FF3211,0,zly,FF3211,129,dobry
FF3231,0,zly,FF3231,122,dobry
FF3241,0,zly,FF3241,129,dobry
FF3261,0,zly,FF3261,112,umiarkowany
FF3271,0,zly,FF3271,113,umiarkowany
FF3281,0,zly,FF3281,125,dobry
FF3291,0,zly,FF3291,117,dobry
FF4201,0,zly,FF4201,101,slaby
FF4211,0,zly,FF4211,102,umiarkowany
FF4241,0,zly,FF4241,99,slaby
FF4251,0,zly,FF4251,102,umiarkowany
FF4261,0,zly,FF4261,115,umiarkowany
FF4271,0,zly,FF4271,122,dobry
FF3230,0,zly,FF3230,116,dobry
FF3240,0,zly,FF3240,120,dobry
FF3260,0,zly,FF3260,132,bardzo dobry
FF3270,0,zly,FF3270,121,dobry
FF3280,0,zly,FF3280,130,dobry
FF3290,0,zly,FF3290,131,dobry
FF4200,0,zly,FF4200,102,umiarkowany
FF4210,0,zly,FF4210,113,umiarkowany
FF4220,0,zly,FF4220,107,umiarkowany
FF4230,0,zly,FF4230,104,umiarkowany
FF4240,0,zly,FF4240,93,slaby
FF4250,0,zly,FF4250,97,slaby
FF4260,0,zly,FF4260,125,dobry
FF4270,0,zly,FF4270,134,bardzo dobry
FF3406,0,zly,FF3406,109,umiarkowany
FF3466,0,zly,FF3466,121,dobry
FF3476,0,zly,FF3476,100,slaby
FF3486,0,zly,FF3486,112,umiarkowany
FF3496,0,zly,FF3496,100,slaby
FF3465,0,zly,FF3465,116,dobry
FF3475,0,zly,FF3475,104,umiarkowany
FF3485,0,zly,FF3485,116,dobry
FF3495,0,zly,FF3495,116,dobry
FF4405,0,zly,FF4405,120,dobry
FF4415,0,zly,FF4415,116,dobry
FF4435,0,zly,FF4435,108,umiarkowany
FF4445,0,zly,FF4445,94,slaby
FF3404,0,zly,FF3404,123,dobry
FF3454,0,zly,FF3454,103,umiarkowany
FF3464,0,zly,FF3464,122,dobry
FF3474,0,zly,FF3474,57,zly
FF3494,0,zly,FF3494,111,umiarkowany
FF4404,0,zly,FF4404,111,umiarkowany
FF4414,0,zly,FF4414,112,umiarkowany
FF4434,0,zly,FF4434,110,umiarkowany
FF4444,0,zly,FF4444,121,dobry
FF2473,0,zly,FF2473,108,umiarkowany
FF2483,0,zly,FF2483,106,umiarkowany
FF2493,0,zly,FF2493,118,dobry
FF3403,0,zly,FF3403,127,dobry
FF3453,0,zly,FF3453,98,slaby
FF3463,0,zly,FF3463,133,bardzo dobry
FF3493,0,zly,FF3493,118,dobry
FF4403,0,zly,FF4403,124,dobry
FF4413,0,zly,FF4413,101,slaby
FF4423,0,zly,FF4423,118,dobry
FF4433,0,zly,FF4433,119,dobry
FF4443,0,zly,FF4443,108,umiarkowany
FF4453,0,zly,FF4453,99,slaby
FF2382,0,zly,FF2382,104,umiarkowany
FF2391,0,zly,FF2391,115,umiarkowany
FF2392,0,zly,FF2392,113,umiarkowany
FF3301,0,zly,FF3301,128,dobry
FF3302,0,zly,FF3302,124,dobry
FF3311,0,zly,FF3311,127,dobry
FF3341,0,zly,FF3341,136,bardzo dobry
FF3342,0,zly,FF3342,111,umiarkowany
FF3362,0,zly,FF3362,97,slaby
FF3392,0,zly,FF3392,120,dobry
FF4302,0,zly,FF4302,114,umiarkowany
FF4312,0,zly,FF4312,101,slaby
FF4322,0,zly,FF4322,110,umiarkowany
FF4332,0,zly,FF4332,97,slaby
FF4372,0,zly,FF4372,103,umiarkowany
FF2345,0,zly,FF2345,114,umiarkowany
FF2354,0,zly,FF2354,119,dobry
FF2355,0,zly,FF2355,129,dobry
FF2364,0,zly,FF2364,126,dobry
FF2374,0,zly,FF2374,127,dobry
FF2395,0,zly,FF2395,144,bardzo dobry
FF3304,0,zly,FF3304,142,bardzo dobry
FF3305,0,zly,FF3305,158,bardzo dobry
FF3354,0,zly,FF3354,103,umiarkowany
FF3355,0,zly,FF3355,107,umiarkowany
FF3364,0,zly,FF3364,96,slaby
FF3365,0,zly,FF3365,95,slaby
FF3374,0,zly,FF3374,105,umiarkowany
FF3375,0,zly,FF3375,104,umiarkowany
FF3394,0,zly,FF3394,95,slaby
FF4304,0,zly,FF4304,107,umiarkowany
FF4305,0,zly,FF4305,110,umiarkowany
FF4314,5,zly,FF4314,109,umiarkowany
FF4334,0,zly,FF4334,134,bardzo dobry
FF4335,0,zly,FF4335,139,bardzo dobry
FF2363,0,zly,FF2363,110,umiarkowany
FF2373,0,zly,FF2373,114,umiarkowany
FF2383,0,zly,FF2383,128,dobry
FF2393,0,zly,FF2393,127,dobry
FF3303,0,zly,FF3303,123,dobry
FF3313,0,zly,FF3313,125,dobry
FF3323,0,zly,FF3323,122,dobry
FF3353,0,zly,FF3353,108,umiarkowany
FF3393,0,zly,FF3393,112,umiarkowany
FF4303,0,zly,FF4303,114,umiarkowany
FF4313,0,zly,FF4313,115,umiarkowany
FF4333,0,zly,FF4333,128,dobry
FF4343,0,zly,FF4343,113,umiarkowany
FF4373,0,zly,FF4373,119,dobry
FF2442,0,zly,FF2442,105,umiarkowany
FF2452,0,zly,FF2452,121,dobry
FF2462,0,zly,FF2462,131,dobry
FF2492,0,zly,FF2492,113,umiarkowany
FF3442,0,zly,FF3442,148,bardzo dobry
FF3452,0,zly,FF3452,135,bardzo dobry
FF3462,0,zly,FF3462,102,umiarkowany
FF3472,0,zly,FF3472,119,dobry
FF3492,0,zly,FF3492,111,umiarkowany
FF4402,0,zly,FF4402,127,dobry
FF4412,0,zly,FF4412,120,dobry
FF4422,0,zly,FF4422,106,umiarkowany
FF4432,0,zly,FF4432,90,slaby
FF4442,0,zly,FF4442,94,slaby
FF4452,0,zly,FF4452,106,umiarkowany
FF2441,0,zly,FF2441,116,dobry
FF3441,0,zly,FF3441,139,bardzo dobry
FF3451,0,zly,FF3451,53,zly
FF3461,0,zly,FF3461,95,slaby
FF3491,0,zly,FF3491,110,umiarkowany
FF4401,1,zly,FF4401,126,dobry
FF4411,0,zly,FF4411,113,umiarkowany
FF4421,0,zly,FF4421,116,dobry
FF4431,0,zly,FF4431,108,umiarkowany
FF4441,0,zly,FF4441,105,umiarkowany
FF4451,0,zly,FF4451,47,zly
FF4461,1,zly,FF4461,64,zly
FF2430,0,zly,FF2430,96,slaby
FF2470,0,zly,FF2470,115,umiarkowany
FF3430,0,zly,FF3430,135,bardzo dobry
FF3440,0,zly,FF3440,111,umiarkowany
FF3450,0,zly,FF3450,104,umiarkowany
FF3490,0,zly,FF3490,124,dobry
FF4400,0,zly,FF4400,134,bardzo dobry
FF4410,0,zly,FF4410,148,bardzo dobry
FF4420,0,zly,FF4420,112,umiarkowany
FF4430,0,zly,FF4430,109,umiarkowany
FF4440,0,zly,FF4440,103,umiarkowany
FF4450,0,zly,FF4450,50,zly
FF4460,0,zly,FF4460,113,umiarkowany
FF2339,0,zly,FF2339,100,slaby
FF3319,0,zly,FF3319,104,umiarkowany
FF3329,0,zly,FF3329,128,dobry
FF3339,0,zly,FF3339,128,dobry
FF3349,0,zly,FF3349,113,umiarkowany
FF3359,0,zly,FF3359,116,dobry
FF3369,0,zly,FF3369,119,dobry
FF3399,0,zly,FF3399,126,dobry
FF4309,0,zly,FF4309,137,bardzo dobry
FF4329,0,zly,FF4329,147,bardzo dobry
FF4339,0,zly,FF4339,138,bardzo dobry
FF4359,0,zly,FF4359,147,bardzo dobry
FF4369,0,zly,FF4369,129,dobry
FF2328,0,zly,FF2328,153,bardzo dobry
FF2338,0,zly,FF2338,144,bardzo dobry
FF3308,0,zly,FF3308,119,dobry
FF3348,0,zly,FF3348,116,dobry
FF3358,0,zly,FF3358,118,dobry
FF3368,0,zly,FF3368,109,umiarkowany
FF3398,0,zly,FF3398,112,umiarkowany
FF4308,0,zly,FF4308,123,dobry
FF4348,0,zly,FF4348,123,dobry
FF4358,0,zly,FF4358,117,dobry
FF4368,0,zly,FF4368,118,dobry
FF2337,0,zly,FF2337,163,bardzo dobry
FF2347,0,zly,FF2347,121,dobry
FF2357,0,zly,FF2357,119,dobry
FF2397,0,zly,FF2397,108,umiarkowany
FF3347,0,zly,FF3347,123,dobry
FF3357,0,zly,FF3357,123,dobry
FF3367,0,zly,FF3367,109,umiarkowany
FF4317,0,zly,FF4317,127,dobry
FF4337,0,zly,FF4337,132,bardzo dobry
FF4347,0,zly,FF4347,134,bardzo dobry
FF4357,0,zly,FF4357,113,umiarkowany
FF2346,0,zly,FF2346,131,dobry
FF2356,0,zly,FF2356,130,dobry
FF2366,0,zly,FF2366,140,bardzo dobry
FF2376,0,zly,FF2376,143,bardzo dobry
FF2386,0,zly,FF2386,149,bardzo dobry
FF2396,0,zly,FF2396,114,umiarkowany
FF3346,0,zly,FF3346,128,dobry
FF3356,0,zly,FF3356,118,dobry
FF3366,0,zly,FF3366,102,umiarkowany
FF4306,1,zly,FF4306,122,dobry
FF4336,0,zly,FF4336,142,bardzo dobry
FF2390,0,zly,FF2390,128,dobry
FF3300,0,zly,FF3300,129,dobry
FF3310,1,zly,FF3310,125,dobry
FF3320,0,zly,FF3320,107,umiarkowany
FF3360,0,zly,FF3360,133,bardzo dobry
FF3370,0,zly,FF3370,98,slaby
FF3239,0,zly,FF3239,109,umiarkowany
FF3249,0,zly,FF3249,107,umiarkowany
FF3269,0,zly,FF3269,140,bardzo dobry
FF3279,0,zly,FF3279,126,dobry
FF3046,0,zly,FF3046,108,umiarkowany
FF3066,0,zly,FF3066,102,umiarkowany
FF3086,0,zly,FF3086,100,slaby
FF3096,0,zly,FF3096,97,slaby
FF4006,0,zly,FF4006,116,dobry
FF4016,0,zly,FF4016,158,bardzo dobry
FF4017,0,zly,FF4017,103,umiarkowany
FF4027,0,zly,FF4027,153,bardzo dobry
FF4037,0,zly,FF4037,151,bardzo dobry
FF4047,0,zly,FF4047,170,bardzo dobry
FF3177,0,zly,FF3177,118,dobry
FF4117,0,zly,FF4117,106,umiarkowany
FF4127,0,zly,FF4127,103,umiarkowany
FF4137,0,zly,FF4137,110,umiarkowany
FF4147,0,zly,FF4147,107,umiarkowany
FF4157,0,zly,FF4157,105,umiarkowany
FF2150,0,zly,FF2150,123,dobry
FF2151,0,zly,FF2151,136,bardzo dobry
FF2160,0,zly,FF2160,127,dobry
FF2161,0,zly,FF2161,126,dobry
FF3130,0,zly,FF3130,119,dobry
FF3131,1,zly,FF3131,114,umiarkowany
FF4140,1,zly,FF4140,142,bardzo dobry
FF4150,0,zly,FF4150,146,bardzo dobry
FF4151,0,zly,FF4151,149,bardzo dobry
FF4160,0,zly,FF4160,119,dobry
FF4161,0,zly,FF4161,90,slaby
FF4170,0,zly,FF4170,105,umiarkowany
FF4171,0,zly,FF4171,100,slaby
FF3186,0,zly,FF3186,56,zly
FF3196,0,zly,FF3196,119,dobry
FF4126,0,zly,FF4126,125,dobry
FF4136,0,zly,FF4136,114,umiarkowany
FF4146,0,zly,FF4146,100,slaby
FF4173,1,zly,FF4173,121,dobry
FF4172,0,zly,FF4172,104,umiarkowany
FF2079,0,zly,FF2079,109,umiarkowany
FF2089,0,zly,FF2089,105,umiarkowany
FF2099,0,zly,FF2099,115,umiarkowany
FF3039,1,zly,FF3039,97,slaby
FF4039,0,zly,FF4039,135,bardzo dobry
FF4049,0,zly,FF4049,127,dobry
FF4059,0,zly,FF4059,92,slaby
FF4069,0,zly,FF4069,109,umiarkowany
FF3028,0,zly,FF3028,97,slaby
FF4038,0,zly,FF4038,113,umiarkowany
FF4048,0,zly,FF4048,100,slaby
FF4058,0,zly,FF4058,149,bardzo dobry
FG0204,0,zly,FG0204,84,slaby
FG0205,0,zly,FG0205,90,slaby
FG0206,0,zly,FG0206,146,bardzo dobry
FG0207,0,zly,FG0207,166,bardzo dobry
FG0208,0,zly,FG0208,107,umiarkowany
FG0209,0,zly,FG0209,91,slaby
FG0300,0,zly,FG0300,108,umiarkowany
FG0301,0,zly,FG0301,111,umiarkowany
FG0302,0,zly,FG0302,111,umiarkowany
FG0303,0,zly,FG0303,108,umiarkowany
FG5545,0,zly,FG5545,140,bardzo dobry
FG5533,0,zly,FG5533,139,bardzo dobry
FG5522,0,zly,FG5522,143,bardzo dobry
FG5523,0,zly,FG5523,137,bardzo dobry
FG5524,0,zly,FG5524,142,bardzo dobry
FG5525,0,zly,FG5525,136,bardzo dobry
FG5526,0,zly,FG5526,138,bardzo dobry
FG5527,0,zly,FG5527,123,dobry
FG5528,0,zly,FG5528,135,bardzo dobry
FG5515,0,zly,FG5515,115,umiarkowany
FG5516,0,zly,FG5516,159,bardzo dobry
FG5517,0,zly,FG5517,156,bardzo dobry
FG5518,0,zly,FG5518,140,bardzo dobry
FG5918,0,zly,FG5918,134,bardzo dobry
FG5919,0,zly,FG5919,153,bardzo dobry
FG0909,0,zly,FG0909,131,dobry
FG0919,0,zly,FG0919,127,dobry
FG0929,0,zly,FG0929,138,bardzo dobry
FG0969,0,zly,FG0969,157,bardzo dobry
FG3949,0,zly,FG3949,125,dobry
FG3959,0,zly,FG3959,137,bardzo dobry
FG4939,0,zly,FG4939,133,bardzo dobry
FG4949,0,zly,FG4949,128,dobry
FG4999,5,zly,FG4999,124,dobry
FG5909,0,zly,FG5909,138,bardzo dobry
FG3948,0,zly,FG3948,126,dobry
FG3998,0,zly,FG3998,124,dobry
FG4928,0,zly,FG4928,135,bardzo dobry
FG4938,0,zly,FG4938,142,bardzo dobry
FG4948,0,zly,FG4948,137,bardzo dobry
FG4958,0,zly,FG4958,131,dobry
FG4998,0,zly,FG4998,124,dobry
FG5908,0,zly,FG5908,122,dobry
FG3937,0,zly,FG3937,129,dobry
FG3947,0,zly,FG3947,152,bardzo dobry
FG3957,0,zly,FG3957,147,bardzo dobry
FG3987,0,zly,FG3987,132,bardzo dobry
FG4907,0,zly,FG4907,116,dobry
FG4917,0,zly,FG4917,117,dobry
FG4927,0,zly,FG4927,133,bardzo dobry
FG5907,0,zly,FG5907,125,dobry
FG2894,0,zly,FG2894,135,bardzo dobry
FG3804,0,zly,FG3804,133,bardzo dobry
FG3805,0,zly,FG3805,139,bardzo dobry
FG3834,0,zly,FG3834,136,bardzo dobry
FG3835,0,zly,FG3835,135,bardzo dobry
FG3884,0,zly,FG3884,131,dobry
FG3894,0,zly,FG3894,133,bardzo dobry
FG3895,0,zly,FG3895,134,bardzo dobry
FG4805,0,zly,FG4805,131,dobry
FG4815,0,zly,FG4815,134,bardzo dobry
FG4825,0,zly,FG4825,131,dobry
FG4834,0,zly,FG4834,136,bardzo dobry
FG4835,0,zly,FG4835,124,dobry
FG3936,0,zly,FG3936,152,bardzo dobry
FG3946,0,zly,FG3946,149,bardzo dobry
FG3956,0,zly,FG3956,147,bardzo dobry
FG3976,0,zly,FG3976,135,bardzo dobry
FG4906,0,zly,FG4906,119,dobry
FG4916,0,zly,FG4916,129,dobry
FG4926,0,zly,FG4926,141,bardzo dobry
FG3925,0,zly,FG3925,150,bardzo dobry
FG3935,0,zly,FG3935,141,bardzo dobry
FG3965,0,zly,FG3965,130,dobry
FG3975,0,zly,FG3975,132,bardzo dobry
FG4905,0,zly,FG4905,145,bardzo dobry
FG4915,0,zly,FG4915,142,bardzo dobry
FG3924,0,zly,FG3924,148,bardzo dobry
FG3934,0,zly,FG3934,127,dobry
FG3944,0,zly,FG3944,134,bardzo dobry
FG3954,0,zly,FG3954,144,bardzo dobry
FG3964,0,zly,FG3964,133,bardzo dobry
FG4904,0,zly,FG4904,137,bardzo dobry
FG4914,0,zly,FG4914,142,bardzo dobry
FG2983,0,zly,FG2983,138,bardzo dobry
FG3913,0,zly,FG3913,142,bardzo dobry
FG3923,0,zly,FG3923,145,bardzo dobry
FG3943,0,zly,FG3943,136,bardzo dobry
FG3953,0,zly,FG3953,132,bardzo dobry
FG4903,0,zly,FG4903,128,dobry
FG4913,0,zly,FG4913,149,bardzo dobry
FG2982,0,zly,FG2982,136,bardzo dobry
FG3912,0,zly,FG3912,139,bardzo dobry
FG3932,0,zly,FG3932,125,dobry
FG3942,0,zly,FG3942,140,bardzo dobry
FG3952,0,zly,FG3952,136,bardzo dobry
FG3982,0,zly,FG3982,136,bardzo dobry
FG3992,0,zly,FG3992,134,bardzo dobry
FG4902,0,zly,FG4902,124,dobry
FG4952,0,zly,FG4952,142,bardzo dobry
FG2981,0,zly,FG2981,150,bardzo dobry
FG2991,0,zly,FG2991,125,dobry
FG3901,0,zly,FG3901,115,umiarkowany
FG3921,0,zly,FG3921,119,dobry
FG3931,0,zly,FG3931,125,dobry
FG3941,0,zly,FG3941,129,dobry
FG2950,0,zly,FG2950,111,umiarkowany
FG2960,0,zly,FG2960,127,dobry
FG2970,0,zly,FG2970,147,bardzo dobry
FG3900,0,zly,FG3900,95,slaby
FG3920,0,zly,FG3920,132,bardzo dobry
FG3930,0,zly,FG3930,128,dobry
FG4940,0,zly,FG4940,153,bardzo dobry
FG2869,0,zly,FG2869,138,bardzo dobry
FG2899,0,zly,FG2899,114,umiarkowany
FG3809,0,zly,FG3809,102,umiarkowany
FG3819,0,zly,FG3819,118,dobry
FG3829,0,zly,FG3829,116,dobry
FG3839,0,zly,FG3839,138,bardzo dobry
FG3869,0,zly,FG3869,127,dobry
FG4849,0,zly,FG4849,153,bardzo dobry
FG4859,0,zly,FG4859,151,bardzo dobry
FG2858,0,zly,FG2858,144,bardzo dobry
FG2868,0,zly,FG2868,134,bardzo dobry
FG2898,0,zly,FG2898,123,dobry
FG3808,0,zly,FG3808,118,dobry
FG3818,0,zly,FG3818,111,umiarkowany
FG3828,0,zly,FG3828,130,dobry
FG3868,0,zly,FG3868,130,dobry
FG4848,0,zly,FG4848,159,bardzo dobry
FG2857,0,zly,FG2857,132,bardzo dobry
FG2867,0,zly,FG2867,127,dobry
FG3807,0,zly,FG3807,125,dobry
FG3817,0,zly,FG3817,117,dobry
FG3867,0,zly,FG3867,143,bardzo dobry
FG4847,0,zly,FG4847,164,bardzo dobry
FG2856,0,zly,FG2856,152,bardzo dobry
FG3806,0,zly,FG3806,125,dobry
FG3866,0,zly,FG3866,134,bardzo dobry
FG4836,0,zly,FG4836,130,dobry
FG4846,0,zly,FG4846,130,dobry
FG5504,0,zly,FG5504,120,dobry
FG5505,0,zly,FG5505,127,dobry
FG5506,0,zly,FG5506,143,bardzo dobry
FG5507,0,zly,FG5507,140,bardzo dobry
FG0803,0,zly,FG0803,140,bardzo dobry
FG0813,1,zly,FG0813,147,bardzo dobry
FG0823,0,zly,FG0823,131,dobry
FG0833,0,zly,FG0833,134,bardzo dobry
FG2883,0,zly,FG2883,148,bardzo dobry
FG2893,0,zly,FG2893,133,bardzo dobry
FG3823,0,zly,FG3823,135,bardzo dobry
FG3883,0,zly,FG3883,129,dobry
FG4833,0,zly,FG4833,133,bardzo dobry
FG0802,0,zly,FG0802,133,bardzo dobry
FG0812,0,zly,FG0812,135,bardzo dobry
FG0822,0,zly,FG0822,132,bardzo dobry
FG0832,1,zly,FG0832,134,bardzo dobry
FG1812,0,zly,FG1812,132,bardzo dobry
FG1822,0,zly,FG1822,135,bardzo dobry
FG2872,0,zly,FG2872,136,bardzo dobry
FG2882,0,zly,FG2882,142,bardzo dobry
FG3832,0,zly,FG3832,122,dobry
FG3872,0,zly,FG3872,128,dobry
FG0801,0,zly,FG0801,160,bardzo dobry
FG0811,0,zly,FG0811,149,bardzo dobry
FG0821,0,zly,FG0821,139,bardzo dobry
FG1811,0,zly,FG1811,152,bardzo dobry
FG1821,0,zly,FG1821,132,bardzo dobry
FG2861,0,zly,FG2861,142,bardzo dobry
FG2871,0,zly,FG2871,148,bardzo dobry
FG3831,0,zly,FG3831,129,dobry
FG3861,0,zly,FG3861,126,dobry
FG3871,0,zly,FG3871,109,umiarkowany
FG3881,0,zly,FG3881,133,bardzo dobry
FG0800,0,zly,FG0800,159,bardzo dobry
FG0810,0,zly,FG0810,150,bardzo dobry
FG0890,0,zly,FG0890,131,dobry
FG1810,0,zly,FG1810,137,bardzo dobry
FG2850,0,zly,FG2850,138,bardzo dobry
FG2860,0,zly,FG2860,141,bardzo dobry
FG2890,0,zly,FG2890,130,dobry
FG3800,0,zly,FG3800,128,dobry
FG3820,0,zly,FG3820,134,bardzo dobry
FG3830,0,zly,FG3830,111,umiarkowany
FG3840,0,zly,FG3840,81,slaby
FG3850,0,zly,FG3850,116,dobry
FG3860,0,zly,FG3860,102,umiarkowany
FG3870,0,zly,FG3870,128,dobry
FG3880,0,zly,FG3880,127,dobry
FG3890,0,zly,FG3890,131,dobry
FG4810,0,zly,FG4810,113,umiarkowany
FG0719,0,zly,FG0719,159,bardzo dobry
FG1709,0,zly,FG1709,115,umiarkowany
FG1719,0,zly,FG1719,122,dobry
FG2749,0,zly,FG2749,140,bardzo dobry
FG2759,0,zly,FG2759,127,dobry
FG2789,0,zly,FG2789,134,bardzo dobry
FG2799,0,zly,FG2799,133,bardzo dobry
FG3729,0,zly,FG3729,133,bardzo dobry
FG3759,0,zly,FG3759,121,dobry
FG3779,0,zly,FG3779,114,umiarkowany
FG3789,0,zly,FG3789,119,dobry
FG3799,0,zly,FG3799,131,dobry
FG4719,0,zly,FG4719,126,dobry
FG4759,0,zly,FG4759,157,bardzo dobry
FG0758,0,zly,FG0758,156,bardzo dobry
FG0768,0,zly,FG0768,156,bardzo dobry
FG1708,0,zly,FG1708,132,bardzo dobry
FG2768,0,zly,FG2768,143,bardzo dobry
FG2788,0,zly,FG2788,134,bardzo dobry
FG3758,0,zly,FG3758,133,bardzo dobry
FG3768,0,zly,FG3768,128,dobry
FG3778,0,zly,FG3778,105,umiarkowany
FG3788,0,zly,FG3788,117,dobry
FG4718,0,zly,FG4718,135,bardzo dobry
FG4728,0,zly,FG4728,131,dobry
FG4748,0,zly,FG4748,154,bardzo dobry
FG4758,0,zly,FG4758,125,dobry
FG1689,0,zly,FG1689,142,bardzo dobry
FG2609,0,zly,FG2609,181,bardzo dobry
FG2700,0,zly,FG2700,166,bardzo dobry
FG2639,0,zly,FG2639,156,bardzo dobry
FG2730,0,zly,FG2730,159,bardzo dobry
FG2649,0,zly,FG2649,149,bardzo dobry
FG2740,0,zly,FG2740,121,dobry
FG2659,0,zly,FG2659,164,bardzo dobry
FG2750,0,zly,FG2750,157,bardzo dobry
FG2669,0,zly,FG2669,154,bardzo dobry
FG2760,0,zly,FG2760,156,bardzo dobry
FG3609,0,zly,FG3609,125,dobry
FG3619,0,zly,FG3619,134,bardzo dobry
FG3710,0,zly,FG3710,131,dobry
FG3720,0,zly,FG3720,173,bardzo dobry
FG3639,0,zly,FG3639,144,bardzo dobry
FG3649,0,zly,FG3649,164,bardzo dobry
FG3679,0,zly,FG3679,140,bardzo dobry
FG3780,0,zly,FG3780,133,bardzo dobry
FG4609,0,zly,FG4609,154,bardzo dobry
FG4619,0,zly,FG4619,118,dobry
FG4710,0,zly,FG4710,125,dobry
FG4629,0,zly,FG4629,132,bardzo dobry
FG4730,0,zly,FG4730,134,bardzo dobry
FG0668,0,zly,FG0668,173,bardzo dobry
FG0678,0,zly,FG0678,166,bardzo dobry
FG1678,0,zly,FG1678,125,dobry
FG1698,0,zly,FG1698,121,dobry
FG2608,0,zly,FG2608,117,dobry
FG3608,0,zly,FG3608,133,bardzo dobry
FG3618,0,zly,FG3618,140,bardzo dobry
FG3648,0,zly,FG3648,154,bardzo dobry
FG3658,0,zly,FG3658,165,bardzo dobry
FG3668,0,zly,FG3668,170,bardzo dobry
FG3678,0,zly,FG3678,175,bardzo dobry
FG3698,0,zly,FG3698,154,bardzo dobry
FG4608,0,zly,FG4608,107,umiarkowany
FG4618,0,zly,FG4618,116,dobry
FG4628,0,zly,FG4628,125,dobry
FG0757,0,zly,FG0757,135,bardzo dobry
FG0767,0,zly,FG0767,115,umiarkowany
FG0777,0,zly,FG0777,130,dobry
FG0787,0,zly,FG0787,128,dobry
FG0797,0,zly,FG0797,127,dobry
FG2757,0,zly,FG2757,116,dobry
FG2767,0,zly,FG2767,155,bardzo dobry
FG2777,0,zly,FG2777,115,umiarkowany
FG2787,0,zly,FG2787,140,bardzo dobry
FG3707,0,zly,FG3707,125,dobry
FG3767,0,zly,FG3767,116,dobry
FG3777,0,zly,FG3777,110,umiarkowany
FG4707,0,zly,FG4707,111,umiarkowany
FG4717,0,zly,FG4717,125,dobry
FG4747,0,zly,FG4747,122,dobry
FG4757,0,zly,FG4757,113,umiarkowany
FG0736,1,zly,FG0736,155,bardzo dobry
FG0756,0,zly,FG0756,144,bardzo dobry
FG0766,0,zly,FG0766,120,dobry
FG0776,0,zly,FG0776,131,dobry
FG1736,0,zly,FG1736,136,bardzo dobry
FG2766,0,zly,FG2766,157,bardzo dobry
FG2776,0,zly,FG2776,143,bardzo dobry
FG2786,0,zly,FG2786,181,bardzo dobry
FG2796,0,zly,FG2796,157,bardzo dobry
FG3706,0,zly,FG3706,130,dobry
FG3756,0,zly,FG3756,124,dobry
FG4726,0,zly,FG4726,126,dobry
FG0735,0,zly,FG0735,137,bardzo dobry
FG0765,0,zly,FG0765,135,bardzo dobry
FG1725,0,zly,FG1725,142,bardzo dobry
FG2795,0,zly,FG2795,145,bardzo dobry
FG3745,0,zly,FG3745,129,dobry
FG3755,0,zly,FG3755,124,dobry
FG3765,0,zly,FG3765,133,bardzo dobry
FG3775,0,zly,FG3775,134,bardzo dobry
FG3785,0,zly,FG3785,130,dobry
FG4725,0,zly,FG4725,142,bardzo dobry
FG0714,0,zly,FG0714,137,bardzo dobry
FG2764,0,zly,FG2764,129,dobry
FG3734,0,zly,FG3734,140,bardzo dobry
FG3744,0,zly,FG3744,140,bardzo dobry
FG3794,0,zly,FG3794,138,bardzo dobry
FG4704,0,zly,FG4704,130,dobry
FG0713,0,zly,FG0713,123,dobry
FG0733,0,zly,FG0733,143,bardzo dobry
FG2753,0,zly,FG2753,117,dobry
FG3723,0,zly,FG3723,159,bardzo dobry
FG3733,0,zly,FG3733,115,umiarkowany
FG3793,0,zly,FG3793,146,bardzo dobry
FG4763,0,zly,FG4763,122,dobry
FG0702,0,zly,FG0702,117,dobry
FG0732,0,zly,FG0732,130,dobry
FG2732,0,zly,FG2732,120,dobry
FG2742,0,zly,FG2742,127,dobry
FG2752,0,zly,FG2752,119,dobry
FG2762,0,zly,FG2762,113,umiarkowany
FG2772,0,zly,FG2772,150,bardzo dobry
FG2782,0,zly,FG2782,158,bardzo dobry
FG3712,0,zly,FG3712,175,bardzo dobry
FG3722,0,zly,FG3722,150,bardzo dobry
FG3732,0,zly,FG3732,117,dobry
FG3782,0,zly,FG3782,141,bardzo dobry
FG4742,0,zly,FG4742,120,dobry
FG4762,0,zly,FG4762,122,dobry
FG0701,0,zly,FG0701,118,dobry
FG0731,0,zly,FG0731,125,dobry
FG2711,0,zly,FG2711,170,bardzo dobry
FG2721,0,zly,FG2721,144,bardzo dobry
FG2731,0,zly,FG2731,149,bardzo dobry
FG2741,0,zly,FG2741,119,dobry
FG2751,0,zly,FG2751,107,umiarkowany
FG2761,0,zly,FG2761,50,zly
FG2771,0,zly,FG2771,145,bardzo dobry
FG2781,0,zly,FG2781,120,dobry
FG3711,0,zly,FG3711,147,bardzo dobry
FG3721,0,zly,FG3721,164,bardzo dobry
FG3731,0,zly,FG3731,142,bardzo dobry
FG3781,0,zly,FG3781,130,dobry
FG4731,0,zly,FG4731,134,bardzo dobry
FG4741,0,zly,FG4741,130,dobry
FG0657,0,zly,FG0657,184,bardzo dobry
FG0667,0,zly,FG0667,186,bardzo dobry
FG0677,0,zly,FG0677,182,bardzo dobry
FG0687,0,zly,FG0687,181,bardzo dobry
FG0697,0,zly,FG0697,190,bardzo dobry
FG1607,0,zly,FG1607,191,bardzo dobry
FG1617,0,zly,FG1617,155,bardzo dobry
FG1697,0,zly,FG1697,159,bardzo dobry
FG2607,0,zly,FG2607,135,bardzo dobry
FG2617,0,zly,FG2617,141,bardzo dobry
FG2627,0,zly,FG2627,127,dobry
FG2637,0,zly,FG2637,167,bardzo dobry
FG2647,0,zly,FG2647,127,dobry
FG3607,0,zly,FG3607,141,bardzo dobry
FG3667,0,zly,FG3667,119,dobry
FG3697,0,zly,FG3697,129,dobry
FG4607,0,zly,FG4607,123,dobry
FG0646,0,zly,FG0646,105,umiarkowany
FG0656,0,zly,FG0656,182,bardzo dobry
FG0666,0,zly,FG0666,118,dobry
FG0676,0,zly,FG0676,113,umiarkowany
FG0686,0,zly,FG0686,108,umiarkowany
FG0696,0,zly,FG0696,116,dobry
FG1606,0,zly,FG1606,172,bardzo dobry
FG1686,0,zly,FG1686,120,dobry
FG1696,0,zly,FG1696,161,bardzo dobry
FG2606,0,zly,FG2606,141,bardzo dobry
FG2616,0,zly,FG2616,137,bardzo dobry
FG2626,0,zly,FG2626,136,bardzo dobry
FG2636,0,zly,FG2636,151,bardzo dobry
FG2646,0,zly,FG2646,150,bardzo dobry
FG2656,0,zly,FG2656,159,bardzo dobry
FG2666,0,zly,FG2666,149,bardzo dobry
FG2676,0,zly,FG2676,144,bardzo dobry
FG2686,0,zly,FG2686,151,bardzo dobry
FG2696,0,zly,FG2696,160,bardzo dobry
FG3606,0,zly,FG3606,171,bardzo dobry
FG3616,0,zly,FG3616,125,dobry
FG3626,0,zly,FG3626,138,bardzo dobry
FG3686,0,zly,FG3686,141,bardzo dobry
FG0635,0,zly,FG0635,118,dobry
FG0645,0,zly,FG0645,181,bardzo dobry
FG0655,0,zly,FG0655,169,bardzo dobry
FG0685,0,zly,FG0685,127,dobry
FG1605,0,zly,FG1605,118,dobry
FG1685,0,zly,FG1685,113,umiarkowany
FG1695,0,zly,FG1695,147,bardzo dobry
FG2605,0,zly,FG2605,104,umiarkowany
FG2615,0,zly,FG2615,99,slaby
FG2645,0,zly,FG2645,146,bardzo dobry
FG2665,0,zly,FG2665,164,bardzo dobry
FG2675,0,zly,FG2675,160,bardzo dobry
FG2685,0,zly,FG2685,113,umiarkowany
FG2695,0,zly,FG2695,124,dobry
FG3605,0,zly,FG3605,157,bardzo dobry
FG3615,0,zly,FG3615,127,dobry
FG3625,0,zly,FG3625,140,bardzo dobry
FG4605,0,zly,FG4605,143,bardzo dobry
FG4615,0,zly,FG4615,110,umiarkowany
FG0624,0,zly,FG0624,130,dobry
FG0634,0,zly,FG0634,179,bardzo dobry
FG0644,0,zly,FG0644,177,bardzo dobry
FG0654,0,zly,FG0654,126,dobry
FG0664,1,zly,FG0664,117,dobry
FG0674,0,zly,FG0674,121,dobry
FG0684,0,zly,FG0684,121,dobry
FG1634,0,zly,FG1634,128,dobry
FG1674,0,zly,FG1674,105,umiarkowany
FG1684,0,zly,FG1684,94,slaby
FG1694,0,zly,FG1694,164,bardzo dobry
FG2604,0,zly,FG2604,104,umiarkowany
FG2614,0,zly,FG2614,105,umiarkowany
FG2644,0,zly,FG2644,132,bardzo dobry
FG2674,0,zly,FG2674,178,bardzo dobry
FG2684,0,zly,FG2684,153,bardzo dobry
FG2694,0,zly,FG2694,123,dobry
FG3604,0,zly,FG3604,132,bardzo dobry
FG3614,0,zly,FG3614,125,dobry
FG3624,0,zly,FG3624,122,dobry
FG3634,0,zly,FG3634,141,bardzo dobry
FG3644,0,zly,FG3644,139,bardzo dobry
FG3654,0,zly,FG3654,142,bardzo dobry
FG0623,0,zly,FG0623,185,bardzo dobry
FG0653,0,zly,FG0653,121,dobry
FG0663,0,zly,FG0663,111,umiarkowany
FG0673,0,zly,FG0673,130,dobry
FG1613,0,zly,FG1613,160,bardzo dobry
FG1623,0,zly,FG1623,186,bardzo dobry
FG1683,0,zly,FG1683,143,bardzo dobry
FG1693,0,zly,FG1693,143,bardzo dobry
FG2603,0,zly,FG2603,100,slaby
FG2613,0,zly,FG2613,128,dobry
FG2643,0,zly,FG2643,134,bardzo dobry
FG2653,0,zly,FG2653,111,umiarkowany
FG2663,0,zly,FG2663,132,bardzo dobry
FG2673,0,zly,FG2673,162,bardzo dobry
FG2683,0,zly,FG2683,154,bardzo dobry
FG2693,0,zly,FG2693,114,umiarkowany
FG3603,0,zly,FG3603,127,dobry
FG3613,0,zly,FG3613,130,dobry
FG3653,0,zly,FG3653,136,bardzo dobry
FG3663,0,zly,FG3663,128,dobry
FG3693,0,zly,FG3693,134,bardzo dobry
FG4596,0,zly,FG4596,172,bardzo dobry
FG4597,0,zly,FG4597,163,bardzo dobry
FG0602,0,zly,FG0602,116,dobry
FG0622,0,zly,FG0622,99,slaby
FG0652,1,zly,FG0652,125,dobry
FG0662,0,zly,FG0662,116,dobry
FG0672,0,zly,FG0672,117,dobry
FG1622,0,zly,FG1622,194,bardzo dobry
FG1692,0,zly,FG1692,93,slaby
FG2602,0,zly,FG2602,110,umiarkowany
FG2612,0,zly,FG2612,125,dobry
FG2642,0,zly,FG2642,134,bardzo dobry
FG2652,0,zly,FG2652,124,dobry
FG2662,0,zly,FG2662,149,bardzo dobry
FG2672,0,zly,FG2672,170,bardzo dobry
FG2682,0,zly,FG2682,164,bardzo dobry
FG2692,0,zly,FG2692,175,bardzo dobry
FG3602,0,zly,FG3602,133,bardzo dobry
FG3612,0,zly,FG3612,138,bardzo dobry
FG3652,0,zly,FG3652,110,umiarkowany
FG3662,0,zly,FG3662,124,dobry
FG3682,0,zly,FG3682,141,bardzo dobry
FG3692,0,zly,FG3692,143,bardzo dobry
FG4602,0,zly,FG4602,145,bardzo dobry
FG4612,0,zly,FG4612,134,bardzo dobry
FG0601,0,zly,FG0601,179,bardzo dobry
FG0611,0,zly,FG0611,173,bardzo dobry
FG0621,0,zly,FG0621,165,bardzo dobry
FG0651,0,zly,FG0651,123,dobry
FG0661,0,zly,FG0661,94,slaby
FG1621,0,zly,FG1621,174,bardzo dobry
FG1641,0,zly,FG1641,175,bardzo dobry
FG1681,0,zly,FG1681,88,slaby
FG1691,0,zly,FG1691,109,umiarkowany
FG2601,0,zly,FG2601,115,umiarkowany
FG2611,0,zly,FG2611,120,dobry
FG2661,0,zly,FG2661,123,dobry
FG2671,0,zly,FG2671,164,bardzo dobry
FG2681,0,zly,FG2681,176,bardzo dobry
FG0610,0,zly,FG0610,110,umiarkowany
FG0620,1,zly,FG0620,118,dobry
FG0630,1,zly,FG0630,127,dobry
FG0640,0,zly,FG0640,117,dobry
FG0650,0,zly,FG0650,117,dobry
FG0680,0,zly,FG0680,121,dobry
FG0690,0,zly,FG0690,114,umiarkowany
FG1630,0,zly,FG1630,175,bardzo dobry
FG1640,0,zly,FG1640,137,bardzo dobry
FG1650,0,zly,FG1650,104,umiarkowany
FG1670,0,zly,FG1670,114,umiarkowany
FG1680,0,zly,FG1680,135,bardzo dobry
FG1690,0,zly,FG1690,92,slaby
FG2630,0,zly,FG2630,123,dobry
FG2640,0,zly,FG2640,129,dobry
FG2660,0,zly,FG2660,130,dobry
FG2670,0,zly,FG2670,129,dobry
FG2680,0,zly,FG2680,169,bardzo dobry
FG3630,0,zly,FG3630,132,bardzo dobry
FG4610,0,zly,FG4610,122,dobry
FG0529,0,zly,FG0529,100,slaby
FG0539,0,zly,FG0539,111,umiarkowany
FG0549,0,zly,FG0549,108,umiarkowany
FG0589,0,zly,FG0589,121,dobry
FG0599,0,zly,FG0599,115,umiarkowany
FG1539,0,zly,FG1539,133,bardzo dobry
FG1549,0,zly,FG1549,156,bardzo dobry
FG1559,0,zly,FG1559,150,bardzo dobry
FG1579,0,zly,FG1579,112,umiarkowany
FG1589,0,zly,FG1589,109,umiarkowany
FG1599,0,zly,FG1599,125,dobry
FG2529,0,zly,FG2529,124,dobry
FG2539,0,zly,FG2539,114,umiarkowany
FG2549,0,zly,FG2549,115,umiarkowany
FG2559,0,zly,FG2559,117,dobry
FG2579,0,zly,FG2579,149,bardzo dobry
FG2589,0,zly,FG2589,147,bardzo dobry
FG2599,0,zly,FG2599,143,bardzo dobry
FG3539,0,zly,FG3539,137,bardzo dobry
FG3549,0,zly,FG3549,114,umiarkowany
FG3599,0,zly,FG3599,123,dobry
FG4509,0,zly,FG4509,127,dobry
FG0508,0,zly,FG0508,121,dobry
FG0518,1,zly,FG0518,119,dobry
FG0528,0,zly,FG0528,105,umiarkowany
FG0538,0,zly,FG0538,120,dobry
FG0578,0,zly,FG0578,112,umiarkowany
FG0588,0,zly,FG0588,132,bardzo dobry
FG0598,0,zly,FG0598,113,umiarkowany
FG1508,0,zly,FG1508,134,bardzo dobry
FG1538,0,zly,FG1538,96,slaby
FG1548,0,zly,FG1548,122,dobry
FG1558,0,zly,FG1558,130,dobry
FG1568,0,zly,FG1568,141,bardzo dobry
FG1578,0,zly,FG1578,109,umiarkowany
FG1588,0,zly,FG1588,124,dobry
FG2528,0,zly,FG2528,123,dobry
FG2538,0,zly,FG2538,124,dobry
FG2548,0,zly,FG2548,113,umiarkowany
FG2558,0,zly,FG2558,124,dobry
FG2578,0,zly,FG2578,140,bardzo dobry
FG3518,0,zly,FG3518,167,bardzo dobry
FG3528,0,zly,FG3528,150,bardzo dobry
FG3538,0,zly,FG3538,150,bardzo dobry
FG3548,0,zly,FG3548,154,bardzo dobry
FG3558,0,zly,FG3558,156,bardzo dobry
FG3588,0,zly,FG3588,128,dobry
FG3598,0,zly,FG3598,131,dobry
FG0517,0,zly,FG0517,107,umiarkowany
FG0527,0,zly,FG0527,113,umiarkowany
FG0537,1,zly,FG0537,133,bardzo dobry
FG0567,0,zly,FG0567,117,dobry
FG1507,0,zly,FG1507,129,dobry
FG1517,0,zly,FG1517,112,umiarkowany
FG1527,0,zly,FG1527,94,slaby
FG1537,0,zly,FG1537,105,umiarkowany
FG1547,0,zly,FG1547,119,dobry
FG1567,0,zly,FG1567,150,bardzo dobry
FG1577,0,zly,FG1577,155,bardzo dobry
FG1587,0,zly,FG1587,104,umiarkowany
FG1597,0,zly,FG1597,122,dobry
FG2507,0,zly,FG2507,121,dobry
FG2517,0,zly,FG2517,106,umiarkowany
FG2527,0,zly,FG2527,120,dobry
FG2537,0,zly,FG2537,115,umiarkowany
FG2547,0,zly,FG2547,140,bardzo dobry
FG3507,0,zly,FG3507,124,dobry
FG3517,0,zly,FG3517,133,bardzo dobry
FG3527,0,zly,FG3527,162,bardzo dobry
FG3537,0,zly,FG3537,163,bardzo dobry
FG3547,0,zly,FG3547,131,dobry
FG3557,0,zly,FG3557,134,bardzo dobry
FG3567,0,zly,FG3567,162,bardzo dobry
FG3587,0,zly,FG3587,139,bardzo dobry
FG0506,0,zly,FG0506,105,umiarkowany
FG0516,0,zly,FG0516,120,dobry
FG0526,0,zly,FG0526,120,dobry
FG0546,0,zly,FG0546,100,slaby
FG0556,0,zly,FG0556,120,dobry
FG0566,0,zly,FG0566,114,umiarkowany
FG1516,0,zly,FG1516,110,umiarkowany
FG1526,0,zly,FG1526,105,umiarkowany
FG1536,0,zly,FG1536,116,dobry
FG1576,0,zly,FG1576,160,bardzo dobry
FG1586,0,zly,FG1586,166,bardzo dobry
FG1596,0,zly,FG1596,153,bardzo dobry
FG2506,0,zly,FG2506,153,bardzo dobry
FG2516,0,zly,FG2516,122,dobry
FG2526,0,zly,FG2526,124,dobry
FG2536,0,zly,FG2536,142,bardzo dobry
FG2546,0,zly,FG2546,127,dobry
FG3516,0,zly,FG3516,141,bardzo dobry
FG3526,0,zly,FG3526,146,bardzo dobry
FG3556,0,zly,FG3556,127,dobry
FG3576,0,zly,FG3576,171,bardzo dobry
FG3586,0,zly,FG3586,157,bardzo dobry
FG0505,0,zly,FG0505,131,dobry
FG0515,0,zly,FG0515,109,umiarkowany
FG0525,0,zly,FG0525,109,umiarkowany
FG0535,0,zly,FG0535,108,umiarkowany
FG0545,0,zly,FG0545,111,umiarkowany
FG0555,0,zly,FG0555,112,umiarkowany
FG1595,0,zly,FG1595,106,umiarkowany
FG2505,0,zly,FG2505,150,bardzo dobry
FG2515,0,zly,FG2515,162,bardzo dobry
FG2525,0,zly,FG2525,115,umiarkowany
FG2535,0,zly,FG2535,141,bardzo dobry
FG2585,0,zly,FG2585,119,dobry
FG2595,0,zly,FG2595,127,dobry
FG3505,0,zly,FG3505,129,dobry
FG3515,0,zly,FG3515,135,bardzo dobry
FG3525,0,zly,FG3525,133,bardzo dobry
FG3565,0,zly,FG3565,135,bardzo dobry
FG4593,0,zly,FG4593,136,bardzo dobry
FG4594,0,zly,FG4594,129,dobry
FG0514,0,zly,FG0514,125,dobry
FG0524,0,zly,FG0524,109,umiarkowany
FG0534,0,zly,FG0534,122,dobry
FG0544,0,zly,FG0544,109,umiarkowany
FG0554,0,zly,FG0554,119,dobry
FG1594,0,zly,FG1594,117,dobry
FG2504,0,zly,FG2504,121,dobry
FG2514,0,zly,FG2514,143,bardzo dobry
FG2524,0,zly,FG2524,147,bardzo dobry
FG2534,0,zly,FG2534,136,bardzo dobry
FG3504,0,zly,FG3504,129,dobry
FG3514,0,zly,FG3514,133,bardzo dobry
FG3524,0,zly,FG3524,133,bardzo dobry
FG3554,0,zly,FG3554,125,dobry
FG3564,0,zly,FG3564,138,bardzo dobry
FG4574,0,zly,FG4574,136,bardzo dobry
FG4584,0,zly,FG4584,129,dobry
FG0523,0,zly,FG0523,132,bardzo dobry
FG0533,0,zly,FG0533,126,dobry
FG0543,0,zly,FG0543,105,umiarkowany
FG2503,0,zly,FG2503,114,umiarkowany
FG2513,0,zly,FG2513,120,dobry
FG2523,0,zly,FG2523,152,bardzo dobry
FG2533,0,zly,FG2533,122,dobry
FG2543,0,zly,FG2543,139,bardzo dobry
FG2563,0,zly,FG2563,126,dobry
FG2573,0,zly,FG2573,118,dobry
FG3503,0,zly,FG3503,131,dobry
FG3513,0,zly,FG3513,132,bardzo dobry
FG3523,0,zly,FG3523,146,bardzo dobry
FG3553,0,zly,FG3553,127,dobry
FG4523,0,zly,FG4523,132,bardzo dobry
FG4563,0,zly,FG4563,147,bardzo dobry
FG4573,0,zly,FG4573,130,dobry
FG4583,0,zly,FG4583,146,bardzo dobry
FG0552,0,zly,FG0552,83,slaby
FG0562,0,zly,FG0562,90,slaby
FG1592,0,zly,FG1592,110,umiarkowany
FG2502,0,zly,FG2502,121,dobry
FG2542,0,zly,FG2542,152,bardzo dobry
FG2552,0,zly,FG2552,149,bardzo dobry
FG2562,0,zly,FG2562,124,dobry
FG2572,0,zly,FG2572,137,bardzo dobry
FG2582,0,zly,FG2582,117,dobry
FG2592,0,zly,FG2592,115,umiarkowany
FG3502,0,zly,FG3502,140,bardzo dobry
FG3512,0,zly,FG3512,122,dobry
FG4512,0,zly,FG4512,140,bardzo dobry
FG4522,0,zly,FG4522,131,dobry
FG4552,0,zly,FG4552,127,dobry
FG4562,0,zly,FG4562,133,bardzo dobry
FG4572,0,zly,FG4572,139,bardzo dobry
FG0551,0,zly,FG0551,87,slaby
FG0561,0,zly,FG0561,97,slaby
FG1581,0,zly,FG1581,131,dobry
FG1591,0,zly,FG1591,125,dobry
FG2501,0,zly,FG2501,135,bardzo dobry
FG2511,0,zly,FG2511,133,bardzo dobry
FG2531,0,zly,FG2531,126,dobry
FG2541,0,zly,FG2541,155,bardzo dobry
FG2551,0,zly,FG2551,162,bardzo dobry
FG2561,0,zly,FG2561,121,dobry
FG2571,0,zly,FG2571,119,dobry
FG2581,0,zly,FG2581,112,umiarkowany
FG2591,0,zly,FG2591,129,dobry
FG3501,0,zly,FG3501,141,bardzo dobry
FG3521,0,zly,FG3521,124,dobry
FG3531,0,zly,FG3531,143,bardzo dobry
FG3581,0,zly,FG3581,119,dobry
FG3591,0,zly,FG3591,123,dobry
FG4551,0,zly,FG4551,116,dobry
FG4561,0,zly,FG4561,124,dobry
FG0510,1,zly,FG0510,100,slaby
FG0530,0,zly,FG0530,116,dobry
FG0540,0,zly,FG0540,68,zly
FG0550,0,zly,FG0550,67,zly
FG1560,0,zly,FG1560,73,slaby
FG1570,0,zly,FG1570,109,umiarkowany
FG1580,0,zly,FG1580,125,dobry
FG1590,0,zly,FG1590,116,dobry
FG2500,0,zly,FG2500,122,dobry
FG2510,0,zly,FG2510,135,bardzo dobry
FG2520,0,zly,FG2520,126,dobry
FG2530,0,zly,FG2530,129,dobry
FG2540,0,zly,FG2540,114,umiarkowany
FG2550,0,zly,FG2550,137,bardzo dobry
FG2560,0,zly,FG2560,120,dobry
FG2570,0,zly,FG2570,123,dobry
FG2580,0,zly,FG2580,114,umiarkowany
FG2590,0,zly,FG2590,117,dobry
FG3500,0,zly,FG3500,123,dobry
FG3570,0,zly,FG3570,128,dobry
FG3580,0,zly,FG3580,130,dobry
FG3590,0,zly,FG3590,127,dobry
FG4500,0,zly,FG4500,137,bardzo dobry
FG4530,0,zly,FG4530,122,dobry
FG4540,0,zly,FG4540,137,bardzo dobry
FG0409,0,zly,FG0409,88,slaby
FG0419,0,zly,FG0419,90,slaby
FG0429,0,zly,FG0429,102,umiarkowany
FG1459,0,zly,FG1459,79,slaby
FG1469,0,zly,FG1469,95,slaby
FG1479,0,zly,FG1479,110,umiarkowany
FG2409,0,zly,FG2409,140,bardzo dobry
FG2419,0,zly,FG2419,122,dobry
FG2429,0,zly,FG2429,124,dobry
FG2439,0,zly,FG2439,104,umiarkowany
FG2449,0,zly,FG2449,113,umiarkowany
FG2459,0,zly,FG2459,141,bardzo dobry
FG2479,0,zly,FG2479,139,bardzo dobry
FG2489,0,zly,FG2489,139,bardzo dobry
FG2499,0,zly,FG2499,133,bardzo dobry
FG3499,0,zly,FG3499,133,bardzo dobry
FG4409,0,zly,FG4409,113,umiarkowany
FG4419,0,zly,FG4419,133,bardzo dobry
FG4429,0,zly,FG4429,129,dobry
FG4439,0,zly,FG4439,114,umiarkowany
FG0408,0,zly,FG0408,112,umiarkowany
FG0418,0,zly,FG0418,80,slaby
FG1448,0,zly,FG1448,89,slaby
FG1458,0,zly,FG1458,102,umiarkowany
FG1468,0,zly,FG1468,111,umiarkowany
FG1478,0,zly,FG1478,129,dobry
FG2408,0,zly,FG2408,132,bardzo dobry
FG2418,0,zly,FG2418,120,dobry
FG2428,0,zly,FG2428,117,dobry
FG2438,0,zly,FG2438,127,dobry
FG2448,0,zly,FG2448,120,dobry
FG2458,0,zly,FG2458,130,dobry
FG3468,0,zly,FG3468,155,bardzo dobry
FG3478,0,zly,FG3478,143,bardzo dobry
FG3488,0,zly,FG3488,134,bardzo dobry
FG3498,0,zly,FG3498,116,dobry
FG4408,0,zly,FG4408,118,dobry
FG0417,0,zly,FG0417,88,slaby
FG0427,0,zly,FG0427,86,slaby
FG0437,0,zly,FG0437,100,slaby
FG0467,0,zly,FG0467,93,slaby
FG0477,0,zly,FG0477,97,slaby
FG1447,0,zly,FG1447,91,slaby
FG1457,0,zly,FG1457,81,slaby
FG1467,0,zly,FG1467,120,dobry
FG1497,0,zly,FG1497,128,dobry
FG2407,0,zly,FG2407,123,dobry
FG2417,0,zly,FG2417,111,umiarkowany
FG2427,0,zly,FG2427,97,slaby
FG2437,0,zly,FG2437,133,bardzo dobry
FG2447,0,zly,FG2447,134,bardzo dobry
FG2457,0,zly,FG2457,130,dobry
FG3457,0,zly,FG3457,148,bardzo dobry
FG3467,0,zly,FG3467,139,bardzo dobry
FG3477,0,zly,FG3477,133,bardzo dobry
FG3487,0,zly,FG3487,140,bardzo dobry
FG0305,0,zly,FG0305,123,dobry
FG0306,0,zly,FG0306,133,bardzo dobry
FG0315,0,zly,FG0315,130,dobry
FG0316,0,zly,FG0316,122,dobry
FG1335,0,zly,FG1335,120,dobry
FG1345,0,zly,FG1345,109,umiarkowany
FG1346,0,zly,FG1346,92,slaby
FG1355,0,zly,FG1355,100,slaby
FG1356,0,zly,FG1356,92,slaby
FG1365,0,zly,FG1365,127,dobry
FG1366,0,zly,FG1366,91,slaby
FG1376,0,zly,FG1376,95,slaby
FG1386,0,zly,FG1386,75,slaby
FG2305,0,zly,FG2305,94,slaby
FG2315,0,zly,FG2315,113,umiarkowany
FG3305,0,zly,FG3305,144,bardzo dobry
FG3315,0,zly,FG3315,146,bardzo dobry
FG3325,0,zly,FG3325,158,bardzo dobry
FG3326,0,zly,FG3326,158,bardzo dobry
FG3335,0,zly,FG3335,138,bardzo dobry
FG3336,0,zly,FG3336,167,bardzo dobry
FG0304,0,zly,FG0304,124,dobry
FG0314,0,zly,FG0314,113,umiarkowany
FG1334,0,zly,FG1334,107,umiarkowany
FG1344,0,zly,FG1344,118,dobry
FG1354,0,zly,FG1354,109,umiarkowany
FG1364,0,zly,FG1364,113,umiarkowany
FG1374,0,zly,FG1374,120,dobry
FG2324,0,zly,FG2324,132,bardzo dobry
FG2334,0,zly,FG2334,116,dobry
FG2344,0,zly,FG2344,127,dobry
FG2374,0,zly,FG2374,107,umiarkowany
FG3304,0,zly,FG3304,139,bardzo dobry
FG3314,0,zly,FG3314,149,bardzo dobry
FG3324,0,zly,FG3324,149,bardzo dobry
FG3334,0,zly,FG3334,148,bardzo dobry
FG0313,0,zly,FG0313,117,dobry
FG0323,0,zly,FG0323,105,umiarkowany
FG1323,0,zly,FG1323,101,slaby
FG1333,0,zly,FG1333,102,umiarkowany
FG1343,0,zly,FG1343,111,umiarkowany
FG1353,0,zly,FG1353,126,dobry
FG1363,0,zly,FG1363,102,umiarkowany
FG1373,0,zly,FG1373,103,umiarkowany
FG2303,0,zly,FG2303,111,umiarkowany
FG2323,0,zly,FG2323,126,dobry
FG2333,0,zly,FG2333,123,dobry
FG2343,0,zly,FG2343,129,dobry
FG2373,0,zly,FG2373,114,umiarkowany
FG2383,0,zly,FG2383,107,umiarkowany
FG2393,0,zly,FG2393,125,dobry
FG3303,0,zly,FG3303,136,bardzo dobry
FG3313,0,zly,FG3313,149,bardzo dobry
FG3323,0,zly,FG3323,160,bardzo dobry
FG0406,0,zly,FG0406,113,umiarkowany
FG0416,0,zly,FG0416,105,umiarkowany
FG0426,0,zly,FG0426,115,umiarkowany
FG0436,0,zly,FG0436,105,umiarkowany
FG0456,0,zly,FG0456,110,umiarkowany
FG0466,0,zly,FG0466,94,slaby
FG0476,0,zly,FG0476,110,umiarkowany
FG0486,0,zly,FG0486,109,umiarkowany
FG1446,0,zly,FG1446,99,slaby
FG1456,0,zly,FG1456,104,umiarkowany
FG1466,0,zly,FG1466,126,dobry
FG1486,0,zly,FG1486,117,dobry
FG1496,0,zly,FG1496,113,umiarkowany
FG2406,0,zly,FG2406,135,bardzo dobry
FG2416,0,zly,FG2416,126,dobry
FG2426,0,zly,FG2426,127,dobry
FG3446,0,zly,FG3446,163,bardzo dobry
FG3456,0,zly,FG3456,156,bardzo dobry
FG3466,0,zly,FG3466,142,bardzo dobry
FG0405,0,zly,FG0405,121,dobry
FG0415,1,zly,FG0415,139,bardzo dobry
FG0425,1,zly,FG0425,129,dobry
FG0465,0,zly,FG0465,103,umiarkowany
FG0475,0,zly,FG0475,104,umiarkowany
FG0485,0,zly,FG0485,108,umiarkowany
FG0495,0,zly,FG0495,102,umiarkowany
FG1445,0,zly,FG1445,106,umiarkowany
FG1455,0,zly,FG1455,112,umiarkowany
FG1465,0,zly,FG1465,139,bardzo dobry
FG1485,0,zly,FG1485,114,umiarkowany
FG1495,0,zly,FG1495,116,dobry
FG2405,0,zly,FG2405,117,dobry
FG2415,0,zly,FG2415,129,dobry
FG2425,0,zly,FG2425,117,dobry
FG3435,0,zly,FG3435,150,bardzo dobry
FG3445,0,zly,FG3445,135,bardzo dobry
FG3455,0,zly,FG3455,144,bardzo dobry
FG0404,0,zly,FG0404,126,dobry
FG0414,1,zly,FG0414,134,bardzo dobry
FG0454,0,zly,FG0454,114,umiarkowany
FG0464,1,zly,FG0464,122,dobry
FG0474,0,zly,FG0474,94,slaby
FG0484,0,zly,FG0484,91,slaby
FG0494,0,zly,FG0494,103,umiarkowany
FG1444,0,zly,FG1444,119,dobry
FG1454,0,zly,FG1454,97,slaby
FG1464,0,zly,FG1464,125,dobry
FG1484,0,zly,FG1484,107,umiarkowany
FG1494,0,zly,FG1494,118,dobry
FG2404,0,zly,FG2404,131,dobry
FG2414,0,zly,FG2414,133,bardzo dobry
FG3434,0,zly,FG3434,150,bardzo dobry
FG3444,0,zly,FG3444,120,dobry
FG0403,0,zly,FG0403,108,umiarkowany
FG0443,0,zly,FG0443,109,umiarkowany
FG0453,0,zly,FG0453,111,umiarkowany
FG0483,0,zly,FG0483,88,slaby
FG0493,0,zly,FG0493,104,umiarkowany
FG1433,0,zly,FG1433,44,zly
FG1443,0,zly,FG1443,131,dobry
FG1453,0,zly,FG1453,135,bardzo dobry
FG1463,0,zly,FG1463,131,dobry
FG1473,0,zly,FG1473,108,umiarkowany
FG1483,0,zly,FG1483,119,dobry
FG1493,0,zly,FG1493,126,dobry
FG2403,0,zly,FG2403,113,umiarkowany
FG2453,0,zly,FG2453,130,dobry
FG3433,0,zly,FG3433,129,dobry
FG3443,0,zly,FG3443,133,bardzo dobry
FG0402,0,zly,FG0402,128,dobry
FG0432,0,zly,FG0432,100,slaby
FG0442,0,zly,FG0442,111,umiarkowany
FG0452,1,zly,FG0452,125,dobry
FG0482,0,zly,FG0482,82,slaby
FG0492,0,zly,FG0492,96,slaby
FG1432,0,zly,FG1432,111,umiarkowany
FG1442,0,zly,FG1442,110,umiarkowany
FG1452,0,zly,FG1452,147,bardzo dobry
FG1462,0,zly,FG1462,127,dobry
FG1472,0,zly,FG1472,100,slaby
FG1482,0,zly,FG1482,99,slaby
FG1492,0,zly,FG1492,140,bardzo dobry
FG2402,0,zly,FG2402,155,bardzo dobry
FG2442,0,zly,FG2442,130,dobry
FG3432,0,zly,FG3432,120,dobry
FG3442,0,zly,FG3442,121,dobry
FG0421,0,zly,FG0421,125,dobry
FG0431,0,zly,FG0431,101,slaby
FG0441,0,zly,FG0441,120,dobry
FG0461,0,zly,FG0461,127,dobry
FG0471,0,zly,FG0471,116,dobry
FG0481,0,zly,FG0481,100,slaby
FG0491,0,zly,FG0491,148,bardzo dobry
FG1451,0,zly,FG1451,98,slaby
FG1461,0,zly,FG1461,126,dobry
FG1471,0,zly,FG1471,91,slaby
FG1481,0,zly,FG1481,120,dobry
FG1491,0,zly,FG1491,140,bardzo dobry
FG2401,0,zly,FG2401,156,bardzo dobry
FG3421,0,zly,FG3421,116,dobry
FG3431,0,zly,FG3431,110,umiarkowany
FG3441,0,zly,FG3441,112,umiarkowany
FG0420,0,zly,FG0420,131,dobry
FG0430,0,zly,FG0430,116,dobry
FG0450,0,zly,FG0450,113,umiarkowany
FG0460,0,zly,FG0460,120,dobry
FG0470,0,zly,FG0470,143,bardzo dobry
FG0480,0,zly,FG0480,142,bardzo dobry
FG0490,0,zly,FG0490,141,bardzo dobry
FG1450,0,zly,FG1450,96,slaby
FG1460,0,zly,FG1460,102,umiarkowany
FG1470,0,zly,FG1470,104,umiarkowany
FG1480,0,zly,FG1480,107,umiarkowany
FG1490,0,zly,FG1490,103,umiarkowany
FG2400,0,zly,FG2400,105,umiarkowany
FG2450,0,zly,FG2450,143,bardzo dobry
FG3410,0,zly,FG3410,120,dobry
FG3420,0,zly,FG3420,127,dobry
FG3430,0,zly,FG3430,118,dobry
FG0319,1,zly,FG0319,138,bardzo dobry
FG0329,0,zly,FG0329,114,umiarkowany
FG0339,0,zly,FG0339,108,umiarkowany
FG0349,0,zly,FG0349,105,umiarkowany
FG0359,0,zly,FG0359,94,slaby
FG0369,0,zly,FG0369,130,dobry
FG0379,0,zly,FG0379,123,dobry
FG0389,0,zly,FG0389,139,bardzo dobry
FG1369,0,zly,FG1369,115,umiarkowany
FG1379,0,zly,FG1379,110,umiarkowany
FG1389,0,zly,FG1389,126,dobry
FG1399,0,zly,FG1399,125,dobry
FG3339,0,zly,FG3339,128,dobry
FG0308,0,zly,FG0308,124,dobry
FG0318,0,zly,FG0318,122,dobry
FG0328,0,zly,FG0328,109,umiarkowany
FG0338,0,zly,FG0338,125,dobry
FG0348,0,zly,FG0348,145,bardzo dobry
FG0358,0,zly,FG0358,141,bardzo dobry
FG0368,0,zly,FG0368,121,dobry
FG0378,0,zly,FG0378,106,umiarkowany
FG1368,0,zly,FG1368,92,slaby
FG1378,0,zly,FG1378,104,umiarkowany
FG1388,0,zly,FG1388,126,dobry
FG2348,0,zly,FG2348,106,umiarkowany
FG2398,0,zly,FG2398,134,bardzo dobry
FG0307,0,zly,FG0307,119,dobry
FG0317,0,zly,FG0317,122,dobry
FG0327,0,zly,FG0327,110,umiarkowany
FG0337,0,zly,FG0337,115,umiarkowany
FG0347,0,zly,FG0347,157,bardzo dobry
FG0357,0,zly,FG0357,122,dobry
FG1357,0,zly,FG1357,86,slaby
FG1367,0,zly,FG1367,81,slaby
FG1377,0,zly,FG1377,92,slaby
FG1387,0,zly,FG1387,93,slaby
FG2347,0,zly,FG2347,109,umiarkowany
FG2357,0,zly,FG2357,128,dobry
FG3327,0,zly,FG3327,145,bardzo dobry
FG3337,0,zly,FG3337,164,bardzo dobry
FG0312,0,zly,FG0312,100,slaby
FG0322,0,zly,FG0322,101,slaby
FG1322,0,zly,FG1322,86,slaby
FG1332,0,zly,FG1332,101,slaby
FG1342,0,zly,FG1342,106,umiarkowany
FG1352,0,zly,FG1352,104,umiarkowany
FG1362,1,zly,FG1362,99,slaby
FG1372,0,zly,FG1372,80,slaby
FG1392,0,zly,FG1392,111,umiarkowany
FG2302,0,zly,FG2302,109,umiarkowany
FG2312,0,zly,FG2312,125,dobry
FG2322,0,zly,FG2322,137,bardzo dobry
FG2342,0,zly,FG2342,116,dobry
FG2392,0,zly,FG2392,143,bardzo dobry
FG3302,0,zly,FG3302,161,bardzo dobry
FG3312,0,zly,FG3312,162,bardzo dobry
FG3322,0,zly,FG3322,145,bardzo dobry
FG0311,0,zly,FG0311,99,slaby
FG1321,0,zly,FG1321,96,slaby
FG1331,0,zly,FG1331,101,slaby
FG1341,0,zly,FG1341,135,bardzo dobry
FG1351,1,zly,FG1351,128,dobry
FG1361,1,zly,FG1361,118,dobry
FG1371,0,zly,FG1371,105,umiarkowany
FG2301,0,zly,FG2301,120,dobry
FG2311,0,zly,FG2311,116,dobry
FG2321,0,zly,FG2321,128,dobry
FG2351,0,zly,FG2351,129,dobry
FG3301,0,zly,FG3301,168,bardzo dobry
FG0310,0,zly,FG0310,108,umiarkowany
FG1310,0,zly,FG1310,101,slaby
FG1320,0,zly,FG1320,107,umiarkowany
FG1330,0,zly,FG1330,127,dobry
FG1340,0,zly,FG1340,127,dobry
FG1360,0,zly,FG1360,116,dobry
FG1390,0,zly,FG1390,106,umiarkowany
FG2300,0,zly,FG2300,116,dobry
FG2310,0,zly,FG2310,109,umiarkowany
FG2320,0,zly,FG2320,112,umiarkowany
FG0219,0,zly,FG0219,103,umiarkowany
FG1219,0,zly,FG1219,90,slaby
FG1229,0,zly,FG1229,118,dobry
FG1239,0,zly,FG1239,103,umiarkowany
FG1249,0,zly,FG1249,117,dobry
FG1259,0,zly,FG1259,116,dobry
FG1269,0,zly,FG1269,114,umiarkowany
FG1289,0,zly,FG1289,124,dobry
FG1299,0,zly,FG1299,102,umiarkowany
FG2209,0,zly,FG2209,110,umiarkowany
FG2219,0,zly,FG2219,108,umiarkowany
FG2229,0,zly,FG2229,119,dobry
FG2239,0,zly,FG2239,135,bardzo dobry
FG2249,0,zly,FG2249,140,bardzo dobry
FG0218,0,zly,FG0218,136,bardzo dobry
FG1218,0,zly,FG1218,113,umiarkowany
FG1228,0,zly,FG1228,106,umiarkowany
FG1238,0,zly,FG1238,135,bardzo dobry
FG1248,0,zly,FG1248,126,dobry
FG1258,0,zly,FG1258,102,umiarkowany
FG1268,0,zly,FG1268,132,bardzo dobry
FG1288,0,zly,FG1288,126,dobry
FG1298,0,zly,FG1298,116,dobry
FG2208,0,zly,FG2208,114,umiarkowany
FG2248,0,zly,FG2248,139,bardzo dobry
FG1217,0,zly,FG1217,158,bardzo dobry
FG1227,0,zly,FG1227,169,bardzo dobry
FG1237,0,zly,FG1237,148,bardzo dobry
FG1247,0,zly,FG1247,117,dobry
FG1257,0,zly,FG1257,118,dobry
FG1267,0,zly,FG1267,125,dobry
FG1287,0,zly,FG1287,115,umiarkowany
FG1297,0,zly,FG1297,118,dobry
FG2207,0,zly,FG2207,107,umiarkowany
FG2247,0,zly,FG2247,139,bardzo dobry
FG1178,0,zly,FG1178,134,bardzo dobry
FG1179,0,zly,FG1179,118,dobry
FG1188,0,zly,FG1188,127,dobry
FG1189,0,zly,FG1189,128,dobry
FG1199,0,zly,FG1199,123,dobry
FG2119,0,zly,FG2119,152,bardzo dobry
FG2129,0,zly,FG2129,141,bardzo dobry
FG2139,0,zly,FG2139,149,bardzo dobry
FG1280,0,zly,FG1280,134,bardzo dobry
FG1281,0,zly,FG1281,113,umiarkowany
FG1290,0,zly,FG1290,127,dobry
FG1291,0,zly,FG1291,120,dobry
FG2220,0,zly,FG2220,127,dobry
FG2230,0,zly,FG2230,132,bardzo dobry
FG2240,0,zly,FG2240,123,dobry
FG2241,0,zly,FG2241,120,dobry
FG2250,0,zly,FG2250,127,dobry
FG2251,0,zly,FG2251,119,dobry
FG2261,0,zly,FG2261,108,umiarkowany
FG1235,0,zly,FG1235,123,dobry
FG1245,0,zly,FG1245,147,bardzo dobry
FG1255,0,zly,FG1255,155,bardzo dobry
FG1265,5,zly,FG1265,145,bardzo dobry
FG1274,0,zly,FG1274,115,umiarkowany
FG1275,5,zly,FG1275,152,bardzo dobry
FG1284,0,zly,FG1284,149,bardzo dobry
FG1285,0,zly,FG1285,154,bardzo dobry
FG1294,0,zly,FG1294,137,bardzo dobry
FG1295,0,zly,FG1295,123,dobry
FG2204,0,zly,FG2204,163,bardzo dobry
FG2205,0,zly,FG2205,156,bardzo dobry
FG2224,0,zly,FG2224,164,bardzo dobry
FG2245,0,zly,FG2245,161,bardzo dobry
FG2255,0,zly,FG2255,123,dobry
FG2284,0,zly,FG2284,149,bardzo dobry
FG2294,0,zly,FG2294,135,bardzo dobry
FG2295,0,zly,FG2295,132,bardzo dobry
FG1236,0,zly,FG1236,163,bardzo dobry
FG1246,0,zly,FG1246,136,bardzo dobry
FG1256,0,zly,FG1256,108,umiarkowany
FG1286,0,zly,FG1286,115,umiarkowany
FG1296,0,zly,FG1296,125,dobry
FG2206,0,zly,FG2206,125,dobry
FG2246,0,zly,FG2246,167,bardzo dobry
FG2256,0,zly,FG2256,174,bardzo dobry
FG2266,0,zly,FG2266,171,bardzo dobry
FG2286,0,zly,FG2286,168,bardzo dobry
FG1283,0,zly,FG1283,101,slaby
FG1293,0,zly,FG1293,93,slaby
FG2273,0,zly,FG2273,123,dobry
FG2283,0,zly,FG2283,138,bardzo dobry
FG1272,0,zly,FG1272,129,dobry
FG1282,0,zly,FG1282,112,umiarkowany
FG1292,0,zly,FG1292,112,umiarkowany
FG2252,0,zly,FG2252,122,dobry
FG2262,0,zly,FG2262,111,umiarkowany
FG2272,0,zly,FG2272,118,dobry
FG1177,0,zly,FG1177,117,dobry
FG1187,0,zly,FG1187,122,dobry
FG1166,0,zly,FG1166,140,bardzo dobry
FG1176,0,zly,FG1176,114,umiarkowany
FG1186,0,zly,FG1186,117,dobry
FG2126,0,zly,FG2126,135,bardzo dobry
FG2136,0,zly,FG2136,132,bardzo dobry
FG2156,0,zly,FG2156,144,bardzo dobry
FG2166,1,zly,FG2166,143,bardzo dobry
FG2176,0,zly,FG2176,156,bardzo dobry
FG1155,0,zly,FG1155,121,dobry
FG1165,0,zly,FG1165,118,dobry
FG1175,0,zly,FG1175,126,dobry
FG2115,0,zly,FG2115,137,bardzo dobry
FG2125,0,zly,FG2125,134,bardzo dobry
FG2165,0,zly,FG2165,174,bardzo dobry
FG2185,0,zly,FG2185,150,bardzo dobry
FG1144,0,zly,FG1144,122,dobry
FG1154,0,zly,FG1154,114,umiarkowany
FG1164,0,zly,FG1164,132,bardzo dobry
FG2104,0,zly,FG2104,166,bardzo dobry
FG2114,0,zly,FG2114,178,bardzo dobry
FG2124,0,zly,FG2124,173,bardzo dobry
FG1123,0,zly,FG1123,150,bardzo dobry
FG1133,0,zly,FG1133,102,umiarkowany
FG1143,0,zly,FG1143,134,bardzo dobry
FG1153,0,zly,FG1153,123,dobry
FG1163,0,zly,FG1163,133,bardzo dobry
FG1183,0,zly,FG1183,114,umiarkowany
FG1193,0,zly,FG1193,163,bardzo dobry
FG2103,0,zly,FG2103,173,bardzo dobry
FG1122,0,zly,FG1122,142,bardzo dobry
FG1132,0,zly,FG1132,138,bardzo dobry
FG1142,0,zly,FG1142,140,bardzo dobry
FG1152,0,zly,FG1152,164,bardzo dobry
FG1172,0,zly,FG1172,153,bardzo dobry
FG1182,0,zly,FG1182,161,bardzo dobry
FG1192,0,zly,FG1192,160,bardzo dobry
FG1121,0,zly,FG1121,102,umiarkowany
FG1131,0,zly,FG1131,110,umiarkowany
FG1141,0,zly,FG1141,114,umiarkowany
FG1151,0,zly,FG1151,176,bardzo dobry
FG1161,1,zly,FG1161,116,dobry
FG1171,0,zly,FG1171,147,bardzo dobry
FG1181,0,zly,FG1181,116,dobry
FG1191,0,zly,FG1191,145,bardzo dobry
FG2141,0,zly,FG2141,148,bardzo dobry
FG1120,0,zly,FG1120,89,slaby
FG1130,0,zly,FG1130,106,umiarkowany
FG1140,0,zly,FG1140,134,bardzo dobry
FG1160,0,zly,FG1160,168,bardzo dobry
FG1170,0,zly,FG1170,151,bardzo dobry
FG1190,0,zly,FG1190,125,dobry
FG2140,0,zly,FG2140,166,bardzo dobry
FG1013,0,zly,FG1013,112,umiarkowany
FG1014,0,zly,FG1014,106,umiarkowany
FG1023,0,zly,FG1023,156,bardzo dobry
FG1024,0,zly,FG1024,137,bardzo dobry
FG1033,0,zly,FG1033,125,dobry
FG1034,0,zly,FG1034,138,bardzo dobry
FG3003,0,zly,FG3003,137,bardzo dobry
FG3004,0,zly,FG3004,128,dobry
FG3014,0,zly,FG3014,139,bardzo dobry
FG1029,0,zly,FG1029,85,slaby
FG1039,0,zly,FG1039,89,slaby
FG1049,0,zly,FG1049,109,umiarkowany
FG1069,0,zly,FG1069,130,dobry
FG1079,0,zly,FG1079,126,dobry
FG1089,0,zly,FG1089,128,dobry
FG1099,0,zly,FG1099,142,bardzo dobry
FG2039,0,zly,FG2039,161,bardzo dobry
FG3039,0,zly,FG3039,134,bardzo dobry
FG3049,0,zly,FG3049,120,dobry
FG1028,0,zly,FG1028,86,slaby
FG1038,0,zly,FG1038,76,slaby
FG1048,0,zly,FG1048,91,slaby
FG1068,0,zly,FG1068,107,umiarkowany
FG1078,0,zly,FG1078,120,dobry
FG1088,0,zly,FG1088,117,dobry
FG1098,0,zly,FG1098,131,dobry
FG2028,0,zly,FG2028,129,dobry
FG2038,0,zly,FG2038,167,bardzo dobry
FG3038,0,zly,FG3038,132,bardzo dobry
FG3048,0,zly,FG3048,121,dobry
FG1027,0,zly,FG1027,106,umiarkowany
FG1037,0,zly,FG1037,106,umiarkowany
FG1047,0,zly,FG1047,95,slaby
FG1057,0,zly,FG1057,86,slaby
FG1067,0,zly,FG1067,101,slaby
FG2037,0,zly,FG2037,165,bardzo dobry
FG2047,0,zly,FG2047,169,bardzo dobry
FG3027,0,zly,FG3027,129,dobry
FG3037,0,zly,FG3037,144,bardzo dobry
FG1026,0,zly,FG1026,139,bardzo dobry
FG1036,0,zly,FG1036,92,slaby
FG1046,0,zly,FG1046,102,umiarkowany
FG1056,0,zly,FG1056,106,umiarkowany
FG2026,0,zly,FG2026,142,bardzo dobry
FG2036,0,zly,FG2036,151,bardzo dobry
FG2046,0,zly,FG2046,167,bardzo dobry
FG3016,0,zly,FG3016,158,bardzo dobry
FG3026,0,zly,FG3026,137,bardzo dobry
FG1015,0,zly,FG1015,129,dobry
FG1025,0,zly,FG1025,157,bardzo dobry
FG1035,0,zly,FG1035,104,umiarkowany
FG1045,0,zly,FG1045,111,umiarkowany
FG2015,0,zly,FG2015,156,bardzo dobry
FG2025,0,zly,FG2025,145,bardzo dobry
FG3015,0,zly,FG3015,140,bardzo dobry
FG1002,0,zly,FG1002,129,dobry
FG1012,0,zly,FG1012,110,umiarkowany
FG1022,0,zly,FG1022,133,bardzo dobry
FG1032,0,zly,FG1032,123,dobry
FG3022,0,zly,FG3022,150,bardzo dobry
FG1001,0,zly,FG1001,140,bardzo dobry
FG1011,0,zly,FG1011,136,bardzo dobry
FG1000,0,zly,FG1000,149,bardzo dobry
GF5060,0,zly,GF5060,116,dobry
GF5050,0,zly,GF5050,114,umiarkowany
GF5061,0,zly,GF5061,100,slaby
GF5051,0,zly,GF5051,49,zly
GF5040,0,zly,GF5040,110,umiarkowany
GF5041,0,zly,GF5041,99,slaby
GF5042,0,zly,GF5042,104,umiarkowany
GF5043,0,zly,GF5043,107,umiarkowany
GF5044,0,zly,GF5044,109,umiarkowany
GF5045,0,zly,GF5045,107,umiarkowany
GF5046,0,zly,GF5046,104,umiarkowany
GF5047,0,zly,GF5047,127,dobry
GF5048,0,zly,GF5048,136,bardzo dobry
GF5049,0,zly,GF5049,129,dobry
GF5070,0,zly,GF5070,89,slaby
GF5071,0,zly,GF5071,106,umiarkowany
GF5031,0,zly,GF5031,107,umiarkowany
GF5032,0,zly,GF5032,139,bardzo dobry
GF5033,0,zly,GF5033,138,bardzo dobry
GF5034,0,zly,GF5034,123,dobry
GF5035,0,zly,GF5035,131,dobry
GF5036,0,zly,GF5036,140,bardzo dobry
GF5037,0,zly,GF5037,129,dobry
GF5038,0,zly,GF5038,109,umiarkowany
GF5039,0,zly,GF5039,109,umiarkowany
GF5021,0,zly,GF5021,140,bardzo dobry
GF5024,0,zly,GF5024,151,bardzo dobry
GF9090,0,zly,GF9090,105,umiarkowany
GF9091,0,zly,GF9091,116,dobry
GF9080,0,zly,GF9080,128,dobry
GF9081,0,zly,GF9081,129,dobry
GF9082,0,zly,GF9082,105,umiarkowany
GF9070,0,zly,GF9070,112,umiarkowany
GF9071,0,zly,GF9071,118,dobry
GF9072,0,zly,GF9072,122,dobry
GF9060,0,zly,GF9060,111,umiarkowany
GF9061,0,zly,GF9061,116,dobry
GF9062,0,zly,GF9062,135,bardzo dobry
GF9063,0,zly,GF9063,97,slaby
GF9050,0,zly,GF9050,114,umiarkowany
GF9051,0,zly,GF9051,111,umiarkowany
GF9053,0,zly,GF9053,122,dobry
GF9041,0,zly,GF9041,114,umiarkowany
GF9042,0,zly,GF9042,131,dobry
GF9043,0,zly,GF9043,108,umiarkowany
GF9031,0,zly,GF9031,115,umiarkowany
GF9032,0,zly,GF9032,100,slaby
GF9033,0,zly,GF9033,97,slaby
GF9020,0,zly,GF9020,104,umiarkowany
GF9010,0,zly,GF9010,112,umiarkowany
GF9000,0,zly,GF9000,174,bardzo dobry
GF8050,0,zly,GF8050,114,umiarkowany
GF8061,0,zly,GF8061,49,zly
GF8051,0,zly,GF8051,86,slaby
GF8062,0,zly,GF8062,114,umiarkowany
GF8063,0,zly,GF8063,96,slaby
GF8040,0,zly,GF8040,96,slaby
GF8041,0,zly,GF8041,44,zly
GF8080,0,zly,GF8080,41,zly
GF8081,0,zly,GF8081,35,zly
GF8082,0,zly,GF8082,165,bardzo dobry
GF8071,0,zly,GF8071,104,umiarkowany
GF8072,0,zly,GF8072,116,dobry
GF8073,0,zly,GF8073,103,umiarkowany
GF8030,0,zly,GF8030,102,umiarkowany
GF8031,0,zly,GF8031,88,slaby
GF8020,0,zly,GF8020,94,slaby
GF5010,0,zly,GF5010,150,bardzo dobry
GF5011,0,zly,GF5011,133,bardzo dobry
GF5103,0,zly,GF5103,120,dobry
GF4091,0,zly,GF4091,113,umiarkowany
GF4192,0,zly,GF4192,128,dobry
GF4193,0,zly,GF4193,109,umiarkowany
GF4389,0,zly,GF4389,115,umiarkowany
GF4081,0,zly,GF4081,135,bardzo dobry
GF4082,0,zly,GF4082,109,umiarkowany
GF4083,0,zly,GF4083,116,dobry
GF4181,0,zly,GF4181,109,umiarkowany
GF2313,0,zly,GF2313,54,zly
GF2314,0,zly,GF2314,44,zly
GF2324,0,zly,GF2324,43,zly
GF2374,0,zly,GF2374,41,zly
GF2384,0,zly,GF2384,41,zly
GF3314,0,zly,GF3314,125,dobry
GF3353,0,zly,GF3353,130,dobry
GF3363,0,zly,GF3363,113,umiarkowany
GF3364,0,zly,GF3364,123,dobry
GF2392,0,zly,GF2392,124,dobry
GF3352,1,zly,GF3352,118,dobry
GF3362,0,zly,GF3362,109,umiarkowany
GF4312,0,zly,GF4312,100,slaby
GF4322,0,zly,GF4322,95,slaby
GF2436,0,zly,GF2436,42,zly
GF4426,0,zly,GF4426,50,zly
GF2435,0,zly,GF2435,41,zly
GF2445,0,zly,GF2445,49,zly
GF2465,0,zly,GF2465,113,umiarkowany
GF4405,0,zly,GF4405,110,umiarkowany
GF4415,0,zly,GF4415,132,bardzo dobry
GF4425,0,zly,GF4425,51,zly
GF4445,0,zly,GF4445,49,zly
GF2424,0,zly,GF2424,44,zly
GF2434,0,zly,GF2434,39,zly
GF2444,0,zly,GF2444,48,zly
GF2454,0,zly,GF2454,121,dobry
GF2464,0,zly,GF2464,117,dobry
GF4404,0,zly,GF4404,64,zly
GF4414,0,zly,GF4414,132,bardzo dobry
GF4424,0,zly,GF4424,48,zly
GF4434,0,zly,GF4434,137,bardzo dobry
GF4444,0,zly,GF4444,131,dobry
GF2413,0,zly,GF2413,108,umiarkowany
GF2423,0,zly,GF2423,51,zly
GF2433,0,zly,GF2433,38,zly
GF2443,0,zly,GF2443,48,zly
GF2453,0,zly,GF2453,124,dobry
GF2463,0,zly,GF2463,137,bardzo dobry
GF2473,0,zly,GF2473,54,zly
GF4413,0,zly,GF4413,120,dobry
GF4423,0,zly,GF4423,57,zly
GF4433,0,zly,GF4433,114,umiarkowany
GF4443,0,zly,GF4443,125,dobry
GF1472,0,zly,GF1472,38,zly
GF1482,0,zly,GF1482,48,zly
GF1492,0,zly,GF1492,44,zly
GF2432,0,zly,GF2432,42,zly
GF2442,0,zly,GF2442,48,zly
GF2452,0,zly,GF2452,49,zly
GF2462,0,zly,GF2462,125,dobry
GF2472,0,zly,GF2472,111,umiarkowany
GF3402,0,zly,GF3402,105,umiarkowany
GF4412,0,zly,GF4412,116,dobry
GF4422,0,zly,GF4422,93,slaby
GF4472,0,zly,GF4472,64,zly
GF1481,0,zly,GF1481,46,zly
GF1491,0,zly,GF1491,39,zly
GF2441,0,zly,GF2441,45,zly
GF2451,0,zly,GF2451,65,zly
GF2481,0,zly,GF2481,137,bardzo dobry
GF4411,0,zly,GF4411,89,slaby
GF4421,0,zly,GF4421,91,slaby
GF1470,0,zly,GF1470,104,umiarkowany
GF2440,0,zly,GF2440,57,zly
GF2450,0,zly,GF2450,130,dobry
GF3400,0,zly,GF3400,134,bardzo dobry
GF4420,0,zly,GF4420,100,slaby
GF4430,0,zly,GF4430,99,slaby
GF1379,0,zly,GF1379,58,zly
GF2319,0,zly,GF2319,106,umiarkowany
GF2329,0,zly,GF2329,103,umiarkowany
GF2349,0,zly,GF2349,84,slaby
GF2379,0,zly,GF2379,115,umiarkowany
GF2389,0,zly,GF2389,71,slaby
GF3309,0,zly,GF3309,113,umiarkowany
GF3319,0,zly,GF3319,54,zly
GF3369,0,zly,GF3369,126,dobry
GF3379,0,zly,GF3379,116,dobry
GF3399,0,zly,GF3399,122,dobry
GF4329,0,zly,GF4329,102,umiarkowany
GF1378,0,zly,GF1378,49,zly
GF1388,0,zly,GF1388,54,zly
GF1398,0,zly,GF1398,112,umiarkowany
GF2308,0,zly,GF2308,44,zly
GF2318,0,zly,GF2318,91,slaby
GF2328,0,zly,GF2328,79,slaby
GF2338,0,zly,GF2338,100,slaby
GF2348,0,zly,GF2348,105,umiarkowany
GF2358,0,zly,GF2358,119,dobry
GF2368,0,zly,GF2368,98,slaby
GF2378,0,zly,GF2378,48,zly
GF2388,0,zly,GF2388,52,zly
GF3308,0,zly,GF3308,49,zly
GF3318,0,zly,GF3318,48,zly
GF3368,0,zly,GF3368,118,dobry
GF3378,0,zly,GF3378,54,zly
GF3388,0,zly,GF3388,112,umiarkowany
GF4308,0,zly,GF4308,113,umiarkowany
GF4338,0,zly,GF4338,114,umiarkowany
GF4348,0,zly,GF4348,105,umiarkowany
GF4388,0,zly,GF4388,111,umiarkowany
GF1387,0,zly,GF1387,127,dobry
GF2307,0,zly,GF2307,49,zly
GF2317,0,zly,GF2317,49,zly
GF2327,0,zly,GF2327,92,slaby
GF2337,0,zly,GF2337,94,slaby
GF2347,0,zly,GF2347,98,slaby
GF2357,0,zly,GF2357,113,umiarkowany
GF2367,0,zly,GF2367,47,zly
GF2377,0,zly,GF2377,41,zly
GF2387,0,zly,GF2387,45,zly
GF2397,0,zly,GF2397,51,zly
GF3307,0,zly,GF3307,125,dobry
GF3317,0,zly,GF3317,120,dobry
GF3327,0,zly,GF3327,139,bardzo dobry
GF3367,0,zly,GF3367,111,umiarkowany
GF3377,0,zly,GF3377,112,umiarkowany
GF3387,0,zly,GF3387,130,dobry
GF4307,0,zly,GF4307,114,umiarkowany
GF4317,0,zly,GF4317,110,umiarkowany
GF2306,0,zly,GF2306,119,dobry
GF2316,0,zly,GF2316,48,zly
GF2326,0,zly,GF2326,87,slaby
GF2336,0,zly,GF2336,93,slaby
GF2346,0,zly,GF2346,157,bardzo dobry
GF2396,0,zly,GF2396,48,zly
GF3306,0,zly,GF3306,134,bardzo dobry
GF3316,0,zly,GF3316,125,dobry
GF3366,0,zly,GF3366,120,dobry
GF3376,0,zly,GF3376,104,umiarkowany
GF3386,0,zly,GF3386,122,dobry
GF3396,0,zly,GF3396,115,umiarkowany
GF4306,0,zly,GF4306,119,dobry
GF4316,0,zly,GF4316,104,umiarkowany
GF4336,0,zly,GF4336,117,dobry
GF2315,0,zly,GF2315,40,zly
GF2325,0,zly,GF2325,41,zly
GF2335,0,zly,GF2335,145,bardzo dobry
GF2385,0,zly,GF2385,97,slaby
GF2395,0,zly,GF2395,95,slaby
GF3315,0,zly,GF3315,120,dobry
GF3365,0,zly,GF3365,118,dobry
GF3375,0,zly,GF3375,99,slaby
GF4315,0,zly,GF4315,103,umiarkowany
GF4335,0,zly,GF4335,108,umiarkowany
GF4345,0,zly,GF4345,124,dobry
GF4071,0,zly,GF4071,142,bardzo dobry
GF4171,0,zly,GF4171,131,dobry
GF4172,0,zly,GF4172,122,dobry
GF2391,0,zly,GF2391,148,bardzo dobry
GF3351,0,zly,GF3351,118,dobry
GF3361,0,zly,GF3361,122,dobry
GF3371,0,zly,GF3371,117,dobry
GF4321,0,zly,GF4321,96,slaby
GF4331,0,zly,GF4331,113,umiarkowany
GF3340,0,zly,GF3340,105,umiarkowany
GF3350,0,zly,GF3350,100,slaby
GF3370,0,zly,GF3370,96,slaby
GF3380,0,zly,GF3380,126,dobry
GF4320,0,zly,GF4320,101,slaby
GF4330,0,zly,GF4330,119,dobry
GF3239,0,zly,GF3239,120,dobry
GF3249,0,zly,GF3249,111,umiarkowany
GF3259,0,zly,GF3259,98,slaby
GF4229,0,zly,GF4229,101,slaby
GF4239,0,zly,GF4239,121,dobry
GF2288,0,zly,GF2288,120,dobry
GF3228,0,zly,GF3228,101,slaby
GF3238,0,zly,GF3238,106,umiarkowany
GF3258,0,zly,GF3258,109,umiarkowany
GF3298,0,zly,GF3298,99,slaby
GF4208,0,zly,GF4208,96,slaby
GF4218,0,zly,GF4218,96,slaby
GF4228,0,zly,GF4228,95,slaby
GF2287,0,zly,GF2287,107,umiarkowany
GF3227,0,zly,GF3227,107,umiarkowany
GF3237,0,zly,GF3237,110,umiarkowany
GF3277,0,zly,GF3277,93,slaby
GF3287,0,zly,GF3287,112,umiarkowany
GF3297,0,zly,GF3297,97,slaby
GF4207,0,zly,GF4207,100,slaby
GF4217,0,zly,GF4217,93,slaby
GF4227,0,zly,GF4227,89,slaby
GF3216,0,zly,GF3216,111,umiarkowany
GF3226,0,zly,GF3226,100,slaby
GF3236,0,zly,GF3236,113,umiarkowany
GF3256,0,zly,GF3256,96,slaby
GF3266,0,zly,GF3266,98,slaby
GF3276,0,zly,GF3276,95,slaby
GF3286,0,zly,GF3286,94,slaby
GF3296,0,zly,GF3296,105,umiarkowany
GF4206,0,zly,GF4206,52,zly
GF4216,0,zly,GF4216,92,slaby
GF4226,0,zly,GF4226,87,slaby
GF3205,0,zly,GF3205,154,bardzo dobry
GF3215,0,zly,GF3215,119,dobry
GF3225,0,zly,GF3225,105,umiarkowany
GF3235,0,zly,GF3235,105,umiarkowany
GF3245,0,zly,GF3245,115,umiarkowany
GF3255,0,zly,GF3255,94,slaby
GF3265,0,zly,GF3265,100,slaby
GF3275,0,zly,GF3275,85,slaby
GF3285,0,zly,GF3285,95,slaby
GF3295,0,zly,GF3295,108,umiarkowany
GF4205,0,zly,GF4205,45,zly
GF4215,0,zly,GF4215,46,zly
GF4225,0,zly,GF4225,105,umiarkowany
GF3214,0,zly,GF3214,115,umiarkowany
GF3224,0,zly,GF3224,107,umiarkowany
GF3234,0,zly,GF3234,107,umiarkowany
GF3244,0,zly,GF3244,108,umiarkowany
GF3254,0,zly,GF3254,46,zly
GF3264,0,zly,GF3264,87,slaby
GF3274,0,zly,GF3274,87,slaby
GF3284,0,zly,GF3284,98,slaby
GF3294,0,zly,GF3294,102,umiarkowany
GF4204,0,zly,GF4204,47,zly
GF4214,0,zly,GF4214,54,zly
GF4224,0,zly,GF4224,113,umiarkowany
GF2293,0,zly,GF2293,107,umiarkowany
GF3213,0,zly,GF3213,104,umiarkowany
GF3223,0,zly,GF3223,97,slaby
GF3233,0,zly,GF3233,106,umiarkowany
GF3243,0,zly,GF3243,111,umiarkowany
GF3253,0,zly,GF3253,99,slaby
GF3263,0,zly,GF3263,90,slaby
GF3273,0,zly,GF3273,89,slaby
GF3293,0,zly,GF3293,102,umiarkowany
GF4203,0,zly,GF4203,102,umiarkowany
GF2292,1,zly,GF2292,109,umiarkowany
GF3212,0,zly,GF3212,99,slaby
GF3222,0,zly,GF3222,93,slaby
GF3232,0,zly,GF3232,110,umiarkowany
GF3242,0,zly,GF3242,105,umiarkowany
GF3252,0,zly,GF3252,110,umiarkowany
GF3262,0,zly,GF3262,99,slaby
GF2291,0,zly,GF2291,106,umiarkowany
GF3211,0,zly,GF3211,87,slaby
GF3221,0,zly,GF3221,103,umiarkowany
GF3231,0,zly,GF3231,109,umiarkowany
GF3241,0,zly,GF3241,88,slaby
GF3251,0,zly,GF3251,103,umiarkowany
GF3261,0,zly,GF3261,94,slaby
GF2290,0,zly,GF2290,96,slaby
GF3200,0,zly,GF3200,106,umiarkowany
GF3210,0,zly,GF3210,112,umiarkowany
GF3220,0,zly,GF3220,95,slaby
GF3230,0,zly,GF3230,101,slaby
GF3240,0,zly,GF3240,97,slaby
GF3250,0,zly,GF3250,106,umiarkowany
GF2199,0,zly,GF2199,116,dobry
GF3109,0,zly,GF3109,117,dobry
GF3119,0,zly,GF3119,105,umiarkowany
GF3129,0,zly,GF3129,99,slaby
GF3139,0,zly,GF3139,94,slaby
GF3149,0,zly,GF3149,115,umiarkowany
GF3159,0,zly,GF3159,52,zly
GF2188,0,zly,GF2188,123,dobry
GF2198,0,zly,GF2198,126,dobry
GF3108,0,zly,GF3108,110,umiarkowany
GF3118,0,zly,GF3118,102,umiarkowany
GF3128,0,zly,GF3128,35,zly
GF3138,0,zly,GF3138,51,zly
GF3148,0,zly,GF3148,112,umiarkowany
GF3107,0,zly,GF3107,45,zly
GF3117,0,zly,GF3117,38,zly
GF3127,0,zly,GF3127,42,zly
GF3137,0,zly,GF3137,46,zly
GF3085,0,zly,GF3085,127,dobry
GF3086,0,zly,GF3086,116,dobry
GF4065,0,zly,GF4065,128,dobry
GF4066,0,zly,GF4066,142,bardzo dobry
GF3064,0,zly,GF3064,137,bardzo dobry
GF3074,0,zly,GF3074,115,umiarkowany
GF3084,0,zly,GF3084,110,umiarkowany
GF4064,0,zly,GF4064,114,umiarkowany
GF3063,0,zly,GF3063,138,bardzo dobry
GF3073,0,zly,GF3073,119,dobry
GF3083,0,zly,GF3083,110,umiarkowany
GF4134,0,zly,GF4134,112,umiarkowany
GF4144,0,zly,GF4144,123,dobry
GF4154,0,zly,GF4154,116,dobry
GF4103,0,zly,GF4103,102,umiarkowany
GF4143,1,zly,GF4143,143,bardzo dobry
GF4163,0,zly,GF4163,119,dobry
GF4102,0,zly,GF4102,97,slaby
GF4162,0,zly,GF4162,121,dobry
GF4101,0,zly,GF4101,98,slaby
GF4100,0,zly,GF4100,98,slaby
GF4009,0,zly,GF4009,105,umiarkowany
GF3098,0,zly,GF3098,115,umiarkowany
GF3087,0,zly,GF3087,129,dobry
GF3097,0,zly,GF3097,110,umiarkowany
GF3012,0,zly,GF3012,43,zly
GF4052,0,zly,GF4052,157,bardzo dobry
GG0004,0,zly,GG0004,127,dobry
GG0003,0,zly,GG0003,120,dobry
GG0002,0,zly,GG0002,108,umiarkowany
GG0001,0,zly,GG0001,101,slaby
GG0011,0,zly,GG0011,115,umiarkowany
GG0012,0,zly,GG0012,104,umiarkowany
GG0000,0,zly,GG0000,115,umiarkowany
GG0010,0,zly,GG0010,113,umiarkowany
GG0013,0,zly,GG0013,103,umiarkowany
GG0020,0,zly,GG0020,110,umiarkowany
GG0021,0,zly,GG0021,109,umiarkowany
GG5020,0,zly,GG5020,123,dobry
GG5011,0,zly,GG5011,76,slaby
GG5002,0,zly,GG5002,132,bardzo dobry
GG4091,0,zly,GG4091,138,bardzo dobry
GG4061,0,zly,GG4061,147,bardzo dobry
GG4062,0,zly,GG4062,130,dobry
GG0023,0,zly,GG0023,112,umiarkowany
GG0033,0,zly,GG0033,109,umiarkowany
GG0043,0,zly,GG0043,157,bardzo dobry
GG0022,0,zly,GG0022,108,umiarkowany
GG0032,0,zly,GG0032,116,dobry
GG0042,0,zly,GG0042,152,bardzo dobry
GG0052,0,zly,GG0052,60,zly
GG0062,0,zly,GG0062,67,zly
GG3082,0,zly,GG3082,151,bardzo dobry
GG4052,0,zly,GG4052,126,dobry
GG0031,0,zly,GG0031,112,umiarkowany
GG0041,0,zly,GG0041,144,bardzo dobry
GG0051,0,zly,GG0051,154,bardzo dobry
GG0061,0,zly,GG0061,104,umiarkowany
GG0071,0,zly,GG0071,111,umiarkowany
GG4021,0,zly,GG4021,137,bardzo dobry
GG4031,0,zly,GG4031,124,dobry
GG4041,0,zly,GG4041,126,dobry
GG4051,0,zly,GG4051,132,bardzo dobry
GG0030,0,zly,GG0030,112,umiarkowany
GG0040,0,zly,GG0040,112,umiarkowany
GG0050,0,zly,GG0050,148,bardzo dobry
GG0060,0,zly,GG0060,153,bardzo dobry
GG0070,0,zly,GG0070,122,dobry
GG3040,0,zly,GG3040,115,umiarkowany
GG3050,0,zly,GG3050,127,dobry
GG3060,0,zly,GG3060,145,bardzo dobry
GG4020,0,zly,GG4020,133,bardzo dobry
GG4030,0,zly,GG4030,132,bardzo dobry
GG4040,0,zly,GG4040,135,bardzo dobry
