Name,1,2
EG1909,689, dobry
EG1919,644, umiarkowany
EG1929,530, slaby
EG1939,515, zly
FF9692,793, bardzo dobry
FF9693,631, umiarkowany
FF9694,616, umiarkowany
FF9695,588, umiarkowany
FF9696,626, umiarkowany
FF9697,687, dobry
FF9698,603, umiarkowany
FF9699,649, dobry
FF9791,674, dobry
FF9792,652, dobry
FF9793,623, umiarkowany
FF9799,581, slaby
FF9890,751, bardzo dobry
FF9891,676, dobry
FF9892,626, umiarkowany
FF9997,678, dobry
FF9998,669, dobry
FF9987,623, umiarkowany
FF9988,628, umiarkowany
FF5179,519, zly
FF5273,599, umiarkowany
FF5274,488, zly
FF5287,614, umiarkowany
FF5277,582, slaby
FF5288,522, slaby
FF5278,574, slaby
FF5289,540, slaby
FF5279,493, zly
FF5380,541, slaby
FF5370,524, slaby
FF5381,537, slaby
FF5371,548, slaby
FF5163,539, slaby
FF5166,619, umiarkowany
FF5169,605, umiarkowany
FF5262,530, slaby
FF5269,546, slaby
FF5360,541, slaby
FF5361,582, slaby
FF5154,578, slaby
FF5155,510, zly
FF5156,591, umiarkowany
FF5157,680, dobry
FF5159,565, slaby
FF5250,564, slaby
FF5252,576, slaby
FF5253,555, slaby
FF5254,534, slaby
FF5255,462, zly
FF5350,539, slaby
FF5955,564, slaby
FF5956,631, umiarkowany
FF5957,514, zly
FF5958,570, slaby
FF5959,556, slaby
FF5149,682, dobry
FF5240,674, dobry
FF5243,543, slaby
FF5246,616, umiarkowany
FF5248,484, zly
FF5249,516, zly
FF5340,501, zly
FF5341,667, dobry
FF5342,653, dobry
FF5343,476, zly
FF5344,483, zly
FF5345,526, slaby
FF5346,594, umiarkowany
FF5945,532, slaby
FF5946,654, dobry
FF5947,602, umiarkowany
FF5948,566, slaby
FF5949,577, slaby
FF6264,562, slaby
FF6265,491, zly
FF5298,570, slaby
FF5390,524, slaby
FF5133,598, umiarkowany
FF5134,479, zly
FF5135,513, zly
FF5136,550, slaby
FF5138,605, umiarkowany
FF5139,606, umiarkowany
FF5230,580, slaby
FF5232,584, slaby
FF5233,626, umiarkowany
FF5234,598, umiarkowany
FF5235,610, umiarkowany
FF5236,580, slaby
FF5237,597, umiarkowany
FF5238,594, umiarkowany
FF5239,554, slaby
FF5330,512, zly
FF5331,522, slaby
FF5332,545, slaby
FF5333,476, zly
FF5334,558, slaby
FF5335,692, dobry
FF5730,647, dobry
FF5731,685, dobry
FF5732,587, slaby
FF5733,621, umiarkowany
FF5832,619, umiarkowany
FF5833,527, slaby
FF5836,537, slaby
FF5934,615, umiarkowany
FF5935,612, umiarkowany
FF5936,562, slaby
FF5937,568, slaby
FF5938,544, slaby
FF5939,520, zly
FF5123,546, slaby
FF5124,485, zly
FF5125,484, zly
FF5126,568, slaby
FF5128,601, umiarkowany
FF5129,622, umiarkowany
FF5220,632, umiarkowany
FF5222,588, umiarkowany
FF5223,532, slaby
FF5225,633, umiarkowany
FF5226,648, dobry
FF5227,557, slaby
FF5228,654, dobry
FF5229,698, dobry
FF5320,778, bardzo dobry
FF5321,661, dobry
FF5322,638, umiarkowany
FF5323,574, slaby
FF5324,708, dobry
FF5326,545, slaby
FF5327,622, umiarkowany
FF5629,460, zly
FF5720,504, zly
FF5721,583, slaby
FF5722,480, zly
FF5723,482, zly
FF5724,539, slaby
FF5725,622, umiarkowany
FF5726,547, slaby
FF5727,554, slaby
FF5823,516, zly
FF5824,555, slaby
FF5924,547, slaby
FF5925,627, umiarkowany
FF5926,535, slaby
FF5927,611, umiarkowany
FF5928,557, slaby
FF5929,471, zly
FF3919,579, slaby
FF3929,594, umiarkowany
FF3939,524, slaby
FF3949,532, slaby
FF3959,559, slaby
FF3989,530, slaby
FF3999,611, umiarkowany
FF4909,579, slaby
FF4919,571, slaby
FF4929,615, umiarkowany
FF4939,676, dobry
FF4949,693, dobry
FF4959,729, bardzo dobry
FF4969,547, slaby
FF4979,533, slaby
FF4989,542, slaby
FF4999,532, slaby
FF5909,556, slaby
FF3928,592, umiarkowany
FF3938,569, slaby
FF3968,565, slaby
FF3988,539, slaby
FF3998,563, slaby
FF4908,694, dobry
FF4918,591, umiarkowany
FF4928,616, umiarkowany
FF4938,627, umiarkowany
FF4948,585, slaby
FF4958,617, umiarkowany
FF4968,534, slaby
FF4978,533, slaby
FF4988,635, umiarkowany
FF4998,550, slaby
FF5112,560, slaby
FF5113,548, slaby
FF5114,553, slaby
FF5115,456, zly
FF5116,487, zly
FF5117,572, slaby
FF5118,614, umiarkowany
FF5119,579, slaby
FF5212,552, slaby
FF5215,602, umiarkowany
FF5216,644, umiarkowany
FF5217,507, zly
FF5218,535, slaby
FF5219,721, bardzo dobry
FF5310,609, umiarkowany
FF5311,634, umiarkowany
FF5312,633, umiarkowany
FF5313,592, umiarkowany
FF5314,712, dobry
FF5315,676, dobry
FF5316,548, slaby
FF5317,552, slaby
FF5319,590, umiarkowany
FF5616,524, slaby
FF5710,442, zly
FF5711,414, zly
FF5712,424, zly
FF5713,534, slaby
FF5714,539, slaby
FF5715,497, zly
FF5716,573, slaby
FF5717,624, umiarkowany
FF5719,598, umiarkowany
FF5813,496, zly
FF5911,581, slaby
FF5913,651, dobry
FF5914,540, slaby
FF5915,535, slaby
FF5916,432, zly
FF5917,535, slaby
FF3927,615, umiarkowany
FF3947,557, slaby
FF3967,498, zly
FF3997,623, umiarkowany
FF4907,720, bardzo dobry
FF4927,606, umiarkowany
FF4937,618, umiarkowany
FF4947,593, umiarkowany
FF4957,532, slaby
FF4967,534, slaby
FF4977,618, umiarkowany
FF4987,676, dobry
FF4997,530, slaby
FF5907,635, umiarkowany
FF9294,621, umiarkowany
FF9399,583, slaby
FF9490,637, umiarkowany
FF9592,643, umiarkowany
FF9593,633, umiarkowany
FF9597,612, umiarkowany
FF9598,621, umiarkowany
FF9599,653, dobry
FF9690,646, umiarkowany
FF9381,633, umiarkowany
FF9382,586, slaby
FF9383,628, umiarkowany
FF9385,597, umiarkowany
FF9386,603, umiarkowany
FF9387,614, umiarkowany
FF9388,602, umiarkowany
FF9389,571, slaby
FF9480,600, umiarkowany
FF9582,660, dobry
FF9583,647, dobry
FF9588,632, umiarkowany
FF9589,634, umiarkowany
FF9680,633, umiarkowany
FF9683,663, dobry
FF9684,606, umiarkowany
FF9685,637, umiarkowany
FF9687,636, umiarkowany
FF9279,645, umiarkowany
FF9370,608, umiarkowany
FF9373,636, umiarkowany
FF9374,660, dobry
FF9375,606, umiarkowany
FF9376,673, dobry
FF9379,598, umiarkowany
FF9479,633, umiarkowany
FF9572,588, umiarkowany
FF9577,672, dobry
FF9578,660, dobry
FF9579,629, umiarkowany
FF9670,691, dobry
FF9672,782, bardzo dobry
FF9673,629, umiarkowany
FF9674,712, dobry
FF9675,709, dobry
FF9677,649, dobry
FF9679,693, dobry
FF9977,559, slaby
FF9978,623, umiarkowany
FF9267,615, umiarkowany
FF9268,631, umiarkowany
FF9269,642, umiarkowany
FF9561,634, umiarkowany
FF9566,691, dobry
FF9567,654, dobry
FF9568,616, umiarkowany
FF9569,670, dobry
FF9660,659, dobry
FF9664,706, dobry
FF9665,638, umiarkowany
FF9666,636, umiarkowany
FF9667,651, dobry
FF9668,648, dobry
FF9669,648, dobry
FF9967,662, dobry
FF9255,610, umiarkowany
FF9256,623, umiarkowany
FF9257,627, umiarkowany
FF9258,621, umiarkowany
FF9555,642, umiarkowany
FF9557,650, dobry
FF9558,637, umiarkowany
FF9655,650, dobry
FF9656,601, umiarkowany
FF9657,655, dobry
FF9658,621, umiarkowany
FF9659,611, umiarkowany
FF9957,618, umiarkowany
FF9958,711, dobry
FF9244,624, umiarkowany
FF9245,572, slaby
FF9349,605, umiarkowany
FF9443,593, umiarkowany
FF9644,605, umiarkowany
FF9645,658, dobry
FF9646,719, bardzo dobry
FF9647,594, umiarkowany
FF9648,624, umiarkowany
FF9945,660, dobry
FF9946,616, umiarkowany
FF9947,627, umiarkowany
FF9948,611, umiarkowany
FF9949,603, umiarkowany
FF9234,626, umiarkowany
FF9339,615, umiarkowany
FF9430,620, umiarkowany
FF9431,618, umiarkowany
FF9433,575, slaby
FF9538,601, umiarkowany
FF9633,595, umiarkowany
FF9634,697, dobry
FF9635,678, dobry
FF9935,637, umiarkowany
FF9936,645, umiarkowany
FF9937,693, dobry
FF9938,672, dobry
FF9939,646, umiarkowany
FF9224,605, umiarkowany
FF9329,608, umiarkowany
FF9420,606, umiarkowany
FF9526,617, umiarkowany
FF9623,647, dobry
FF9624,720, bardzo dobry
FF9625,604, umiarkowany
FF9923,651, dobry
FF9924,701, dobry
FF9925,694, dobry
FF9926,650, dobry
FF9927,719, bardzo dobry
FF9213,616, umiarkowany
FF9515,616, umiarkowany
FF9516,591, umiarkowany
FF9517,558, slaby
FF9611,669, dobry
FF9612,743, bardzo dobry
FF9614,578, slaby
FF9914,680, dobry
FF9916,791, bardzo dobry
FF9203,603, umiarkowany
FF9402,603, umiarkowany
FF9404,586, slaby
FF9405,599, umiarkowany
FF9406,611, umiarkowany
FF9407,629, umiarkowany
FF9408,610, umiarkowany
FF9504,680, dobry
FF9505,624, umiarkowany
FF9506,592, umiarkowany
FF9601,586, slaby
FF9604,576, slaby
FF9705,618, umiarkowany
FF9706,644, umiarkowany
FF9803,747, bardzo dobry
FF9809,603, umiarkowany
FF9903,727, bardzo dobry
FF9904,628, umiarkowany
FF8291,629, umiarkowany
FF8399,527, slaby
FF8490,569, slaby
FF8491,589, umiarkowany
FF8492,647, dobry
FF8493,604, umiarkowany
FF8494,594, umiarkowany
FF8593,650, dobry
FF8594,619, umiarkowany
FF8595,633, umiarkowany
FF8596,608, umiarkowany
FF8598,567, slaby
FF8690,560, slaby
FF8794,591, umiarkowany
FF8795,635, umiarkowany
FF8798,556, slaby
FF8892,709, dobry
FF8897,688, dobry
FF8898,596, umiarkowany
FF8899,578, slaby
FF8993,636, umiarkowany
FF8280,613, umiarkowany
FF8281,591, umiarkowany
FF8389,612, umiarkowany
FF8481,596, umiarkowany
FF8482,610, umiarkowany
FF8483,636, umiarkowany
FF8484,603, umiarkowany
FF8581,632, umiarkowany
FF8582,611, umiarkowany
FF8583,656, dobry
FF8584,566, slaby
FF8585,626, umiarkowany
FF8586,631, umiarkowany
FF8781,666, dobry
FF8787,634, umiarkowany
FF8788,614, umiarkowany
FF8789,665, dobry
FF8888,650, dobry
FF8889,603, umiarkowany
FF8981,604, umiarkowany
FF8982,756, bardzo dobry
FF7221,582, slaby
FF7211,606, umiarkowany
FF7222,584, slaby
FF7212,596, umiarkowany
FF7213,633, umiarkowany
FF7225,654, dobry
FF7226,599, umiarkowany
FF7217,542, slaby
FF7228,634, umiarkowany
FF7218,585, slaby
FF7229,621, umiarkowany
FF7219,613, umiarkowany
FF7320,611, umiarkowany
FF7310,620, umiarkowany
FF7321,619, umiarkowany
FF7311,581, slaby
FF7322,652, dobry
FF7323,628, umiarkowany
FF7324,616, umiarkowany
FF7325,615, umiarkowany
FF7419,600, umiarkowany
FF7523,614, umiarkowany
FF7524,600, umiarkowany
FF7621,603, umiarkowany
FF7611,591, umiarkowany
FF7622,640, umiarkowany
FF7612,608, umiarkowany
FF7623,712, dobry
FF7613,613, umiarkowany
FF7627,681, dobry
FF7617,615, umiarkowany
FF7628,586, slaby
FF7618,639, umiarkowany
FF7629,605, umiarkowany
FF7202,599, umiarkowany
FF7209,651, dobry
FF7500,564, slaby
FF7501,606, umiarkowany
FF7602,615, umiarkowany
FF7607,638, umiarkowany
FF7608,608, umiarkowany
FF8209,656, dobry
FF7299,586, slaby
FF8300,598, umiarkowany
FF8301,646, umiarkowany
FF8309,560, slaby
FF7399,620, umiarkowany
FF7490,544, slaby
FF8406,662, dobry
FF8407,619, umiarkowany
FF7497,634, umiarkowany
FF8504,619, umiarkowany
FF8505,604, umiarkowany
FF7595,618, umiarkowany
FF8506,632, umiarkowany
FF7596,600, umiarkowany
FF8507,603, umiarkowany
FF7597,600, umiarkowany
FF8508,610, umiarkowany
FF8509,588, umiarkowany
FF8600,616, umiarkowany
FF8608,551, slaby
FF7698,602, umiarkowany
FF8609,561, slaby
FF7699,537, slaby
FF8700,578, slaby
FF7790,548, slaby
FF8701,616, umiarkowany
FF7791,550, slaby
FF8702,607, umiarkowany
FF7792,604, umiarkowany
FF8703,581, slaby
FF7793,600, umiarkowany
FF8704,601, umiarkowany
FF7794,604, umiarkowany
FF7795,626, umiarkowany
FF8706,561, slaby
FF7796,581, slaby
FF8707,569, slaby
FF8802,604, umiarkowany
FF8803,624, umiarkowany
FF7893,630, umiarkowany
FF8804,619, umiarkowany
FF7894,642, umiarkowany
FF8807,614, umiarkowany
FF8809,619, umiarkowany
FF8900,649, dobry
FF7287,601, umiarkowany
FF7384,582, slaby
FF7586,625, umiarkowany
FF7682,582, slaby
FF7683,588, umiarkowany
FF7685,550, slaby
FF7782,585, slaby
FF7783,561, slaby
FF7784,569, slaby
FF7271,573, slaby
FF7272,561, slaby
FF7373,582, slaby
FF7374,629, umiarkowany
FF7378,594, umiarkowany
FF7672,590, umiarkowany
FF7673,618, umiarkowany
FF7674,699, dobry
FF7678,537, slaby
FF7776,549, slaby
FF7360,632, umiarkowany
FF7363,707, dobry
FF7661,642, umiarkowany
FF7662,655, dobry
FF7663,628, umiarkowany
FF7664,675, dobry
FF7665,603, umiarkowany
FF7253,609, umiarkowany
FF7356,624, umiarkowany
FF7652,612, umiarkowany
FF7653,554, slaby
FF7654,620, umiarkowany
FF7655,649, dobry
FF7656,655, dobry
FF7657,616, umiarkowany
FF7242,621, umiarkowany
FF7243,594, umiarkowany
FF7340,674, dobry
FF7345,581, slaby
FF7346,564, slaby
FF7347,583, slaby
FF7545,593, umiarkowany
FF7546,629, umiarkowany
FF7548,583, slaby
FF7549,615, umiarkowany
FF7640,608, umiarkowany
FF7641,653, dobry
FF7642,795, bardzo dobry
FF7643,713, dobry
FF7646,596, umiarkowany
FF7647,601, umiarkowany
FF7138,595, umiarkowany
FF7139,562, slaby
FF7230,517, zly
FF7231,593, umiarkowany
FF7232,613, umiarkowany
FF7233,584, slaby
FF7235,584, slaby
FF7236,618, umiarkowany
FF7239,634, umiarkowany
FF7330,641, umiarkowany
FF7334,648, dobry
FF7335,593, umiarkowany
FF7336,627, umiarkowany
FF7536,585, slaby
FF7537,579, slaby
FF7631,739, bardzo dobry
FF7632,675, dobry
FF7633,769, bardzo dobry
FF7636,635, umiarkowany
FF7637,613, umiarkowany
FF7638,666, dobry
FF8473,556, slaby
FF8474,522, slaby
FF8478,674, dobry
FF8479,635, umiarkowany
FF8570,652, dobry
FF8571,599, umiarkowany
FF8575,616, umiarkowany
FF8778,622, umiarkowany
FF8871,687, dobry
FF8872,570, slaby
FF8874,648, dobry
FF8875,668, dobry
FF8876,621, umiarkowany
FF8877,649, dobry
FF8878,566, slaby
FF8879,602, umiarkowany
FF8971,639, umiarkowany
FF8972,603, umiarkowany
FF8975,636, umiarkowany
FF8465,541, slaby
FF8466,623, umiarkowany
FF8467,619, umiarkowany
FF8468,690, dobry
FF8469,634, umiarkowany
FF8563,643, umiarkowany
FF8564,634, umiarkowany
FF8565,593, umiarkowany
FF8765,509, zly
FF8769,536, slaby
FF8860,544, slaby
FF8863,673, dobry
FF8864,608, umiarkowany
FF8865,568, slaby
FF8866,652, dobry
FF8868,577, slaby
FF8869,611, umiarkowany
FF8960,628, umiarkowany
FF8961,597, umiarkowany
FF8962,559, slaby
FF8963,561, slaby
FF8964,524, slaby
FF8965,634, umiarkowany
FF8966,692, dobry
FF8967,665, dobry
FF8968,584, slaby
FF8969,599, umiarkowany
FF8451,582, slaby
FF8452,578, slaby
FF8453,542, slaby
FF8454,607, umiarkowany
FF8455,614, umiarkowany
FF8456,641, umiarkowany
FF8457,616, umiarkowany
FF8552,616, umiarkowany
FF8553,697, dobry
FF8554,621, umiarkowany
FF8558,572, slaby
FF8559,601, umiarkowany
FF8656,597, umiarkowany
FF8659,617, umiarkowany
FF8750,611, umiarkowany
FF8751,604, umiarkowany
FF8755,653, dobry
FF8758,609, umiarkowany
FF8759,557, slaby
FF8850,643, umiarkowany
FF8853,655, dobry
FF8854,544, slaby
FF8855,589, umiarkowany
FF8857,650, dobry
FF8858,588, umiarkowany
FF8859,611, umiarkowany
FF8950,631, umiarkowany
FF8951,607, umiarkowany
FF8952,691, dobry
FF8953,707, dobry
FF8955,684, dobry
FF8956,649, dobry
FF8957,604, umiarkowany
FF8958,607, umiarkowany
FF8959,687, dobry
FF8443,559, slaby
FF8444,608, umiarkowany
FF8445,597, umiarkowany
FF8446,675, dobry
FF8447,627, umiarkowany
FF8542,629, umiarkowany
FF8543,652, dobry
FF8547,600, umiarkowany
FF8548,608, umiarkowany
FF8644,622, umiarkowany
FF8645,597, umiarkowany
FF8649,579, slaby
FF8740,511, zly
FF8742,575, slaby
FF8743,616, umiarkowany
FF8744,533, slaby
FF8747,536, slaby
FF8748,606, umiarkowany
FF8749,593, umiarkowany
FF8840,569, slaby
FF8841,608, umiarkowany
FF8843,650, dobry
FF8844,603, umiarkowany
FF8845,610, umiarkowany
FF8846,602, umiarkowany
FF8847,638, umiarkowany
FF8848,562, slaby
FF8849,630, umiarkowany
FF8940,709, dobry
FF8941,668, dobry
FF8943,619, umiarkowany
FF8944,587, slaby
FF8945,671, dobry
FF8949,610, umiarkowany
FF8430,574, slaby
FF8433,575, slaby
FF8434,626, umiarkowany
FF8531,540, slaby
FF8634,596, umiarkowany
FF8639,556, slaby
FF8730,549, slaby
FF8732,584, slaby
FF8733,567, slaby
FF8734,596, umiarkowany
FF8737,547, slaby
FF8738,592, umiarkowany
FF8739,602, umiarkowany
FF8830,664, dobry
FF8832,608, umiarkowany
FF8833,586, slaby
FF8834,666, dobry
FF8836,641, umiarkowany
FF8837,583, slaby
FF8838,604, umiarkowany
FF8839,638, umiarkowany
FF8930,608, umiarkowany
FF8931,614, umiarkowany
FF8934,592, umiarkowany
FF8229,633, umiarkowany
FF8320,578, slaby
FF8420,603, umiarkowany
FF8421,634, umiarkowany
FF8422,634, umiarkowany
FF8423,622, umiarkowany
FF8621,586, slaby
FF8622,654, dobry
FF8624,568, slaby
FF8625,649, dobry
FF8626,600, umiarkowany
FF8627,602, umiarkowany
FF8628,568, slaby
FF8629,498, zly
FF8720,572, slaby
FF8723,626, umiarkowany
FF8724,635, umiarkowany
FF8726,645, umiarkowany
FF8727,559, slaby
FF8728,570, slaby
FF8729,606, umiarkowany
FF8823,637, umiarkowany
FF8824,618, umiarkowany
FF8827,722, bardzo dobry
FF8828,670, dobry
FF8829,647, dobry
FF8920,623, umiarkowany
FF8921,638, umiarkowany
FF8219,617, umiarkowany
FF8310,607, umiarkowany
FF8311,687, dobry
FF8314,507, zly
FF8411,631, umiarkowany
FF8412,640, umiarkowany
FF8413,696, dobry
FF8417,582, slaby
FF8518,608, umiarkowany
FF8519,673, dobry
FF8610,614, umiarkowany
FF8611,605, umiarkowany
FF8614,610, umiarkowany
FF8615,578, slaby
FF8617,617, umiarkowany
FF8618,575, slaby
FF8711,556, slaby
FF8712,588, umiarkowany
FF8713,584, slaby
FF8714,583, slaby
FF8716,615, umiarkowany
FF8717,591, umiarkowany
FF8718,606, umiarkowany
FF8719,650, dobry
FF8810,628, umiarkowany
FF8813,616, umiarkowany
FF8814,617, umiarkowany
FF8815,627, umiarkowany
FF8817,596, umiarkowany
FF8818,618, umiarkowany
FF8819,608, umiarkowany
FF8910,647, dobry
FF8912,604, umiarkowany
FF8913,650, dobry
FF6292,550, slaby
FF6697,620, umiarkowany
FF6283,557, slaby
FF6284,624, umiarkowany
FF6683,611, umiarkowany
FF6273,561, slaby
FF6274,601, umiarkowany
FF6578,566, slaby
FF6579,537, slaby
FF2766,440, zly
FF2767,550, slaby
FF2777,460, zly
FF2787,408, zly
FF5101,564, slaby
FF5102,493, zly
FF5103,664, dobry
FF5104,705, dobry
FF5105,516, zly
FF5106,518, zly
FF5107,562, slaby
FF5108,616, umiarkowany
FF5109,639, umiarkowany
FF5201,567, slaby
FF5202,590, umiarkowany
FF5203,635, umiarkowany
FF5205,589, umiarkowany
FF5207,493, zly
FF5208,616, umiarkowany
FF5209,708, dobry
FF5300,619, umiarkowany
FF5301,545, slaby
FF5302,502, zly
FF5303,507, zly
FF5304,668, dobry
FF5305,627, umiarkowany
FF5608,582, slaby
FF5609,494, zly
FF5700,523, slaby
FF5701,422, zly
FF5702,419, zly
FF2745,565, slaby
FF2755,457, zly
FF2765,495, zly
FF2795,619, umiarkowany
FF2734,467, zly
FF2744,435, zly
FF2754,528, slaby
FF2764,563, slaby
FF2733,482, zly
FF2743,429, zly
FF4793,589, umiarkowany
FF2732,477, zly
FF2742,539, slaby
FF3762,530, slaby
FF4712,522, slaby
FF4782,575, slaby
FF3761,491, zly
FF3771,557, slaby
FF3781,686, dobry
FF3791,486, zly
FF4701,526, slaby
FF4711,568, slaby
FF4781,599, umiarkowany
FF3760,537, slaby
FF3770,607, umiarkowany
FF3780,655, dobry
FF3790,530, slaby
FF4700,517, zly
FF4710,578, slaby
FF4720,567, slaby
FF4730,567, slaby
FF4770,607, umiarkowany
FF4780,583, slaby
FF3689,498, zly
FF3699,552, slaby
FF4609,491, zly
FF4619,595, umiarkowany
FF4629,555, slaby
FF4639,544, slaby
FF4649,573, slaby
FF4679,613, umiarkowany
FF3688,539, slaby
FF3698,551, slaby
FF4628,620, umiarkowany
FF4638,520, zly
FF4648,572, slaby
FF3916,530, slaby
FF3926,618, umiarkowany
FF3966,519, zly
FF3976,547, slaby
FF4926,515, zly
FF4936,540, slaby
FF4946,486, zly
FF4956,597, umiarkowany
FF4966,545, slaby
FF4976,552, slaby
FF4986,443, zly
FF4996,529, slaby
FF5906,643, umiarkowany
FF3915,453, zly
FF3925,572, slaby
FF3965,421, zly
FF4925,491, zly
FF4935,543, slaby
FF4945,473, zly
FF4955,606, umiarkowany
FF4965,621, umiarkowany
FF4975,502, zly
FF4985,597, umiarkowany
FF5905,642, umiarkowany
FF3924,502, zly
FF3934,700, dobry
FF3964,485, zly
FF4934,551, slaby
FF4944,470, zly
FF4954,565, slaby
FF4964,589, umiarkowany
FF4974,559, slaby
FF5904,660, dobry
FF2874,639, umiarkowany
FF3803,597, umiarkowany
FF3813,611, umiarkowany
FF3823,632, umiarkowany
FF3824,674, dobry
FF3833,670, dobry
FF3834,605, umiarkowany
FF3843,466, zly
FF3844,525, slaby
FF3873,596, umiarkowany
FF3883,638, umiarkowany
FF3884,569, slaby
FF5804,497, zly
FF3802,546, slaby
FF3812,444, zly
FF3822,521, slaby
FF3832,623, umiarkowany
FF3842,601, umiarkowany
FF2891,548, slaby
FF3801,533, slaby
FF3811,456, zly
FF3821,505, zly
FF3831,535, slaby
FF3841,600, umiarkowany
FF3861,405, zly
FF3871,575, slaby
FF3923,556, slaby
FF3943,587, slaby
FF3953,577, slaby
FF4953,540, slaby
FF4963,612, umiarkowany
FF3922,556, slaby
FF3932,682, dobry
FF3942,543, slaby
FF3952,600, umiarkowany
FF4932,590, umiarkowany
FF4942,591, umiarkowany
FF4962,620, umiarkowany
FF4992,614, umiarkowany
FF5902,641, umiarkowany
FF3911,516, zly
FF3921,667, dobry
FF3941,600, umiarkowany
FF3951,642, umiarkowany
FF3961,611, umiarkowany
FF3971,519, zly
FF4921,623, umiarkowany
FF4931,617, umiarkowany
FF4941,572, slaby
FF4951,589, umiarkowany
FF4961,532, slaby
FF4991,604, umiarkowany
FF5901,578, slaby
FF2990,573, slaby
FF3930,636, umiarkowany
FF3940,625, umiarkowany
FF3950,640, umiarkowany
FF3960,605, umiarkowany
FF3970,520, zly
FF4920,589, umiarkowany
FF4930,565, slaby
FF4940,547, slaby
FF4980,612, umiarkowany
FF4990,716, dobry
FF5900,612, umiarkowany
FF2889,543, slaby
FF2899,584, slaby
FF3839,652, dobry
FF3849,534, slaby
FF3859,520, zly
FF3869,498, zly
FF3879,608, umiarkowany
FF4829,541, slaby
FF4839,516, zly
FF4889,642, umiarkowany
FF2878,548, slaby
FF2888,581, slaby
FF2898,546, slaby
FF3838,547, slaby
FF3848,616, umiarkowany
FF3868,516, zly
FF4828,561, slaby
FF4838,563, slaby
FF2877,629, umiarkowany
FF2887,578, slaby
FF2897,545, slaby
FF3807,571, slaby
FF3847,517, zly
FF4827,571, slaby
FF4837,597, umiarkowany
FF2886,594, umiarkowany
FF2896,556, slaby
FF3806,546, slaby
FF3896,561, slaby
FF4816,554, slaby
FF4826,689, dobry
FF2885,587, slaby
FF3835,558, slaby
FF3895,548, slaby
FF4805,533, slaby
FF4815,558, slaby
FF2870,606, umiarkowany
FF2890,525, slaby
FF3800,569, slaby
FF3810,533, slaby
FF3820,604, umiarkowany
FF3830,516, zly
FF3840,436, zly
FF3850,620, umiarkowany
FF3860,461, zly
FF2769,454, zly
FF2779,440, zly
FF2789,661, dobry
FF2799,585, slaby
FF3709,564, slaby
FF3719,534, slaby
FF3739,515, zly
FF3749,432, zly
FF3759,665, dobry
FF3769,480, zly
FF2768,530, slaby
FF2778,413, zly
FF2788,450, zly
FF2798,652, dobry
FF3728,516, zly
FF3738,522, slaby
FF3575,564, slaby
FF3576,506, zly
FF3677,567, slaby
FF4637,601, umiarkowany
FF4647,593, umiarkowany
FF4616,685, dobry
FF4636,660, dobry
FF4646,545, slaby
FF4615,565, slaby
FF4625,719, bardzo dobry
FF4635,695, dobry
FF3654,674, dobry
FF3684,678, dobry
FF3694,611, umiarkowany
FF4604,663, dobry
FF4614,591, umiarkowany
FF4624,641, umiarkowany
FF4634,564, slaby
FF4644,551, slaby
FF3683,563, slaby
FF3693,523, slaby
FF4603,568, slaby
FF4613,577, slaby
FF4623,566, slaby
FF4633,500, zly
FF4643,470, zly
FF4653,588, umiarkowany
FF3682,605, umiarkowany
FF3692,551, slaby
FF4602,612, umiarkowany
FF4612,612, umiarkowany
FF4622,559, slaby
FF4652,601, umiarkowany
FF4692,581, slaby
FF3691,740, bardzo dobry
FF4601,557, slaby
FF4611,588, umiarkowany
FF4621,611, umiarkowany
FF4631,622, umiarkowany
FF4661,557, slaby
FF3680,670, dobry
FF4610,672, dobry
FF4620,614, umiarkowany
FF4630,585, slaby
FF4640,606, umiarkowany
FF3589,676, dobry
FF4529,596, umiarkowany
FF4539,612, umiarkowany
FF4549,548, slaby
FF4559,611, umiarkowany
FF4569,526, slaby
FF4579,497, zly
FF4589,461, zly
FF3568,447, zly
FF3578,557, slaby
FF3588,624, umiarkowany
FF4528,572, slaby
FF4538,639, umiarkowany
FF4548,631, umiarkowany
FF4558,641, umiarkowany
FF4578,586, slaby
FF3567,490, zly
FF3587,576, slaby
FF3597,549, slaby
FF4192,562, slaby
FF4193,565, slaby
FF4194,713, dobry
FF4195,661, dobry
FF4197,556, slaby
FF4198,640, umiarkowany
FF4199,609, umiarkowany
FF4291,598, umiarkowany
FF4293,516, zly
FF4294,557, slaby
FF4297,527, slaby
FF4298,541, slaby
FF4299,632, umiarkowany
FF4391,604, umiarkowany
FF4392,613, umiarkowany
FF4393,572, slaby
FF4394,588, umiarkowany
FF4395,612, umiarkowany
FF3554,536, slaby
FF3584,602, umiarkowany
FF3573,447, zly
FF3583,459, zly
FF3562,467, zly
FF3572,483, zly
FF3581,603, umiarkowany
FF3591,580, slaby
FF4501,558, slaby
FF3590,505, zly
FF4500,482, zly
FF4510,542, slaby
FF3439,526, slaby
FF3459,516, zly
FF3469,570, slaby
FF3499,606, umiarkowany
FF4409,520, zly
FF4419,490, zly
FF4429,580, slaby
FF4439,556, slaby
FF3428,570, slaby
FF3438,562, slaby
FF3468,614, umiarkowany
FF4408,602, umiarkowany
FF4418,524, slaby
FF4428,548, slaby
FF4438,493, zly
FF3407,609, umiarkowany
FF3427,533, slaby
FF3437,639, umiarkowany
FF4417,541, slaby
FF4427,531, slaby
FF4437,522, slaby
FF4447,487, zly
FF4182,548, slaby
FF4183,472, zly
FF4184,653, dobry
FF4185,641, umiarkowany
FF4186,570, slaby
FF4187,530, slaby
FF4188,530, slaby
FF4189,522, slaby
FF4281,582, slaby
FF4282,554, slaby
FF4384,586, slaby
FF4385,598, umiarkowany
FF4386,539, slaby
FF4476,624, umiarkowany
FF2287,558, slaby
FF2288,555, slaby
FF2297,540, slaby
FF2298,562, slaby
FF3207,610, umiarkowany
FF3208,567, slaby
FF3217,589, umiarkowany
FF3218,588, umiarkowany
FF3227,596, umiarkowany
FF3228,585, slaby
FF3237,595, umiarkowany
FF3238,564, slaby
FF3248,590, umiarkowany
FF3258,547, slaby
FF3268,511, zly
FF3216,551, slaby
FF3226,559, slaby
FF3236,559, slaby
FF4256,594, umiarkowany
FF4276,560, slaby
FF3215,483, zly
FF3225,621, umiarkowany
FF3235,601, umiarkowany
FF3245,579, slaby
FF3214,556, slaby
FF3254,533, slaby
FF4244,686, dobry
FF2158,586, slaby
FF2168,552, slaby
FF2178,598, umiarkowany
FF2179,510, zly
FF2188,597, umiarkowany
FF2189,630, umiarkowany
FF2198,522, slaby
FF2199,498, zly
FF3108,550, slaby
FF3109,533, slaby
FF3118,560, slaby
FF3128,604, umiarkowany
FF3138,572, slaby
FF3158,602, umiarkowany
FF3159,525, slaby
FF3168,546, slaby
FF3169,603, umiarkowany
FF4139,550, slaby
FF4168,546, slaby
FF4169,567, slaby
FF4178,646, umiarkowany
FF4179,541, slaby
FF3283,617, umiarkowany
FF3293,557, slaby
FF4203,615, umiarkowany
FF4233,567, slaby
FF4243,560, slaby
FF4263,635, umiarkowany
FF3212,604, umiarkowany
FF3262,551, slaby
FF3282,610, umiarkowany
FF3292,555, slaby
FF4202,509, zly
FF4212,649, dobry
FF4222,617, umiarkowany
FF4232,612, umiarkowany
FF4242,652, dobry
FF4262,623, umiarkowany
FF4272,608, umiarkowany
FF2281,520, zly
FF2291,552, slaby
FF3201,633, umiarkowany
FF3221,622, umiarkowany
FF3251,602, umiarkowany
FF4221,655, dobry
FF4231,660, dobry
FF2270,486, zly
FF2280,579, slaby
FF2290,627, umiarkowany
FF3200,621, umiarkowany
FF3210,623, umiarkowany
FF3220,611, umiarkowany
FF3250,543, slaby
FF3416,645, umiarkowany
FF3426,629, umiarkowany
FF3436,632, umiarkowany
FF3446,613, umiarkowany
FF3456,452, zly
FF4406,585, slaby
FF4416,501, zly
FF4426,531, slaby
FF4436,552, slaby
FF4446,541, slaby
FF4456,549, slaby
FF4466,608, umiarkowany
FF3415,580, slaby
FF3425,595, umiarkowany
FF3435,655, dobry
FF3445,598, umiarkowany
FF3455,594, umiarkowany
FF4425,576, slaby
FF4455,526, slaby
FF4465,611, umiarkowany
FF3414,592, umiarkowany
FF3424,595, umiarkowany
FF3434,621, umiarkowany
FF3444,606, umiarkowany
FF4424,582, slaby
FF4454,527, slaby
FF4464,527, slaby
FF3413,585, slaby
FF3423,578, slaby
FF3433,611, umiarkowany
FF3443,622, umiarkowany
FF3473,558, slaby
FF4463,541, slaby
FF3312,581, slaby
FF3321,496, zly
FF3322,628, umiarkowany
FF3331,627, umiarkowany
FF3332,617, umiarkowany
FF3351,625, umiarkowany
FF3352,584, slaby
FF3361,531, slaby
FF2325,495, zly
FF2334,562, slaby
FF2335,516, zly
FF2344,551, slaby
FF2365,581, slaby
FF2375,525, slaby
FF2384,539, slaby
FF2385,574, slaby
FF2394,581, slaby
FF3314,586, slaby
FF3315,628, umiarkowany
FF3324,524, slaby
FF3325,674, dobry
FF3334,472, zly
FF3335,641, umiarkowany
FF3344,505, zly
FF3345,581, slaby
FF4315,634, umiarkowany
FF4324,593, umiarkowany
FF4325,591, umiarkowany
FF4344,540, slaby
FF4345,471, zly
FF3333,605, umiarkowany
FF3343,548, slaby
FF3363,551, slaby
FF3373,542, slaby
FF4323,485, zly
FF2472,600, umiarkowany
FF2482,510, zly
FF3402,666, dobry
FF3412,546, slaby
FF3422,552, slaby
FF3432,570, slaby
FF4462,566, slaby
FF2451,597, umiarkowany
FF2461,642, umiarkowany
FF2471,595, umiarkowany
FF2481,503, zly
FF2491,569, slaby
FF3401,608, umiarkowany
FF3411,560, slaby
FF3421,598, umiarkowany
FF3431,626, umiarkowany
FF2440,476, zly
FF2450,477, zly
FF2460,720, bardzo dobry
FF2480,536, slaby
FF2490,596, umiarkowany
FF3400,544, slaby
FF3410,523, slaby
FF3420,662, dobry
FF2349,568, slaby
FF2359,503, zly
FF2369,658, dobry
FF2379,587, slaby
FF2389,504, zly
FF2399,481, zly
FF3309,554, slaby
FF4319,665, dobry
FF4349,564, slaby
FF2318,596, umiarkowany
FF2348,620, umiarkowany
FF2358,535, slaby
FF2368,656, dobry
FF2378,573, slaby
FF2388,516, zly
FF2398,454, zly
FF3318,647, dobry
FF3328,537, slaby
FF3338,531, slaby
FF4318,511, zly
FF4328,654, dobry
FF4338,588, umiarkowany
FF2317,524, slaby
FF2327,652, dobry
FF2367,610, umiarkowany
FF2377,496, zly
FF2387,518, zly
FF3307,564, slaby
FF3317,487, zly
FF3327,557, slaby
FF3337,522, slaby
FF3397,532, slaby
FF4307,619, umiarkowany
FF4327,568, slaby
FF2316,566, slaby
FF2326,544, slaby
FF2336,561, slaby
FF3306,538, slaby
FF3316,496, zly
FF3326,530, slaby
FF3336,539, slaby
FF3396,530, slaby
FF4316,597, umiarkowany
FF4326,633, umiarkowany
FF4346,496, zly
FF3330,610, umiarkowany
FF3340,534, slaby
FF3350,621, umiarkowany
FF2289,550, slaby
FF2299,595, umiarkowany
FF3209,587, slaby
FF3219,553, slaby
FF3229,553, slaby
FF3259,505, zly
FF3037,543, slaby
FF3047,560, slaby
FF3057,550, slaby
FF3067,600, umiarkowany
FF3076,512, zly
FF3077,509, zly
FF3087,524, slaby
FF3097,490, zly
FF4007,579, slaby
FF2157,505, zly
FF2167,552, slaby
FF2177,628, umiarkowany
FF2187,557, slaby
FF2197,553, slaby
FF3107,566, slaby
FF3117,549, slaby
FF3127,520, zly
FF3137,458, zly
FF3147,537, slaby
FF3157,577, slaby
FF3167,555, slaby
FF3187,531, slaby
FF3197,519, zly
FF4107,585, slaby
FF4167,512, zly
FF4177,554, slaby
FF2170,555, slaby
FF2171,629, umiarkowany
FF2180,537, slaby
FF2181,554, slaby
FF2190,536, slaby
FF2191,548, slaby
FF3100,527, slaby
FF3101,571, slaby
FF3110,624, umiarkowany
FF3111,550, slaby
FF3120,560, slaby
FF3121,686, dobry
FF3140,674, dobry
FF3141,560, slaby
FF3150,489, zly
FF3151,486, zly
FF3160,582, slaby
FF3161,518, zly
FF3170,578, slaby
FF3171,474, zly
FF3180,578, slaby
FF3181,529, slaby
FF3190,520, zly
FF3191,475, zly
FF4100,513, zly
FF4101,504, zly
FF4110,497, zly
FF4111,447, zly
FF4120,525, slaby
FF4121,396, zly
FF4130,674, dobry
FF4131,615, umiarkowany
FF4141,619, umiarkowany
FF2156,516, zly
FF2166,525, slaby
FF2176,634, umiarkowany
FF2186,561, slaby
FF2196,546, slaby
FF3106,592, umiarkowany
FF3116,535, slaby
FF3126,505, zly
FF3136,473, zly
FF3146,406, zly
FF3156,536, slaby
FF3166,603, umiarkowany
FF3176,548, slaby
FF4106,579, slaby
FF4116,582, slaby
FF4156,499, zly
FF4166,455, zly
FF4176,570, slaby
FF2155,533, slaby
FF2165,687, dobry
FF2175,623, umiarkowany
FF2185,537, slaby
FF2195,545, slaby
FF3105,604, umiarkowany
FF3115,565, slaby
FF3125,486, zly
FF3135,530, slaby
FF3145,491, zly
FF3155,572, slaby
FF3165,521, slaby
FF3175,476, zly
FF3185,421, zly
FF3195,534, slaby
FF4105,552, slaby
FF4115,586, slaby
FF4125,652, dobry
FF4135,628, umiarkowany
FF4145,542, slaby
FF4155,501, zly
FF4165,483, zly
FF4175,615, umiarkowany
FF2154,632, umiarkowany
FF2164,698, dobry
FF2174,516, zly
FF2184,513, zly
FF2194,560, slaby
FF3104,522, slaby
FF3114,462, zly
FF3124,512, zly
FF3134,586, slaby
FF3144,632, umiarkowany
FF3154,571, slaby
FF3164,517, zly
FF3174,464, zly
FF3184,479, zly
FF3194,510, zly
FF4104,502, zly
FF4114,402, zly
FF4124,441, zly
FF4134,429, zly
FF4144,481, zly
FF4154,395, zly
FF4164,521, slaby
FF4174,725, bardzo dobry
FF2153,704, dobry
FF2163,565, slaby
FF2173,606, umiarkowany
FF2183,566, slaby
FF2193,530, slaby
FF3103,582, slaby
FF3113,605, umiarkowany
FF3123,645, umiarkowany
FF3133,577, slaby
FF3143,496, zly
FF3153,484, zly
FF3163,586, slaby
FF3173,463, zly
FF3183,457, zly
FF3193,504, zly
FF4103,506, zly
FF4113,509, zly
FF4123,496, zly
FF4133,419, zly
FF4143,564, slaby
FF4153,505, zly
FF4163,543, slaby
FF2152,727, bardzo dobry
FF2162,706, dobry
FF2172,658, dobry
FF2182,555, slaby
FF2192,489, zly
FF3102,514, zly
FF3112,652, dobry
FF3122,613, umiarkowany
FF3132,523, slaby
FF3142,573, slaby
FF3152,624, umiarkowany
FF3162,539, slaby
FF3172,504, zly
FF3182,508, zly
FF3192,464, zly
FF4102,541, slaby
FF4112,507, zly
FF4122,533, slaby
FF4132,587, slaby
FF4142,525, slaby
FF4152,544, slaby
FF4162,551, slaby
FF3009,525, slaby
FF3019,567, slaby
FF3029,560, slaby
FF3049,731, bardzo dobry
FF3059,497, zly
FF3069,684, dobry
FF3079,562, slaby
FF3089,563, slaby
FF3099,403, zly
FF4009,540, slaby
FF4019,546, slaby
FF4029,574, slaby
FF3038,513, zly
FF3048,523, slaby
FF3058,569, slaby
FF3068,559, slaby
FF3078,549, slaby
FF3088,597, umiarkowany
FF3098,581, slaby
FF4008,589, umiarkowany
FF4018,574, slaby
FF4028,608, umiarkowany
FG5553,639, umiarkowany
FG5554,625, umiarkowany
FG5555,670, dobry
FG5541,652, dobry
FG5542,712, dobry
FG5543,687, dobry
FG5544,699, dobry
FG5546,697, dobry
FG5531,619, umiarkowany
FG5532,697, dobry
FG5534,712, dobry
FG5535,803, bardzo dobry
FG5536,747, bardzo dobry
FG5537,672, dobry
FG5521,642, umiarkowany
FG5927,658, dobry
FG5928,630, umiarkowany
FG5929,749, bardzo dobry
FG5511,612, umiarkowany
FG5512,731, bardzo dobry
FG5513,739, bardzo dobry
FG5514,720, bardzo dobry
FG5916,629, umiarkowany
FG5917,697, dobry
FG0939,680, dobry
FG0949,599, umiarkowany
FG0959,634, umiarkowany
FG0979,636, umiarkowany
FG3939,632, umiarkowany
FG3969,738, bardzo dobry
FG3979,761, bardzo dobry
FG3989,701, dobry
FG3999,674, dobry
FG4909,699, dobry
FG4919,658, dobry
FG4929,725, bardzo dobry
FG4959,627, umiarkowany
FG4969,632, umiarkowany
FG4979,647, dobry
FG4989,750, bardzo dobry
FG0908,696, dobry
FG0918,645, umiarkowany
FG0928,694, dobry
FG0938,615, umiarkowany
FG0948,670, dobry
FG3928,663, dobry
FG3938,671, dobry
FG3958,776, bardzo dobry
FG3968,695, dobry
FG3978,667, dobry
FG3988,726, bardzo dobry
FG4908,713, dobry
FG4918,649, dobry
FG4968,630, umiarkowany
FG4978,665, dobry
FG4988,693, dobry
FG0907,650, dobry
FG0917,711, dobry
FG0927,705, dobry
FG0937,670, dobry
FG3927,656, dobry
FG3967,693, dobry
FG3977,691, dobry
FG3997,679, dobry
FG4937,666, dobry
FG4947,689, dobry
FG4957,716, dobry
FG4967,595, umiarkowany
FG4977,628, umiarkowany
FG4987,682, dobry
FG4997,689, dobry
FG2855,657, dobry
FG2865,630, umiarkowany
FG2875,688, dobry
FG2884,687, dobry
FG2885,713, dobry
FG2895,649, dobry
FG3814,647, dobry
FG3815,675, dobry
FG3824,676, dobry
FG3825,663, dobry
FG3844,644, umiarkowany
FG3845,669, dobry
FG3854,683, dobry
FG3855,642, umiarkowany
FG3864,680, dobry
FG3865,712, dobry
FG3874,653, dobry
FG3875,653, dobry
FG3885,629, umiarkowany
FG4804,695, dobry
FG4814,625, umiarkowany
FG4824,623, umiarkowany
FG4844,691, dobry
FG4845,657, dobry
FG4854,625, umiarkowany
FG4855,616, umiarkowany
FG4864,668, dobry
FG4865,687, dobry
FG4874,623, umiarkowany
FG4875,628, umiarkowany
FG3916,659, dobry
FG3926,624, umiarkowany
FG3966,676, dobry
FG3986,717, dobry
FG3996,653, dobry
FG4936,687, dobry
FG4946,633, umiarkowany
FG4956,650, dobry
FG4966,634, umiarkowany
FG4976,628, umiarkowany
FG4986,704, dobry
FG4996,709, dobry
FG5906,702, dobry
FG3915,652, dobry
FG3945,662, dobry
FG3955,644, umiarkowany
FG3985,692, dobry
FG3995,711, dobry
FG4925,610, umiarkowany
FG4935,647, dobry
FG4945,649, dobry
FG4955,674, dobry
FG4965,678, dobry
FG4975,756, bardzo dobry
FG4985,670, dobry
FG4995,645, umiarkowany
FG3904,625, umiarkowany
FG3914,622, umiarkowany
FG3974,617, umiarkowany
FG3984,663, dobry
FG3994,751, bardzo dobry
FG4924,644, umiarkowany
FG4934,621, umiarkowany
FG4944,634, umiarkowany
FG4954,671, dobry
FG4964,641, umiarkowany
FG4974,765, bardzo dobry
FG4984,641, umiarkowany
FG4994,690, dobry
FG3903,649, dobry
FG3933,682, dobry
FG3963,702, dobry
FG3973,675, dobry
FG3983,683, dobry
FG3993,637, umiarkowany
FG4923,674, dobry
FG4933,672, dobry
FG4943,656, dobry
FG4953,664, dobry
FG4963,676, dobry
FG4973,732, bardzo dobry
FG4983,682, dobry
FG4993,648, dobry
FG2962,645, umiarkowany
FG2972,695, dobry
FG2992,650, dobry
FG3902,688, dobry
FG3922,639, umiarkowany
FG3962,690, dobry
FG3972,717, dobry
FG4912,743, bardzo dobry
FG4922,705, dobry
FG4932,653, dobry
FG4942,596, umiarkowany
FG4962,774, bardzo dobry
FG4972,715, dobry
FG4982,699, dobry
FG2951,662, dobry
FG2961,706, dobry
FG2971,742, bardzo dobry
FG3911,613, umiarkowany
FG3951,676, dobry
FG3961,626, umiarkowany
FG3971,696, dobry
FG3981,623, umiarkowany
FG3991,687, dobry
FG4901,645, umiarkowany
FG4911,678, dobry
FG4921,755, bardzo dobry
FG4931,821, bardzo dobry
FG4941,683, dobry
FG4951,734, bardzo dobry
FG4961,689, dobry
FG4971,722, bardzo dobry
FG2980,637, umiarkowany
FG2990,543, slaby
FG3910,631, umiarkowany
FG3940,695, dobry
FG3950,720, bardzo dobry
FG3960,685, dobry
FG3970,728, bardzo dobry
FG3980,669, dobry
FG3990,673, dobry
FG4900,665, dobry
FG4910,628, umiarkowany
FG4920,665, dobry
FG4930,763, bardzo dobry
FG4950,690, dobry
FG4960,626, umiarkowany
FG4970,625, umiarkowany
FG2859,719, bardzo dobry
FG2879,693, dobry
FG2889,659, dobry
FG3849,654, dobry
FG3859,606, umiarkowany
FG3879,657, dobry
FG3889,672, dobry
FG3899,714, dobry
FG4809,670, dobry
FG4819,621, umiarkowany
FG4829,622, umiarkowany
FG4839,672, dobry
FG4869,681, dobry
FG2878,710, dobry
FG2888,690, dobry
FG3838,674, dobry
FG3848,667, dobry
FG3858,677, dobry
FG3878,625, umiarkowany
FG3888,631, umiarkowany
FG3898,639, umiarkowany
FG4808,684, dobry
FG4818,707, dobry
FG4828,720, bardzo dobry
FG4838,679, dobry
FG4858,720, bardzo dobry
FG4868,644, umiarkowany
FG2847,633, umiarkowany
FG2877,729, bardzo dobry
FG2887,672, dobry
FG2897,646, umiarkowany
FG3827,623, umiarkowany
FG3837,676, dobry
FG3847,668, dobry
FG3857,726, bardzo dobry
FG3877,673, dobry
FG3887,636, umiarkowany
FG3897,607, umiarkowany
FG4807,673, dobry
FG4817,633, umiarkowany
FG4827,742, bardzo dobry
FG4837,768, bardzo dobry
FG4857,615, umiarkowany
FG2846,672, dobry
FG2866,661, dobry
FG2876,691, dobry
FG2886,686, dobry
FG2896,635, umiarkowany
FG3816,659, dobry
FG3826,674, dobry
FG3836,683, dobry
FG3846,655, dobry
FG3856,596, umiarkowany
FG3876,670, dobry
FG3886,607, umiarkowany
FG3896,685, dobry
FG4806,713, dobry
FG4816,681, dobry
FG4826,670, dobry
FG4856,615, umiarkowany
FG4866,647, dobry
FG5501,701, dobry
FG5502,679, dobry
FG5503,709, dobry
FG5508,693, dobry
FG2873,687, dobry
FG3803,672, dobry
FG3813,666, dobry
FG3833,692, dobry
FG3843,638, umiarkowany
FG3853,624, umiarkowany
FG3863,648, dobry
FG3873,673, dobry
FG3893,718, bardzo dobry
FG4803,650, dobry
FG4813,612, umiarkowany
FG4823,665, dobry
FG4843,781, bardzo dobry
FG4853,769, bardzo dobry
FG4863,702, dobry
FG4873,704, dobry
FG0842,697, dobry
FG0882,665, dobry
FG0892,615, umiarkowany
FG1802,701, dobry
FG2862,714, dobry
FG2892,670, dobry
FG3802,622, umiarkowany
FG3812,677, dobry
FG3822,687, dobry
FG3842,646, umiarkowany
FG3852,653, dobry
FG3862,640, umiarkowany
FG3882,718, bardzo dobry
FG3892,697, dobry
FG4802,671, dobry
FG4812,649, dobry
FG4822,630, umiarkowany
FG4832,652, dobry
FG4842,592, umiarkowany
FG4852,778, bardzo dobry
FG4862,781, bardzo dobry
FG4872,792, bardzo dobry
FG0831,695, dobry
FG0841,636, umiarkowany
FG0861,642, umiarkowany
FG0871,607, umiarkowany
FG0881,664, dobry
FG0891,730, bardzo dobry
FG1801,641, umiarkowany
FG1831,685, dobry
FG2851,772, bardzo dobry
FG2881,631, umiarkowany
FG2891,652, dobry
FG3801,702, dobry
FG3811,676, dobry
FG3821,690, dobry
FG3841,646, umiarkowany
FG3851,606, umiarkowany
FG3891,691, dobry
FG4801,667, dobry
FG4811,664, dobry
FG4821,621, umiarkowany
FG4831,641, umiarkowany
FG4841,653, dobry
FG4851,677, dobry
FG4861,737, bardzo dobry
FG4871,677, dobry
FG0820,712, dobry
FG0830,634, umiarkowany
FG0840,644, umiarkowany
FG0850,606, umiarkowany
FG0860,627, umiarkowany
FG0870,727, bardzo dobry
FG0880,709, dobry
FG1800,621, umiarkowany
FG1820,692, dobry
FG1830,659, dobry
FG1840,593, umiarkowany
FG2840,661, dobry
FG2870,626, umiarkowany
FG2880,664, dobry
FG3810,638, umiarkowany
FG4800,694, dobry
FG4820,627, umiarkowany
FG4830,646, umiarkowany
FG4840,660, dobry
FG4850,812, bardzo dobry
FG0709,708, dobry
FG0729,682, dobry
FG0749,627, umiarkowany
FG0759,599, umiarkowany
FG0769,729, bardzo dobry
FG0779,713, dobry
FG0789,648, dobry
FG0799,652, dobry
FG1729,650, dobry
FG1739,611, umiarkowany
FG1749,598, umiarkowany
FG2769,630, umiarkowany
FG2779,643, umiarkowany
FG3709,670, dobry
FG3719,656, dobry
FG3739,737, bardzo dobry
FG3749,666, dobry
FG3769,695, dobry
FG4709,680, dobry
FG4729,684, dobry
FG4739,695, dobry
FG4749,785, bardzo dobry
FG0738,662, dobry
FG0748,672, dobry
FG0778,667, dobry
FG0788,685, dobry
FG0798,679, dobry
FG1718,610, umiarkowany
FG1728,610, umiarkowany
FG1738,654, dobry
FG1748,686, dobry
FG2748,716, dobry
FG2758,670, dobry
FG2778,750, bardzo dobry
FG2798,635, umiarkowany
FG3708,689, dobry
FG3718,691, dobry
FG3728,749, bardzo dobry
FG3738,638, umiarkowany
FG3748,698, dobry
FG3798,637, umiarkowany
FG4708,669, dobry
FG4738,792, bardzo dobry
FG4768,800, bardzo dobry
FG0609,617, umiarkowany
FG0700,611, umiarkowany
FG0619,641, umiarkowany
FG0710,652, dobry
FG0629,584, slaby
FG0720,628, umiarkowany
FG0639,640, umiarkowany
FG0730,658, dobry
FG0649,615, umiarkowany
FG0740,685, dobry
FG0659,610, umiarkowany
FG0750,597, umiarkowany
FG0669,583, slaby
FG0760,510, zly
FG0679,660, dobry
FG0770,621, umiarkowany
FG0689,585, slaby
FG0780,608, umiarkowany
FG0699,578, slaby
FG0790,609, umiarkowany
FG1699,658, dobry
FG1790,664, dobry
FG2619,806, bardzo dobry
FG2710,669, dobry
FG2629,639, umiarkowany
FG2720,722, bardzo dobry
FG2679,682, dobry
FG2770,751, bardzo dobry
FG2689,672, dobry
FG2780,720, bardzo dobry
FG2699,673, dobry
FG2790,692, dobry
FG3700,689, dobry
FG3629,602, umiarkowany
FG3730,781, bardzo dobry
FG3740,621, umiarkowany
FG3659,615, umiarkowany
FG3750,654, dobry
FG3669,689, dobry
FG3760,685, dobry
FG3770,762, bardzo dobry
FG3689,648, dobry
FG3699,760, bardzo dobry
FG3790,671, dobry
FG4700,675, dobry
FG4720,711, dobry
FG4639,751, bardzo dobry
FG4649,633, umiarkowany
FG4740,669, dobry
FG4750,650, dobry
FG0608,675, dobry
FG0618,685, dobry
FG0628,600, umiarkowany
FG0638,629, umiarkowany
FG0648,611, umiarkowany
FG0658,811, bardzo dobry
FG0688,751, bardzo dobry
FG0698,593, umiarkowany
FG1608,648, dobry
FG1688,766, bardzo dobry
FG2618,790, bardzo dobry
FG2628,624, umiarkowany
FG2638,660, dobry
FG2648,706, dobry
FG2658,818, bardzo dobry
FG2668,813, bardzo dobry
FG2678,668, dobry
FG2688,685, dobry
FG2698,660, dobry
FG3628,528, slaby
FG3638,685, dobry
FG3688,772, bardzo dobry
FG4638,758, bardzo dobry
FG4648,749, bardzo dobry
FG0727,623, umiarkowany
FG0737,724, bardzo dobry
FG0747,729, bardzo dobry
FG1707,677, dobry
FG1717,585, slaby
FG1727,619, umiarkowany
FG1737,718, bardzo dobry
FG2797,741, bardzo dobry
FG3717,701, dobry
FG3727,780, bardzo dobry
FG3737,732, bardzo dobry
FG3747,709, dobry
FG3757,586, slaby
FG3787,737, bardzo dobry
FG3797,654, dobry
FG4727,623, umiarkowany
FG4737,652, dobry
FG4767,674, dobry
FG4777,706, dobry
FG0716,643, umiarkowany
FG0726,767, bardzo dobry
FG0746,646, umiarkowany
FG0786,694, dobry
FG0796,590, umiarkowany
FG1706,655, dobry
FG1716,665, dobry
FG1726,685, dobry
FG2756,672, dobry
FG3716,805, bardzo dobry
FG3726,636, umiarkowany
FG3736,646, umiarkowany
FG3746,703, dobry
FG3766,622, umiarkowany
FG3776,668, dobry
FG3786,655, dobry
FG3796,671, dobry
FG4706,677, dobry
FG4716,725, bardzo dobry
FG4736,652, dobry
FG4746,686, dobry
FG4756,717, dobry
FG4766,672, dobry
FG4776,677, dobry
FG4786,672, dobry
FG0705,678, dobry
FG0715,745, bardzo dobry
FG0725,690, dobry
FG0745,597, umiarkowany
FG0755,587, slaby
FG0775,687, dobry
FG0785,616, umiarkowany
FG0795,606, umiarkowany
FG1705,696, dobry
FG1715,724, bardzo dobry
FG2745,645, umiarkowany
FG2755,670, dobry
FG2765,684, dobry
FG2775,732, bardzo dobry
FG2785,741, bardzo dobry
FG3705,753, bardzo dobry
FG3715,763, bardzo dobry
FG3725,655, dobry
FG3735,674, dobry
FG3795,679, dobry
FG4705,614, umiarkowany
FG4715,657, dobry
FG4735,761, bardzo dobry
FG4745,684, dobry
FG4755,659, dobry
FG4765,640, umiarkowany
FG4775,668, dobry
FG4785,639, umiarkowany
FG0704,619, umiarkowany
FG0724,668, dobry
FG0734,671, dobry
FG0744,614, umiarkowany
FG0754,630, umiarkowany
FG0764,659, dobry
FG0774,681, dobry
FG0784,639, umiarkowany
FG0794,635, umiarkowany
FG1704,645, umiarkowany
FG1714,668, dobry
FG2744,656, dobry
FG2754,701, dobry
FG2774,648, dobry
FG2784,747, bardzo dobry
FG2794,675, dobry
FG3704,649, dobry
FG3714,827, bardzo dobry
FG3724,645, umiarkowany
FG3754,683, dobry
FG3764,641, umiarkowany
FG3774,628, umiarkowany
FG3784,653, dobry
FG4714,680, dobry
FG4724,666, dobry
FG4734,657, dobry
FG4744,679, dobry
FG4754,656, dobry
FG4764,640, umiarkowany
FG4774,714, dobry
FG4784,661, dobry
FG0703,677, dobry
FG0723,612, umiarkowany
FG0743,654, dobry
FG0753,616, umiarkowany
FG0763,646, umiarkowany
FG0773,594, umiarkowany
FG0783,617, umiarkowany
FG0793,650, dobry
FG1703,728, bardzo dobry
FG1713,737, bardzo dobry
FG2733,689, dobry
FG2743,652, dobry
FG2763,633, umiarkowany
FG2773,641, umiarkowany
FG2783,689, dobry
FG2793,830, bardzo dobry
FG3703,764, bardzo dobry
FG3713,818, bardzo dobry
FG3743,699, dobry
FG3753,681, dobry
FG3763,698, dobry
FG3773,626, umiarkowany
FG3783,665, dobry
FG4703,746, bardzo dobry
FG4713,714, dobry
FG4723,689, dobry
FG4733,657, dobry
FG4743,672, dobry
FG4753,756, bardzo dobry
FG4773,701, dobry
FG4783,641, umiarkowany
FG0712,627, umiarkowany
FG0722,621, umiarkowany
FG0742,670, dobry
FG0752,588, umiarkowany
FG0762,604, umiarkowany
FG0772,577, slaby
FG1792,653, dobry
FG2702,646, umiarkowany
FG2712,641, umiarkowany
FG2722,675, dobry
FG2792,811, bardzo dobry
FG3702,827, bardzo dobry
FG3742,702, dobry
FG3752,660, dobry
FG3762,680, dobry
FG3772,639, umiarkowany
FG3792,666, dobry
FG4702,659, dobry
FG4712,664, dobry
FG4722,665, dobry
FG4732,711, dobry
FG4752,655, dobry
FG0711,617, umiarkowany
FG0721,687, dobry
FG0741,641, umiarkowany
FG0751,678, dobry
FG0761,598, umiarkowany
FG0771,509, zly
FG0781,589, umiarkowany
FG1791,665, dobry
FG2701,872, bardzo dobry
FG2791,725, bardzo dobry
FG3701,725, bardzo dobry
FG3741,694, dobry
FG3751,709, dobry
FG3761,655, dobry
FG3771,594, umiarkowany
FG3791,715, dobry
FG4701,673, dobry
FG4711,649, dobry
FG4721,666, dobry
FG4751,651, dobry
FG4761,643, umiarkowany
FG0607,581, slaby
FG0617,654, dobry
FG0627,643, umiarkowany
FG0637,632, umiarkowany
FG0647,603, umiarkowany
FG1677,717, dobry
FG1687,632, umiarkowany
FG2657,676, dobry
FG2667,674, dobry
FG2677,708, dobry
FG2687,709, dobry
FG2697,738, bardzo dobry
FG3617,663, dobry
FG3627,697, dobry
FG3637,685, dobry
FG3647,650, dobry
FG3657,719, bardzo dobry
FG3677,718, bardzo dobry
FG3687,736, bardzo dobry
FG4617,666, dobry
FG4627,647, dobry
FG4637,674, dobry
FG4647,781, bardzo dobry
FG0606,631, umiarkowany
FG0616,600, umiarkowany
FG0626,545, slaby
FG0636,591, umiarkowany
FG1616,779, bardzo dobry
FG1626,592, umiarkowany
FG1676,637, umiarkowany
FG3636,665, dobry
FG3646,619, umiarkowany
FG3656,729, bardzo dobry
FG3666,669, dobry
FG3676,662, dobry
FG3696,674, dobry
FG4606,716, dobry
FG4616,723, bardzo dobry
FG4626,729, bardzo dobry
FG0605,626, umiarkowany
FG0615,643, umiarkowany
FG0625,631, umiarkowany
FG0665,636, umiarkowany
FG0675,562, slaby
FG0695,598, umiarkowany
FG1615,839, bardzo dobry
FG1625,662, dobry
FG1675,693, dobry
FG2625,545, slaby
FG2635,626, umiarkowany
FG2655,697, dobry
FG3635,672, dobry
FG3645,663, dobry
FG3655,718, bardzo dobry
FG3665,633, umiarkowany
FG3675,669, dobry
FG3685,673, dobry
FG3695,698, dobry
FG0604,587, slaby
FG0614,641, umiarkowany
FG0694,601, umiarkowany
FG1604,638, umiarkowany
FG1614,870, bardzo dobry
FG1624,816, bardzo dobry
FG2624,600, umiarkowany
FG2634,579, slaby
FG2654,658, dobry
FG2664,652, dobry
FG3664,643, umiarkowany
FG3674,643, umiarkowany
FG3684,625, umiarkowany
FG3694,683, dobry
FG4604,668, dobry
FG4614,677, dobry
FG0603,630, umiarkowany
FG0613,739, bardzo dobry
FG0633,763, bardzo dobry
FG0643,653, dobry
FG0683,661, dobry
FG0693,577, slaby
FG1603,611, umiarkowany
FG1633,814, bardzo dobry
FG1643,632, umiarkowany
FG2623,658, dobry
FG2633,630, umiarkowany
FG3623,614, umiarkowany
FG3633,656, dobry
FG3643,706, dobry
FG3673,631, umiarkowany
FG3683,668, dobry
FG4603,676, dobry
FG4598,718, bardzo dobry
FG0612,840, bardzo dobry
FG0632,642, umiarkowany
FG0642,692, dobry
FG0682,693, dobry
FG0692,600, umiarkowany
FG1602,723, bardzo dobry
FG1612,710, dobry
FG1632,773, bardzo dobry
FG1642,624, umiarkowany
FG2622,609, umiarkowany
FG2632,640, umiarkowany
FG3622,661, dobry
FG3632,659, dobry
FG3642,615, umiarkowany
FG3672,695, dobry
FG0631,635, umiarkowany
FG0641,673, dobry
FG0671,631, umiarkowany
FG0681,639, umiarkowany
FG0691,639, umiarkowany
FG1601,646, umiarkowany
FG1611,802, bardzo dobry
FG1631,796, bardzo dobry
FG2621,586, slaby
FG2631,628, umiarkowany
FG2641,631, umiarkowany
FG2651,672, dobry
FG2691,710, dobry
FG3601,680, dobry
FG3611,647, dobry
FG3621,648, dobry
FG3631,626, umiarkowany
FG3641,667, dobry
FG3651,603, umiarkowany
FG3661,604, umiarkowany
FG3671,701, dobry
FG3681,686, dobry
FG3691,655, dobry
FG4601,720, bardzo dobry
FG4611,749, bardzo dobry
FG0600,660, dobry
FG0660,622, umiarkowany
FG0670,679, dobry
FG1600,611, umiarkowany
FG1610,760, bardzo dobry
FG1620,819, bardzo dobry
FG2600,600, umiarkowany
FG2610,646, umiarkowany
FG2620,605, umiarkowany
FG2650,631, umiarkowany
FG2690,733, bardzo dobry
FG3600,714, dobry
FG3610,663, dobry
FG3620,672, dobry
FG3640,657, dobry
FG3650,657, dobry
FG3660,603, umiarkowany
FG3670,674, dobry
FG3680,659, dobry
FG3690,731, bardzo dobry
FG4600,712, dobry
FG0509,627, umiarkowany
FG0519,648, dobry
FG0559,579, slaby
FG0569,616, umiarkowany
FG0579,638, umiarkowany
FG1509,635, umiarkowany
FG1519,593, umiarkowany
FG1529,610, umiarkowany
FG2509,684, dobry
FG2519,602, umiarkowany
FG2569,696, dobry
FG3509,810, bardzo dobry
FG3519,666, dobry
FG3529,669, dobry
FG3559,648, dobry
FG3569,640, umiarkowany
FG3579,700, dobry
FG3589,687, dobry
FG4519,700, dobry
FG0548,563, slaby
FG0558,595, umiarkowany
FG0568,631, umiarkowany
FG1518,609, umiarkowany
FG1528,645, umiarkowany
FG1598,647, dobry
FG2508,615, umiarkowany
FG2518,609, umiarkowany
FG2568,715, dobry
FG2588,609, umiarkowany
FG2598,594, umiarkowany
FG3508,752, bardzo dobry
FG3568,811, bardzo dobry
FG3578,732, bardzo dobry
FG4508,747, bardzo dobry
FG4518,714, dobry
FG4548,681, dobry
FG4558,655, dobry
FG4568,650, dobry
FG0507,565, slaby
FG0547,620, umiarkowany
FG0557,635, umiarkowany
FG0577,685, dobry
FG0587,659, dobry
FG0597,720, bardzo dobry
FG2557,611, umiarkowany
FG2567,682, dobry
FG2577,673, dobry
FG2587,593, umiarkowany
FG2597,644, umiarkowany
FG3577,794, bardzo dobry
FG3597,730, bardzo dobry
FG4507,654, dobry
FG4517,713, dobry
FG4537,669, dobry
FG4547,731, bardzo dobry
FG4557,843, bardzo dobry
FG4567,739, bardzo dobry
FG4577,724, bardzo dobry
FG4587,657, dobry
FG0536,550, slaby
FG1506,661, dobry
FG2556,596, umiarkowany
FG2566,609, umiarkowany
FG2576,664, dobry
FG2586,654, dobry
FG2596,616, umiarkowany
FG3506,595, umiarkowany
FG3536,675, dobry
FG3546,676, dobry
FG3566,706, dobry
FG3596,823, bardzo dobry
FG4506,789, bardzo dobry
FG4516,742, bardzo dobry
FG4526,673, dobry
FG4536,727, bardzo dobry
FG4546,791, bardzo dobry
FG4556,809, bardzo dobry
FG4566,869, bardzo dobry
FG4576,835, bardzo dobry
FG4586,830, bardzo dobry
FG2545,626, umiarkowany
FG2555,604, umiarkowany
FG2565,633, umiarkowany
FG2575,675, dobry
FG3535,637, umiarkowany
FG3545,626, umiarkowany
FG3555,672, dobry
FG3575,716, dobry
FG3585,704, dobry
FG3595,769, bardzo dobry
FG4505,733, bardzo dobry
FG4515,811, bardzo dobry
FG4525,834, bardzo dobry
FG4535,772, bardzo dobry
FG4545,826, bardzo dobry
FG4555,672, dobry
FG4565,651, dobry
FG4575,661, dobry
FG4585,704, dobry
FG4595,678, dobry
FG4591,648, dobry
FG4592,725, bardzo dobry
FG0504,619, umiarkowany
FG2544,550, slaby
FG2554,568, slaby
FG2564,649, dobry
FG2574,646, umiarkowany
FG2584,568, slaby
FG2594,625, umiarkowany
FG3534,654, dobry
FG3544,673, dobry
FG3574,661, dobry
FG3584,708, dobry
FG3594,729, bardzo dobry
FG4504,805, bardzo dobry
FG4514,723, bardzo dobry
FG4524,679, dobry
FG4534,683, dobry
FG4544,673, dobry
FG4554,662, dobry
FG4564,672, dobry
FG0503,656, dobry
FG0513,623, umiarkowany
FG0553,668, dobry
FG0563,657, dobry
FG2553,612, umiarkowany
FG2583,596, umiarkowany
FG2593,586, slaby
FG3533,632, umiarkowany
FG3543,671, dobry
FG3563,712, dobry
FG3573,687, dobry
FG3583,765, bardzo dobry
FG3593,651, dobry
FG4503,683, dobry
FG4513,789, bardzo dobry
FG4533,674, dobry
FG4543,748, bardzo dobry
FG4553,807, bardzo dobry
FG0502,654, dobry
FG0512,617, umiarkowany
FG0522,648, dobry
FG0532,670, dobry
FG0542,663, dobry
FG2522,631, umiarkowany
FG2532,610, umiarkowany
FG3522,701, dobry
FG3532,657, dobry
FG3542,669, dobry
FG3552,678, dobry
FG3562,665, dobry
FG3572,705, dobry
FG3582,696, dobry
FG3592,606, umiarkowany
FG4502,653, dobry
FG4532,768, bardzo dobry
FG4542,858, bardzo dobry
FG4582,737, bardzo dobry
FG0501,669, dobry
FG0511,589, umiarkowany
FG0521,639, umiarkowany
FG0531,631, umiarkowany
FG0541,569, slaby
FG2521,695, dobry
FG3511,622, umiarkowany
FG3541,661, dobry
FG3551,650, dobry
FG3561,643, umiarkowany
FG3571,660, dobry
FG4501,655, dobry
FG4511,642, umiarkowany
FG4521,736, bardzo dobry
FG4531,692, dobry
FG4541,632, umiarkowany
FG4571,730, bardzo dobry
FG4581,704, dobry
FG0500,632, umiarkowany
FG0520,658, dobry
FG3510,666, dobry
FG3520,615, umiarkowany
FG3530,661, dobry
FG3540,680, dobry
FG3550,637, umiarkowany
FG3560,630, umiarkowany
FG4510,707, dobry
FG4520,644, umiarkowany
FG4550,642, umiarkowany
FG4560,664, dobry
FG4570,678, dobry
FG4580,624, umiarkowany
FG1489,716, dobry
FG1499,667, dobry
FG2469,644, umiarkowany
FG3409,661, dobry
FG3419,663, dobry
FG3429,639, umiarkowany
FG3439,647, dobry
FG3449,682, dobry
FG3459,673, dobry
FG3469,610, umiarkowany
FG3479,676, dobry
FG3489,729, bardzo dobry
FG4449,660, dobry
FG4459,611, umiarkowany
FG4469,621, umiarkowany
FG4479,682, dobry
FG1488,649, dobry
FG1498,666, dobry
FG2468,652, dobry
FG2478,689, dobry
FG2488,655, dobry
FG2498,676, dobry
FG3408,629, umiarkowany
FG3418,662, dobry
FG3428,649, dobry
FG3438,603, umiarkowany
FG3448,688, dobry
FG3458,740, bardzo dobry
FG4418,659, dobry
FG4428,636, umiarkowany
FG4438,692, dobry
FG4448,614, umiarkowany
FG4458,624, umiarkowany
FG0447,550, slaby
FG0457,609, umiarkowany
FG1477,638, umiarkowany
FG1487,654, dobry
FG2467,624, umiarkowany
FG2477,644, umiarkowany
FG2487,708, dobry
FG2497,665, dobry
FG3407,628, umiarkowany
FG3417,606, umiarkowany
FG3427,680, dobry
FG3437,656, dobry
FG3447,749, bardzo dobry
FG3497,673, dobry
FG4407,593, umiarkowany
FG4417,579, slaby
FG4427,639, umiarkowany
FG4437,602, umiarkowany
FG4447,620, umiarkowany
FG1375,612, umiarkowany
FG1385,592, umiarkowany
FG1395,596, umiarkowany
FG1396,645, umiarkowany
FG2306,652, dobry
FG2316,647, dobry
FG2325,665, dobry
FG2326,627, umiarkowany
FG2335,619, umiarkowany
FG2336,600, umiarkowany
FG2345,641, umiarkowany
FG2346,594, umiarkowany
FG2355,664, dobry
FG2356,623, umiarkowany
FG2365,636, umiarkowany
FG2366,694, dobry
FG2375,638, umiarkowany
FG2376,662, dobry
FG2385,637, umiarkowany
FG2386,606, umiarkowany
FG2395,681, dobry
FG2396,665, dobry
FG3306,648, dobry
FG3316,698, dobry
FG1384,688, dobry
FG1394,648, dobry
FG2304,665, dobry
FG2314,684, dobry
FG2354,625, umiarkowany
FG2364,658, dobry
FG2384,618, umiarkowany
FG2394,693, dobry
FG1383,624, umiarkowany
FG1393,709, dobry
FG2313,601, umiarkowany
FG2353,703, dobry
FG2363,683, dobry
FG0446,579, slaby
FG1476,632, umiarkowany
FG2436,660, dobry
FG2446,641, umiarkowany
FG2456,681, dobry
FG2466,650, dobry
FG2476,622, umiarkowany
FG2486,612, umiarkowany
FG2496,658, dobry
FG3406,633, umiarkowany
FG3416,616, umiarkowany
FG3426,704, dobry
FG3436,729, bardzo dobry
FG3476,620, umiarkowany
FG3486,662, dobry
FG3496,667, dobry
FG4406,659, dobry
FG0435,581, slaby
FG0445,581, slaby
FG0455,596, umiarkowany
FG1475,652, dobry
FG2435,655, dobry
FG2445,623, umiarkowany
FG2455,670, dobry
FG2465,633, umiarkowany
FG2475,619, umiarkowany
FG2485,604, umiarkowany
FG2495,637, umiarkowany
FG3405,636, umiarkowany
FG3415,654, dobry
FG3425,667, dobry
FG3465,616, umiarkowany
FG3475,622, umiarkowany
FG3485,641, umiarkowany
FG3495,674, dobry
FG0424,595, umiarkowany
FG0434,556, slaby
FG0444,570, slaby
FG1474,681, dobry
FG2424,618, umiarkowany
FG2434,634, umiarkowany
FG2444,672, dobry
FG2454,650, dobry
FG2464,622, umiarkowany
FG2474,667, dobry
FG2484,666, dobry
FG2494,657, dobry
FG3404,633, umiarkowany
FG3414,608, umiarkowany
FG3424,635, umiarkowany
FG3454,641, umiarkowany
FG0413,616, umiarkowany
FG0423,578, slaby
FG0433,627, umiarkowany
FG0463,577, slaby
FG0473,688, dobry
FG2413,632, umiarkowany
FG2423,667, dobry
FG2433,659, dobry
FG2443,683, dobry
FG2463,655, dobry
FG2473,629, umiarkowany
FG2483,673, dobry
FG2493,676, dobry
FG3403,668, dobry
FG3413,632, umiarkowany
FG3423,759, bardzo dobry
FG3453,614, umiarkowany
FG0412,586, slaby
FG0422,621, umiarkowany
FG0462,643, umiarkowany
FG0472,652, dobry
FG2412,788, bardzo dobry
FG2422,783, bardzo dobry
FG2432,697, dobry
FG2452,666, dobry
FG2462,603, umiarkowany
FG2472,642, umiarkowany
FG2482,646, umiarkowany
FG2492,599, umiarkowany
FG3402,733, bardzo dobry
FG3412,743, bardzo dobry
FG3422,708, dobry
FG3452,654, dobry
FG0401,614, umiarkowany
FG0411,629, umiarkowany
FG0451,591, umiarkowany
FG1441,640, umiarkowany
FG2411,713, dobry
FG2421,746, bardzo dobry
FG2431,801, bardzo dobry
FG2441,736, bardzo dobry
FG2451,668, dobry
FG2461,594, umiarkowany
FG2471,639, umiarkowany
FG2481,613, umiarkowany
FG2491,592, umiarkowany
FG3401,729, bardzo dobry
FG3411,784, bardzo dobry
FG3451,739, bardzo dobry
FG0400,660, dobry
FG0410,651, dobry
FG0440,641, umiarkowany
FG2410,630, umiarkowany
FG2420,597, umiarkowany
FG2430,606, umiarkowany
FG2440,703, dobry
FG2460,769, bardzo dobry
FG2470,780, bardzo dobry
FG2480,790, bardzo dobry
FG2490,730, bardzo dobry
FG3400,722, bardzo dobry
FG3440,643, umiarkowany
FG0309,625, umiarkowany
FG2309,658, dobry
FG2319,624, umiarkowany
FG2329,596, umiarkowany
FG2339,613, umiarkowany
FG2349,593, umiarkowany
FG2359,612, umiarkowany
FG2369,610, umiarkowany
FG2379,688, dobry
FG2389,581, slaby
FG2399,573, slaby
FG3309,633, umiarkowany
FG3319,645, umiarkowany
FG3329,731, bardzo dobry
FG3349,692, dobry
FG1398,675, dobry
FG2308,639, umiarkowany
FG2318,645, umiarkowany
FG2328,597, umiarkowany
FG2338,622, umiarkowany
FG2358,651, dobry
FG2368,613, umiarkowany
FG2378,695, dobry
FG2388,623, umiarkowany
FG3308,640, umiarkowany
FG3318,577, slaby
FG3328,641, umiarkowany
FG3338,649, dobry
FG3348,705, dobry
FG1397,660, dobry
FG2307,669, dobry
FG2317,713, dobry
FG2327,660, dobry
FG2337,593, umiarkowany
FG2367,681, dobry
FG2377,695, dobry
FG2387,653, dobry
FG2397,670, dobry
FG3307,658, dobry
FG3317,624, umiarkowany
FG3347,765, bardzo dobry
FG1382,591, umiarkowany
FG2332,599, umiarkowany
FG2352,670, dobry
FG2362,681, dobry
FG2372,680, dobry
FG2382,692, dobry
FG1381,663, dobry
FG1391,691, dobry
FG2331,608, umiarkowany
FG2341,655, dobry
FG2361,657, dobry
FG2371,640, umiarkowany
FG2381,615, umiarkowany
FG2391,663, dobry
FG3311,622, umiarkowany
FG1350,701, dobry
FG1370,714, dobry
FG1380,648, dobry
FG2330,682, dobry
FG2340,646, umiarkowany
FG2350,704, dobry
FG2360,624, umiarkowany
FG1279,665, dobry
FG2259,684, dobry
FG2269,625, umiarkowany
FG1278,634, umiarkowany
FG2218,667, dobry
FG2228,682, dobry
FG2238,676, dobry
FG2258,685, dobry
FG1277,623, umiarkowany
FG2217,720, bardzo dobry
FG2227,681, dobry
FG2237,689, dobry
FG2257,679, dobry
FG2267,654, dobry
FG2277,694, dobry
FG2287,817, bardzo dobry
FG2297,650, dobry
FG1198,685, dobry
FG2108,609, umiarkowany
FG2109,651, dobry
FG2118,632, umiarkowany
FG2128,652, dobry
FG2138,702, dobry
FG2148,735, bardzo dobry
FG2149,696, dobry
FG2158,637, umiarkowany
FG2159,615, umiarkowany
FG2168,629, umiarkowany
FG2169,629, umiarkowany
FG3108,645, umiarkowany
FG3109,644, umiarkowany
FG3118,540, slaby
FG3119,604, umiarkowany
FG3128,563, slaby
FG1270,703, dobry
FG2200,673, dobry
FG2201,673, dobry
FG2210,683, dobry
FG2211,627, umiarkowany
FG2221,650, dobry
FG2231,695, dobry
FG2260,703, dobry
FG2271,689, dobry
FG3200,674, dobry
FG3210,615, umiarkowany
FG1254,635, umiarkowany
FG1264,686, dobry
FG2214,735, bardzo dobry
FG2215,895, bardzo dobry
FG2225,736, bardzo dobry
FG2234,810, bardzo dobry
FG2235,778, bardzo dobry
FG2244,683, dobry
FG2254,669, dobry
FG2264,662, dobry
FG2265,702, dobry
FG2274,674, dobry
FG2275,683, dobry
FG2285,791, bardzo dobry
FG1226,608, umiarkowany
FG1266,658, dobry
FG1276,673, dobry
FG2216,695, dobry
FG2226,658, dobry
FG2236,606, umiarkowany
FG2276,815, bardzo dobry
FG2296,695, dobry
FG1273,662, dobry
FG2203,645, umiarkowany
FG2213,691, dobry
FG2223,697, dobry
FG2233,680, dobry
FG2243,687, dobry
FG2253,711, dobry
FG2263,675, dobry
FG2293,795, bardzo dobry
FG2202,692, dobry
FG2212,688, dobry
FG2222,607, umiarkowany
FG2232,682, dobry
FG2242,670, dobry
FG2282,704, dobry
FG1197,665, dobry
FG2107,624, umiarkowany
FG2117,655, dobry
FG2127,639, umiarkowany
FG2137,754, bardzo dobry
FG2147,698, dobry
FG2157,684, dobry
FG2167,620, umiarkowany
FG2177,688, dobry
FG2197,620, umiarkowany
FG3107,541, slaby
FG3117,588, umiarkowany
FG3127,630, umiarkowany
FG1196,639, umiarkowany
FG2106,633, umiarkowany
FG2116,762, bardzo dobry
FG2146,673, dobry
FG2186,639, umiarkowany
FG2196,591, umiarkowany
FG3106,614, umiarkowany
FG3116,593, umiarkowany
FG1185,751, bardzo dobry
FG1195,672, dobry
FG2105,740, bardzo dobry
FG2135,645, umiarkowany
FG2145,587, slaby
FG2155,691, dobry
FG2175,802, bardzo dobry
FG2195,706, dobry
FG3105,541, slaby
FG3115,531, slaby
FG1174,703, dobry
FG1184,658, dobry
FG1194,641, umiarkowany
FG2134,739, bardzo dobry
FG2144,703, dobry
FG2154,758, bardzo dobry
FG2164,654, dobry
FG2174,613, umiarkowany
FG2184,546, slaby
FG2194,717, dobry
FG3104,693, dobry
FG3114,693, dobry
FG1173,691, dobry
FG2113,631, umiarkowany
FG2123,562, slaby
FG2133,578, slaby
FG2143,538, slaby
FG2153,775, bardzo dobry
FG2163,581, slaby
FG2173,552, slaby
FG2183,540, slaby
FG2193,530, slaby
FG3103,587, slaby
FG3113,598, umiarkowany
FG1162,657, dobry
FG2102,599, umiarkowany
FG2112,581, slaby
FG2122,564, slaby
FG2132,603, umiarkowany
FG2142,667, dobry
FG2152,748, bardzo dobry
FG2162,579, slaby
FG2172,590, umiarkowany
FG2182,553, slaby
FG2101,571, slaby
FG2111,519, zly
FG2121,534, slaby
FG2131,663, dobry
FG2151,694, dobry
FG2161,675, dobry
FG2171,657, dobry
FG2181,556, slaby
FG3131,580, slaby
FG1150,658, dobry
FG1180,611, umiarkowany
FG2100,649, dobry
FG2110,552, slaby
FG2120,548, slaby
FG2130,609, umiarkowany
FG2150,677, dobry
FG2160,712, dobry
FG2170,554, slaby
FG2180,536, slaby
FG3120,687, dobry
FG3130,615, umiarkowany
FG3140,555, slaby
FG3150,478, zly
FG1043,632, umiarkowany
FG1044,633, umiarkowany
FG1053,571, slaby
FG1054,610, umiarkowany
FG1063,533, slaby
FG1064,540, slaby
FG1073,561, slaby
FG1074,562, slaby
FG1083,605, umiarkowany
FG1084,611, umiarkowany
FG1094,574, slaby
FG2003,624, umiarkowany
FG2004,653, dobry
FG2013,536, slaby
FG2014,715, dobry
FG2023,572, slaby
FG2024,729, bardzo dobry
FG2033,582, slaby
FG2034,614, umiarkowany
FG2044,532, slaby
FG2054,544, slaby
FG2093,677, dobry
FG2094,564, slaby
FG3013,583, slaby
FG3023,568, slaby
FG3024,584, slaby
FG3033,569, slaby
FG3034,585, slaby
FG3044,528, slaby
FG1059,624, umiarkowany
FG2009,660, dobry
FG2019,595, umiarkowany
FG2029,651, dobry
FG2049,686, dobry
FG2059,569, slaby
FG2069,698, dobry
FG2079,635, umiarkowany
FG3019,551, slaby
FG3029,579, slaby
FG3059,568, slaby
FG1058,613, umiarkowany
FG2008,611, umiarkowany
FG2018,626, umiarkowany
FG2048,589, umiarkowany
FG2058,561, slaby
FG2068,563, slaby
FG2078,567, slaby
FG3008,548, slaby
FG3018,541, slaby
FG3028,644, umiarkowany
FG3058,561, slaby
FG1077,612, umiarkowany
FG1087,609, umiarkowany
FG1097,662, dobry
FG2007,574, slaby
FG2017,547, slaby
FG2027,555, slaby
FG2057,566, slaby
FG3007,563, slaby
FG3017,682, dobry
FG3047,706, dobry
FG3057,576, slaby
FG1066,588, umiarkowany
FG1076,562, slaby
FG1086,578, slaby
FG1096,552, slaby
FG2006,582, slaby
FG2016,655, dobry
FG2056,578, slaby
FG2096,666, dobry
FG3006,729, bardzo dobry
FG3036,714, dobry
FG3046,536, slaby
FG3056,549, slaby
FG1055,593, umiarkowany
FG1065,546, slaby
FG1075,568, slaby
FG1085,589, umiarkowany
FG1095,586, slaby
FG2005,604, umiarkowany
FG2035,695, dobry
FG2045,703, dobry
FG2055,715, dobry
FG2095,653, dobry
FG3005,694, dobry
FG3025,641, umiarkowany
FG3035,633, umiarkowany
FG3045,583, slaby
FG3055,551, slaby
FG1042,584, slaby
FG1052,546, slaby
FG3002,670, dobry
FG3012,681, dobry
FG3032,727, bardzo dobry
FG1021,587, slaby
FG1031,620, umiarkowany
FG1041,609, umiarkowany
FG1051,552, slaby
FG1010,594, umiarkowany
FG1020,518, zly
FG1030,533, slaby
FG1040,538, slaby
FG1050,557, slaby
GF5140,557, slaby
GF5030,571, slaby
GF5130,524, slaby
GF5131,549, slaby
GF5020,704, dobry
GF5022,743, bardzo dobry
GF5023,672, dobry
GF5025,592, umiarkowany
GF5026,541, slaby
GF5027,555, slaby
GF5028,557, slaby
GF5029,562, slaby
GF5120,534, slaby
GF5121,530, slaby
GF5122,514, zly
GF9052,643, umiarkowany
GF9040,648, dobry
GF9030,625, umiarkowany
GF9021,596, umiarkowany
GF8060,625, umiarkowany
GF8070,518, zly
GF5012,622, umiarkowany
GF5013,606, umiarkowany
GF5014,532, slaby
GF5015,546, slaby
GF5016,557, slaby
GF5017,540, slaby
GF5018,559, slaby
GF5019,565, slaby
GF5110,553, slaby
GF5111,648, dobry
GF5112,522, slaby
GF5113,488, zly
GF5318,566, slaby
GF5000,541, slaby
GF5001,507, zly
GF5002,572, slaby
GF5003,661, dobry
GF5004,530, slaby
GF5005,629, umiarkowany
GF5006,588, umiarkowany
GF5007,582, slaby
GF5008,528, slaby
GF5009,544, slaby
GF5100,541, slaby
GF5101,641, umiarkowany
GF5102,555, slaby
GF5308,589, umiarkowany
GF5309,586, slaby
GF4090,654, dobry
GF4092,570, slaby
GF4093,646, umiarkowany
GF4094,631, umiarkowany
GF4095,633, umiarkowany
GF4096,623, umiarkowany
GF4097,608, umiarkowany
GF4098,578, slaby
GF4099,559, slaby
GF4190,540, slaby
GF4191,615, umiarkowany
GF4398,532, slaby
GF4399,543, slaby
GF4490,458, zly
GF4407,446, zly
GF4417,540, slaby
GF4480,652, dobry
GF4481,494, zly
GF4080,592, umiarkowany
GF4084,621, umiarkowany
GF4085,660, dobry
GF4086,658, dobry
GF4087,617, umiarkowany
GF4088,541, slaby
GF4089,621, umiarkowany
GF4180,575, slaby
GF2323,654, dobry
GF2333,620, umiarkowany
GF2334,727, bardzo dobry
GF2343,460, zly
GF2344,576, slaby
GF2353,532, slaby
GF2354,458, zly
GF2363,529, slaby
GF2364,541, slaby
GF2373,543, slaby
GF2383,420, zly
GF2393,556, slaby
GF2394,576, slaby
GF3303,586, slaby
GF3304,510, zly
GF3313,539, slaby
GF3323,679, dobry
GF3324,568, slaby
GF3333,589, umiarkowany
GF3334,633, umiarkowany
GF3343,612, umiarkowany
GF3344,654, dobry
GF3354,630, umiarkowany
GF3373,673, dobry
GF3374,691, dobry
GF3383,638, umiarkowany
GF3384,631, umiarkowany
GF3393,579, slaby
GF3394,443, zly
GF4303,543, slaby
GF4304,621, umiarkowany
GF4313,610, umiarkowany
GF4314,697, dobry
GF4323,533, slaby
GF4324,538, slaby
GF2352,465, zly
GF2362,586, slaby
GF2372,586, slaby
GF2382,458, zly
GF3302,600, umiarkowany
GF3312,578, slaby
GF3322,596, umiarkowany
GF3332,471, zly
GF3342,634, umiarkowany
GF3372,671, dobry
GF3382,694, dobry
GF3392,601, umiarkowany
GF4302,654, dobry
GF2446,560, slaby
GF2456,597, umiarkowany
GF4406,590, umiarkowany
GF4416,605, umiarkowany
GF4436,516, zly
GF2455,616, umiarkowany
GF4435,503, zly
GF4403,597, umiarkowany
GF4453,504, zly
GF2402,649, dobry
GF2412,622, umiarkowany
GF2422,511, zly
GF2492,580, slaby
GF3412,539, slaby
GF4402,569, slaby
GF4432,645, umiarkowany
GF4442,638, umiarkowany
GF4452,634, umiarkowany
GF4462,642, umiarkowany
GF1471,476, zly
GF2401,653, dobry
GF2411,674, dobry
GF2421,555, slaby
GF2431,504, zly
GF2461,713, dobry
GF2471,705, dobry
GF2491,672, dobry
GF3401,676, dobry
GF3411,572, slaby
GF3421,529, slaby
GF3491,590, umiarkowany
GF4401,565, slaby
GF4431,645, umiarkowany
GF4441,598, umiarkowany
GF4451,650, dobry
GF4461,673, dobry
GF4471,456, zly
GF1480,476, zly
GF1490,493, zly
GF2400,530, slaby
GF2410,671, dobry
GF2420,668, dobry
GF2430,642, umiarkowany
GF2460,697, dobry
GF2470,730, bardzo dobry
GF2480,674, dobry
GF2490,687, dobry
GF3410,697, dobry
GF3420,653, dobry
GF3430,522, slaby
GF3460,619, umiarkowany
GF3470,494, zly
GF3480,642, umiarkowany
GF3490,600, umiarkowany
GF4400,436, zly
GF4410,560, slaby
GF4440,522, slaby
GF4450,581, slaby
GF4460,651, dobry
GF4470,580, slaby
GF1389,580, slaby
GF1399,615, umiarkowany
GF2309,527, slaby
GF2339,612, umiarkowany
GF2359,611, umiarkowany
GF2369,754, bardzo dobry
GF2399,656, dobry
GF3329,615, umiarkowany
GF3339,466, zly
GF3389,581, slaby
GF4309,458, zly
GF4319,534, slaby
GF4339,637, umiarkowany
GF4349,485, zly
GF4359,508, zly
GF4369,602, umiarkowany
GF4379,685, dobry
GF2398,528, slaby
GF3328,642, umiarkowany
GF3338,565, slaby
GF3358,597, umiarkowany
GF3398,638, umiarkowany
GF4318,569, slaby
GF4328,608, umiarkowany
GF4358,543, slaby
GF4368,528, slaby
GF4378,719, bardzo dobry
GF1397,574, slaby
GF3337,477, zly
GF3347,542, slaby
GF3357,558, slaby
GF3397,639, umiarkowany
GF4327,550, slaby
GF4337,671, dobry
GF4347,696, dobry
GF4357,570, slaby
GF4367,543, slaby
GF4377,708, dobry
GF4387,585, slaby
GF1396,479, zly
GF2356,685, dobry
GF2366,459, zly
GF2376,474, zly
GF2386,479, zly
GF3326,610, umiarkowany
GF3336,567, slaby
GF3346,581, slaby
GF3356,591, umiarkowany
GF4326,518, zly
GF4346,691, dobry
GF4356,550, slaby
GF4366,653, dobry
GF1395,529, slaby
GF2305,522, slaby
GF2345,682, dobry
GF2355,428, zly
GF2365,435, zly
GF2375,447, zly
GF3305,479, zly
GF3325,590, umiarkowany
GF3335,599, umiarkowany
GF3345,579, slaby
GF3355,601, umiarkowany
GF3385,650, dobry
GF3395,608, umiarkowany
GF4305,775, bardzo dobry
GF4325,581, slaby
GF4355,556, slaby
GF4070,567, slaby
GF4072,582, slaby
GF4073,551, slaby
GF4074,587, slaby
GF4075,660, dobry
GF4076,606, umiarkowany
GF4077,575, slaby
GF4078,514, zly
GF4079,617, umiarkowany
GF4170,563, slaby
GF2361,558, slaby
GF2371,685, dobry
GF2381,532, slaby
GF3301,612, umiarkowany
GF3311,583, slaby
GF3321,630, umiarkowany
GF3331,574, slaby
GF3341,554, slaby
GF3381,655, dobry
GF3391,619, umiarkowany
GF4301,624, umiarkowany
GF4311,643, umiarkowany
GF2360,587, slaby
GF2370,648, dobry
GF2380,596, umiarkowany
GF2390,528, slaby
GF3300,672, dobry
GF3310,626, umiarkowany
GF3320,677, dobry
GF3330,655, dobry
GF3360,624, umiarkowany
GF3390,671, dobry
GF4300,578, slaby
GF4310,542, slaby
GF2269,668, dobry
GF2279,688, dobry
GF2289,569, slaby
GF2299,515, zly
GF3209,635, umiarkowany
GF3219,491, zly
GF3229,657, dobry
GF3269,702, dobry
GF3279,573, slaby
GF3289,706, dobry
GF3299,622, umiarkowany
GF4209,567, slaby
GF4219,550, slaby
GF2268,684, dobry
GF2278,708, dobry
GF2298,502, zly
GF3208,627, umiarkowany
GF3218,501, zly
GF3248,636, umiarkowany
GF3268,618, umiarkowany
GF3278,557, slaby
GF3288,704, dobry
GF2267,661, dobry
GF2277,674, dobry
GF2297,532, slaby
GF3207,662, dobry
GF3217,612, umiarkowany
GF3247,608, umiarkowany
GF3257,577, slaby
GF3267,578, slaby
GF2276,620, umiarkowany
GF2286,595, umiarkowany
GF2296,550, slaby
GF3206,660, dobry
GF3246,635, umiarkowany
GF2275,577, slaby
GF2285,525, slaby
GF2295,700, dobry
GF2284,544, slaby
GF2294,681, dobry
GF3204,745, bardzo dobry
GF2283,579, slaby
GF3203,597, umiarkowany
GF2282,621, umiarkowany
GF3202,525, slaby
GF3272,486, zly
GF2281,639, umiarkowany
GF3201,536, slaby
GF2280,626, umiarkowany
GF2189,666, dobry
GF4060,690, dobry
GF4061,753, bardzo dobry
GF4050,777, bardzo dobry
GF3095,631, umiarkowany
GF3096,604, umiarkowany
GF4005,537, slaby
GF4006,562, slaby
GF4015,584, slaby
GF4016,553, slaby
GF4025,593, umiarkowany
GF4026,548, slaby
GF4035,535, slaby
GF4036,593, umiarkowany
GF4045,515, zly
GF4046,632, umiarkowany
GF4055,580, slaby
GF4056,735, bardzo dobry
GF3014,504, zly
GF3024,527, slaby
GF3034,636, umiarkowany
GF3044,679, dobry
GF3054,660, dobry
GF3094,601, umiarkowany
GF4004,516, zly
GF4014,606, umiarkowany
GF4024,660, dobry
GF4034,584, slaby
GF4044,588, umiarkowany
GF4054,580, slaby
GF3013,475, zly
GF3023,533, slaby
GF3033,606, umiarkowany
GF3043,667, dobry
GF3053,654, dobry
GF3093,545, slaby
GF4003,592, umiarkowany
GF4013,578, slaby
GF4023,596, umiarkowany
GF4033,649, dobry
GF4043,617, umiarkowany
GF4053,661, dobry
GF4063,626, umiarkowany
GF4114,571, slaby
GF4124,576, slaby
GF4113,646, umiarkowany
GF4123,630, umiarkowany
GF4133,572, slaby
GF4153,571, slaby
GF4112,746, bardzo dobry
GF4122,629, umiarkowany
GF4132,558, slaby
GF4142,628, umiarkowany
GF4152,578, slaby
GF4111,709, dobry
GF4121,590, umiarkowany
GF4131,552, slaby
GF4141,548, slaby
GF4151,585, slaby
GF4161,608, umiarkowany
GF4110,673, dobry
GF4120,601, umiarkowany
GF4130,534, slaby
GF4140,529, slaby
GF4150,519, zly
GF4160,544, slaby
GF4019,690, dobry
GF4029,569, slaby
GF4039,616, umiarkowany
GF4049,518, zly
GF4059,561, slaby
GF4069,559, slaby
GF4008,534, slaby
GF4018,622, umiarkowany
GF4028,530, slaby
GF4038,573, slaby
GF4048,604, umiarkowany
GF4058,555, slaby
GF4068,537, slaby
GF4007,576, slaby
GF4017,480, zly
GF4027,550, slaby
GF4037,535, slaby
GF4047,561, slaby
GF4057,602, umiarkowany
GF4067,548, slaby
GF3022,597, umiarkowany
GF3032,731, bardzo dobry
GF3042,671, dobry
GF3052,545, slaby
GF3062,689, dobry
GF3072,662, dobry
GF3082,600, umiarkowany
GF3092,548, slaby
GF4002,572, slaby
GF4012,518, zly
GF4022,563, slaby
GF4032,645, umiarkowany
GF4042,702, dobry
GF4062,611, umiarkowany
GF3011,391, zly
GF3021,605, umiarkowany
GF3031,619, umiarkowany
GF3041,555, slaby
GF3051,561, slaby
GF3061,524, slaby
GF3071,447, zly
GF3081,540, slaby
GF3091,514, zly
GF4001,585, slaby
GF4011,544, slaby
GF4021,564, slaby
GF4031,553, slaby
GF4041,592, umiarkowany
GF4051,762, bardzo dobry
GF3010,510, zly
GF3020,581, slaby
GF3030,522, slaby
GF3040,578, slaby
GF3050,598, umiarkowany
GF3060,503, zly
GF3070,581, slaby
GF3080,605, umiarkowany
GF3090,573, slaby
GF4000,581, slaby
GF4010,596, umiarkowany
GF4020,646, umiarkowany
GF4030,577, slaby
GF4040,593, umiarkowany
GG5010,678, dobry
GG5000,650, dobry
GG5001,700, dobry
GG4090,637, umiarkowany
GG4092,641, umiarkowany
GG4080,730, bardzo dobry
GG4081,683, dobry
GG4082,614, umiarkowany
GG4070,688, dobry
GG4071,692, dobry
GG4072,672, dobry
GG4060,701, dobry
GG3062,600, umiarkowany
GG3072,712, dobry
GG3092,597, umiarkowany
GG4002,610, umiarkowany
GG4012,647, dobry
GG4022,698, dobry
GG4032,584, slaby
GG4042,557, slaby
GG3041,624, umiarkowany
GG3051,658, dobry
GG3061,733, bardzo dobry
GG3071,802, bardzo dobry
GG3081,687, dobry
GG3091,623, umiarkowany
GG4001,627, umiarkowany
GG4011,640, umiarkowany
GG0080,558, slaby
GG3030,648, dobry
GG3070,801, bardzo dobry
GG3080,683, dobry
GG3090,674, dobry
GG4000,672, dobry
GG4010,702, dobry
GG4050,634, umiarkowany
FF9691,706, bardzo dobry
FF9790,568, umiarkowany
FF9893,607, dobry
FF9999,576, umiarkowany
FF9989,564, umiarkowany
FF5184,438, zly
FF5174,572, umiarkowany
FF5185,440, zly
FF5175,522, umiarkowany
FF5176,521, umiarkowany
FF5187,518, umiarkowany
FF5177,533, umiarkowany
FF5188,556, umiarkowany
FF5178,528, umiarkowany
FF5189,609, dobry
FF5270,502, slaby
FF5271,508, slaby
FF5282,567, umiarkowany
FF5272,529, umiarkowany
FF5283,480, slaby
FF5284,425, zly
FF5285,466, slaby
FF5275,597, dobry
FF5286,422, zly
FF5276,569, umiarkowany
FF5382,612, dobry
FF5372,536, umiarkowany
FF5383,504, slaby
FF5373,500, slaby
FF5374,423, zly
FF5375,414, zly
FF5376,437, zly
FF5377,464, slaby
FF5879,532, umiarkowany
FF5980,547, umiarkowany
FF5970,486, slaby
FF5981,474, slaby
FF5971,448, slaby
FF5972,633, dobry
FF5973,601, dobry
FF5974,470, slaby
FF5975,433, zly
FF5976,449, slaby
FF5977,421, zly
FF5978,425, zly
FF5979,453, slaby
FF5164,582, dobry
FF5165,601, dobry
FF5167,555, umiarkowany
FF5168,560, umiarkowany
FF5260,549, umiarkowany
FF5261,493, slaby
FF5263,532, umiarkowany
FF5264,595, dobry
FF5265,581, dobry
FF5266,524, umiarkowany
FF5267,557, umiarkowany
FF5268,591, dobry
FF5362,501, slaby
FF5363,463, slaby
FF5364,458, slaby
FF5365,483, slaby
FF5366,438, zly
FF5367,480, slaby
FF5368,565, umiarkowany
FF5869,482, slaby
FF5960,421, zly
FF5961,455, slaby
FF5962,601, dobry
FF5963,624, dobry
FF5964,449, slaby
FF5965,510, slaby
FF5966,515, umiarkowany
FF5967,532, umiarkowany
FF5968,507, slaby
FF5969,627, dobry
FF5158,588, dobry
FF5251,559, umiarkowany
FF5256,497, slaby
FF5257,508, slaby
FF5258,473, slaby
FF5259,524, umiarkowany
FF5351,559, umiarkowany
FF5352,518, umiarkowany
FF5353,617, dobry
FF5354,614, dobry
FF5355,565, umiarkowany
FF5356,509, slaby
FF5357,517, umiarkowany
FF5358,545, umiarkowany
FF5657,532, umiarkowany
FF5658,508, slaby
FF5659,516, umiarkowany
FF5750,524, umiarkowany
FF5751,521, umiarkowany
FF5752,489, slaby
FF5753,527, umiarkowany
FF5754,581, dobry
FF5858,485, slaby
FF5859,450, slaby
FF5950,406, zly
FF5951,430, zly
FF5952,522, umiarkowany
FF5953,648, dobry
FF5954,506, slaby
FF5143,575, umiarkowany
FF5144,536, umiarkowany
FF5145,591, dobry
FF5146,591, dobry
FF5147,584, dobry
FF5148,639, dobry
FF5241,615, dobry
FF5242,640, dobry
FF5244,594, dobry
FF5245,549, umiarkowany
FF5247,578, umiarkowany
FF5347,555, umiarkowany
FF5348,600, dobry
FF5647,510, slaby
FF5648,438, zly
FF5649,461, slaby
FF5740,460, slaby
FF5741,550, umiarkowany
FF5742,484, slaby
FF5743,475, slaby
FF5744,495, slaby
FF5745,506, slaby
FF5746,569, umiarkowany
FF5747,557, umiarkowany
FF5748,503, slaby
FF5749,545, umiarkowany
FF5847,538, umiarkowany
FF5848,474, slaby
FF5849,471, slaby
FF5940,467, slaby
FF5941,414, zly
FF5942,603, dobry
FF5943,544, umiarkowany
FF5944,574, umiarkowany
FF6261,490, slaby
FF6251,454, slaby
FF6262,477, slaby
FF6252,476, slaby
FF6263,489, slaby
FF6253,468, slaby
FF6254,502, slaby
FF6255,551, umiarkowany
FF6266,469, slaby
FF6256,525, umiarkowany
FF6207,481, slaby
FF6208,432, zly
FF6209,456, slaby
FF6300,492, slaby
FF6301,532, umiarkowany
FF6302,450, slaby
FF5295,500, slaby
FF5296,454, slaby
FF5297,510, slaby
FF5299,500, slaby
FF5391,587, dobry
FF5392,577, umiarkowany
FF5393,508, slaby
FF5130,560, umiarkowany
FF5131,546, umiarkowany
FF5132,569, umiarkowany
FF5137,539, umiarkowany
FF5231,564, umiarkowany
FF5336,669, bardzo dobry
FF5337,522, umiarkowany
FF5338,500, slaby
FF5339,538, umiarkowany
FF5637,586, dobry
FF5638,519, umiarkowany
FF5639,520, umiarkowany
FF5734,542, umiarkowany
FF5735,587, dobry
FF5736,616, dobry
FF5737,637, dobry
FF5738,613, dobry
FF5739,530, umiarkowany
FF5830,533, umiarkowany
FF5831,360, zly
FF5834,546, umiarkowany
FF5835,520, umiarkowany
FF5837,566, umiarkowany
FF5838,471, slaby
FF5839,462, slaby
FF5930,626, dobry
FF5931,575, umiarkowany
FF5932,528, umiarkowany
FF5933,483, slaby
FF5029,521, umiarkowany
FF5120,567, umiarkowany
FF5121,568, umiarkowany
FF5122,554, umiarkowany
FF5127,527, umiarkowany
FF5221,534, umiarkowany
FF5224,614, dobry
FF5325,686, bardzo dobry
FF5328,494, slaby
FF5329,450, slaby
FF5627,517, umiarkowany
FF5628,507, slaby
FF5728,513, slaby
FF5729,527, umiarkowany
FF5820,548, umiarkowany
FF5821,598, dobry
FF5822,562, umiarkowany
FF5825,525, umiarkowany
FF5826,547, umiarkowany
FF5827,538, umiarkowany
FF5828,499, slaby
FF5829,464, slaby
FF5920,618, dobry
FF5921,517, umiarkowany
FF5922,611, dobry
FF5923,479, slaby
FF3969,505, slaby
FF3979,616, dobry
FF5919,542, umiarkowany
FF3918,529, umiarkowany
FF3948,528, umiarkowany
FF3958,485, slaby
FF3978,586, dobry
FF5908,563, umiarkowany
FF5918,488, slaby
FF5019,526, umiarkowany
FF5110,544, umiarkowany
FF5111,548, umiarkowany
FF5210,509, slaby
FF5211,524, umiarkowany
FF5213,606, dobry
FF5214,560, umiarkowany
FF5318,524, umiarkowany
FF5617,529, umiarkowany
FF5618,478, slaby
FF5619,512, slaby
FF5718,592, dobry
FF5810,605, dobry
FF5811,542, umiarkowany
FF5812,537, umiarkowany
FF5814,415, zly
FF5815,411, zly
FF5816,505, slaby
FF5817,630, dobry
FF5818,630, dobry
FF5819,641, dobry
FF5910,679, bardzo dobry
FF5912,632, dobry
FF3917,515, umiarkowany
FF3937,555, umiarkowany
FF3957,511, slaby
FF3977,585, dobry
FF3987,544, umiarkowany
FF4917,452, slaby
FF9295,579, umiarkowany
FF9296,617, dobry
FF9297,489, slaby
FF9298,461, slaby
FF9299,460, slaby
FF9390,512, slaby
FF9391,545, umiarkowany
FF9392,542, umiarkowany
FF9393,537, umiarkowany
FF9394,511, slaby
FF9395,518, umiarkowany
FF9396,567, umiarkowany
FF9397,600, dobry
FF9398,624, dobry
FF9491,605, dobry
FF9492,468, slaby
FF9493,527, umiarkowany
FF9494,534, umiarkowany
FF9495,435, zly
FF9496,487, slaby
FF9498,491, slaby
FF9499,448, slaby
FF9590,494, slaby
FF9591,645, dobry
FF9594,569, umiarkowany
FF9595,539, umiarkowany
FF9596,542, umiarkowany
FF9283,446, slaby
FF9284,475, slaby
FF9285,526, umiarkowany
FF9286,599, dobry
FF9287,418, zly
FF9288,454, slaby
FF9289,522, umiarkowany
FF9380,552, umiarkowany
FF9384,600, dobry
FF9481,544, umiarkowany
FF9482,531, umiarkowany
FF9483,552, umiarkowany
FF9484,533, umiarkowany
FF9489,561, umiarkowany
FF9580,480, slaby
FF9581,501, slaby
FF9584,547, umiarkowany
FF9585,552, umiarkowany
FF9586,523, umiarkowany
FF9587,564, umiarkowany
FF9681,618, dobry
FF9682,732, bardzo dobry
FF9686,629, dobry
FF9688,589, dobry
FF9689,524, umiarkowany
FF9780,572, umiarkowany
FF9273,435, zly
FF9274,512, slaby
FF9275,659, bardzo dobry
FF9276,507, slaby
FF9277,569, umiarkowany
FF9278,561, umiarkowany
FF9470,529, umiarkowany
FF9471,530, umiarkowany
FF9472,542, umiarkowany
FF9473,549, umiarkowany
FF9570,611, dobry
FF9571,618, dobry
FF9573,491, slaby
FF9574,517, umiarkowany
FF9575,595, dobry
FF9576,605, dobry
FF9671,770, bardzo dobry
FF9676,574, umiarkowany
FF9678,592, dobry
FF9979,512, slaby
FF9262,419, zly
FF9263,501, slaby
FF9264,645, dobry
FF9265,533, umiarkowany
FF9266,551, umiarkowany
FF9369,541, umiarkowany
FF9460,545, umiarkowany
FF9461,471, slaby
FF9462,551, umiarkowany
FF9463,566, umiarkowany
FF9562,652, dobry
FF9563,535, umiarkowany
FF9564,579, umiarkowany
FF9565,583, dobry
FF9661,830, bardzo dobry
FF9662,767, bardzo dobry
FF9663,746, bardzo dobry
FF9968,560, umiarkowany
FF9969,483, slaby
FF9251,455, slaby
FF9252,416, zly
FF9253,592, dobry
FF9254,559, umiarkowany
FF9359,619, dobry
FF9450,536, umiarkowany
FF9451,483, slaby
FF9452,585, dobry
FF9453,585, dobry
FF9553,532, umiarkowany
FF9554,616, dobry
FF9556,609, dobry
FF9559,590, dobry
FF9650,525, umiarkowany
FF9651,584, dobry
FF9652,657, dobry
FF9653,742, bardzo dobry
FF9654,635, dobry
FF9959,587, dobry
FF9240,553, umiarkowany
FF9241,472, slaby
FF9242,419, zly
FF9243,629, dobry
FF9440,543, umiarkowany
FF9441,614, dobry
FF9442,619, dobry
FF9545,539, umiarkowany
FF9546,557, umiarkowany
FF9547,547, umiarkowany
FF9548,560, umiarkowany
FF9549,547, umiarkowany
FF9640,497, slaby
FF9641,513, slaby
FF9642,724, bardzo dobry
FF9643,590, dobry
FF9230,478, slaby
FF9231,534, umiarkowany
FF9232,599, dobry
FF9233,578, umiarkowany
FF9432,618, dobry
FF9536,576, umiarkowany
FF9537,596, dobry
FF9539,533, umiarkowany
FF9630,525, umiarkowany
FF9631,687, bardzo dobry
FF9632,760, bardzo dobry
FF9636,579, umiarkowany
FF9637,510, slaby
FF9129,541, umiarkowany
FF9220,518, umiarkowany
FF9221,593, dobry
FF9222,431, zly
FF9223,512, slaby
FF9421,498, slaby
FF9422,534, umiarkowany
FF9423,539, umiarkowany
FF9525,637, dobry
FF9527,662, bardzo dobry
FF9528,622, dobry
FF9529,608, dobry
FF9620,520, umiarkowany
FF9621,756, bardzo dobry
FF9622,696, bardzo dobry
FF9928,625, dobry
FF9929,624, dobry
FF9118,557, umiarkowany
FF9119,540, umiarkowany
FF9210,639, dobry
FF9211,488, slaby
FF9212,538, umiarkowany
FF9214,656, dobry
FF9319,536, umiarkowany
FF9410,543, umiarkowany
FF9411,556, umiarkowany
FF9412,538, umiarkowany
FF9514,619, dobry
FF9518,512, slaby
FF9519,602, dobry
FF9610,566, umiarkowany
FF9613,726, bardzo dobry
FF9816,769, bardzo dobry
FF9817,734, bardzo dobry
FF9912,747, bardzo dobry
FF9913,697, bardzo dobry
FF9915,631, dobry
FF9917,768, bardzo dobry
FF9918,527, umiarkowany
FF9919,561, umiarkowany
FF9108,574, umiarkowany
FF9109,599, dobry
FF9200,620, dobry
FF9201,535, umiarkowany
FF9202,592, dobry
FF9309,533, umiarkowany
FF9400,553, umiarkowany
FF9401,527, umiarkowany
FF9403,524, umiarkowany
FF9503,593, dobry
FF9507,556, umiarkowany
FF9508,542, umiarkowany
FF9509,515, umiarkowany
FF9600,517, umiarkowany
FF9602,548, umiarkowany
FF9603,635, dobry
FF9804,666, bardzo dobry
FF9805,634, dobry
FF9806,621, dobry
FF9807,549, umiarkowany
FF9808,596, dobry
FF9902,649, dobry
FF9905,714, bardzo dobry
FF9906,652, dobry
FF9907,620, dobry
FF9908,641, dobry
FF9909,690, bardzo dobry
FF8198,503, slaby
FF8199,602, dobry
FF8290,550, umiarkowany
FF8495,524, umiarkowany
FF8496,579, umiarkowany
FF8497,598, dobry
FF8498,488, slaby
FF8499,538, umiarkowany
FF8592,573, umiarkowany
FF8597,585, dobry
FF8599,552, umiarkowany
FF8691,584, dobry
FF8698,528, umiarkowany
FF8699,685, bardzo dobry
FF8790,743, bardzo dobry
FF8796,690, bardzo dobry
FF8797,668, bardzo dobry
FF8891,667, bardzo dobry
FF8893,758, bardzo dobry
FF8894,631, dobry
FF8895,536, umiarkowany
FF8896,635, dobry
FF8991,552, umiarkowany
FF8992,662, bardzo dobry
FF8994,531, umiarkowany
FF8995,673, bardzo dobry
FF8996,668, bardzo dobry
FF8997,527, umiarkowany
FF8998,471, slaby
FF8999,501, slaby
FF8188,523, umiarkowany
FF8189,578, umiarkowany
FF8480,574, umiarkowany
FF8485,595, dobry
FF8486,557, umiarkowany
FF8487,505, slaby
FF8488,603, dobry
FF8489,610, dobry
FF8580,573, umiarkowany
FF8587,568, umiarkowany
FF8588,531, umiarkowany
FF8589,577, umiarkowany
FF8680,517, umiarkowany
FF8681,423, zly
FF8688,623, dobry
FF8689,632, dobry
FF8780,578, umiarkowany
FF8782,568, umiarkowany
FF8783,636, dobry
FF8784,610, dobry
FF8785,588, dobry
FF8786,404, zly
FF8880,569, umiarkowany
FF8881,673, bardzo dobry
FF8882,723, bardzo dobry
FF8883,619, dobry
FF8884,677, bardzo dobry
FF8885,601, dobry
FF8886,556, umiarkowany
FF8887,639, dobry
FF8983,696, bardzo dobry
FF8984,749, bardzo dobry
FF8985,648, dobry
FF8986,644, dobry
FF8987,627, dobry
FF8988,562, umiarkowany
FF8989,538, umiarkowany
FF7128,487, slaby
FF7118,493, slaby
FF7129,510, slaby
FF7119,516, umiarkowany
FF7220,456, slaby
FF7210,477, slaby
FF7223,534, umiarkowany
FF7224,509, slaby
FF7214,449, slaby
FF7215,524, umiarkowany
FF7216,522, umiarkowany
FF7227,517, umiarkowany
FF7312,628, dobry
FF7313,509, slaby
FF7314,506, slaby
FF7315,482, slaby
FF7326,585, dobry
FF7316,443, slaby
FF7327,496, slaby
FF7317,442, slaby
FF7328,407, zly
FF7329,403, zly
FF7420,402, zly
FF7429,526, umiarkowany
FF7520,503, slaby
FF7510,572, umiarkowany
FF7521,558, umiarkowany
FF7511,562, umiarkowany
FF7522,614, dobry
FF7512,601, dobry
FF7513,564, umiarkowany
FF7514,588, dobry
FF7525,568, umiarkowany
FF7515,516, umiarkowany
FF7526,586, dobry
FF7516,529, umiarkowany
FF7527,605, dobry
FF7517,547, umiarkowany
FF7528,530, umiarkowany
FF7518,534, umiarkowany
FF7529,548, umiarkowany
FF7519,597, dobry
FF7620,632, dobry
FF7610,566, umiarkowany
FF7624,639, dobry
FF7614,588, dobry
FF7625,540, umiarkowany
FF7615,505, slaby
FF7626,567, umiarkowany
FF7616,542, umiarkowany
FF7108,504, slaby
FF7109,513, slaby
FF7200,509, slaby
FF7201,469, slaby
FF7203,584, dobry
FF7204,551, umiarkowany
FF7205,504, slaby
FF7206,480, slaby
FF7207,475, slaby
FF7208,541, umiarkowany
FF7300,515, umiarkowany
FF7301,519, umiarkowany
FF7302,586, dobry
FF7303,542, umiarkowany
FF7304,462, slaby
FF7305,477, slaby
FF7502,548, umiarkowany
FF7503,492, slaby
FF7504,526, umiarkowany
FF7505,551, umiarkowany
FF7506,486, slaby
FF7507,553, umiarkowany
FF7508,567, umiarkowany
FF7509,544, umiarkowany
FF7600,502, slaby
FF7601,514, slaby
FF7603,564, umiarkowany
FF7604,454, slaby
FF7605,483, slaby
FF7606,557, umiarkowany
FF7294,488, slaby
FF8205,499, slaby
FF7295,491, slaby
FF8206,508, slaby
FF7296,497, slaby
FF8207,527, umiarkowany
FF7297,547, umiarkowany
FF8208,529, umiarkowany
FF7298,557, umiarkowany
FF7390,527, umiarkowany
FF7391,557, umiarkowany
FF8302,553, umiarkowany
FF7392,605, dobry
FF8303,570, umiarkowany
FF7393,629, dobry
FF8304,471, slaby
FF7394,532, umiarkowany
FF8308,634, dobry
FF8400,522, umiarkowany
FF8401,589, dobry
FF7491,512, slaby
FF8402,616, dobry
FF7492,588, dobry
FF8403,537, umiarkowany
FF7493,569, umiarkowany
FF8404,572, umiarkowany
FF7494,547, umiarkowany
FF8405,545, umiarkowany
FF7495,520, umiarkowany
FF7496,606, dobry
FF8501,540, umiarkowany
FF8502,517, umiarkowany
FF8503,529, umiarkowany
FF7593,556, umiarkowany
FF7594,558, umiarkowany
FF7598,639, dobry
FF7599,689, bardzo dobry
FF7690,589, dobry
FF8601,578, umiarkowany
FF7691,517, umiarkowany
FF8602,513, slaby
FF7692,577, umiarkowany
FF8603,583, dobry
FF7693,544, umiarkowany
FF8604,644, dobry
FF7694,557, umiarkowany
FF8605,509, slaby
FF7695,494, slaby
FF8606,480, slaby
FF7696,493, slaby
FF8607,498, slaby
FF7697,506, slaby
FF8705,517, umiarkowany
FF7797,523, umiarkowany
FF8708,505, slaby
FF7798,467, slaby
FF8709,506, slaby
FF7799,503, slaby
FF8800,552, umiarkowany
FF7890,463, slaby
FF8801,553, umiarkowany
FF7891,523, umiarkowany
FF7892,528, umiarkowany
FF8805,617, dobry
FF7895,552, umiarkowany
FF8806,571, umiarkowany
FF7896,551, umiarkowany
FF7897,504, slaby
FF8808,543, umiarkowany
FF7898,474, slaby
FF7899,540, umiarkowany
FF7990,516, umiarkowany
FF8901,552, umiarkowany
FF7991,506, slaby
FF8902,484, slaby
FF7992,442, slaby
FF8903,414, zly
FF8904,422, zly
FF8905,445, slaby
FF7284,464, slaby
FF7285,532, umiarkowany
FF7286,555, umiarkowany
FF7288,570, umiarkowany
FF7289,550, umiarkowany
FF7380,545, umiarkowany
FF7381,558, umiarkowany
FF7382,590, dobry
FF7383,555, umiarkowany
FF7481,549, umiarkowany
FF7482,563, umiarkowany
FF7483,554, umiarkowany
FF7484,587, dobry
FF7485,642, dobry
FF7486,571, umiarkowany
FF7583,502, slaby
FF7584,555, umiarkowany
FF7585,600, dobry
FF7587,629, dobry
FF7588,533, umiarkowany
FF7589,526, umiarkowany
FF7680,535, umiarkowany
FF7681,559, umiarkowany
FF7684,587, dobry
FF7686,532, umiarkowany
FF7687,542, umiarkowany
FF7688,508, slaby
FF7689,470, slaby
FF7785,579, umiarkowany
FF7786,501, slaby
FF7787,523, umiarkowany
FF7788,442, slaby
FF7789,469, slaby
FF7880,511, slaby
FF7881,497, slaby
FF7882,489, slaby
FF7883,526, umiarkowany
FF7884,455, slaby
FF7885,522, umiarkowany
FF7888,449, slaby
FF7889,476, slaby
FF7980,438, zly
FF7981,476, slaby
FF7273,526, umiarkowany
FF7274,543, umiarkowany
FF7275,539, umiarkowany
FF7276,541, umiarkowany
FF7277,578, umiarkowany
FF7278,594, dobry
FF7279,516, umiarkowany
FF7370,539, umiarkowany
FF7371,582, dobry
FF7372,620, dobry
FF7375,499, slaby
FF7376,601, dobry
FF7377,559, umiarkowany
FF7573,520, umiarkowany
FF7574,563, umiarkowany
FF7575,521, umiarkowany
FF7576,621, dobry
FF7577,538, umiarkowany
FF7578,480, slaby
FF7579,517, umiarkowany
FF7670,523, umiarkowany
FF7671,616, dobry
FF7675,604, dobry
FF7676,512, slaby
FF7677,541, umiarkowany
FF7777,483, slaby
FF7778,506, slaby
FF7779,497, slaby
FF7870,489, slaby
FF7871,418, zly
FF7872,473, slaby
FF7873,488, slaby
FF7874,505, slaby
FF7875,523, umiarkowany
FF7260,483, slaby
FF7261,503, slaby
FF7262,545, umiarkowany
FF7263,501, slaby
FF7264,611, dobry
FF7265,476, slaby
FF7266,480, slaby
FF7267,537, umiarkowany
FF7268,535, umiarkowany
FF7269,539, umiarkowany
FF7361,581, dobry
FF7362,702, bardzo dobry
FF7364,542, umiarkowany
FF7365,532, umiarkowany
FF7366,535, umiarkowany
FF7367,586, dobry
FF7368,585, dobry
FF7369,447, slaby
FF7562,533, umiarkowany
FF7563,530, umiarkowany
FF7564,503, slaby
FF7565,480, slaby
FF7566,479, slaby
FF7567,542, umiarkowany
FF7568,553, umiarkowany
FF7569,463, slaby
FF7660,521, umiarkowany
FF7666,528, umiarkowany
FF7667,593, dobry
FF7668,605, dobry
FF7766,472, slaby
FF7767,498, slaby
FF7768,481, slaby
FF7769,471, slaby
FF7860,483, slaby
FF7861,524, umiarkowany
FF7862,479, slaby
FF7863,424, zly
FF7864,376, zly
FF7865,430, zly
FF7250,533, umiarkowany
FF7251,556, umiarkowany
FF7252,561, umiarkowany
FF7254,545, umiarkowany
FF7255,601, dobry
FF7256,517, umiarkowany
FF7257,527, umiarkowany
FF7258,485, slaby
FF7259,529, umiarkowany
FF7350,581, dobry
FF7351,505, slaby
FF7352,436, zly
FF7353,448, slaby
FF7354,424, zly
FF7355,582, dobry
FF7357,543, umiarkowany
FF7358,541, umiarkowany
FF7359,488, slaby
FF7450,502, slaby
FF7551,539, umiarkowany
FF7552,543, umiarkowany
FF7553,573, umiarkowany
FF7554,587, dobry
FF7555,507, slaby
FF7556,612, dobry
FF7557,509, slaby
FF7558,486, slaby
FF7559,435, zly
FF7650,569, umiarkowany
FF7651,586, dobry
FF7658,534, umiarkowany
FF7758,433, zly
FF7759,447, slaby
FF7850,463, slaby
FF7851,477, slaby
FF7852,364, zly
FF7853,439, zly
FF7854,365, zly
FF7240,501, slaby
FF7241,580, dobry
FF7244,520, umiarkowany
FF7245,566, umiarkowany
FF7246,560, umiarkowany
FF7247,578, umiarkowany
FF7248,561, umiarkowany
FF7249,599, dobry
FF7341,572, umiarkowany
FF7342,548, umiarkowany
FF7343,475, slaby
FF7344,578, umiarkowany
FF7348,465, slaby
FF7349,528, umiarkowany
FF7440,546, umiarkowany
FF7541,515, umiarkowany
FF7542,552, umiarkowany
FF7543,542, umiarkowany
FF7544,587, dobry
FF7547,535, umiarkowany
FF7644,635, dobry
FF7645,520, umiarkowany
FF7648,551, umiarkowany
FF7649,603, dobry
FF7748,397, zly
FF7749,435, zly
FF7840,441, slaby
FF7841,430, zly
FF7842,448, slaby
FF7843,502, slaby
FF7234,582, dobry
FF7237,561, umiarkowany
FF7238,636, dobry
FF7331,589, dobry
FF7332,528, umiarkowany
FF7333,579, umiarkowany
FF7337,542, umiarkowany
FF7338,477, slaby
FF7339,436, zly
FF7430,553, umiarkowany
FF7530,571, umiarkowany
FF7531,515, umiarkowany
FF7532,529, umiarkowany
FF7533,529, umiarkowany
FF7534,596, dobry
FF7535,524, umiarkowany
FF7538,567, umiarkowany
FF7539,586, dobry
FF7630,613, dobry
FF7634,584, dobry
FF7635,504, slaby
FF7639,566, umiarkowany
FF8379,510, slaby
FF8470,553, umiarkowany
FF8471,596, dobry
FF8472,582, dobry
FF8475,517, umiarkowany
FF8476,534, umiarkowany
FF8477,631, dobry
FF8572,524, umiarkowany
FF8573,599, dobry
FF8574,575, umiarkowany
FF8576,522, umiarkowany
FF8577,543, umiarkowany
FF8578,547, umiarkowany
FF8579,514, slaby
FF8670,486, slaby
FF8671,498, slaby
FF8672,432, zly
FF8673,601, dobry
FF8674,634, dobry
FF8675,647, dobry
FF8676,623, dobry
FF8677,667, bardzo dobry
FF8678,639, dobry
FF8679,456, slaby
FF8770,510, slaby
FF8771,703, bardzo dobry
FF8772,573, umiarkowany
FF8773,518, umiarkowany
FF8774,585, dobry
FF8775,544, umiarkowany
FF8776,452, slaby
FF8777,537, umiarkowany
FF8779,508, slaby
FF8870,638, dobry
FF8873,584, dobry
FF8973,525, umiarkowany
FF8974,589, dobry
FF8976,676, bardzo dobry
FF8977,564, umiarkowany
FF8978,582, dobry
FF8979,554, umiarkowany
FF8368,559, umiarkowany
FF8369,510, slaby
FF8460,509, slaby
FF8461,597, dobry
FF8462,581, dobry
FF8463,553, umiarkowany
FF8464,550, umiarkowany
FF8560,566, umiarkowany
FF8561,588, dobry
FF8562,556, umiarkowany
FF8566,539, umiarkowany
FF8567,627, dobry
FF8568,572, umiarkowany
FF8569,491, slaby
FF8660,609, dobry
FF8661,562, umiarkowany
FF8662,497, slaby
FF8663,509, slaby
FF8664,486, slaby
FF8665,568, umiarkowany
FF8666,583, dobry
FF8667,487, slaby
FF8668,484, slaby
FF8669,504, slaby
FF8760,536, umiarkowany
FF8761,543, umiarkowany
FF8762,520, umiarkowany
FF8763,477, slaby
FF8764,500, slaby
FF8766,500, slaby
FF8767,517, umiarkowany
FF8768,613, dobry
FF8861,573, umiarkowany
FF8862,570, umiarkowany
FF8867,640, dobry
FF8357,518, umiarkowany
FF8358,525, umiarkowany
FF8359,544, umiarkowany
FF8450,562, umiarkowany
FF8458,614, dobry
FF8459,542, umiarkowany
FF8550,532, umiarkowany
FF8551,516, umiarkowany
FF8555,555, umiarkowany
FF8556,518, umiarkowany
FF8557,620, dobry
FF8650,487, slaby
FF8651,496, slaby
FF8652,489, slaby
FF8653,435, zly
FF8654,533, umiarkowany
FF8655,496, slaby
FF8657,595, dobry
FF8658,548, umiarkowany
FF8752,522, umiarkowany
FF8753,577, umiarkowany
FF8754,591, dobry
FF8756,601, dobry
FF8757,546, umiarkowany
FF8851,560, umiarkowany
FF8852,583, dobry
FF8856,630, dobry
FF8954,673, bardzo dobry
FF8341,515, umiarkowany
FF8342,532, umiarkowany
FF8347,547, umiarkowany
FF8348,561, umiarkowany
FF8349,629, dobry
FF8440,582, dobry
FF8441,555, umiarkowany
FF8442,543, umiarkowany
FF8448,511, slaby
FF8449,523, umiarkowany
FF8540,525, umiarkowany
FF8541,570, umiarkowany
FF8544,525, umiarkowany
FF8545,494, slaby
FF8546,473, slaby
FF8549,519, umiarkowany
FF8640,524, umiarkowany
FF8641,492, slaby
FF8642,502, slaby
FF8643,608, dobry
FF8646,533, umiarkowany
FF8647,587, dobry
FF8648,559, umiarkowany
FF8741,595, dobry
FF8745,596, dobry
FF8746,543, umiarkowany
FF8842,555, umiarkowany
FF8942,674, bardzo dobry
FF8946,525, umiarkowany
FF8947,475, slaby
FF8948,466, slaby
FF8239,442, slaby
FF8330,406, zly
FF8331,387, zly
FF8332,595, dobry
FF8333,596, dobry
FF8337,545, umiarkowany
FF8338,572, umiarkowany
FF8339,591, dobry
FF8431,540, umiarkowany
FF8432,584, dobry
FF8435,509, slaby
FF8436,549, umiarkowany
FF8437,544, umiarkowany
FF8438,545, umiarkowany
FF8439,545, umiarkowany
FF8530,565, umiarkowany
FF8532,628, dobry
FF8533,549, umiarkowany
FF8534,555, umiarkowany
FF8535,483, slaby
FF8536,519, umiarkowany
FF8537,550, umiarkowany
FF8538,541, umiarkowany
FF8539,488, slaby
FF8630,523, umiarkowany
FF8631,574, umiarkowany
FF8632,576, umiarkowany
FF8633,593, dobry
FF8635,596, dobry
FF8636,539, umiarkowany
FF8637,533, umiarkowany
FF8638,558, umiarkowany
FF8731,573, umiarkowany
FF8735,568, umiarkowany
FF8736,596, dobry
FF8831,592, dobry
FF8835,583, dobry
FF8932,618, dobry
FF8933,576, umiarkowany
FF8935,599, dobry
FF8936,499, slaby
FF8937,443, slaby
FF8938,460, slaby
FF8939,507, slaby
FF8226,526, umiarkowany
FF8227,529, umiarkowany
FF8228,544, umiarkowany
FF8321,506, slaby
FF8322,578, umiarkowany
FF8323,515, umiarkowany
FF8327,530, umiarkowany
FF8328,593, dobry
FF8329,523, umiarkowany
FF8424,554, umiarkowany
FF8425,537, umiarkowany
FF8426,488, slaby
FF8427,520, umiarkowany
FF8428,534, umiarkowany
FF8429,540, umiarkowany
FF8520,556, umiarkowany
FF8521,557, umiarkowany
FF8522,560, umiarkowany
FF8523,592, dobry
FF8524,543, umiarkowany
FF8525,527, umiarkowany
FF8526,552, umiarkowany
FF8527,524, umiarkowany
FF8528,491, slaby
FF8529,503, slaby
FF8620,624, dobry
FF8623,575, umiarkowany
FF8721,580, dobry
FF8722,576, umiarkowany
FF8725,556, umiarkowany
FF8820,533, umiarkowany
FF8821,570, umiarkowany
FF8822,554, umiarkowany
FF8825,589, dobry
FF8826,578, umiarkowany
FF8922,566, umiarkowany
FF8923,593, dobry
FF8924,559, umiarkowany
FF8925,498, slaby
FF8926,481, slaby
FF8927,500, slaby
FF8928,433, zly
FF8929,433, zly
FF8216,580, dobry
FF8217,555, umiarkowany
FF8218,480, slaby
FF8312,611, dobry
FF8313,548, umiarkowany
FF8317,510, slaby
FF8318,538, umiarkowany
FF8319,568, umiarkowany
FF8410,561, umiarkowany
FF8414,574, umiarkowany
FF8415,565, umiarkowany
FF8416,574, umiarkowany
FF8419,560, umiarkowany
FF8510,607, dobry
FF8511,535, umiarkowany
FF8512,480, slaby
FF8513,515, umiarkowany
FF8514,601, dobry
FF8515,602, dobry
FF8516,541, umiarkowany
FF8517,490, slaby
FF8612,588, dobry
FF8613,517, umiarkowany
FF8616,552, umiarkowany
FF8619,567, umiarkowany
FF8710,579, umiarkowany
FF8715,574, umiarkowany
FF8811,587, dobry
FF8812,495, slaby
FF8816,571, umiarkowany
FF8911,564, umiarkowany
FF8914,564, umiarkowany
FF8915,442, slaby
FF8917,404, zly
FF8918,416, zly
FF6199,488, slaby
FF6290,482, slaby
FF6291,450, slaby
FF6293,521, umiarkowany
FF6294,521, umiarkowany
FF6295,543, umiarkowany
FF6296,436, zly
FF6297,466, slaby
FF6298,435, zly
FF6299,496, slaby
FF6390,437, zly
FF6391,402, zly
FF6392,481, slaby
FF6393,476, slaby
FF6592,522, umiarkowany
FF6593,506, slaby
FF6594,525, umiarkowany
FF6595,462, slaby
FF6596,488, slaby
FF6597,503, slaby
FF6598,492, slaby
FF6599,532, umiarkowany
FF6690,475, slaby
FF6691,491, slaby
FF6692,480, slaby
FF6693,497, slaby
FF6694,458, slaby
FF6695,445, slaby
FF6696,606, dobry
FF6698,537, umiarkowany
FF6189,482, slaby
FF6280,487, slaby
FF6281,446, slaby
FF6282,517, umiarkowany
FF6285,506, slaby
FF6286,433, zly
FF6287,420, zly
FF6288,410, zly
FF6289,368, zly
FF6380,404, zly
FF6381,419, zly
FF6587,564, umiarkowany
FF6588,499, slaby
FF6589,524, umiarkowany
FF6680,486, slaby
FF6682,503, slaby
FF6684,564, umiarkowany
FF6685,543, umiarkowany
FF6686,538, umiarkowany
FF6179,499, slaby
FF6270,474, slaby
FF6271,470, slaby
FF6272,513, slaby
FF6275,542, umiarkowany
FF6276,429, zly
FF6279,405, zly
FF6370,389, zly
FF6670,472, slaby
FF5707,501, slaby
FF5708,479, slaby
FF2736,411, zly
FF2746,384, zly
FF2756,503, slaby
FF2757,506, slaby
FF2776,343, zly
FF2786,537, umiarkowany
FF2796,544, umiarkowany
FF2797,544, umiarkowany
FF3706,546, umiarkowany
FF3707,609, dobry
FF3716,454, slaby
FF3717,488, slaby
FF3726,503, slaby
FF3727,506, slaby
FF3736,509, slaby
FF3737,358, zly
FF3746,531, umiarkowany
FF3747,521, umiarkowany
FF3756,583, dobry
FF3757,543, umiarkowany
FF3766,633, dobry
FF3767,513, slaby
FF3777,624, dobry
FF4777,351, zly
FF4787,496, slaby
FF4796,399, zly
FF4797,435, zly
FF5706,544, umiarkowany
FF5009,488, slaby
FF5100,530, umiarkowany
FF5200,514, slaby
FF5204,522, umiarkowany
FF5206,613, dobry
FF5306,518, umiarkowany
FF5307,510, slaby
FF5308,567, umiarkowany
FF5606,519, umiarkowany
FF5607,496, slaby
FF5703,549, umiarkowany
FF5704,372, zly
FF5705,482, slaby
FF2725,331, zly
FF2735,458, slaby
FF2775,450, slaby
FF2785,476, slaby
FF3705,563, umiarkowany
FF3715,474, slaby
FF4765,397, zly
FF4775,470, slaby
FF4785,465, slaby
FF4795,549, umiarkowany
FF2714,406, zly
FF2724,346, zly
FF2774,525, umiarkowany
FF2784,471, slaby
FF2794,522, umiarkowany
FF3704,635, dobry
FF3794,400, zly
FF4704,439, zly
FF4714,461, slaby
FF4764,415, zly
FF4774,414, zly
FF4784,444, slaby
FF4794,470, slaby
FF2713,344, zly
FF2723,333, zly
FF2753,537, umiarkowany
FF2763,593, dobry
FF2773,556, umiarkowany
FF2783,560, umiarkowany
FF3783,339, zly
FF3793,313, zly
FF4703,465, slaby
FF4713,455, slaby
FF4723,368, zly
FF4733,345, zly
FF4763,432, zly
FF4773,398, zly
FF4783,453, slaby
FF2712,469, slaby
FF2722,441, slaby
FF2752,502, slaby
FF3772,489, slaby
FF3782,436, zly
FF3792,404, zly
FF4702,635, dobry
FF4722,489, slaby
FF4732,387, zly
FF4742,314, zly
FF4762,435, zly
FF4772,501, slaby
FF4792,484, slaby
FF2721,467, slaby
FF2731,494, slaby
FF2741,504, slaby
FF4721,575, umiarkowany
FF4731,502, slaby
FF4741,394, zly
FF4751,433, zly
FF4761,431, zly
FF4771,531, umiarkowany
FF4791,506, slaby
FF4740,537, umiarkowany
FF4750,496, slaby
FF4760,430, zly
FF4790,477, slaby
FF3679,496, slaby
FF4659,566, umiarkowany
FF4669,448, slaby
FF4689,475, slaby
FF4699,479, slaby
FF3678,547, umiarkowany
FF4608,568, umiarkowany
FF4618,496, slaby
FF4658,588, dobry
FF4668,546, umiarkowany
FF4678,458, slaby
FF4688,581, dobry
FF4698,629, dobry
FF3936,584, dobry
FF3946,448, slaby
FF3956,487, slaby
FF3986,576, umiarkowany
FF3996,492, slaby
FF4906,613, dobry
FF4916,511, slaby
FF3935,635, dobry
FF3945,421, zly
FF3955,546, umiarkowany
FF3975,501, slaby
FF3985,544, umiarkowany
FF3995,494, slaby
FF4905,492, slaby
FF4915,519, umiarkowany
FF4995,533, umiarkowany
FF3944,576, umiarkowany
FF3954,587, dobry
FF3974,509, slaby
FF3984,502, slaby
FF3994,517, umiarkowany
FF4904,492, slaby
FF4914,489, slaby
FF4924,560, umiarkowany
FF4984,573, umiarkowany
FF4994,521, umiarkowany
FF2853,319, zly
FF2854,454, slaby
FF2863,513, slaby
FF2864,494, slaby
FF2873,523, umiarkowany
FF2883,462, slaby
FF2884,501, slaby
FF2893,493, slaby
FF2894,533, umiarkowany
FF3804,447, slaby
FF3814,490, slaby
FF3853,388, zly
FF3854,416, zly
FF3863,435, zly
FF3864,493, slaby
FF3874,550, umiarkowany
FF3893,457, slaby
FF3894,636, dobry
FF4803,379, zly
FF4804,531, umiarkowany
FF4813,450, slaby
FF4814,517, umiarkowany
FF4823,425, zly
FF4824,433, zly
FF4833,423, zly
FF4834,440, zly
FF4843,599, dobry
FF4844,565, umiarkowany
FF4853,573, umiarkowany
FF4854,644, dobry
FF4863,525, umiarkowany
FF4864,525, umiarkowany
FF4873,557, umiarkowany
FF4874,367, zly
FF4883,532, umiarkowany
FF4884,330, zly
FF4893,352, zly
FF4894,411, zly
FF5803,514, slaby
FF2862,444, slaby
FF2872,557, umiarkowany
FF2882,425, zly
FF2892,471, slaby
FF3852,473, slaby
FF3862,579, umiarkowany
FF3872,557, umiarkowany
FF3882,473, slaby
FF3892,464, slaby
FF4802,425, zly
FF4812,449, slaby
FF4822,427, zly
FF4832,561, umiarkowany
FF4842,614, dobry
FF4852,607, dobry
FF4862,447, slaby
FF4872,393, zly
FF4882,472, slaby
FF4892,616, dobry
FF5802,554, umiarkowany
FF2861,378, zly
FF2871,553, umiarkowany
FF2881,456, slaby
FF3851,568, umiarkowany
FF3881,465, slaby
FF3891,382, zly
FF4801,445, slaby
FF4811,492, slaby
FF4821,573, umiarkowany
FF4831,567, umiarkowany
FF4841,380, zly
FF4851,387, zly
FF4861,420, zly
FF4871,422, zly
FF4881,433, zly
FF4891,587, dobry
FF5801,531, umiarkowany
FF2953,356, zly
FF2963,391, zly
FF2973,326, zly
FF2983,390, zly
FF3933,713, bardzo dobry
FF3963,502, slaby
FF3973,430, zly
FF3983,500, slaby
FF3993,558, umiarkowany
FF4903,529, umiarkowany
FF4913,454, slaby
FF4923,455, slaby
FF4933,537, umiarkowany
FF4943,515, umiarkowany
FF4973,583, dobry
FF4983,531, umiarkowany
FF4993,560, umiarkowany
FF5903,591, dobry
FF2952,405, zly
FF2962,476, slaby
FF2972,372, zly
FF2982,320, zly
FF2992,464, slaby
FF3962,585, dobry
FF3972,518, umiarkowany
FF3982,513, slaby
FF3992,454, slaby
FF4902,377, zly
FF4912,457, slaby
FF4922,582, dobry
FF4952,531, umiarkowany
FF4972,522, umiarkowany
FF4982,534, umiarkowany
FF2951,412, zly
FF2961,498, slaby
FF2971,516, umiarkowany
FF2981,447, slaby
FF2991,429, zly
FF3931,652, dobry
FF3981,552, umiarkowany
FF3991,362, zly
FF4901,400, zly
FF4911,542, umiarkowany
FF4971,501, slaby
FF4981,523, umiarkowany
FF2950,387, zly
FF2960,512, slaby
FF2970,462, slaby
FF2980,574, umiarkowany
FF3900,478, slaby
FF3910,542, umiarkowany
FF3920,500, slaby
FF3980,473, slaby
FF3990,394, zly
FF4900,432, zly
FF4910,555, umiarkowany
FF4950,575, umiarkowany
FF4960,525, umiarkowany
FF4970,564, umiarkowany
FF2859,390, zly
FF2869,505, slaby
FF2879,502, slaby
FF3809,456, slaby
FF3819,462, slaby
FF3829,507, slaby
FF3889,472, slaby
FF3899,453, slaby
FF4809,411, zly
FF4819,491, slaby
FF4849,571, umiarkowany
FF4859,532, umiarkowany
FF4869,418, zly
FF4879,494, slaby
FF4899,644, dobry
FF5809,525, umiarkowany
FF2858,426, zly
FF2868,547, umiarkowany
FF3808,496, slaby
FF3818,494, slaby
FF3828,587, dobry
FF3858,509, slaby
FF3878,564, umiarkowany
FF3888,515, umiarkowany
FF3898,429, zly
FF4808,427, zly
FF4818,533, umiarkowany
FF4848,537, umiarkowany
FF4858,441, slaby
FF4868,414, zly
FF4878,449, slaby
FF4888,590, dobry
FF4898,522, umiarkowany
FF5808,351, zly
FF2857,452, slaby
FF2867,498, slaby
FF3817,658, dobry
FF3827,645, dobry
FF3837,482, slaby
FF3857,498, slaby
FF3867,534, umiarkowany
FF3877,490, slaby
FF3887,478, slaby
FF3897,444, slaby
FF4807,434, zly
FF4817,563, umiarkowany
FF4847,530, umiarkowany
FF4857,486, slaby
FF4867,456, slaby
FF4877,521, umiarkowany
FF4887,570, umiarkowany
FF4897,543, umiarkowany
FF5807,625, dobry
FF2866,461, slaby
FF2876,572, umiarkowany
FF3816,607, dobry
FF3826,537, umiarkowany
FF3836,486, slaby
FF3846,531, umiarkowany
FF3856,567, umiarkowany
FF3866,528, umiarkowany
FF3876,483, slaby
FF3886,455, slaby
FF4806,597, dobry
FF4836,643, dobry
FF4846,542, umiarkowany
FF4856,522, umiarkowany
FF4866,667, bardzo dobry
FF4876,649, dobry
FF4886,680, bardzo dobry
FF4896,575, umiarkowany
FF5806,555, umiarkowany
FF2865,456, slaby
FF2875,626, dobry
FF2895,500, slaby
FF3805,497, slaby
FF3815,488, slaby
FF3825,597, dobry
FF3845,492, slaby
FF3855,521, umiarkowany
FF3865,517, umiarkowany
FF3875,463, slaby
FF3885,468, slaby
FF4825,558, umiarkowany
FF4835,515, umiarkowany
FF4845,537, umiarkowany
FF4855,639, dobry
FF4865,656, dobry
FF4875,334, zly
FF4885,425, zly
FF4895,379, zly
FF5805,402, zly
FF2860,351, zly
FF2880,575, umiarkowany
FF3870,597, dobry
FF3880,458, slaby
FF3890,487, slaby
FF4800,444, slaby
FF4810,646, dobry
FF4870,415, zly
FF4880,445, slaby
FF4890,486, slaby
FF5800,564, umiarkowany
FF3729,634, dobry
FF3779,557, umiarkowany
FF3789,499, slaby
FF3799,613, dobry
FF4709,644, dobry
FF4769,377, zly
FF4779,413, zly
FF4789,388, zly
FF4799,362, zly
FF5709,522, umiarkowany
FF3708,550, umiarkowany
FF3718,545, umiarkowany
FF3748,639, dobry
FF3758,499, slaby
FF3768,465, slaby
FF3778,430, zly
FF3788,659, bardzo dobry
FF3798,541, umiarkowany
FF4768,285, zly
FF4778,305, zly
FF4788,413, zly
FF4798,445, slaby
FF3565,531, umiarkowany
FF3585,552, umiarkowany
FF3586,534, umiarkowany
FF3595,579, umiarkowany
FF3596,417, zly
FF4505,501, slaby
FF4506,525, umiarkowany
FF4516,534, umiarkowany
FF4526,527, umiarkowany
FF4536,475, slaby
FF4546,574, umiarkowany
FF4556,528, umiarkowany
FF3687,524, umiarkowany
FF3697,599, dobry
FF4607,592, dobry
FF4617,521, umiarkowany
FF4627,500, slaby
FF4657,556, umiarkowany
FF4667,509, slaby
FF4677,469, slaby
FF4697,500, slaby
FF3676,590, dobry
FF3686,523, umiarkowany
FF3696,512, slaby
FF4606,573, umiarkowany
FF4626,562, umiarkowany
FF4656,546, umiarkowany
FF4666,505, slaby
FF4676,498, slaby
FF4696,457, slaby
FF3655,627, dobry
FF3665,488, slaby
FF3675,533, umiarkowany
FF3685,535, umiarkowany
FF3695,502, slaby
FF4605,499, slaby
FF4645,588, dobry
FF4655,548, umiarkowany
FF4665,529, umiarkowany
FF3664,624, dobry
FF3674,611, dobry
FF4654,518, umiarkowany
FF4664,478, slaby
FF3653,597, dobry
FF3663,492, slaby
FF3673,653, dobry
FF4663,517, umiarkowany
FF4673,485, slaby
FF3652,479, slaby
FF3662,442, slaby
FF3672,620, dobry
FF4632,566, umiarkowany
FF4642,544, umiarkowany
FF4662,516, umiarkowany
FF4672,464, slaby
FF4682,475, slaby
FF3661,498, slaby
FF3671,537, umiarkowany
FF3681,767, bardzo dobry
FF4641,590, dobry
FF4651,602, dobry
FF4671,535, umiarkowany
FF4681,466, slaby
FF4691,458, slaby
FF3660,430, zly
FF3670,506, slaby
FF3690,645, dobry
FF4600,639, dobry
FF4650,568, umiarkowany
FF4660,511, slaby
FF4670,510, slaby
FF4680,504, slaby
FF4690,487, slaby
FF3569,519, umiarkowany
FF3579,520, umiarkowany
FF3599,540, umiarkowany
FF4509,528, umiarkowany
FF4519,615, dobry
FF3598,564, umiarkowany
FF4508,469, slaby
FF4518,557, umiarkowany
FF4568,548, umiarkowany
FF3577,527, umiarkowany
FF4507,488, slaby
FF4517,492, slaby
FF4527,586, dobry
FF4537,488, slaby
FF4547,552, umiarkowany
FF4557,576, umiarkowany
FF4567,518, umiarkowany
FF4577,525, umiarkowany
FF4099,450, slaby
FF4190,510, slaby
FF4191,519, umiarkowany
FF4196,560, umiarkowany
FF4290,576, umiarkowany
FF4292,540, umiarkowany
FF4295,568, umiarkowany
FF4296,497, slaby
FF4390,569, umiarkowany
FF4396,483, slaby
FF4397,470, slaby
FF3564,496, slaby
FF3574,560, umiarkowany
FF3594,509, slaby
FF4504,429, zly
FF4514,519, umiarkowany
FF3543,481, slaby
FF3553,514, slaby
FF3563,542, umiarkowany
FF3593,454, slaby
FF4503,419, zly
FF4513,482, slaby
FF3542,423, zly
FF3552,467, slaby
FF3582,521, umiarkowany
FF3592,521, umiarkowany
FF4502,513, slaby
FF4512,418, zly
FF3511,393, zly
FF3521,398, zly
FF3531,402, zly
FF3541,443, slaby
FF3551,421, zly
FF3561,475, slaby
FF3571,491, slaby
FF4511,514, slaby
FF4521,462, slaby
FF4531,484, slaby
FF3500,453, slaby
FF3510,436, zly
FF3520,436, zly
FF3530,448, slaby
FF3540,375, zly
FF3550,496, slaby
FF3560,503, slaby
FF3570,575, umiarkowany
FF3580,621, dobry
FF4520,554, umiarkowany
FF4530,533, umiarkowany
FF4540,511, slaby
FF3409,509, slaby
FF3419,501, slaby
FF3429,549, umiarkowany
FF3449,494, slaby
FF3479,627, dobry
FF3489,473, slaby
FF4449,444, slaby
FF4459,446, slaby
FF3408,406, zly
FF3418,525, umiarkowany
FF3448,583, dobry
FF3458,478, slaby
FF3478,591, dobry
FF3488,509, slaby
FF3498,554, umiarkowany
FF4448,571, umiarkowany
FF4458,405, zly
FF4468,428, zly
FF3417,603, dobry
FF3447,632, dobry
FF3457,513, slaby
FF3467,589, dobry
FF3477,502, slaby
FF3487,397, zly
FF3497,442, slaby
FF4407,558, umiarkowany
FF4457,546, umiarkowany
FF4467,493, slaby
FF4477,561, umiarkowany
FF4286,581, dobry
FF4287,574, umiarkowany
FF4288,554, umiarkowany
FF4289,550, umiarkowany
FF4089,402, zly
FF4180,464, slaby
FF4181,488, slaby
FF4280,519, umiarkowany
FF4283,566, umiarkowany
FF4284,541, umiarkowany
FF4285,587, dobry
FF4380,555, umiarkowany
FF4381,562, umiarkowany
FF4382,546, umiarkowany
FF4383,508, slaby
FF3247,577, umiarkowany
FF3257,553, umiarkowany
FF3267,380, zly
FF3277,552, umiarkowany
FF3278,584, dobry
FF2296,515, umiarkowany
FF3206,522, umiarkowany
FF3246,563, umiarkowany
FF3256,442, slaby
FF4206,462, slaby
FF4216,447, slaby
FF4226,365, zly
FF4236,468, slaby
FF4246,626, dobry
FF4266,554, umiarkowany
FF3205,447, slaby
FF3255,531, umiarkowany
FF3275,501, slaby
FF3285,598, dobry
FF3295,590, dobry
FF4205,477, slaby
FF4215,504, slaby
FF4225,490, slaby
FF4235,490, slaby
FF4245,586, dobry
FF4255,529, umiarkowany
FF4265,435, zly
FF4275,586, dobry
FF3204,556, umiarkowany
FF3224,551, umiarkowany
FF3234,501, slaby
FF3244,539, umiarkowany
FF3264,423, zly
FF3274,491, slaby
FF3284,587, dobry
FF3294,577, umiarkowany
FF4204,554, umiarkowany
FF4214,505, slaby
FF4224,521, umiarkowany
FF4234,558, umiarkowany
FF4254,614, dobry
FF4264,559, umiarkowany
FF4274,549, umiarkowany
FF3119,541, umiarkowany
FF3129,598, dobry
FF3139,550, umiarkowany
FF3148,575, umiarkowany
FF3149,557, umiarkowany
FF3178,540, umiarkowany
FF3179,505, slaby
FF3188,521, umiarkowany
FF3189,522, umiarkowany
FF3198,547, umiarkowany
FF3199,532, umiarkowany
FF4108,473, slaby
FF4109,477, slaby
FF4118,547, umiarkowany
FF4119,482, slaby
FF4128,571, umiarkowany
FF4129,563, umiarkowany
FF4138,496, slaby
FF4148,420, zly
FF4149,473, slaby
FF4158,518, umiarkowany
FF4159,556, umiarkowany
FF3203,530, umiarkowany
FF3213,568, umiarkowany
FF3223,600, dobry
FF3233,558, umiarkowany
FF3253,489, slaby
FF3263,518, umiarkowany
FF3273,643, dobry
FF4213,613, dobry
FF4223,595, dobry
FF4253,567, umiarkowany
FF4273,600, dobry
FF3202,530, umiarkowany
FF3222,588, dobry
FF3232,515, umiarkowany
FF3242,443, slaby
FF3252,569, umiarkowany
FF3272,584, dobry
FF4252,536, umiarkowany
FF3211,588, dobry
FF3231,522, umiarkowany
FF3241,549, umiarkowany
FF3261,529, umiarkowany
FF3271,503, slaby
FF3281,538, umiarkowany
FF3291,521, umiarkowany
FF4201,523, umiarkowany
FF4211,547, umiarkowany
FF4241,594, dobry
FF4251,530, umiarkowany
FF4261,515, umiarkowany
FF4271,574, umiarkowany
FF3230,527, umiarkowany
FF3240,594, dobry
FF3260,560, umiarkowany
FF3270,555, umiarkowany
FF3280,577, umiarkowany
FF3290,559, umiarkowany
FF4200,493, slaby
FF4210,538, umiarkowany
FF4220,594, dobry
FF4230,573, umiarkowany
FF4240,497, slaby
FF4250,510, slaby
FF4260,611, dobry
FF4270,618, dobry
FF3406,580, dobry
FF3466,513, slaby
FF3476,419, zly
FF3486,499, slaby
FF3496,451, slaby
FF3465,499, slaby
FF3475,517, umiarkowany
FF3485,530, umiarkowany
FF3495,471, slaby
FF4405,480, slaby
FF4415,451, slaby
FF4435,549, umiarkowany
FF4445,468, slaby
FF3404,605, dobry
FF3454,489, slaby
FF3464,554, umiarkowany
FF3474,452, slaby
FF3494,466, slaby
FF4404,496, slaby
FF4414,456, slaby
FF4434,517, umiarkowany
FF4444,569, umiarkowany
FF2473,510, slaby
FF2483,460, slaby
FF2493,486, slaby
FF3403,595, dobry
FF3453,472, slaby
FF3463,598, dobry
FF3493,450, slaby
FF4403,589, dobry
FF4413,511, slaby
FF4423,560, umiarkowany
FF4433,551, umiarkowany
FF4443,528, umiarkowany
FF4453,486, slaby
FF2382,520, umiarkowany
FF2391,464, slaby
FF2392,452, slaby
FF3301,530, umiarkowany
FF3302,596, dobry
FF3311,583, dobry
FF3341,643, dobry
FF3342,563, umiarkowany
FF3362,541, umiarkowany
FF3392,454, slaby
FF4302,452, slaby
FF4312,441, slaby
FF4322,474, slaby
FF4332,410, zly
FF4372,457, slaby
FF2345,546, umiarkowany
FF2354,543, umiarkowany
FF2355,589, dobry
FF2364,575, umiarkowany
FF2374,579, umiarkowany
FF2395,593, dobry
FF3304,548, umiarkowany
FF3305,669, bardzo dobry
FF3354,488, slaby
FF3355,507, slaby
FF3364,506, slaby
FF3365,414, zly
FF3374,482, slaby
FF3375,423, zly
FF3394,411, zly
FF4304,455, slaby
FF4305,498, slaby
FF4314,558, umiarkowany
FF4334,589, dobry
FF4335,673, bardzo dobry
FF2363,508, slaby
FF2373,527, umiarkowany
FF2383,592, dobry
FF2393,561, umiarkowany
FF3303,559, umiarkowany
FF3313,573, umiarkowany
FF3323,602, dobry
FF3353,562, umiarkowany
FF3393,494, slaby
FF4303,496, slaby
FF4313,507, slaby
FF4333,507, slaby
FF4343,554, umiarkowany
FF4373,483, slaby
FF2442,529, umiarkowany
FF2452,571, umiarkowany
FF2462,573, umiarkowany
FF2492,542, umiarkowany
FF3442,645, dobry
FF3452,588, dobry
FF3462,511, slaby
FF3472,577, umiarkowany
FF3492,502, slaby
FF4402,594, dobry
FF4412,543, umiarkowany
FF4422,454, slaby
FF4432,392, zly
FF4442,510, slaby
FF4452,527, umiarkowany
FF2441,555, umiarkowany
FF3441,602, dobry
FF3451,352, zly
FF3461,434, zly
FF3491,480, slaby
FF4401,603, dobry
FF4411,523, umiarkowany
FF4421,451, slaby
FF4431,498, slaby
FF4441,489, slaby
FF4451,421, zly
FF4461,501, slaby
FF2430,492, slaby
FF2470,599, dobry
FF3430,668, bardzo dobry
FF3440,436, zly
FF3450,442, slaby
FF3490,545, umiarkowany
FF4400,560, umiarkowany
FF4410,585, dobry
FF4420,427, zly
FF4430,467, slaby
FF4440,472, slaby
FF4450,437, zly
FF4460,515, umiarkowany
FF2339,527, umiarkowany
FF3319,583, dobry
FF3329,653, dobry
FF3339,557, umiarkowany
FF3349,488, slaby
FF3359,437, zly
FF3369,427, zly
FF3399,552, umiarkowany
FF4309,601, dobry
FF4329,592, dobry
FF4339,590, dobry
FF4359,620, dobry
FF4369,586, dobry
FF2328,639, dobry
FF2338,556, umiarkowany
FF3308,621, dobry
FF3348,548, umiarkowany
FF3358,522, umiarkowany
FF3368,424, zly
FF3398,523, umiarkowany
FF4308,545, umiarkowany
FF4348,562, umiarkowany
FF4358,524, umiarkowany
FF4368,542, umiarkowany
FF2337,652, dobry
FF2347,551, umiarkowany
FF2357,561, umiarkowany
FF2397,566, umiarkowany
FF3347,570, umiarkowany
FF3357,533, umiarkowany
FF3367,476, slaby
FF4317,538, umiarkowany
FF4337,572, umiarkowany
FF4347,557, umiarkowany
FF4357,474, slaby
FF2346,609, dobry
FF2356,593, dobry
FF2366,629, dobry
FF2376,606, dobry
FF2386,596, dobry
FF2396,540, umiarkowany
FF3346,578, umiarkowany
FF3356,409, zly
FF3366,422, zly
FF4306,552, umiarkowany
FF4336,659, bardzo dobry
FF2390,561, umiarkowany
FF3300,569, umiarkowany
FF3310,599, dobry
FF3320,532, umiarkowany
FF3360,547, umiarkowany
FF3370,484, slaby
FF3239,566, umiarkowany
FF3249,546, umiarkowany
FF3269,585, dobry
FF3279,556, umiarkowany
FF3046,428, zly
FF3066,560, umiarkowany
FF3086,464, slaby
FF3096,432, zly
FF4006,479, slaby
FF4016,582, dobry
FF4017,500, slaby
FF4027,547, umiarkowany
FF4037,523, umiarkowany
FF4047,621, dobry
FF3177,566, umiarkowany
FF4117,608, dobry
FF4127,551, umiarkowany
FF4137,467, slaby
FF4147,487, slaby
FF4157,511, slaby
FF2150,552, umiarkowany
FF2151,687, bardzo dobry
FF2160,577, umiarkowany
FF2161,701, bardzo dobry
FF3130,622, dobry
FF3131,629, dobry
FF4140,668, bardzo dobry
FF4150,548, umiarkowany
FF4151,631, dobry
FF4160,469, slaby
FF4161,499, slaby
FF4170,457, slaby
FF4171,491, slaby
FF3186,441, slaby
FF3196,551, umiarkowany
FF4126,591, dobry
FF4136,512, slaby
FF4146,516, umiarkowany
FF4173,679, bardzo dobry
FF4172,549, umiarkowany
FF2079,552, umiarkowany
FF2089,570, umiarkowany
FF2099,551, umiarkowany
FF3039,556, umiarkowany
FF4039,675, bardzo dobry
FF4049,555, umiarkowany
FF4059,476, slaby
FF4069,518, umiarkowany
FF3028,468, slaby
FF4038,489, slaby
FF4048,455, slaby
FF4058,613, dobry
FG0204,447, slaby
FG0205,443, slaby
FG0206,571, umiarkowany
FG0207,653, dobry
FG0208,517, umiarkowany
FG0209,453, slaby
FG0300,469, slaby
FG0301,456, slaby
FG0302,433, zly
FG0303,460, slaby
FG5545,734, bardzo dobry
FG5533,668, bardzo dobry
FG5522,641, dobry
FG5523,624, dobry
FG5524,711, bardzo dobry
FG5525,633, dobry
FG5526,660, bardzo dobry
FG5527,612, dobry
FG5528,655, dobry
FG5515,587, dobry
FG5516,690, bardzo dobry
FG5517,697, bardzo dobry
FG5518,720, bardzo dobry
FG5918,650, dobry
FG5919,737, bardzo dobry
FG0909,555, umiarkowany
FG0919,622, dobry
FG0929,622, dobry
FG0969,637, dobry
FG3949,624, dobry
FG3959,675, bardzo dobry
FG4939,601, dobry
FG4949,569, umiarkowany
FG4999,620, dobry
FG5909,684, bardzo dobry
FG3948,625, dobry
FG3998,629, dobry
FG4928,650, dobry
FG4938,631, dobry
FG4948,602, dobry
FG4958,613, dobry
FG4998,630, dobry
FG5908,576, umiarkowany
FG3937,626, dobry
FG3947,718, bardzo dobry
FG3957,732, bardzo dobry
FG3987,663, bardzo dobry
FG4907,627, dobry
FG4917,586, dobry
FG4927,611, dobry
FG5907,666, bardzo dobry
FG2894,661, bardzo dobry
FG3804,626, dobry
FG3805,576, umiarkowany
FG3834,639, dobry
FG3835,599, dobry
FG3884,505, slaby
FG3894,622, dobry
FG3895,602, dobry
FG4805,619, dobry
FG4815,597, dobry
FG4825,614, dobry
FG4834,656, dobry
FG4835,621, dobry
FG3936,639, dobry
FG3946,681, bardzo dobry
FG3956,678, bardzo dobry
FG3976,632, dobry
FG4906,604, dobry
FG4916,564, umiarkowany
FG4926,663, bardzo dobry
FG3925,653, dobry
FG3935,635, dobry
FG3965,646, dobry
FG3975,662, bardzo dobry
FG4905,700, bardzo dobry
FG4915,641, dobry
FG3924,648, dobry
FG3934,632, dobry
FG3944,664, bardzo dobry
FG3954,666, bardzo dobry
FG3964,595, dobry
FG4904,665, bardzo dobry
FG4914,628, dobry
FG2983,689, bardzo dobry
FG3913,655, dobry
FG3923,714, bardzo dobry
FG3943,632, dobry
FG3953,624, dobry
FG4903,609, dobry
FG4913,711, bardzo dobry
FG2982,646, dobry
FG3912,598, dobry
FG3932,591, dobry
FG3942,582, dobry
FG3952,604, dobry
FG3982,669, bardzo dobry
FG3992,688, bardzo dobry
FG4902,626, dobry
FG4952,705, bardzo dobry
FG2981,671, bardzo dobry
FG2991,628, dobry
FG3901,508, slaby
FG3921,571, umiarkowany
FG3931,500, slaby
FG3941,611, dobry
FG2950,626, dobry
FG2960,590, dobry
FG2970,653, dobry
FG3900,484, slaby
FG3920,587, dobry
FG3930,562, umiarkowany
FG4940,692, bardzo dobry
FG2869,588, dobry
FG2899,549, umiarkowany
FG3809,549, umiarkowany
FG3819,518, umiarkowany
FG3829,516, umiarkowany
FG3839,678, bardzo dobry
FG3869,657, dobry
FG4849,670, bardzo dobry
FG4859,690, bardzo dobry
FG2858,685, bardzo dobry
FG2868,679, bardzo dobry
FG2898,588, dobry
FG3808,579, umiarkowany
FG3818,475, slaby
FG3828,582, dobry
FG3868,644, dobry
FG4848,715, bardzo dobry
FG2857,615, dobry
FG2867,635, dobry
FG3807,584, dobry
FG3817,527, umiarkowany
FG3867,652, dobry
FG4847,716, bardzo dobry
FG2856,672, bardzo dobry
FG3806,535, umiarkowany
FG3866,646, dobry
FG4836,704, bardzo dobry
FG4846,617, dobry
FG5504,630, dobry
FG5505,675, bardzo dobry
FG5506,653, dobry
FG5507,708, bardzo dobry
FG0803,628, dobry
FG0813,665, bardzo dobry
FG0823,591, dobry
FG0833,560, umiarkowany
FG2883,699, bardzo dobry
FG2893,628, dobry
FG3823,627, dobry
FG3883,581, dobry
FG4833,681, bardzo dobry
FG0802,633, dobry
FG0812,620, dobry
FG0822,580, dobry
FG0832,668, bardzo dobry
FG1812,588, dobry
FG1822,565, umiarkowany
FG2872,659, bardzo dobry
FG2882,669, bardzo dobry
FG3832,590, dobry
FG3872,563, umiarkowany
FG0801,703, bardzo dobry
FG0811,609, dobry
FG0821,664, bardzo dobry
FG1811,647, dobry
FG1821,585, dobry
FG2861,659, bardzo dobry
FG2871,704, bardzo dobry
FG3831,671, bardzo dobry
FG3861,617, dobry
FG3871,487, slaby
FG3881,674, bardzo dobry
FG0800,706, bardzo dobry
FG0810,622, dobry
FG0890,630, dobry
FG1810,615, dobry
FG2850,709, bardzo dobry
FG2860,658, dobry
FG2890,640, dobry
FG3800,608, dobry
FG3820,591, dobry
FG3830,594, dobry
FG3840,536, umiarkowany
FG3850,312, zly
FG3860,525, umiarkowany
FG3870,499, slaby
FG3880,571, umiarkowany
FG3890,641, dobry
FG4810,556, umiarkowany
FG0719,727, bardzo dobry
FG1709,566, umiarkowany
FG1719,589, dobry
FG2749,672, bardzo dobry
FG2759,621, dobry
FG2789,686, bardzo dobry
FG2799,675, bardzo dobry
FG3729,662, bardzo dobry
FG3759,563, umiarkowany
FG3779,537, umiarkowany
FG3789,557, umiarkowany
FG3799,563, umiarkowany
FG4719,612, dobry
FG4759,721, bardzo dobry
FG0758,688, bardzo dobry
FG0768,657, dobry
FG1708,624, dobry
FG2768,695, bardzo dobry
FG2788,678, bardzo dobry
FG3758,640, dobry
FG3768,586, dobry
FG3778,522, umiarkowany
FG3788,566, umiarkowany
FG4718,675, bardzo dobry
FG4728,719, bardzo dobry
FG4748,724, bardzo dobry
FG4758,592, dobry
FG1689,646, dobry
FG2609,781, bardzo dobry
FG2700,726, bardzo dobry
FG2639,686, bardzo dobry
FG2730,699, bardzo dobry
FG2649,696, bardzo dobry
FG2740,636, dobry
FG2659,739, bardzo dobry
FG2750,664, bardzo dobry
FG2669,722, bardzo dobry
FG2760,668, bardzo dobry
FG3609,651, dobry
FG3619,628, dobry
FG3710,595, dobry
FG3720,655, dobry
FG3639,681, bardzo dobry
FG3649,695, bardzo dobry
FG3679,681, bardzo dobry
FG3780,728, bardzo dobry
FG4609,657, dobry
FG4619,606, dobry
FG4710,657, dobry
FG4629,595, dobry
FG4730,686, bardzo dobry
FG0668,767, bardzo dobry
FG0678,770, bardzo dobry
FG1678,639, dobry
FG1698,671, bardzo dobry
FG2608,585, dobry
FG3608,659, bardzo dobry
FG3618,673, bardzo dobry
FG3648,672, bardzo dobry
FG3658,661, bardzo dobry
FG3668,676, bardzo dobry
FG3678,736, bardzo dobry
FG3698,609, dobry
FG4608,478, slaby
FG4618,580, dobry
FG4628,580, dobry
FG0757,695, bardzo dobry
FG0767,605, dobry
FG0777,610, dobry
FG0787,638, dobry
FG0797,565, umiarkowany
FG2757,642, dobry
FG2767,671, bardzo dobry
FG2777,526, umiarkowany
FG2787,637, dobry
FG3707,640, dobry
FG3767,531, umiarkowany
FG3777,572, umiarkowany
FG4707,608, dobry
FG4717,595, dobry
FG4747,558, umiarkowany
FG4757,585, dobry
FG0736,702, bardzo dobry
FG0756,649, dobry
FG0766,621, dobry
FG0776,638, dobry
FG1736,658, dobry
FG2766,657, dobry
FG2776,650, dobry
FG2786,808, bardzo dobry
FG2796,706, bardzo dobry
FG3706,757, bardzo dobry
FG3756,566, umiarkowany
FG4726,635, dobry
FG0735,675, bardzo dobry
FG0765,603, dobry
FG1725,674, bardzo dobry
FG2795,724, bardzo dobry
FG3745,643, dobry
FG3755,573, umiarkowany
FG3765,629, dobry
FG3775,648, dobry
FG3785,662, bardzo dobry
FG4725,715, bardzo dobry
FG0714,652, dobry
FG2764,651, dobry
FG3734,608, dobry
FG3744,615, dobry
FG3794,637, dobry
FG4704,609, dobry
FG0713,618, dobry
FG0733,660, bardzo dobry
FG2753,588, dobry
FG3723,633, dobry
FG3733,522, umiarkowany
FG3793,720, bardzo dobry
FG4763,662, bardzo dobry
FG0702,569, umiarkowany
FG0732,625, dobry
FG2732,633, dobry
FG2742,638, dobry
FG2752,623, dobry
FG2762,559, umiarkowany
FG2772,674, bardzo dobry
FG2782,706, bardzo dobry
FG3712,769, bardzo dobry
FG3722,603, dobry
FG3732,561, umiarkowany
FG3782,681, bardzo dobry
FG4742,631, dobry
FG4762,715, bardzo dobry
FG0701,545, umiarkowany
FG0731,606, dobry
FG2711,782, bardzo dobry
FG2721,685, bardzo dobry
FG2731,716, bardzo dobry
FG2741,698, bardzo dobry
FG2751,507, slaby
FG2761,362, zly
FG2771,649, dobry
FG2781,623, dobry
FG3711,602, dobry
FG3721,631, dobry
FG3731,691, bardzo dobry
FG3781,689, bardzo dobry
FG4731,632, dobry
FG4741,686, bardzo dobry
FG0657,788, bardzo dobry
FG0667,872, bardzo dobry
FG0677,775, bardzo dobry
FG0687,790, bardzo dobry
FG0697,787, bardzo dobry
FG1607,755, bardzo dobry
FG1617,675, bardzo dobry
FG1697,689, bardzo dobry
FG2607,687, bardzo dobry
FG2617,656, dobry
FG2627,615, dobry
FG2637,774, bardzo dobry
FG2647,621, dobry
FG3607,639, dobry
FG3667,525, umiarkowany
FG3697,613, dobry
FG4607,552, umiarkowany
FG0646,532, umiarkowany
FG0656,675, bardzo dobry
FG0666,582, dobry
FG0676,517, umiarkowany
FG0686,539, umiarkowany
FG0696,517, umiarkowany
FG1606,697, bardzo dobry
FG1686,617, dobry
FG1696,683, bardzo dobry
FG2606,638, dobry
FG2616,561, umiarkowany
FG2626,611, dobry
FG2636,645, dobry
FG2646,656, dobry
FG2656,659, bardzo dobry
FG2666,659, bardzo dobry
FG2676,646, dobry
FG2686,661, bardzo dobry
FG2696,697, bardzo dobry
FG3606,677, bardzo dobry
FG3616,642, dobry
FG3626,659, bardzo dobry
FG3686,665, bardzo dobry
FG0635,613, dobry
FG0645,623, dobry
FG0655,727, bardzo dobry
FG0685,617, dobry
FG1605,585, dobry
FG1685,563, umiarkowany
FG1695,652, dobry
FG2605,536, umiarkowany
FG2615,439, zly
FG2645,669, bardzo dobry
FG2665,752, bardzo dobry
FG2675,663, bardzo dobry
FG2685,480, slaby
FG2695,627, dobry
FG3605,681, bardzo dobry
FG3615,551, umiarkowany
FG3625,610, dobry
FG4605,696, bardzo dobry
FG4615,615, dobry
FG0624,644, dobry
FG0634,698, bardzo dobry
FG0644,765, bardzo dobry
FG0654,594, dobry
FG0664,641, dobry
FG0674,611, dobry
FG0684,549, umiarkowany
FG1634,574, umiarkowany
FG1674,496, slaby
FG1684,456, slaby
FG1694,757, bardzo dobry
FG2604,543, umiarkowany
FG2614,472, slaby
FG2644,591, dobry
FG2674,767, bardzo dobry
FG2684,614, dobry
FG2694,560, umiarkowany
FG3604,650, dobry
FG3614,550, umiarkowany
FG3624,602, dobry
FG3634,657, dobry
FG3644,640, dobry
FG3654,659, bardzo dobry
FG0623,758, bardzo dobry
FG0653,579, umiarkowany
FG0663,545, umiarkowany
FG0673,582, dobry
FG1613,677, bardzo dobry
FG1623,743, bardzo dobry
FG1683,570, umiarkowany
FG1693,590, dobry
FG2603,459, slaby
FG2613,582, dobry
FG2643,585, dobry
FG2653,523, umiarkowany
FG2663,541, umiarkowany
FG2673,649, dobry
FG2683,620, dobry
FG2693,517, umiarkowany
FG3603,573, umiarkowany
FG3613,621, dobry
FG3653,693, bardzo dobry
FG3663,625, dobry
FG3693,618, dobry
FG4596,799, bardzo dobry
FG4597,751, bardzo dobry
FG0602,622, dobry
FG0622,571, umiarkowany
FG0652,590, dobry
FG0662,570, umiarkowany
FG0672,559, umiarkowany
FG1622,792, bardzo dobry
FG1692,467, slaby
FG2602,540, umiarkowany
FG2612,593, dobry
FG2642,634, dobry
FG2652,574, umiarkowany
FG2662,587, dobry
FG2672,781, bardzo dobry
FG2682,778, bardzo dobry
FG2692,706, bardzo dobry
FG3602,637, dobry
FG3612,631, dobry
FG3652,615, dobry
FG3662,688, bardzo dobry
FG3682,679, bardzo dobry
FG3692,662, bardzo dobry
FG4602,730, bardzo dobry
FG4612,701, bardzo dobry
FG0601,813, bardzo dobry
FG0611,814, bardzo dobry
FG0621,718, bardzo dobry
FG0651,610, dobry
FG0661,523, umiarkowany
FG1621,735, bardzo dobry
FG1641,808, bardzo dobry
FG1681,400, zly
FG1691,517, umiarkowany
FG2601,555, umiarkowany
FG2611,581, dobry
FG2661,524, umiarkowany
FG2671,677, bardzo dobry
FG2681,721, bardzo dobry
FG0610,642, dobry
FG0620,664, bardzo dobry
FG0630,680, bardzo dobry
FG0640,578, umiarkowany
FG0650,580, dobry
FG0680,543, umiarkowany
FG0690,564, umiarkowany
FG1630,720, bardzo dobry
FG1640,534, umiarkowany
FG1650,489, slaby
FG1670,461, slaby
FG1680,538, umiarkowany
FG1690,443, slaby
FG2630,535, umiarkowany
FG2640,554, umiarkowany
FG2660,648, dobry
FG2670,601, dobry
FG2680,656, dobry
FG3630,618, dobry
FG4610,685, bardzo dobry
FG0529,525, umiarkowany
FG0539,543, umiarkowany
FG0549,544, umiarkowany
FG0589,499, slaby
FG0599,594, dobry
FG1539,610, dobry
FG1549,567, umiarkowany
FG1559,603, dobry
FG1579,513, slaby
FG1589,547, umiarkowany
FG1599,582, dobry
FG2529,627, dobry
FG2539,459, slaby
FG2549,471, slaby
FG2559,532, umiarkowany
FG2579,628, dobry
FG2589,615, dobry
FG2599,641, dobry
FG3539,575, umiarkowany
FG3549,613, dobry
FG3599,608, dobry
FG4509,659, bardzo dobry
FG0508,619, dobry
FG0518,611, dobry
FG0528,517, umiarkowany
FG0538,602, dobry
FG0578,577, umiarkowany
FG0588,590, dobry
FG0598,499, slaby
FG1508,669, bardzo dobry
FG1538,496, slaby
FG1548,568, umiarkowany
FG1558,528, umiarkowany
FG1568,529, umiarkowany
FG1578,484, slaby
FG1588,543, umiarkowany
FG2528,510, slaby
FG2538,494, slaby
FG2548,536, umiarkowany
FG2558,615, dobry
FG2578,697, bardzo dobry
FG3518,682, bardzo dobry
FG3528,625, dobry
FG3538,643, dobry
FG3548,645, dobry
FG3558,724, bardzo dobry
FG3588,664, bardzo dobry
FG3598,641, dobry
FG0517,531, umiarkowany
FG0527,508, slaby
FG0537,626, dobry
FG0567,545, umiarkowany
FG1507,644, dobry
FG1517,597, dobry
FG1527,465, slaby
FG1537,569, umiarkowany
FG1547,543, umiarkowany
FG1567,562, umiarkowany
FG1577,647, dobry
FG1587,509, slaby
FG1597,550, umiarkowany
FG2507,586, dobry
FG2517,470, slaby
FG2527,481, slaby
FG2537,493, slaby
FG2547,584, dobry
FG3507,556, umiarkowany
FG3517,522, umiarkowany
FG3527,720, bardzo dobry
FG3537,706, bardzo dobry
FG3547,650, dobry
FG3557,684, bardzo dobry
FG3567,713, bardzo dobry
FG3587,639, dobry
FG0506,516, umiarkowany
FG0516,570, umiarkowany
FG0526,548, umiarkowany
FG0546,494, slaby
FG0556,540, umiarkowany
FG0566,521, umiarkowany
FG1516,561, umiarkowany
FG1526,475, slaby
FG1536,560, umiarkowany
FG1576,696, bardzo dobry
FG1586,671, bardzo dobry
FG1596,583, dobry
FG2506,574, umiarkowany
FG2516,508, slaby
FG2526,558, umiarkowany
FG2536,601, dobry
FG2546,613, dobry
FG3516,675, bardzo dobry
FG3526,668, bardzo dobry
FG3556,686, bardzo dobry
FG3576,758, bardzo dobry
FG3586,675, bardzo dobry
FG0505,624, dobry
FG0515,525, umiarkowany
FG0525,516, umiarkowany
FG0535,524, umiarkowany
FG0545,573, umiarkowany
FG0555,588, dobry
FG1595,425, zly
FG2505,576, umiarkowany
FG2515,558, umiarkowany
FG2525,482, slaby
FG2535,562, umiarkowany
FG2585,594, dobry
FG2595,539, umiarkowany
FG3505,575, umiarkowany
FG3515,570, umiarkowany
FG3525,606, dobry
FG3565,674, bardzo dobry
FG4593,744, bardzo dobry
FG4594,569, umiarkowany
FG0514,591, dobry
FG0524,534, umiarkowany
FG0534,528, umiarkowany
FG0544,513, slaby
FG0554,603, dobry
FG1594,433, zly
FG2504,442, slaby
FG2514,525, umiarkowany
FG2524,565, umiarkowany
FG2534,515, umiarkowany
FG3504,591, dobry
FG3514,535, umiarkowany
FG3524,544, umiarkowany
FG3554,605, dobry
FG3564,674, bardzo dobry
FG4574,771, bardzo dobry
FG4584,577, umiarkowany
FG0523,620, dobry
FG0533,620, dobry
FG0543,493, slaby
FG2503,474, slaby
FG2513,573, umiarkowany
FG2523,612, dobry
FG2533,560, umiarkowany
FG2543,601, dobry
FG2563,547, umiarkowany
FG2573,536, umiarkowany
FG3503,557, umiarkowany
FG3513,529, umiarkowany
FG3523,673, bardzo dobry
FG3553,605, dobry
FG4523,672, bardzo dobry
FG4563,695, bardzo dobry
FG4573,634, dobry
FG4583,687, bardzo dobry
FG0552,554, umiarkowany
FG0562,476, slaby
FG1592,431, zly
FG2502,462, slaby
FG2542,648, dobry
FG2552,594, dobry
FG2562,506, slaby
FG2572,532, umiarkowany
FG2582,474, slaby
FG2592,487, slaby
FG3502,534, umiarkowany
FG3512,534, umiarkowany
FG4512,709, bardzo dobry
FG4522,673, bardzo dobry
FG4552,630, dobry
FG4562,606, dobry
FG4572,669, bardzo dobry
FG0551,521, umiarkowany
FG0561,489, slaby
FG1581,517, umiarkowany
FG1591,511, slaby
FG2501,522, umiarkowany
FG2511,567, umiarkowany
FG2531,664, bardzo dobry
FG2541,643, dobry
FG2551,572, umiarkowany
FG2561,497, slaby
FG2571,468, slaby
FG2581,484, slaby
FG2591,516, umiarkowany
FG3501,594, dobry
FG3521,623, dobry
FG3531,668, bardzo dobry
FG3581,540, umiarkowany
FG3591,644, dobry
FG4551,564, umiarkowany
FG4561,641, dobry
FG0510,619, dobry
FG0530,563, umiarkowany
FG0540,375, zly
FG0550,417, zly
FG1560,421, zly
FG1570,483, slaby
FG1580,508, slaby
FG1590,499, slaby
FG2500,532, umiarkowany
FG2510,569, umiarkowany
FG2520,542, umiarkowany
FG2530,499, slaby
FG2540,438, zly
FG2550,516, umiarkowany
FG2560,504, slaby
FG2570,511, slaby
FG2580,475, slaby
FG2590,540, umiarkowany
FG3500,575, umiarkowany
FG3570,640, dobry
FG3580,580, dobry
FG3590,568, umiarkowany
FG4500,646, dobry
FG4530,606, dobry
FG4540,640, dobry
FG0409,482, slaby
FG0419,513, slaby
FG0429,579, umiarkowany
FG1459,402, zly
FG1469,438, zly
FG1479,549, umiarkowany
FG2409,616, dobry
FG2419,508, slaby
FG2429,510, slaby
FG2439,460, slaby
FG2449,485, slaby
FG2459,522, umiarkowany
FG2479,565, umiarkowany
FG2489,541, umiarkowany
FG2499,584, dobry
FG3499,666, bardzo dobry
FG4409,541, umiarkowany
FG4419,536, umiarkowany
FG4429,525, umiarkowany
FG4439,563, umiarkowany
FG0408,517, umiarkowany
FG0418,426, zly
FG1448,411, zly
FG1458,488, slaby
FG1468,531, umiarkowany
FG1478,626, dobry
FG2408,594, dobry
FG2418,443, slaby
FG2428,480, slaby
FG2438,520, umiarkowany
FG2448,431, zly
FG2458,595, dobry
FG3468,628, dobry
FG3478,642, dobry
FG3488,647, dobry
FG3498,578, umiarkowany
FG4408,605, dobry
FG0417,456, slaby
FG0427,438, zly
FG0437,474, slaby
FG0467,507, slaby
FG0477,421, zly
FG1447,438, zly
FG1457,413, zly
FG1467,467, slaby
FG1497,607, dobry
FG2407,485, slaby
FG2417,417, zly
FG2427,415, zly
FG2437,509, slaby
FG2447,560, umiarkowany
FG2457,652, dobry
FG3457,642, dobry
FG3467,579, umiarkowany
FG3477,551, umiarkowany
FG3487,660, bardzo dobry
FG0305,533, umiarkowany
FG0306,613, dobry
FG0315,506, slaby
FG0316,514, slaby
FG1335,427, zly
FG1345,489, slaby
FG1346,409, zly
FG1355,470, slaby
FG1356,425, zly
FG1365,509, slaby
FG1366,461, slaby
FG1376,572, umiarkowany
FG1386,462, slaby
FG2305,575, umiarkowany
FG2315,659, bardzo dobry
FG3305,667, bardzo dobry
FG3315,590, dobry
FG3325,652, dobry
FG3326,705, bardzo dobry
FG3335,588, dobry
FG3336,654, dobry
FG0304,517, umiarkowany
FG0314,462, slaby
FG1334,408, zly
FG1344,445, slaby
FG1354,480, slaby
FG1364,510, slaby
FG1374,637, dobry
FG2324,615, dobry
FG2334,523, umiarkowany
FG2344,513, slaby
FG2374,509, slaby
FG3304,644, dobry
FG3314,604, dobry
FG3324,569, umiarkowany
FG3334,577, umiarkowany
FG0313,461, slaby
FG0323,454, slaby
FG1323,441, slaby
FG1333,444, slaby
FG1343,521, umiarkowany
FG1353,492, slaby
FG1363,491, slaby
FG1373,575, umiarkowany
FG2303,604, dobry
FG2323,539, umiarkowany
FG2333,489, slaby
FG2343,567, umiarkowany
FG2373,568, umiarkowany
FG2383,542, umiarkowany
FG2393,605, dobry
FG3303,601, dobry
FG3313,580, dobry
FG3323,636, dobry
FG0406,479, slaby
FG0416,474, slaby
FG0426,515, umiarkowany
FG0436,503, slaby
FG0456,579, umiarkowany
FG0466,464, slaby
FG0476,423, zly
FG0486,492, slaby
FG1446,390, zly
FG1456,426, zly
FG1466,523, umiarkowany
FG1486,569, umiarkowany
FG1496,476, slaby
FG2406,522, umiarkowany
FG2416,462, slaby
FG2426,495, slaby
FG3446,683, bardzo dobry
FG3456,633, dobry
FG3466,614, dobry
FG0405,510, slaby
FG0415,640, dobry
FG0425,610, dobry
FG0465,458, slaby
FG0475,431, zly
FG0485,430, zly
FG0495,409, zly
FG1445,386, zly
FG1455,513, slaby
FG1465,628, dobry
FG1485,483, slaby
FG1495,484, slaby
FG2405,457, slaby
FG2415,475, slaby
FG2425,576, umiarkowany
FG3435,701, bardzo dobry
FG3445,654, dobry
FG3455,647, dobry
FG0404,563, umiarkowany
FG0414,633, dobry
FG0454,543, umiarkowany
FG0464,637, dobry
FG0474,527, umiarkowany
FG0484,420, zly
FG0494,450, slaby
FG1444,454, slaby
FG1454,452, slaby
FG1464,610, dobry
FG1484,418, zly
FG1494,480, slaby
FG2404,507, slaby
FG2414,642, dobry
FG3434,728, bardzo dobry
FG3444,591, dobry
FG0403,483, slaby
FG0443,444, slaby
FG0453,558, umiarkowany
FG0483,499, slaby
FG0493,444, slaby
FG1433,305, zly
FG1443,465, slaby
FG1453,553, umiarkowany
FG1463,640, dobry
FG1473,620, dobry
FG1483,616, dobry
FG1493,561, umiarkowany
FG2403,416, zly
FG2453,647, dobry
FG3433,623, dobry
FG3443,681, bardzo dobry
FG0402,522, umiarkowany
FG0432,563, umiarkowany
FG0442,474, slaby
FG0452,638, dobry
FG0482,401, zly
FG0492,398, zly
FG1432,396, zly
FG1442,584, dobry
FG1452,613, dobry
FG1462,667, bardzo dobry
FG1472,614, dobry
FG1482,578, umiarkowany
FG1492,646, dobry
FG2402,723, bardzo dobry
FG2442,641, dobry
FG3432,595, dobry
FG3442,582, dobry
FG0421,561, umiarkowany
FG0431,504, slaby
FG0441,567, umiarkowany
FG0461,589, dobry
FG0471,513, slaby
FG0481,393, zly
FG0491,528, umiarkowany
FG1451,538, umiarkowany
FG1461,544, umiarkowany
FG1471,397, zly
FG1481,498, slaby
FG1491,583, dobry
FG2401,803, bardzo dobry
FG3421,566, umiarkowany
FG3431,570, umiarkowany
FG3441,553, umiarkowany
FG0420,602, dobry
FG0430,544, umiarkowany
FG0450,501, slaby
FG0460,481, slaby
FG0470,501, slaby
FG0480,552, umiarkowany
FG0490,558, umiarkowany
FG1450,553, umiarkowany
FG1460,438, zly
FG1470,426, zly
FG1480,467, slaby
FG1490,512, slaby
FG2400,570, umiarkowany
FG2450,711, bardzo dobry
FG3410,521, umiarkowany
FG3420,592, dobry
FG3430,543, umiarkowany
FG0319,656, dobry
FG0329,465, slaby
FG0339,530, umiarkowany
FG0349,433, zly
FG0359,440, zly
FG0369,496, slaby
FG0379,510, slaby
FG0389,499, slaby
FG1369,542, umiarkowany
FG1379,522, umiarkowany
FG1389,580, dobry
FG1399,620, dobry
FG3339,619, dobry
FG0308,557, umiarkowany
FG0318,487, slaby
FG0328,408, zly
FG0338,505, slaby
FG0348,561, umiarkowany
FG0358,537, umiarkowany
FG0368,481, slaby
FG0378,495, slaby
FG1368,511, slaby
FG1378,487, slaby
FG1388,577, umiarkowany
FG2348,531, umiarkowany
FG2398,612, dobry
FG0307,537, umiarkowany
FG0317,491, slaby
FG0327,460, slaby
FG0337,495, slaby
FG0347,606, dobry
FG0357,531, umiarkowany
FG1357,435, zly
FG1367,442, slaby
FG1377,512, slaby
FG1387,493, slaby
FG2347,491, slaby
FG2357,557, umiarkowany
FG3327,615, dobry
FG3337,647, dobry
FG0312,406, zly
FG0322,419, zly
FG1322,449, slaby
FG1332,474, slaby
FG1342,480, slaby
FG1352,512, slaby
FG1362,624, dobry
FG1372,515, umiarkowany
FG1392,660, bardzo dobry
FG2302,616, dobry
FG2312,527, umiarkowany
FG2322,564, umiarkowany
FG2342,603, dobry
FG2392,632, dobry
FG3302,649, dobry
FG3312,657, dobry
FG3322,602, dobry
FG0311,393, zly
FG1321,517, umiarkowany
FG1331,507, slaby
FG1341,607, dobry
FG1351,630, dobry
FG1361,627, dobry
FG1371,601, dobry
FG2301,579, umiarkowany
FG2311,497, slaby
FG2321,540, umiarkowany
FG2351,656, dobry
FG3301,746, bardzo dobry
FG0310,445, slaby
FG1310,499, slaby
FG1320,461, slaby
FG1330,560, umiarkowany
FG1340,662, bardzo dobry
FG1360,554, umiarkowany
FG1390,521, umiarkowany
FG2300,487, slaby
FG2310,469, slaby
FG2320,500, slaby
FG0219,467, slaby
FG1219,430, zly
FG1229,481, slaby
FG1239,495, slaby
FG1249,649, dobry
FG1259,572, umiarkowany
FG1269,537, umiarkowany
FG1289,632, dobry
FG1299,466, slaby
FG2209,497, slaby
FG2219,515, umiarkowany
FG2229,519, umiarkowany
FG2239,692, bardzo dobry
FG2249,645, dobry
FG0218,544, umiarkowany
FG1218,438, zly
FG1228,444, slaby
FG1238,625, dobry
FG1248,632, dobry
FG1258,472, slaby
FG1268,616, dobry
FG1288,618, dobry
FG1298,490, slaby
FG2208,497, slaby
FG2248,650, dobry
FG1217,606, dobry
FG1227,654, dobry
FG1237,621, dobry
FG1247,517, umiarkowany
FG1257,494, slaby
FG1267,650, dobry
FG1287,573, umiarkowany
FG1297,505, slaby
FG2207,491, slaby
FG2247,631, dobry
FG1178,606, dobry
FG1179,525, umiarkowany
FG1188,514, slaby
FG1189,555, umiarkowany
FG1199,571, umiarkowany
FG2119,707, bardzo dobry
FG2129,638, dobry
FG2139,707, bardzo dobry
FG1280,562, umiarkowany
FG1281,520, umiarkowany
FG1290,554, umiarkowany
FG1291,470, slaby
FG2220,638, dobry
FG2230,651, dobry
FG2240,675, bardzo dobry
FG2241,683, bardzo dobry
FG2250,687, bardzo dobry
FG2251,534, umiarkowany
FG2261,579, umiarkowany
FG1235,542, umiarkowany
FG1245,623, dobry
FG1255,609, dobry
FG1265,682, bardzo dobry
FG1274,592, dobry
FG1275,693, bardzo dobry
FG1284,617, dobry
FG1285,622, dobry
FG1294,520, umiarkowany
FG1295,507, slaby
FG2204,717, bardzo dobry
FG2205,734, bardzo dobry
FG2224,757, bardzo dobry
FG2245,710, bardzo dobry
FG2255,668, bardzo dobry
FG2284,693, bardzo dobry
FG2294,661, bardzo dobry
FG2295,591, dobry
FG1236,618, dobry
FG1246,535, umiarkowany
FG1256,535, umiarkowany
FG1286,506, slaby
FG1296,488, slaby
FG2206,624, dobry
FG2246,739, bardzo dobry
FG2256,790, bardzo dobry
FG2266,790, bardzo dobry
FG2286,801, bardzo dobry
FG1283,472, slaby
FG1293,452, slaby
FG2273,582, dobry
FG2283,694, bardzo dobry
FG1272,618, dobry
FG1282,532, umiarkowany
FG1292,490, slaby
FG2252,592, dobry
FG2262,616, dobry
FG2272,639, dobry
FG1177,535, umiarkowany
FG1187,598, dobry
FG1166,660, bardzo dobry
FG1176,514, slaby
FG1186,614, dobry
FG2126,670, bardzo dobry
FG2136,700, bardzo dobry
FG2156,692, bardzo dobry
FG2166,728, bardzo dobry
FG2176,758, bardzo dobry
FG1155,531, umiarkowany
FG1165,521, umiarkowany
FG1175,624, dobry
FG2115,646, dobry
FG2125,610, dobry
FG2165,749, bardzo dobry
FG2185,769, bardzo dobry
FG1144,519, umiarkowany
FG1154,507, slaby
FG1164,627, dobry
FG2104,708, bardzo dobry
FG2114,700, bardzo dobry
FG2124,746, bardzo dobry
FG1123,605, dobry
FG1133,468, slaby
FG1143,550, umiarkowany
FG1153,486, slaby
FG1163,623, dobry
FG1183,598, dobry
FG1193,685, bardzo dobry
FG2103,714, bardzo dobry
FG1122,555, umiarkowany
FG1132,590, dobry
FG1142,575, umiarkowany
FG1152,655, dobry
FG1172,706, bardzo dobry
FG1182,687, bardzo dobry
FG1192,650, dobry
FG1121,471, slaby
FG1131,469, slaby
FG1141,512, slaby
FG1151,676, bardzo dobry
FG1161,640, dobry
FG1171,620, dobry
FG1181,599, dobry
FG1191,689, bardzo dobry
FG2141,662, bardzo dobry
FG1120,506, slaby
FG1130,496, slaby
FG1140,624, dobry
FG1160,704, bardzo dobry
FG1170,621, dobry
FG1190,562, umiarkowany
FG2140,696, bardzo dobry
FG1013,508, slaby
FG1014,526, umiarkowany
FG1023,690, bardzo dobry
FG1024,655, dobry
FG1033,653, dobry
FG1034,722, bardzo dobry
FG3003,655, dobry
FG3004,617, dobry
FG3014,704, bardzo dobry
FG1029,503, slaby
FG1039,496, slaby
FG1049,592, dobry
FG1069,641, dobry
FG1079,572, umiarkowany
FG1089,573, umiarkowany
FG1099,600, dobry
FG2039,719, bardzo dobry
FG3039,621, dobry
FG3049,620, dobry
FG1028,443, slaby
FG1038,429, zly
FG1048,500, slaby
FG1068,573, umiarkowany
FG1078,589, dobry
FG1088,596, dobry
FG1098,630, dobry
FG2028,619, dobry
FG2038,729, bardzo dobry
FG3038,574, umiarkowany
FG3048,616, dobry
FG1027,474, slaby
FG1037,469, slaby
FG1047,510, slaby
FG1057,482, slaby
FG1067,516, umiarkowany
FG2037,720, bardzo dobry
FG2047,698, bardzo dobry
FG3027,598, dobry
FG3037,600, dobry
FG1026,590, dobry
FG1036,486, slaby
FG1046,498, slaby
FG1056,588, dobry
FG2026,679, bardzo dobry
FG2036,674, bardzo dobry
FG2046,746, bardzo dobry
FG3016,739, bardzo dobry
FG3026,640, dobry
FG1015,574, umiarkowany
FG1025,719, bardzo dobry
FG1035,555, umiarkowany
FG1045,597, dobry
FG2015,705, bardzo dobry
FG2025,647, dobry
FG3015,581, dobry
FG1002,556, umiarkowany
FG1012,555, umiarkowany
FG1022,614, dobry
FG1032,589, dobry
FG3022,646, dobry
FG1001,640, dobry
FG1011,628, dobry
FG1000,698, bardzo dobry
GF5060,604, dobry
GF5050,585, dobry
GF5061,423, zly
GF5051,356, zly
GF5040,529, umiarkowany
GF5041,420, zly
GF5042,460, slaby
GF5043,552, umiarkowany
GF5044,492, slaby
GF5045,523, umiarkowany
GF5046,496, slaby
GF5047,547, umiarkowany
GF5048,549, umiarkowany
GF5049,558, umiarkowany
GF5070,472, slaby
GF5071,546, umiarkowany
GF5031,503, slaby
GF5032,612, dobry
GF5033,608, dobry
GF5034,512, slaby
GF5035,577, umiarkowany
GF5036,684, bardzo dobry
GF5037,599, dobry
GF5038,575, umiarkowany
GF5039,567, umiarkowany
GF5021,680, bardzo dobry
GF5024,706, bardzo dobry
GF9090,448, slaby
GF9091,452, slaby
GF9080,497, slaby
GF9081,491, slaby
GF9082,486, slaby
GF9070,454, slaby
GF9071,488, slaby
GF9072,468, slaby
GF9060,472, slaby
GF9061,517, umiarkowany
GF9062,610, dobry
GF9063,488, slaby
GF9050,478, slaby
GF9051,473, slaby
GF9053,579, umiarkowany
GF9041,565, umiarkowany
GF9042,572, umiarkowany
GF9043,448, slaby
GF9031,587, dobry
GF9032,500, slaby
GF9033,497, slaby
GF9020,496, slaby
GF9010,578, umiarkowany
GF9000,647, dobry
GF8050,674, bardzo dobry
GF8061,387, zly
GF8051,435, zly
GF8062,440, zly
GF8063,401, zly
GF8040,545, umiarkowany
GF8041,319, zly
GF8080,367, zly
GF8081,340, zly
GF8082,586, dobry
GF8071,538, umiarkowany
GF8072,569, umiarkowany
GF8073,419, zly
GF8030,503, slaby
GF8031,428, zly
GF8020,350, zly
GF5010,606, dobry
GF5011,597, dobry
GF5103,561, umiarkowany
GF4091,526, umiarkowany
GF4192,579, umiarkowany
GF4193,416, zly
GF4389,541, umiarkowany
GF4081,595, dobry
GF4082,492, slaby
GF4083,561, umiarkowany
GF4181,472, slaby
GF2313,405, zly
GF2314,317, zly
GF2324,413, zly
GF2374,464, slaby
GF2384,440, zly
GF3314,561, umiarkowany
GF3353,605, dobry
GF3363,473, slaby
GF3364,657, dobry
GF2392,548, umiarkowany
GF3352,569, umiarkowany
GF3362,404, zly
GF4312,605, dobry
GF4322,354, zly
GF2436,397, zly
GF4426,337, zly
GF2435,369, zly
GF2445,437, zly
GF2465,518, umiarkowany
GF4405,531, umiarkowany
GF4415,564, umiarkowany
GF4425,328, zly
GF4445,406, zly
GF2424,485, slaby
GF2434,368, zly
GF2444,404, zly
GF2454,521, umiarkowany
GF2464,529, umiarkowany
GF4404,493, slaby
GF4414,560, umiarkowany
GF4424,304, zly
GF4434,516, umiarkowany
GF4444,520, umiarkowany
GF2413,538, umiarkowany
GF2423,476, slaby
GF2433,381, zly
GF2443,382, zly
GF2453,565, umiarkowany
GF2463,584, dobry
GF2473,469, slaby
GF4413,560, umiarkowany
GF4423,344, zly
GF4433,448, slaby
GF4443,597, dobry
GF1472,445, slaby
GF1482,365, zly
GF1492,423, zly
GF2432,439, zly
GF2442,434, zly
GF2452,412, zly
GF2462,617, dobry
GF2472,490, slaby
GF3402,526, umiarkowany
GF4412,544, umiarkowany
GF4422,447, slaby
GF4472,450, slaby
GF1481,481, slaby
GF1491,418, zly
GF2441,421, zly
GF2451,417, zly
GF2481,617, dobry
GF4411,480, slaby
GF4421,489, slaby
GF1470,487, slaby
GF2440,388, zly
GF2450,593, dobry
GF3400,594, dobry
GF4420,510, slaby
GF4430,492, slaby
GF1379,375, zly
GF2319,561, umiarkowany
GF2329,602, dobry
GF2349,409, zly
GF2379,531, umiarkowany
GF2389,433, zly
GF3309,480, slaby
GF3319,404, zly
GF3369,597, dobry
GF3379,552, umiarkowany
GF3399,580, dobry
GF4329,515, umiarkowany
GF1378,413, zly
GF1388,438, zly
GF1398,556, umiarkowany
GF2308,480, slaby
GF2318,462, slaby
GF2328,406, zly
GF2338,569, umiarkowany
GF2348,538, umiarkowany
GF2358,591, dobry
GF2368,511, slaby
GF2378,346, zly
GF2388,352, zly
GF3308,397, zly
GF3318,373, zly
GF3368,607, dobry
GF3378,346, zly
GF3388,467, slaby
GF4308,503, slaby
GF4338,643, dobry
GF4348,545, umiarkowany
GF4388,502, slaby
GF1387,503, slaby
GF2307,373, zly
GF2317,348, zly
GF2327,443, slaby
GF2337,503, slaby
GF2347,509, slaby
GF2357,544, umiarkowany
GF2367,415, zly
GF2377,485, slaby
GF2387,402, zly
GF2397,338, zly
GF3307,449, slaby
GF3317,476, slaby
GF3327,592, dobry
GF3367,584, dobry
GF3377,478, slaby
GF3387,557, umiarkowany
GF4307,588, dobry
GF4317,568, umiarkowany
GF2306,527, umiarkowany
GF2316,353, zly
GF2326,467, slaby
GF2336,392, zly
GF2346,625, dobry
GF2396,312, zly
GF3306,453, slaby
GF3316,509, slaby
GF3366,640, dobry
GF3376,520, umiarkowany
GF3386,538, umiarkowany
GF3396,585, dobry
GF4306,607, dobry
GF4316,505, slaby
GF4336,543, umiarkowany
GF2315,350, zly
GF2325,332, zly
GF2335,463, slaby
GF2385,452, slaby
GF2395,443, slaby
GF3315,483, slaby
GF3365,662, bardzo dobry
GF3375,554, umiarkowany
GF4315,539, umiarkowany
GF4335,580, dobry
GF4345,640, dobry
GF4071,609, dobry
GF4171,547, umiarkowany
GF4172,509, slaby
GF2391,614, dobry
GF3351,493, slaby
GF3361,459, slaby
GF3371,551, umiarkowany
GF4321,422, zly
GF4331,482, slaby
GF3340,552, umiarkowany
GF3350,421, zly
GF3370,483, slaby
GF3380,613, dobry
GF4320,567, umiarkowany
GF4330,584, dobry
GF3239,642, dobry
GF3249,575, umiarkowany
GF3259,421, zly
GF4229,521, umiarkowany
GF4239,610, dobry
GF2288,584, dobry
GF3228,444, slaby
GF3238,566, umiarkowany
GF3258,588, dobry
GF3298,476, slaby
GF4208,368, zly
GF4218,398, zly
GF4228,466, slaby
GF2287,526, umiarkowany
GF3227,480, slaby
GF3237,546, umiarkowany
GF3277,462, slaby
GF3287,544, umiarkowany
GF3297,406, zly
GF4207,376, zly
GF4217,370, zly
GF4227,461, slaby
GF3216,504, slaby
GF3226,458, slaby
GF3236,554, umiarkowany
GF3256,503, slaby
GF3266,385, zly
GF3276,418, zly
GF3286,492, slaby
GF3296,421, zly
GF4206,295, zly
GF4216,353, zly
GF4226,411, zly
GF3205,733, bardzo dobry
GF3215,520, umiarkowany
GF3225,428, zly
GF3235,449, slaby
GF3245,599, dobry
GF3255,432, zly
GF3265,412, zly
GF3275,464, slaby
GF3285,474, slaby
GF3295,407, zly
GF4205,288, zly
GF4215,308, zly
GF4225,453, slaby
GF3214,456, slaby
GF3224,401, zly
GF3234,486, slaby
GF3244,586, dobry
GF3254,316, zly
GF3264,356, zly
GF3274,463, slaby
GF3284,448, slaby
GF3294,377, zly
GF4204,301, zly
GF4214,342, zly
GF4224,471, slaby
GF2293,629, dobry
GF3213,363, zly
GF3223,354, zly
GF3233,487, slaby
GF3243,536, umiarkowany
GF3253,448, slaby
GF3263,465, slaby
GF3273,467, slaby
GF3293,397, zly
GF4203,401, zly
GF2292,645, dobry
GF3212,380, zly
GF3222,387, zly
GF3232,549, umiarkowany
GF3242,472, slaby
GF3252,538, umiarkowany
GF3262,491, slaby
GF2291,602, dobry
GF3211,496, slaby
GF3221,549, umiarkowany
GF3231,558, umiarkowany
GF3241,414, zly
GF3251,530, umiarkowany
GF3261,450, slaby
GF2290,546, umiarkowany
GF3200,568, umiarkowany
GF3210,532, umiarkowany
GF3220,447, slaby
GF3230,481, slaby
GF3240,496, slaby
GF3250,480, slaby
GF2199,579, umiarkowany
GF3109,496, slaby
GF3119,392, zly
GF3129,351, zly
GF3139,423, zly
GF3149,465, slaby
GF3159,326, zly
GF2188,583, dobry
GF2198,547, umiarkowany
GF3108,421, zly
GF3118,358, zly
GF3128,309, zly
GF3138,326, zly
GF3148,519, umiarkowany
GF3107,286, zly
GF3117,276, zly
GF3127,301, zly
GF3137,320, zly
GF3085,530, umiarkowany
GF3086,449, slaby
GF4065,657, dobry
GF4066,738, bardzo dobry
GF3064,511, slaby
GF3074,452, slaby
GF3084,513, slaby
GF4064,559, umiarkowany
GF3063,513, slaby
GF3073,450, slaby
GF3083,560, umiarkowany
GF4134,593, dobry
GF4144,491, slaby
GF4154,392, zly
GF4103,521, umiarkowany
GF4143,641, dobry
GF4163,451, slaby
GF4102,363, zly
GF4162,506, slaby
GF4101,366, zly
GF4100,372, zly
GF4009,523, umiarkowany
GF3098,446, slaby
GF3087,514, slaby
GF3097,462, slaby
GF3012,358, zly
GF4052,753, bardzo dobry
GG0004,442, slaby
GG0003,446, slaby
GG0002,406, zly
GG0001,405, zly
GG0011,493, slaby
GG0012,473, slaby
GG0000,506, slaby
GG0010,419, zly
GG0013,474, slaby
GG0020,484, slaby
GG0021,463, slaby
GG5020,614, dobry
GG5011,565, umiarkowany
GG5002,591, dobry
GG4091,669, bardzo dobry
GG4061,650, dobry
GG4062,661, bardzo dobry
GG0023,410, zly
GG0033,428, zly
GG0043,591, dobry
GG0022,387, zly
GG0032,500, slaby
GG0042,645, dobry
GG0052,402, zly
GG0062,374, zly
GG3082,680, bardzo dobry
GG4052,562, umiarkowany
GG0031,468, slaby
GG0041,545, umiarkowany
GG0051,665, bardzo dobry
GG0061,469, slaby
GG0071,496, slaby
GG4021,648, dobry
GG4031,560, umiarkowany
GG4041,596, dobry
GG4051,581, dobry
GG0030,485, slaby
GG0040,478, slaby
GG0050,656, dobry
GG0060,620, dobry
GG0070,544, umiarkowany
GG3040,612, dobry
GG3050,622, dobry
GG3060,734, bardzo dobry
GG4020,599, dobry
GG4030,565, umiarkowany
GG4040,580, dobry
